accounting_stratum_id,district,control_name,source_preference_tier,candidate_source_id,source_provider,source_title,source_url,year_or_vintage,spatial_resolution,measure_or_proxy,access_method,license_or_reuse_restriction,reproducibly_acquirable,can_distinguish_exact_reach_inside_outside,expected_usefulness_for_control,availability_finding,independent_of_existing_jrc_overture_surface
310115130000,浦东新区,三林镇,1,district-epc5-publication,浦东新区 statistics authority,"Fifth National Economic Census main data bulletin, first bulletin",https://www.pudong.gov.cn/zwgk/tjj_gkml_ywl_tjsj_gb/2025/295/347226.html,2023-12-31,street/town or functional-zone aggregate already used as the accounting control,legal-entity employment and legal-unit counts; separate district industry table,public district-government HTML/PDF attachment,official publication; cite source; no establishment microdata redistribution,YES for published aggregates,NO,"Locks the official control total and universe. Exhaustive table review found no public industry-by-control, establishment-location, or sub-control employment table.","AVAILABLE, BUT NO FINER PUBLIC BREAKDOWN FOUND",True
310115130000,浦东新区,三林镇,3,baidu-huiyan-work-population,Baidu Maps Huiyan,Population geography big-data API: work-population grid/custom-area analysis,https://huiyan.baidu.com/products/popgeoapiservice,contract-defined; request a stable 2023 historical reference period,grid and arbitrary polygon/custom area; exact cell size disclosed only in contract,"work population, service population, visitation, and commuting proxy",commercial inquiry; API/DaaS or licensed offline extract,commercial contract; assume no raw redistribution unless expressly licensed,"CONDITIONAL: freeze request polygons, dates, parameters, returned cells, and provider metadata under contract",YES if grid cells or exact custom-polygon totals are licensed,"Strongest workplace-specific discriminator for 三林镇. Mixed residential, logistics, commercial, and institutional land use makes generic building/POI weights weak; repeated work-population observations are the useful discriminator. It is not the legal-entity census universe and must only inform within-control shares.","COMMERCIAL; PRICE, RETENTION, HISTORICAL COVERAGE, AND REDISTRIBUTION REQUIRE A QUOTE",True
310115130000,浦东新区,三林镇,4,shanghai-metro-entry-exit,Shanghai Municipal Transportation Commission via Shanghai Public Data Open Platform,Citywide metro station entry and exit passenger volume,https://data.sh.gov.cn/,daily or real-time; request representative 2023 weekdays if retained,station point by day or real-time interval,passenger entries/exits; not employment and not necessarily AM-peak alightings,public-data portal download/API; registration or conditional-use application may apply,Shanghai public-data terms; cite provider; conditional datasets require a data-use agreement,CONDITIONAL on dataset access and historical retention,NO: station catchments cross control/reach boundaries and trips are multi-purpose,"Independent validation signal for workplace-center timing in 三林镇, never an employment count. No public official AM-peak alighting table was located in this audit.",OFFICIAL STATION FLOW DATASET EXISTS; REQUIRED AM-PEAK/HISTORICAL DETAIL NOT CONFIRMED,True
310115130000,浦东新区,三林镇,5,official-registry-establishments,Shanghai Administration for Market Regulation / GSXT,Shanghai enterprise registration machine-readable basic archives,https://fw.scjgj.sh.gov.cn/achieve_outer/apply/notice,registry address/status current at acquisition,establishment registered-address point after geocoding,"enterprise name, registered address, status, registration metadata, and business scope",official record-by-record identity-verified lookup through Shanghai's one-stop government portal,public inspection right; no bulk-download or raw-redistribution license identified,NO at control scale without an official bulk extract; record-by-record lookup is auditable but impractical,"YES geometrically after geocoding, but registered address may not be the workplace","Potential establishment-location validation for 三林镇; no public bulk enumeration or employment weight, and registered-address bias remains.",OFFICIAL RECORD-BY-RECORD ONLY; NOT PRACTICAL AS A COMPLETE CONTROL DATASET,True
310115130000,浦东新区,三林镇,5,qichacha-insured-establishments,Qichacha Open Platform,"Enterprise risk-scan API with industry, address, branches, and insured count",https://openapi.qcc.com/dataApi/736,latest enterprise record and annual-report insured count available at acquisition,enterprise registered-address point after geocoding,"establishments, industry, branches, registered address, and reported insured count",commercial JSON API; enterprise-verified account and use-case approval,commercial contract; 6 RMB/query listed at audit date; assume no raw redistribution without written permission,"CONDITIONAL: freeze enterprise universe, API version, query date, raw responses, geocoder, and missingness/deduplication ledgers","YES geometrically after geocoding, but registered address and insured enrollment may differ from workplace","Potential employment-weighted point proxy for 三林镇; incomplete insured counts, headquarters/branch duplication, centralized social-insurance enrollment, and registered-address bias require normalization to the official control total.",COMMERCIAL; ENUMERATION AND PER-RECORD COST MAKE A TARGETED PILOT PREFERABLE TO CITYWIDE ACQUISITION,True
310115130000,浦东新区,三林镇,6,cmab-building-function-volume,Tsinghua University researchers / Figshare,"CMAB: Multi-Attribute Building Dataset of China, version 7",https://figshare.com/articles/dataset/CMAB-The_World_s_First_National-Scale_Multi-Attribute_Building_Dataset/27992417,dataset 2025; input imagery primarily 2022-2024,"individual building polygon with height, volume, and predicted function",office/industrial/commercial/public/residential building function and building volume,public Figshare download; subset Shanghai after freezing version/checksum,CC BY 4.0 with attribution,"YES; 15.81 GB national archive, versioned download",YES at building-polygon level,"Mixed residential, logistics, commercial, and institutional land use makes generic building/POI weights weak; repeated work-population observations are the useful discriminator. Building function is predicted and partly derived from map AOI/POI; it is an independent high-resolution morphology check, not a workplace count.",PUBLICLY AVAILABLE,True
310115130000,浦东新区,三林镇,6,existing-jrc-overture-baseline,European Commission JRC and Overture Maps Foundation,Existing JRC non-residential built volume and Overture Places inputs,https://developers.google.com/earth-engine/datasets/catalog/JRC_GHSL_P2023A_GHS_BUILT_V,JRC 2020; Overture release 2026-07-22.0,100 m built-volume grid and place points,non-residential built volume and categorized place confidence,already frozen in PR #16 source pipeline,existing source-manifest terms and attribution,YES from the existing pipeline manifest,YES through existing 100 m partial-cell and point geometry,Existing baseline for 三林镇; it cannot count as independent improvement because it already generates two of the compared allocation surfaces.,ALREADY USED; NOT NEW EVIDENCE,False
310115130000,浦东新区,三林镇,6,global-building-atlas,Technical University of Munich / GlobalBuildingAtlas,"GlobalBuildingAtlas building polygons, heights, and LoD1 models",https://source.coop/tge-labs/globalbuildingatlas-lod1,2025 release; source imagery varies,individual building polygon and height,"building footprint, height, and volume; no workplace function",public cloud-hosted Parquet/GeoJSON distribution,polygon component published as ODbL; verify component-specific terms before redistribution,YES with frozen partitions/version/checksum,YES at building-polygon level,Independent geometry/height cross-check for 三林镇; weaker than CMAB because it lacks building function and employment.,PUBLICLY AVAILABLE,True
310110019000,杨浦区,五角场街道,1,district-epc5-publication,杨浦区 statistics authority,"Fifth National Economic Census main data bulletin, first bulletin",https://www.shyp.gov.cn/zhengwu/zwgk-yptj/2025/242/3eea1189dfca9d78d3190a204c75a74c.html,2023-12-31,street/town or functional-zone aggregate already used as the accounting control,legal-entity employment and legal-unit counts; separate district industry table,public district-government HTML/PDF attachment,official publication; cite source; no establishment microdata redistribution,YES for published aggregates,NO,"Locks the official control total and universe. Exhaustive table review found no public industry-by-control, establishment-location, or sub-control employment table.","AVAILABLE, BUT NO FINER PUBLIC BREAKDOWN FOUND",True
310110019000,杨浦区,五角场街道,2,official-control-context,Yangpu District Government,Wujiaochang Innovation and Entrepreneurship Center,https://www.shyp.gov.cn/shypq/kjbjwjccxcyzx/index.html,current page; underlying anchor descriptions are not a 2023 census,named innovation/enterprise anchors,enterprise and innovation-node inventory,public government HTML/PDF,official publication; citation permitted; no implied license for unpublished microdata,YES for published aggregates,NO,"Useful for validating cluster locations, not for employment counts or an exhaustive sub-control allocation.",AVAILABLE AS AGGREGATE VALIDATION ONLY,True
310110019000,杨浦区,五角场街道,3,baidu-huiyan-work-population,Baidu Maps Huiyan,Population geography big-data API: work-population grid/custom-area analysis,https://huiyan.baidu.com/products/popgeoapiservice,contract-defined; request a stable 2023 historical reference period,grid and arbitrary polygon/custom area; exact cell size disclosed only in contract,"work population, service population, visitation, and commuting proxy",commercial inquiry; API/DaaS or licensed offline extract,commercial contract; assume no raw redistribution unless expressly licensed,"CONDITIONAL: freeze request polygons, dates, parameters, returned cells, and provider metadata under contract",YES if grid cells or exact custom-polygon totals are licensed,"Strongest workplace-specific discriminator for 五角场街道. University, office, retail, and innovation clusters are identifiable at building level; mobile work population would separate them from surrounding residential blocks. It is not the legal-entity census universe and must only inform within-control shares.","COMMERCIAL; PRICE, RETENTION, HISTORICAL COVERAGE, AND REDISTRIBUTION REQUIRE A QUOTE",True
310110019000,杨浦区,五角场街道,4,shanghai-metro-entry-exit,Shanghai Municipal Transportation Commission via Shanghai Public Data Open Platform,Citywide metro station entry and exit passenger volume,https://data.sh.gov.cn/,daily or real-time; request representative 2023 weekdays if retained,station point by day or real-time interval,passenger entries/exits; not employment and not necessarily AM-peak alightings,public-data portal download/API; registration or conditional-use application may apply,Shanghai public-data terms; cite provider; conditional datasets require a data-use agreement,CONDITIONAL on dataset access and historical retention,NO: station catchments cross control/reach boundaries and trips are multi-purpose,"Independent validation signal for workplace-center timing in 五角场街道, never an employment count. No public official AM-peak alighting table was located in this audit.",OFFICIAL STATION FLOW DATASET EXISTS; REQUIRED AM-PEAK/HISTORICAL DETAIL NOT CONFIRMED,True
310110019000,杨浦区,五角场街道,5,official-registry-establishments,Shanghai Administration for Market Regulation / GSXT,Shanghai enterprise registration machine-readable basic archives,https://fw.scjgj.sh.gov.cn/achieve_outer/apply/notice,registry address/status current at acquisition,establishment registered-address point after geocoding,"enterprise name, registered address, status, registration metadata, and business scope",official record-by-record identity-verified lookup through Shanghai's one-stop government portal,public inspection right; no bulk-download or raw-redistribution license identified,NO at control scale without an official bulk extract; record-by-record lookup is auditable but impractical,"YES geometrically after geocoding, but registered address may not be the workplace","Potential establishment-location validation for 五角场街道; no public bulk enumeration or employment weight, and registered-address bias remains.",OFFICIAL RECORD-BY-RECORD ONLY; NOT PRACTICAL AS A COMPLETE CONTROL DATASET,True
310110019000,杨浦区,五角场街道,5,qichacha-insured-establishments,Qichacha Open Platform,"Enterprise risk-scan API with industry, address, branches, and insured count",https://openapi.qcc.com/dataApi/736,latest enterprise record and annual-report insured count available at acquisition,enterprise registered-address point after geocoding,"establishments, industry, branches, registered address, and reported insured count",commercial JSON API; enterprise-verified account and use-case approval,commercial contract; 6 RMB/query listed at audit date; assume no raw redistribution without written permission,"CONDITIONAL: freeze enterprise universe, API version, query date, raw responses, geocoder, and missingness/deduplication ledgers","YES geometrically after geocoding, but registered address and insured enrollment may differ from workplace","Potential employment-weighted point proxy for 五角场街道; incomplete insured counts, headquarters/branch duplication, centralized social-insurance enrollment, and registered-address bias require normalization to the official control total.",COMMERCIAL; ENUMERATION AND PER-RECORD COST MAKE A TARGETED PILOT PREFERABLE TO CITYWIDE ACQUISITION,True
310110019000,杨浦区,五角场街道,6,cmab-building-function-volume,Tsinghua University researchers / Figshare,"CMAB: Multi-Attribute Building Dataset of China, version 7",https://figshare.com/articles/dataset/CMAB-The_World_s_First_National-Scale_Multi-Attribute_Building_Dataset/27992417,dataset 2025; input imagery primarily 2022-2024,"individual building polygon with height, volume, and predicted function",office/industrial/commercial/public/residential building function and building volume,public Figshare download; subset Shanghai after freezing version/checksum,CC BY 4.0 with attribution,"YES; 15.81 GB national archive, versioned download",YES at building-polygon level,"University, office, retail, and innovation clusters are identifiable at building level; mobile work population would separate them from surrounding residential blocks. Building function is predicted and partly derived from map AOI/POI; it is an independent high-resolution morphology check, not a workplace count.",PUBLICLY AVAILABLE,True
310110019000,杨浦区,五角场街道,6,existing-jrc-overture-baseline,European Commission JRC and Overture Maps Foundation,Existing JRC non-residential built volume and Overture Places inputs,https://developers.google.com/earth-engine/datasets/catalog/JRC_GHSL_P2023A_GHS_BUILT_V,JRC 2020; Overture release 2026-07-22.0,100 m built-volume grid and place points,non-residential built volume and categorized place confidence,already frozen in PR #16 source pipeline,existing source-manifest terms and attribution,YES from the existing pipeline manifest,YES through existing 100 m partial-cell and point geometry,Existing baseline for 五角场街道; it cannot count as independent improvement because it already generates two of the compared allocation surfaces.,ALREADY USED; NOT NEW EVIDENCE,False
310110019000,杨浦区,五角场街道,6,global-building-atlas,Technical University of Munich / GlobalBuildingAtlas,"GlobalBuildingAtlas building polygons, heights, and LoD1 models",https://source.coop/tge-labs/globalbuildingatlas-lod1,2025 release; source imagery varies,individual building polygon and height,"building footprint, height, and volume; no workplace function",public cloud-hosted Parquet/GeoJSON distribution,polygon component published as ODbL; verify component-specific terms before redistribution,YES with frozen partitions/version/checksum,YES at building-polygon level,Independent geometry/height cross-check for 五角场街道; weaker than CMAB because it lacks building function and employment.,PUBLICLY AVAILABLE,True
310105008000,长宁区,仙霞新村街道,1,district-epc5-publication,长宁区 statistics authority,"Fifth National Economic Census main data bulletin, first bulletin",https://zwgk.shcn.gov.cn/xxgk/zdgzlsqk-zw/2025/211/78163.html,2023-12-31,street/town or functional-zone aggregate already used as the accounting control,legal-entity employment and legal-unit counts; separate district industry table,public district-government HTML/PDF attachment,official publication; cite source; no establishment microdata redistribution,YES for published aggregates,NO,"Locks the official control total and universe. Exhaustive table review found no public industry-by-control, establishment-location, or sub-control employment table.","AVAILABLE, BUT NO FINER PUBLIC BREAKDOWN FOUND",True
310105008000,长宁区,仙霞新村街道,3,baidu-huiyan-work-population,Baidu Maps Huiyan,Population geography big-data API: work-population grid/custom-area analysis,https://huiyan.baidu.com/products/popgeoapiservice,contract-defined; request a stable 2023 historical reference period,grid and arbitrary polygon/custom area; exact cell size disclosed only in contract,"work population, service population, visitation, and commuting proxy",commercial inquiry; API/DaaS or licensed offline extract,commercial contract; assume no raw redistribution unless expressly licensed,"CONDITIONAL: freeze request polygons, dates, parameters, returned cells, and provider metadata under contract",YES if grid cells or exact custom-polygon totals are licensed,Strongest workplace-specific discriminator for 仙霞新村街道. Office corridors coexist with large residential compounds; mobile work population or insured-establishment points are needed to avoid treating floor area as workplace intensity. It is not the legal-entity census universe and must only inform within-control shares.,"COMMERCIAL; PRICE, RETENTION, HISTORICAL COVERAGE, AND REDISTRIBUTION REQUIRE A QUOTE",True
310105008000,长宁区,仙霞新村街道,4,shanghai-metro-entry-exit,Shanghai Municipal Transportation Commission via Shanghai Public Data Open Platform,Citywide metro station entry and exit passenger volume,https://data.sh.gov.cn/,daily or real-time; request representative 2023 weekdays if retained,station point by day or real-time interval,passenger entries/exits; not employment and not necessarily AM-peak alightings,public-data portal download/API; registration or conditional-use application may apply,Shanghai public-data terms; cite provider; conditional datasets require a data-use agreement,CONDITIONAL on dataset access and historical retention,NO: station catchments cross control/reach boundaries and trips are multi-purpose,"Independent validation signal for workplace-center timing in 仙霞新村街道, never an employment count. No public official AM-peak alighting table was located in this audit.",OFFICIAL STATION FLOW DATASET EXISTS; REQUIRED AM-PEAK/HISTORICAL DETAIL NOT CONFIRMED,True
310105008000,长宁区,仙霞新村街道,5,official-registry-establishments,Shanghai Administration for Market Regulation / GSXT,Shanghai enterprise registration machine-readable basic archives,https://fw.scjgj.sh.gov.cn/achieve_outer/apply/notice,registry address/status current at acquisition,establishment registered-address point after geocoding,"enterprise name, registered address, status, registration metadata, and business scope",official record-by-record identity-verified lookup through Shanghai's one-stop government portal,public inspection right; no bulk-download or raw-redistribution license identified,NO at control scale without an official bulk extract; record-by-record lookup is auditable but impractical,"YES geometrically after geocoding, but registered address may not be the workplace","Potential establishment-location validation for 仙霞新村街道; no public bulk enumeration or employment weight, and registered-address bias remains.",OFFICIAL RECORD-BY-RECORD ONLY; NOT PRACTICAL AS A COMPLETE CONTROL DATASET,True
310105008000,长宁区,仙霞新村街道,5,qichacha-insured-establishments,Qichacha Open Platform,"Enterprise risk-scan API with industry, address, branches, and insured count",https://openapi.qcc.com/dataApi/736,latest enterprise record and annual-report insured count available at acquisition,enterprise registered-address point after geocoding,"establishments, industry, branches, registered address, and reported insured count",commercial JSON API; enterprise-verified account and use-case approval,commercial contract; 6 RMB/query listed at audit date; assume no raw redistribution without written permission,"CONDITIONAL: freeze enterprise universe, API version, query date, raw responses, geocoder, and missingness/deduplication ledgers","YES geometrically after geocoding, but registered address and insured enrollment may differ from workplace","Potential employment-weighted point proxy for 仙霞新村街道; incomplete insured counts, headquarters/branch duplication, centralized social-insurance enrollment, and registered-address bias require normalization to the official control total.",COMMERCIAL; ENUMERATION AND PER-RECORD COST MAKE A TARGETED PILOT PREFERABLE TO CITYWIDE ACQUISITION,True
310105008000,长宁区,仙霞新村街道,6,cmab-building-function-volume,Tsinghua University researchers / Figshare,"CMAB: Multi-Attribute Building Dataset of China, version 7",https://figshare.com/articles/dataset/CMAB-The_World_s_First_National-Scale_Multi-Attribute_Building_Dataset/27992417,dataset 2025; input imagery primarily 2022-2024,"individual building polygon with height, volume, and predicted function",office/industrial/commercial/public/residential building function and building volume,public Figshare download; subset Shanghai after freezing version/checksum,CC BY 4.0 with attribution,"YES; 15.81 GB national archive, versioned download",YES at building-polygon level,"Office corridors coexist with large residential compounds; mobile work population or insured-establishment points are needed to avoid treating floor area as workplace intensity. Building function is predicted and partly derived from map AOI/POI; it is an independent high-resolution morphology check, not a workplace count.",PUBLICLY AVAILABLE,True
310105008000,长宁区,仙霞新村街道,6,existing-jrc-overture-baseline,European Commission JRC and Overture Maps Foundation,Existing JRC non-residential built volume and Overture Places inputs,https://developers.google.com/earth-engine/datasets/catalog/JRC_GHSL_P2023A_GHS_BUILT_V,JRC 2020; Overture release 2026-07-22.0,100 m built-volume grid and place points,non-residential built volume and categorized place confidence,already frozen in PR #16 source pipeline,existing source-manifest terms and attribution,YES from the existing pipeline manifest,YES through existing 100 m partial-cell and point geometry,Existing baseline for 仙霞新村街道; it cannot count as independent improvement because it already generates two of the compared allocation surfaces.,ALREADY USED; NOT NEW EVIDENCE,False
310105008000,长宁区,仙霞新村街道,6,global-building-atlas,Technical University of Munich / GlobalBuildingAtlas,"GlobalBuildingAtlas building polygons, heights, and LoD1 models",https://source.coop/tge-labs/globalbuildingatlas-lod1,2025 release; source imagery varies,individual building polygon and height,"building footprint, height, and volume; no workplace function",public cloud-hosted Parquet/GeoJSON distribution,polygon component published as ODbL; verify component-specific terms before redistribution,YES with frozen partitions/version/checksum,YES at building-polygon level,Independent geometry/height cross-check for 仙霞新村街道; weaker than CMAB because it lacks building function and employment.,PUBLICLY AVAILABLE,True
310109018000,虹口区,北外滩街道,1,district-epc5-publication,虹口区 statistics authority,"Fifth National Economic Census main data bulletin, first bulletin",https://www.shhk.gov.cn/shhk-zwgk/rest/frame/base/attach/attachAction/getContent?attachGuid=3a3b3cb4-8b7b-4a87-8472-ea58b4f2a6cc&isCommondto=true,2023-12-31,street/town or functional-zone aggregate already used as the accounting control,legal-entity employment and legal-unit counts; separate district industry table,public district-government HTML/PDF attachment,official publication; cite source; no establishment microdata redistribution,YES for published aggregates,NO,"Locks the official control total and universe. Exhaustive table review found no public industry-by-control, establishment-location, or sub-control employment table.","AVAILABLE, BUT NO FINER PUBLIC BREAKDOWN FOUND",True
310109018000,虹口区,北外滩街道,2,official-control-context,Hongkou District Government,Shanghai Hongkou High-Tech Industrial Development Zone overview,https://www.shhk.gov.cn/xwzx/002008/002008025/002008025001/20230731/c9cce5bf-ca13-4df4-bfb6-692ec3abeffa.html,2023,eight non-contiguous parcels across Hongkou,"office-building, industrial-park, and registered-enterprise counts",public government HTML/PDF,official publication; citation permitted; no implied license for unpublished microdata,YES for published aggregates,NO,Useful only as an anchor inventory; it is not a sub-control employment table and the street is already effectively inside for practical purposes.,AVAILABLE AS AGGREGATE VALIDATION ONLY,True
310109018000,虹口区,北外滩街道,3,baidu-huiyan-work-population,Baidu Maps Huiyan,Population geography big-data API: work-population grid/custom-area analysis,https://huiyan.baidu.com/products/popgeoapiservice,contract-defined; request a stable 2023 historical reference period,grid and arbitrary polygon/custom area; exact cell size disclosed only in contract,"work population, service population, visitation, and commuting proxy",commercial inquiry; API/DaaS or licensed offline extract,commercial contract; assume no raw redistribution unless expressly licensed,"CONDITIONAL: freeze request polygons, dates, parameters, returned cells, and provider metadata under contract",YES if grid cells or exact custom-polygon totals are licensed,Strongest workplace-specific discriminator for 北外滩街道. Only 0.26% of the support is outside and the three-model spread is 0.0026 Shanghai points; additional data cannot practically improve the headline range. It is not the legal-entity census universe and must only inform within-control shares.,"COMMERCIAL; PRICE, RETENTION, HISTORICAL COVERAGE, AND REDISTRIBUTION REQUIRE A QUOTE",True
310109018000,虹口区,北外滩街道,4,shanghai-metro-entry-exit,Shanghai Municipal Transportation Commission via Shanghai Public Data Open Platform,Citywide metro station entry and exit passenger volume,https://data.sh.gov.cn/,daily or real-time; request representative 2023 weekdays if retained,station point by day or real-time interval,passenger entries/exits; not employment and not necessarily AM-peak alightings,public-data portal download/API; registration or conditional-use application may apply,Shanghai public-data terms; cite provider; conditional datasets require a data-use agreement,CONDITIONAL on dataset access and historical retention,NO: station catchments cross control/reach boundaries and trips are multi-purpose,"Independent validation signal for workplace-center timing in 北外滩街道, never an employment count. No public official AM-peak alighting table was located in this audit.",OFFICIAL STATION FLOW DATASET EXISTS; REQUIRED AM-PEAK/HISTORICAL DETAIL NOT CONFIRMED,True
310109018000,虹口区,北外滩街道,5,official-registry-establishments,Shanghai Administration for Market Regulation / GSXT,Shanghai enterprise registration machine-readable basic archives,https://fw.scjgj.sh.gov.cn/achieve_outer/apply/notice,registry address/status current at acquisition,establishment registered-address point after geocoding,"enterprise name, registered address, status, registration metadata, and business scope",official record-by-record identity-verified lookup through Shanghai's one-stop government portal,public inspection right; no bulk-download or raw-redistribution license identified,NO at control scale without an official bulk extract; record-by-record lookup is auditable but impractical,"YES geometrically after geocoding, but registered address may not be the workplace","Potential establishment-location validation for 北外滩街道; no public bulk enumeration or employment weight, and registered-address bias remains.",OFFICIAL RECORD-BY-RECORD ONLY; NOT PRACTICAL AS A COMPLETE CONTROL DATASET,True
310109018000,虹口区,北外滩街道,5,qichacha-insured-establishments,Qichacha Open Platform,"Enterprise risk-scan API with industry, address, branches, and insured count",https://openapi.qcc.com/dataApi/736,latest enterprise record and annual-report insured count available at acquisition,enterprise registered-address point after geocoding,"establishments, industry, branches, registered address, and reported insured count",commercial JSON API; enterprise-verified account and use-case approval,commercial contract; 6 RMB/query listed at audit date; assume no raw redistribution without written permission,"CONDITIONAL: freeze enterprise universe, API version, query date, raw responses, geocoder, and missingness/deduplication ledgers","YES geometrically after geocoding, but registered address and insured enrollment may differ from workplace","Potential employment-weighted point proxy for 北外滩街道; incomplete insured counts, headquarters/branch duplication, centralized social-insurance enrollment, and registered-address bias require normalization to the official control total.",COMMERCIAL; ENUMERATION AND PER-RECORD COST MAKE A TARGETED PILOT PREFERABLE TO CITYWIDE ACQUISITION,True
310109018000,虹口区,北外滩街道,6,cmab-building-function-volume,Tsinghua University researchers / Figshare,"CMAB: Multi-Attribute Building Dataset of China, version 7",https://figshare.com/articles/dataset/CMAB-The_World_s_First_National-Scale_Multi-Attribute_Building_Dataset/27992417,dataset 2025; input imagery primarily 2022-2024,"individual building polygon with height, volume, and predicted function",office/industrial/commercial/public/residential building function and building volume,public Figshare download; subset Shanghai after freezing version/checksum,CC BY 4.0 with attribution,"YES; 15.81 GB national archive, versioned download",YES at building-polygon level,"Only 0.26% of the support is outside and the three-model spread is 0.0026 Shanghai points; additional data cannot practically improve the headline range. Building function is predicted and partly derived from map AOI/POI; it is an independent high-resolution morphology check, not a workplace count.",PUBLICLY AVAILABLE,True
310109018000,虹口区,北外滩街道,6,existing-jrc-overture-baseline,European Commission JRC and Overture Maps Foundation,Existing JRC non-residential built volume and Overture Places inputs,https://developers.google.com/earth-engine/datasets/catalog/JRC_GHSL_P2023A_GHS_BUILT_V,JRC 2020; Overture release 2026-07-22.0,100 m built-volume grid and place points,non-residential built volume and categorized place confidence,already frozen in PR #16 source pipeline,existing source-manifest terms and attribution,YES from the existing pipeline manifest,YES through existing 100 m partial-cell and point geometry,Existing baseline for 北外滩街道; it cannot count as independent improvement because it already generates two of the compared allocation surfaces.,ALREADY USED; NOT NEW EVIDENCE,False
310109018000,虹口区,北外滩街道,6,global-building-atlas,Technical University of Munich / GlobalBuildingAtlas,"GlobalBuildingAtlas building polygons, heights, and LoD1 models",https://source.coop/tge-labs/globalbuildingatlas-lod1,2025 release; source imagery varies,individual building polygon and height,"building footprint, height, and volume; no workplace function",public cloud-hosted Parquet/GeoJSON distribution,polygon component published as ODbL; verify component-specific terms before redistribution,YES with frozen partitions/version/checksum,YES at building-polygon level,Independent geometry/height cross-check for 北外滩街道; weaker than CMAB because it lacks building function and employment.,PUBLICLY AVAILABLE,True
310115132000,浦东新区,周浦镇,1,district-epc5-publication,浦东新区 statistics authority,"Fifth National Economic Census main data bulletin, first bulletin",https://www.pudong.gov.cn/zwgk/tjj_gkml_ywl_tjsj_gb/2025/295/347226.html,2023-12-31,street/town or functional-zone aggregate already used as the accounting control,legal-entity employment and legal-unit counts; separate district industry table,public district-government HTML/PDF attachment,official publication; cite source; no establishment microdata redistribution,YES for published aggregates,NO,"Locks the official control total and universe. Exhaustive table review found no public industry-by-control, establishment-location, or sub-control employment table.","AVAILABLE, BUT NO FINER PUBLIC BREAKDOWN FOUND",True
310115132000,浦东新区,周浦镇,3,baidu-huiyan-work-population,Baidu Maps Huiyan,Population geography big-data API: work-population grid/custom-area analysis,https://huiyan.baidu.com/products/popgeoapiservice,contract-defined; request a stable 2023 historical reference period,grid and arbitrary polygon/custom area; exact cell size disclosed only in contract,"work population, service population, visitation, and commuting proxy",commercial inquiry; API/DaaS or licensed offline extract,commercial contract; assume no raw redistribution unless expressly licensed,"CONDITIONAL: freeze request polygons, dates, parameters, returned cells, and provider metadata under contract",YES if grid cells or exact custom-polygon totals are licensed,Strongest workplace-specific discriminator for 周浦镇. Mixed town with new development and industrial/medical anchors; public building classes alone are unlikely to map workplace intensity reliably. It is not the legal-entity census universe and must only inform within-control shares.,"COMMERCIAL; PRICE, RETENTION, HISTORICAL COVERAGE, AND REDISTRIBUTION REQUIRE A QUOTE",True
310115132000,浦东新区,周浦镇,4,shanghai-metro-entry-exit,Shanghai Municipal Transportation Commission via Shanghai Public Data Open Platform,Citywide metro station entry and exit passenger volume,https://data.sh.gov.cn/,daily or real-time; request representative 2023 weekdays if retained,station point by day or real-time interval,passenger entries/exits; not employment and not necessarily AM-peak alightings,public-data portal download/API; registration or conditional-use application may apply,Shanghai public-data terms; cite provider; conditional datasets require a data-use agreement,CONDITIONAL on dataset access and historical retention,NO: station catchments cross control/reach boundaries and trips are multi-purpose,"Independent validation signal for workplace-center timing in 周浦镇, never an employment count. No public official AM-peak alighting table was located in this audit.",OFFICIAL STATION FLOW DATASET EXISTS; REQUIRED AM-PEAK/HISTORICAL DETAIL NOT CONFIRMED,True
310115132000,浦东新区,周浦镇,5,official-registry-establishments,Shanghai Administration for Market Regulation / GSXT,Shanghai enterprise registration machine-readable basic archives,https://fw.scjgj.sh.gov.cn/achieve_outer/apply/notice,registry address/status current at acquisition,establishment registered-address point after geocoding,"enterprise name, registered address, status, registration metadata, and business scope",official record-by-record identity-verified lookup through Shanghai's one-stop government portal,public inspection right; no bulk-download or raw-redistribution license identified,NO at control scale without an official bulk extract; record-by-record lookup is auditable but impractical,"YES geometrically after geocoding, but registered address may not be the workplace","Potential establishment-location validation for 周浦镇; no public bulk enumeration or employment weight, and registered-address bias remains.",OFFICIAL RECORD-BY-RECORD ONLY; NOT PRACTICAL AS A COMPLETE CONTROL DATASET,True
310115132000,浦东新区,周浦镇,5,qichacha-insured-establishments,Qichacha Open Platform,"Enterprise risk-scan API with industry, address, branches, and insured count",https://openapi.qcc.com/dataApi/736,latest enterprise record and annual-report insured count available at acquisition,enterprise registered-address point after geocoding,"establishments, industry, branches, registered address, and reported insured count",commercial JSON API; enterprise-verified account and use-case approval,commercial contract; 6 RMB/query listed at audit date; assume no raw redistribution without written permission,"CONDITIONAL: freeze enterprise universe, API version, query date, raw responses, geocoder, and missingness/deduplication ledgers","YES geometrically after geocoding, but registered address and insured enrollment may differ from workplace","Potential employment-weighted point proxy for 周浦镇; incomplete insured counts, headquarters/branch duplication, centralized social-insurance enrollment, and registered-address bias require normalization to the official control total.",COMMERCIAL; ENUMERATION AND PER-RECORD COST MAKE A TARGETED PILOT PREFERABLE TO CITYWIDE ACQUISITION,True
310115132000,浦东新区,周浦镇,6,cmab-building-function-volume,Tsinghua University researchers / Figshare,"CMAB: Multi-Attribute Building Dataset of China, version 7",https://figshare.com/articles/dataset/CMAB-The_World_s_First_National-Scale_Multi-Attribute_Building_Dataset/27992417,dataset 2025; input imagery primarily 2022-2024,"individual building polygon with height, volume, and predicted function",office/industrial/commercial/public/residential building function and building volume,public Figshare download; subset Shanghai after freezing version/checksum,CC BY 4.0 with attribution,"YES; 15.81 GB national archive, versioned download",YES at building-polygon level,"Mixed town with new development and industrial/medical anchors; public building classes alone are unlikely to map workplace intensity reliably. Building function is predicted and partly derived from map AOI/POI; it is an independent high-resolution morphology check, not a workplace count.",PUBLICLY AVAILABLE,True
310115132000,浦东新区,周浦镇,6,existing-jrc-overture-baseline,European Commission JRC and Overture Maps Foundation,Existing JRC non-residential built volume and Overture Places inputs,https://developers.google.com/earth-engine/datasets/catalog/JRC_GHSL_P2023A_GHS_BUILT_V,JRC 2020; Overture release 2026-07-22.0,100 m built-volume grid and place points,non-residential built volume and categorized place confidence,already frozen in PR #16 source pipeline,existing source-manifest terms and attribution,YES from the existing pipeline manifest,YES through existing 100 m partial-cell and point geometry,Existing baseline for 周浦镇; it cannot count as independent improvement because it already generates two of the compared allocation surfaces.,ALREADY USED; NOT NEW EVIDENCE,False
310115132000,浦东新区,周浦镇,6,global-building-atlas,Technical University of Munich / GlobalBuildingAtlas,"GlobalBuildingAtlas building polygons, heights, and LoD1 models",https://source.coop/tge-labs/globalbuildingatlas-lod1,2025 release; source imagery varies,individual building polygon and height,"building footprint, height, and volume; no workplace function",public cloud-hosted Parquet/GeoJSON distribution,polygon component published as ODbL; verify component-specific terms before redistribution,YES with frozen partitions/version/checksum,YES at building-polygon level,Independent geometry/height cross-check for 周浦镇; weaker than CMAB because it lacks building function and employment.,PUBLICLY AVAILABLE,True
310101013000,黄浦区,外滩街道,1,district-epc5-publication,黄浦区 statistics authority,"Fifth National Economic Census main data bulletin, first bulletin",https://www.shhuangpu.gov.cn/uploadfile/fcba008c-ee33-44f4-bfe0-8cbb16faaf83/%E4%B8%8A%E6%B5%B7%E5%B8%82%E9%BB%84%E6%B5%A6%E5%8C%BA%E7%AC%AC%E4%BA%94%E6%AC%A1%E5%85%A8%E5%9B%BD%E7%BB%8F%E6%B5%8E%E6%99%AE%E6%9F%A5%E4%B8%BB%E8%A6%81%E6%95%B0%E6%8D%AE%E5%85%AC%E6%8A%A5%EF%BC%88%E6%9C%80%E7%BB%88%E5%8F%91%E5%B8%83%E7%A8%BF%EF%BC%891%E5%8F%B7.pdf,2023-12-31,street/town or functional-zone aggregate already used as the accounting control,legal-entity employment and legal-unit counts; separate district industry table,public district-government HTML/PDF attachment,official publication; cite source; no establishment microdata redistribution,YES for published aggregates,NO,"Locks the official control total and universe. Exhaustive table review found no public industry-by-control, establishment-location, or sub-control employment table.","AVAILABLE, BUT NO FINER PUBLIC BREAKDOWN FOUND",True
310101013000,黄浦区,外滩街道,3,baidu-huiyan-work-population,Baidu Maps Huiyan,Population geography big-data API: work-population grid/custom-area analysis,https://huiyan.baidu.com/products/popgeoapiservice,contract-defined; request a stable 2023 historical reference period,grid and arbitrary polygon/custom area; exact cell size disclosed only in contract,"work population, service population, visitation, and commuting proxy",commercial inquiry; API/DaaS or licensed offline extract,commercial contract; assume no raw redistribution unless expressly licensed,"CONDITIONAL: freeze request polygons, dates, parameters, returned cells, and provider metadata under contract",YES if grid cells or exact custom-polygon totals are licensed,Strongest workplace-specific discriminator for 外滩街道. Only 0.70% of the support is outside and the three-model spread is 0.0061 Shanghai points; additional data cannot practically improve the headline range. It is not the legal-entity census universe and must only inform within-control shares.,"COMMERCIAL; PRICE, RETENTION, HISTORICAL COVERAGE, AND REDISTRIBUTION REQUIRE A QUOTE",True
310101013000,黄浦区,外滩街道,4,shanghai-metro-entry-exit,Shanghai Municipal Transportation Commission via Shanghai Public Data Open Platform,Citywide metro station entry and exit passenger volume,https://data.sh.gov.cn/,daily or real-time; request representative 2023 weekdays if retained,station point by day or real-time interval,passenger entries/exits; not employment and not necessarily AM-peak alightings,public-data portal download/API; registration or conditional-use application may apply,Shanghai public-data terms; cite provider; conditional datasets require a data-use agreement,CONDITIONAL on dataset access and historical retention,NO: station catchments cross control/reach boundaries and trips are multi-purpose,"Independent validation signal for workplace-center timing in 外滩街道, never an employment count. No public official AM-peak alighting table was located in this audit.",OFFICIAL STATION FLOW DATASET EXISTS; REQUIRED AM-PEAK/HISTORICAL DETAIL NOT CONFIRMED,True
310101013000,黄浦区,外滩街道,5,official-registry-establishments,Shanghai Administration for Market Regulation / GSXT,Shanghai enterprise registration machine-readable basic archives,https://fw.scjgj.sh.gov.cn/achieve_outer/apply/notice,registry address/status current at acquisition,establishment registered-address point after geocoding,"enterprise name, registered address, status, registration metadata, and business scope",official record-by-record identity-verified lookup through Shanghai's one-stop government portal,public inspection right; no bulk-download or raw-redistribution license identified,NO at control scale without an official bulk extract; record-by-record lookup is auditable but impractical,"YES geometrically after geocoding, but registered address may not be the workplace","Potential establishment-location validation for 外滩街道; no public bulk enumeration or employment weight, and registered-address bias remains.",OFFICIAL RECORD-BY-RECORD ONLY; NOT PRACTICAL AS A COMPLETE CONTROL DATASET,True
310101013000,黄浦区,外滩街道,5,qichacha-insured-establishments,Qichacha Open Platform,"Enterprise risk-scan API with industry, address, branches, and insured count",https://openapi.qcc.com/dataApi/736,latest enterprise record and annual-report insured count available at acquisition,enterprise registered-address point after geocoding,"establishments, industry, branches, registered address, and reported insured count",commercial JSON API; enterprise-verified account and use-case approval,commercial contract; 6 RMB/query listed at audit date; assume no raw redistribution without written permission,"CONDITIONAL: freeze enterprise universe, API version, query date, raw responses, geocoder, and missingness/deduplication ledgers","YES geometrically after geocoding, but registered address and insured enrollment may differ from workplace","Potential employment-weighted point proxy for 外滩街道; incomplete insured counts, headquarters/branch duplication, centralized social-insurance enrollment, and registered-address bias require normalization to the official control total.",COMMERCIAL; ENUMERATION AND PER-RECORD COST MAKE A TARGETED PILOT PREFERABLE TO CITYWIDE ACQUISITION,True
310101013000,黄浦区,外滩街道,6,cmab-building-function-volume,Tsinghua University researchers / Figshare,"CMAB: Multi-Attribute Building Dataset of China, version 7",https://figshare.com/articles/dataset/CMAB-The_World_s_First_National-Scale_Multi-Attribute_Building_Dataset/27992417,dataset 2025; input imagery primarily 2022-2024,"individual building polygon with height, volume, and predicted function",office/industrial/commercial/public/residential building function and building volume,public Figshare download; subset Shanghai after freezing version/checksum,CC BY 4.0 with attribution,"YES; 15.81 GB national archive, versioned download",YES at building-polygon level,"Only 0.70% of the support is outside and the three-model spread is 0.0061 Shanghai points; additional data cannot practically improve the headline range. Building function is predicted and partly derived from map AOI/POI; it is an independent high-resolution morphology check, not a workplace count.",PUBLICLY AVAILABLE,True
310101013000,黄浦区,外滩街道,6,existing-jrc-overture-baseline,European Commission JRC and Overture Maps Foundation,Existing JRC non-residential built volume and Overture Places inputs,https://developers.google.com/earth-engine/datasets/catalog/JRC_GHSL_P2023A_GHS_BUILT_V,JRC 2020; Overture release 2026-07-22.0,100 m built-volume grid and place points,non-residential built volume and categorized place confidence,already frozen in PR #16 source pipeline,existing source-manifest terms and attribution,YES from the existing pipeline manifest,YES through existing 100 m partial-cell and point geometry,Existing baseline for 外滩街道; it cannot count as independent improvement because it already generates two of the compared allocation surfaces.,ALREADY USED; NOT NEW EVIDENCE,False
310101013000,黄浦区,外滩街道,6,global-building-atlas,Technical University of Munich / GlobalBuildingAtlas,"GlobalBuildingAtlas building polygons, heights, and LoD1 models",https://source.coop/tge-labs/globalbuildingatlas-lod1,2025 release; source imagery varies,individual building polygon and height,"building footprint, height, and volume; no workplace function",public cloud-hosted Parquet/GeoJSON distribution,polygon component published as ODbL; verify component-specific terms before redistribution,YES with frozen partitions/version/checksum,YES at building-polygon level,Independent geometry/height cross-check for 外滩街道; weaker than CMAB because it lacks building function and employment.,PUBLICLY AVAILABLE,True
310106015000,静安区,天目西路街道,1,district-epc5-publication,静安区 statistics authority,"Fifth National Economic Census main data bulletin, first bulletin",https://www.jingan.gov.cn/main/7a2356e7-0acd-4df3-938e-dcd05244ea81/a9e09839-63a5-45f3-8eb3-9d56a10e42af/%E4%B8%8A%E6%B5%B7%E5%B8%82%E9%9D%99%E5%AE%89%E5%8C%BA%E7%AC%AC%E4%BA%94%E6%AC%A1%E7%BB%8F%E6%B5%8E%E6%99%AE%E6%9F%A5%E4%B8%BB%E8%A6%81%E6%95%B0%E6%8D%AE%E5%85%AC%E6%8A%A5%EF%BC%88%E7%AC%AC%E4%B8%80%E5%8F%B7%EF%BC%89.pdf,2023-12-31,street/town or functional-zone aggregate already used as the accounting control,legal-entity employment and legal-unit counts; separate district industry table,public district-government HTML/PDF attachment,official publication; cite source; no establishment microdata redistribution,YES for published aggregates,NO,"Locks the official control total and universe. Exhaustive table review found no public industry-by-control, establishment-location, or sub-control employment table.","AVAILABLE, BUT NO FINER PUBLIC BREAKDOWN FOUND",True
310106015000,静安区,天目西路街道,3,baidu-huiyan-work-population,Baidu Maps Huiyan,Population geography big-data API: work-population grid/custom-area analysis,https://huiyan.baidu.com/products/popgeoapiservice,contract-defined; request a stable 2023 historical reference period,grid and arbitrary polygon/custom area; exact cell size disclosed only in contract,"work population, service population, visitation, and commuting proxy",commercial inquiry; API/DaaS or licensed offline extract,commercial contract; assume no raw redistribution unless expressly licensed,"CONDITIONAL: freeze request polygons, dates, parameters, returned cells, and provider metadata under contract",YES if grid cells or exact custom-polygon totals are licensed,"Strongest workplace-specific discriminator for 天目西路街道. Rail-station, office, hotel, and wholesale clusters are spatially concentrated; building-level function and work population can distinguish the reached southern/eastern portion. It is not the legal-entity census universe and must only inform within-control shares.","COMMERCIAL; PRICE, RETENTION, HISTORICAL COVERAGE, AND REDISTRIBUTION REQUIRE A QUOTE",True
310106015000,静安区,天目西路街道,4,shanghai-metro-entry-exit,Shanghai Municipal Transportation Commission via Shanghai Public Data Open Platform,Citywide metro station entry and exit passenger volume,https://data.sh.gov.cn/,daily or real-time; request representative 2023 weekdays if retained,station point by day or real-time interval,passenger entries/exits; not employment and not necessarily AM-peak alightings,public-data portal download/API; registration or conditional-use application may apply,Shanghai public-data terms; cite provider; conditional datasets require a data-use agreement,CONDITIONAL on dataset access and historical retention,NO: station catchments cross control/reach boundaries and trips are multi-purpose,"Independent validation signal for workplace-center timing in 天目西路街道, never an employment count. No public official AM-peak alighting table was located in this audit.",OFFICIAL STATION FLOW DATASET EXISTS; REQUIRED AM-PEAK/HISTORICAL DETAIL NOT CONFIRMED,True
310106015000,静安区,天目西路街道,5,official-registry-establishments,Shanghai Administration for Market Regulation / GSXT,Shanghai enterprise registration machine-readable basic archives,https://fw.scjgj.sh.gov.cn/achieve_outer/apply/notice,registry address/status current at acquisition,establishment registered-address point after geocoding,"enterprise name, registered address, status, registration metadata, and business scope",official record-by-record identity-verified lookup through Shanghai's one-stop government portal,public inspection right; no bulk-download or raw-redistribution license identified,NO at control scale without an official bulk extract; record-by-record lookup is auditable but impractical,"YES geometrically after geocoding, but registered address may not be the workplace","Potential establishment-location validation for 天目西路街道; no public bulk enumeration or employment weight, and registered-address bias remains.",OFFICIAL RECORD-BY-RECORD ONLY; NOT PRACTICAL AS A COMPLETE CONTROL DATASET,True
310106015000,静安区,天目西路街道,5,qichacha-insured-establishments,Qichacha Open Platform,"Enterprise risk-scan API with industry, address, branches, and insured count",https://openapi.qcc.com/dataApi/736,latest enterprise record and annual-report insured count available at acquisition,enterprise registered-address point after geocoding,"establishments, industry, branches, registered address, and reported insured count",commercial JSON API; enterprise-verified account and use-case approval,commercial contract; 6 RMB/query listed at audit date; assume no raw redistribution without written permission,"CONDITIONAL: freeze enterprise universe, API version, query date, raw responses, geocoder, and missingness/deduplication ledgers","YES geometrically after geocoding, but registered address and insured enrollment may differ from workplace","Potential employment-weighted point proxy for 天目西路街道; incomplete insured counts, headquarters/branch duplication, centralized social-insurance enrollment, and registered-address bias require normalization to the official control total.",COMMERCIAL; ENUMERATION AND PER-RECORD COST MAKE A TARGETED PILOT PREFERABLE TO CITYWIDE ACQUISITION,True
310106015000,静安区,天目西路街道,6,cmab-building-function-volume,Tsinghua University researchers / Figshare,"CMAB: Multi-Attribute Building Dataset of China, version 7",https://figshare.com/articles/dataset/CMAB-The_World_s_First_National-Scale_Multi-Attribute_Building_Dataset/27992417,dataset 2025; input imagery primarily 2022-2024,"individual building polygon with height, volume, and predicted function",office/industrial/commercial/public/residential building function and building volume,public Figshare download; subset Shanghai after freezing version/checksum,CC BY 4.0 with attribution,"YES; 15.81 GB national archive, versioned download",YES at building-polygon level,"Rail-station, office, hotel, and wholesale clusters are spatially concentrated; building-level function and work population can distinguish the reached southern/eastern portion. Building function is predicted and partly derived from map AOI/POI; it is an independent high-resolution morphology check, not a workplace count.",PUBLICLY AVAILABLE,True
310106015000,静安区,天目西路街道,6,existing-jrc-overture-baseline,European Commission JRC and Overture Maps Foundation,Existing JRC non-residential built volume and Overture Places inputs,https://developers.google.com/earth-engine/datasets/catalog/JRC_GHSL_P2023A_GHS_BUILT_V,JRC 2020; Overture release 2026-07-22.0,100 m built-volume grid and place points,non-residential built volume and categorized place confidence,already frozen in PR #16 source pipeline,existing source-manifest terms and attribution,YES from the existing pipeline manifest,YES through existing 100 m partial-cell and point geometry,Existing baseline for 天目西路街道; it cannot count as independent improvement because it already generates two of the compared allocation surfaces.,ALREADY USED; NOT NEW EVIDENCE,False
310106015000,静安区,天目西路街道,6,global-building-atlas,Technical University of Munich / GlobalBuildingAtlas,"GlobalBuildingAtlas building polygons, heights, and LoD1 models",https://source.coop/tge-labs/globalbuildingatlas-lod1,2025 release; source imagery varies,individual building polygon and height,"building footprint, height, and volume; no workplace function",public cloud-hosted Parquet/GeoJSON distribution,polygon component published as ODbL; verify component-specific terms before redistribution,YES with frozen partitions/version/checksum,YES at building-polygon level,Independent geometry/height cross-check for 天目西路街道; weaker than CMAB because it lacks building function and employment.,PUBLICLY AVAILABLE,True
310106017000,静安区,宝山路街道,1,district-epc5-publication,静安区 statistics authority,"Fifth National Economic Census main data bulletin, first bulletin",https://www.jingan.gov.cn/main/7a2356e7-0acd-4df3-938e-dcd05244ea81/a9e09839-63a5-45f3-8eb3-9d56a10e42af/%E4%B8%8A%E6%B5%B7%E5%B8%82%E9%9D%99%E5%AE%89%E5%8C%BA%E7%AC%AC%E4%BA%94%E6%AC%A1%E7%BB%8F%E6%B5%8E%E6%99%AE%E6%9F%A5%E4%B8%BB%E8%A6%81%E6%95%B0%E6%8D%AE%E5%85%AC%E6%8A%A5%EF%BC%88%E7%AC%AC%E4%B8%80%E5%8F%B7%EF%BC%89.pdf,2023-12-31,street/town or functional-zone aggregate already used as the accounting control,legal-entity employment and legal-unit counts; separate district industry table,public district-government HTML/PDF attachment,official publication; cite source; no establishment microdata redistribution,YES for published aggregates,NO,"Locks the official control total and universe. Exhaustive table review found no public industry-by-control, establishment-location, or sub-control employment table.","AVAILABLE, BUT NO FINER PUBLIC BREAKDOWN FOUND",True
310106017000,静安区,宝山路街道,3,baidu-huiyan-work-population,Baidu Maps Huiyan,Population geography big-data API: work-population grid/custom-area analysis,https://huiyan.baidu.com/products/popgeoapiservice,contract-defined; request a stable 2023 historical reference period,grid and arbitrary polygon/custom area; exact cell size disclosed only in contract,"work population, service population, visitation, and commuting proxy",commercial inquiry; API/DaaS or licensed offline extract,commercial contract; assume no raw redistribution unless expressly licensed,"CONDITIONAL: freeze request polygons, dates, parameters, returned cells, and provider metadata under contract",YES if grid cells or exact custom-polygon totals are licensed,"Strongest workplace-specific discriminator for 宝山路街道. Small mixed inner-city control; fine building data can test morphology, but workplace counts remain indirect. It is not the legal-entity census universe and must only inform within-control shares.","COMMERCIAL; PRICE, RETENTION, HISTORICAL COVERAGE, AND REDISTRIBUTION REQUIRE A QUOTE",True
310106017000,静安区,宝山路街道,4,shanghai-metro-entry-exit,Shanghai Municipal Transportation Commission via Shanghai Public Data Open Platform,Citywide metro station entry and exit passenger volume,https://data.sh.gov.cn/,daily or real-time; request representative 2023 weekdays if retained,station point by day or real-time interval,passenger entries/exits; not employment and not necessarily AM-peak alightings,public-data portal download/API; registration or conditional-use application may apply,Shanghai public-data terms; cite provider; conditional datasets require a data-use agreement,CONDITIONAL on dataset access and historical retention,NO: station catchments cross control/reach boundaries and trips are multi-purpose,"Independent validation signal for workplace-center timing in 宝山路街道, never an employment count. No public official AM-peak alighting table was located in this audit.",OFFICIAL STATION FLOW DATASET EXISTS; REQUIRED AM-PEAK/HISTORICAL DETAIL NOT CONFIRMED,True
310106017000,静安区,宝山路街道,5,official-registry-establishments,Shanghai Administration for Market Regulation / GSXT,Shanghai enterprise registration machine-readable basic archives,https://fw.scjgj.sh.gov.cn/achieve_outer/apply/notice,registry address/status current at acquisition,establishment registered-address point after geocoding,"enterprise name, registered address, status, registration metadata, and business scope",official record-by-record identity-verified lookup through Shanghai's one-stop government portal,public inspection right; no bulk-download or raw-redistribution license identified,NO at control scale without an official bulk extract; record-by-record lookup is auditable but impractical,"YES geometrically after geocoding, but registered address may not be the workplace","Potential establishment-location validation for 宝山路街道; no public bulk enumeration or employment weight, and registered-address bias remains.",OFFICIAL RECORD-BY-RECORD ONLY; NOT PRACTICAL AS A COMPLETE CONTROL DATASET,True
310106017000,静安区,宝山路街道,5,qichacha-insured-establishments,Qichacha Open Platform,"Enterprise risk-scan API with industry, address, branches, and insured count",https://openapi.qcc.com/dataApi/736,latest enterprise record and annual-report insured count available at acquisition,enterprise registered-address point after geocoding,"establishments, industry, branches, registered address, and reported insured count",commercial JSON API; enterprise-verified account and use-case approval,commercial contract; 6 RMB/query listed at audit date; assume no raw redistribution without written permission,"CONDITIONAL: freeze enterprise universe, API version, query date, raw responses, geocoder, and missingness/deduplication ledgers","YES geometrically after geocoding, but registered address and insured enrollment may differ from workplace","Potential employment-weighted point proxy for 宝山路街道; incomplete insured counts, headquarters/branch duplication, centralized social-insurance enrollment, and registered-address bias require normalization to the official control total.",COMMERCIAL; ENUMERATION AND PER-RECORD COST MAKE A TARGETED PILOT PREFERABLE TO CITYWIDE ACQUISITION,True
310106017000,静安区,宝山路街道,6,cmab-building-function-volume,Tsinghua University researchers / Figshare,"CMAB: Multi-Attribute Building Dataset of China, version 7",https://figshare.com/articles/dataset/CMAB-The_World_s_First_National-Scale_Multi-Attribute_Building_Dataset/27992417,dataset 2025; input imagery primarily 2022-2024,"individual building polygon with height, volume, and predicted function",office/industrial/commercial/public/residential building function and building volume,public Figshare download; subset Shanghai after freezing version/checksum,CC BY 4.0 with attribution,"YES; 15.81 GB national archive, versioned download",YES at building-polygon level,"Small mixed inner-city control; fine building data can test morphology, but workplace counts remain indirect. Building function is predicted and partly derived from map AOI/POI; it is an independent high-resolution morphology check, not a workplace count.",PUBLICLY AVAILABLE,True
310106017000,静安区,宝山路街道,6,existing-jrc-overture-baseline,European Commission JRC and Overture Maps Foundation,Existing JRC non-residential built volume and Overture Places inputs,https://developers.google.com/earth-engine/datasets/catalog/JRC_GHSL_P2023A_GHS_BUILT_V,JRC 2020; Overture release 2026-07-22.0,100 m built-volume grid and place points,non-residential built volume and categorized place confidence,already frozen in PR #16 source pipeline,existing source-manifest terms and attribution,YES from the existing pipeline manifest,YES through existing 100 m partial-cell and point geometry,Existing baseline for 宝山路街道; it cannot count as independent improvement because it already generates two of the compared allocation surfaces.,ALREADY USED; NOT NEW EVIDENCE,False
310106017000,静安区,宝山路街道,6,global-building-atlas,Technical University of Munich / GlobalBuildingAtlas,"GlobalBuildingAtlas building polygons, heights, and LoD1 models",https://source.coop/tge-labs/globalbuildingatlas-lod1,2025 release; source imagery varies,individual building polygon and height,"building footprint, height, and volume; no workplace function",public cloud-hosted Parquet/GeoJSON distribution,polygon component published as ODbL; verify component-specific terms before redistribution,YES with frozen partitions/version/checksum,YES at building-polygon level,Independent geometry/height cross-check for 宝山路街道; weaker than CMAB because it lacks building function and employment.,PUBLICLY AVAILABLE,True
310109011000,虹口区,广中路街道,1,district-epc5-publication,虹口区 statistics authority,"Fifth National Economic Census main data bulletin, first bulletin",https://www.shhk.gov.cn/shhk-zwgk/rest/frame/base/attach/attachAction/getContent?attachGuid=3a3b3cb4-8b7b-4a87-8472-ea58b4f2a6cc&isCommondto=true,2023-12-31,street/town or functional-zone aggregate already used as the accounting control,legal-entity employment and legal-unit counts; separate district industry table,public district-government HTML/PDF attachment,official publication; cite source; no establishment microdata redistribution,YES for published aggregates,NO,"Locks the official control total and universe. Exhaustive table review found no public industry-by-control, establishment-location, or sub-control employment table.","AVAILABLE, BUT NO FINER PUBLIC BREAKDOWN FOUND",True
310109011000,虹口区,广中路街道,2,official-control-context,Hongkou District Government,Shanghai Hongkou High-Tech Industrial Development Zone overview,https://www.shhk.gov.cn/xwzx/002008/002008025/002008025001/20230731/c9cce5bf-ca13-4df4-bfb6-692ec3abeffa.html,2023,eight non-contiguous parcels across Hongkou,"68 key office buildings, 34 industrial parks, approximately 20,000 registered enterprises",public government HTML/PDF,official publication; citation permitted; no implied license for unpublished microdata,YES for published aggregates,NO,"Identifies office/park anchors relevant to Guangzhong Road, but not employees and not a complete street-level establishment file.",AVAILABLE AS AGGREGATE VALIDATION ONLY,True
310109011000,虹口区,广中路街道,3,baidu-huiyan-work-population,Baidu Maps Huiyan,Population geography big-data API: work-population grid/custom-area analysis,https://huiyan.baidu.com/products/popgeoapiservice,contract-defined; request a stable 2023 historical reference period,grid and arbitrary polygon/custom area; exact cell size disclosed only in contract,"work population, service population, visitation, and commuting proxy",commercial inquiry; API/DaaS or licensed offline extract,commercial contract; assume no raw redistribution unless expressly licensed,"CONDITIONAL: freeze request polygons, dates, parameters, returned cells, and provider metadata under contract",YES if grid cells or exact custom-polygon totals are licensed,Strongest workplace-specific discriminator for 广中路街道. Second-largest spread and the largest ordinary-control disagreement; building-level function can directly test whether JRC concentrates too much employment inside the small reached segment. It is not the legal-entity census universe and must only inform within-control shares.,"COMMERCIAL; PRICE, RETENTION, HISTORICAL COVERAGE, AND REDISTRIBUTION REQUIRE A QUOTE",True
310109011000,虹口区,广中路街道,4,shanghai-metro-entry-exit,Shanghai Municipal Transportation Commission via Shanghai Public Data Open Platform,Citywide metro station entry and exit passenger volume,https://data.sh.gov.cn/,daily or real-time; request representative 2023 weekdays if retained,station point by day or real-time interval,passenger entries/exits; not employment and not necessarily AM-peak alightings,public-data portal download/API; registration or conditional-use application may apply,Shanghai public-data terms; cite provider; conditional datasets require a data-use agreement,CONDITIONAL on dataset access and historical retention,NO: station catchments cross control/reach boundaries and trips are multi-purpose,"Independent validation signal for workplace-center timing in 广中路街道, never an employment count. No public official AM-peak alighting table was located in this audit.",OFFICIAL STATION FLOW DATASET EXISTS; REQUIRED AM-PEAK/HISTORICAL DETAIL NOT CONFIRMED,True
310109011000,虹口区,广中路街道,5,official-registry-establishments,Shanghai Administration for Market Regulation / GSXT,Shanghai enterprise registration machine-readable basic archives,https://fw.scjgj.sh.gov.cn/achieve_outer/apply/notice,registry address/status current at acquisition,establishment registered-address point after geocoding,"enterprise name, registered address, status, registration metadata, and business scope",official record-by-record identity-verified lookup through Shanghai's one-stop government portal,public inspection right; no bulk-download or raw-redistribution license identified,NO at control scale without an official bulk extract; record-by-record lookup is auditable but impractical,"YES geometrically after geocoding, but registered address may not be the workplace","Potential establishment-location validation for 广中路街道; no public bulk enumeration or employment weight, and registered-address bias remains.",OFFICIAL RECORD-BY-RECORD ONLY; NOT PRACTICAL AS A COMPLETE CONTROL DATASET,True
310109011000,虹口区,广中路街道,5,qichacha-insured-establishments,Qichacha Open Platform,"Enterprise risk-scan API with industry, address, branches, and insured count",https://openapi.qcc.com/dataApi/736,latest enterprise record and annual-report insured count available at acquisition,enterprise registered-address point after geocoding,"establishments, industry, branches, registered address, and reported insured count",commercial JSON API; enterprise-verified account and use-case approval,commercial contract; 6 RMB/query listed at audit date; assume no raw redistribution without written permission,"CONDITIONAL: freeze enterprise universe, API version, query date, raw responses, geocoder, and missingness/deduplication ledgers","YES geometrically after geocoding, but registered address and insured enrollment may differ from workplace","Potential employment-weighted point proxy for 广中路街道; incomplete insured counts, headquarters/branch duplication, centralized social-insurance enrollment, and registered-address bias require normalization to the official control total.",COMMERCIAL; ENUMERATION AND PER-RECORD COST MAKE A TARGETED PILOT PREFERABLE TO CITYWIDE ACQUISITION,True
310109011000,虹口区,广中路街道,6,cmab-building-function-volume,Tsinghua University researchers / Figshare,"CMAB: Multi-Attribute Building Dataset of China, version 7",https://figshare.com/articles/dataset/CMAB-The_World_s_First_National-Scale_Multi-Attribute_Building_Dataset/27992417,dataset 2025; input imagery primarily 2022-2024,"individual building polygon with height, volume, and predicted function",office/industrial/commercial/public/residential building function and building volume,public Figshare download; subset Shanghai after freezing version/checksum,CC BY 4.0 with attribution,"YES; 15.81 GB national archive, versioned download",YES at building-polygon level,"Second-largest spread and the largest ordinary-control disagreement; building-level function can directly test whether JRC concentrates too much employment inside the small reached segment. Building function is predicted and partly derived from map AOI/POI; it is an independent high-resolution morphology check, not a workplace count.",PUBLICLY AVAILABLE,True
310109011000,虹口区,广中路街道,6,existing-jrc-overture-baseline,European Commission JRC and Overture Maps Foundation,Existing JRC non-residential built volume and Overture Places inputs,https://developers.google.com/earth-engine/datasets/catalog/JRC_GHSL_P2023A_GHS_BUILT_V,JRC 2020; Overture release 2026-07-22.0,100 m built-volume grid and place points,non-residential built volume and categorized place confidence,already frozen in PR #16 source pipeline,existing source-manifest terms and attribution,YES from the existing pipeline manifest,YES through existing 100 m partial-cell and point geometry,Existing baseline for 广中路街道; it cannot count as independent improvement because it already generates two of the compared allocation surfaces.,ALREADY USED; NOT NEW EVIDENCE,False
310109011000,虹口区,广中路街道,6,global-building-atlas,Technical University of Munich / GlobalBuildingAtlas,"GlobalBuildingAtlas building polygons, heights, and LoD1 models",https://source.coop/tge-labs/globalbuildingatlas-lod1,2025 release; source imagery varies,individual building polygon and height,"building footprint, height, and volume; no workplace function",public cloud-hosted Parquet/GeoJSON distribution,polygon component published as ODbL; verify component-specific terms before redistribution,YES with frozen partitions/version/checksum,YES at building-polygon level,Independent geometry/height cross-check for 广中路街道; weaker than CMAB because it lacks building function and employment.,PUBLICLY AVAILABLE,True
310115503000,浦东新区,张江高科技园区,1,district-epc5-publication,浦东新区 statistics authority,"Fifth National Economic Census main data bulletin, first bulletin",https://www.pudong.gov.cn/zwgk/tjj_gkml_ywl_tjsj_gb/2025/295/347226.html,2023-12-31,street/town or functional-zone aggregate already used as the accounting control,legal-entity employment and legal-unit counts; separate district industry table,public district-government HTML/PDF attachment,official publication; cite source; no establishment microdata redistribution,YES for published aggregates,NO,"Locks the official control total and universe. Exhaustive table review found no public industry-by-control, establishment-location, or sub-control employment table.","AVAILABLE, BUT NO FINER PUBLIC BREAKDOWN FOUND",True
310115503000,浦东新区,张江高科技园区,2,official-control-context,Pudong New Area Statistics Bureau,"Pudong Statistical Yearbook 2025, Table 20-3: Zhangjiang Area",https://www.pudong.gov.cn/assets/xls/tjj/2025/%E7%AC%AC%E4%BA%8C%E5%8D%81%E7%AF%87%20%E9%87%8D%E7%82%B9%E5%BC%80%E5%8F%91%E5%8C%BA%E5%92%8C%E8%A1%97%E9%95%87.pdf,2023 and 2024,whole reported Zhangjiang area,end-term employed persons and economic indicators,public government HTML/PDF,official publication; citation permitted; no implied license for unpublished microdata,YES for published aggregates,NO,"Direct aggregate context, but the reported Zhangjiang area includes multiple planning/industrial areas and is not the 469,000-worker census accounting stratum; no subarea split.",AVAILABLE AS AGGREGATE VALIDATION ONLY,True
310115503000,浦东新区,张江高科技园区,2,official-planning-scope,Pudong New Area Government,Zhangjiang planning-scope publication,https://www.pudong.gov.cn/zwgk/14482.gkml_ywl_sthjgl/2025/171/341785.html,2025 publication,reported 28.26 km2 planning scope; no reusable census-stratum vector,planning scope and land-use interpretation,public government HTML/PDF,official publication; citation permitted; no reusable vector license found,YES for published scope description; NO for an exact vector,NO,Authoritative validation/sensitivity interpretation only. The reported planning scope is not assumed equal to the economic-census accounting stratum and differs materially from the selected 2020 statistical support.,"AVAILABLE FOR VALIDATION, NOT AS CENSUS SUPPORT",True
310115503000,浦东新区,张江高科技园区,3,baidu-huiyan-work-population,Baidu Maps Huiyan,Population geography big-data API: work-population grid/custom-area analysis,https://huiyan.baidu.com/products/popgeoapiservice,contract-defined; request a stable 2023 historical reference period,grid and arbitrary polygon/custom area; exact cell size disclosed only in contract,"work population, service population, visitation, and commuting proxy",commercial inquiry; API/DaaS or licensed offline extract,commercial contract; assume no raw redistribution unless expressly licensed,"CONDITIONAL: freeze request polygons, dates, parameters, returned cells, and provider metadata under contract",YES if grid cells or exact custom-polygon totals are licensed,"Strongest workplace-specific discriminator for 张江高科技园区. Large workforce and boundary uncertainty; R&D/industrial building functions help, but the support is already 95.85% inside and planning-area statistics do not identify the census stratum. It is not the legal-entity census universe and must only inform within-control shares.","COMMERCIAL; PRICE, RETENTION, HISTORICAL COVERAGE, AND REDISTRIBUTION REQUIRE A QUOTE",True
310115503000,浦东新区,张江高科技园区,4,shanghai-metro-entry-exit,Shanghai Municipal Transportation Commission via Shanghai Public Data Open Platform,Citywide metro station entry and exit passenger volume,https://data.sh.gov.cn/,daily or real-time; request representative 2023 weekdays if retained,station point by day or real-time interval,passenger entries/exits; not employment and not necessarily AM-peak alightings,public-data portal download/API; registration or conditional-use application may apply,Shanghai public-data terms; cite provider; conditional datasets require a data-use agreement,CONDITIONAL on dataset access and historical retention,NO: station catchments cross control/reach boundaries and trips are multi-purpose,"Independent validation signal for workplace-center timing in 张江高科技园区, never an employment count. No public official AM-peak alighting table was located in this audit.",OFFICIAL STATION FLOW DATASET EXISTS; REQUIRED AM-PEAK/HISTORICAL DETAIL NOT CONFIRMED,True
310115503000,浦东新区,张江高科技园区,5,official-registry-establishments,Shanghai Administration for Market Regulation / GSXT,Shanghai enterprise registration machine-readable basic archives,https://fw.scjgj.sh.gov.cn/achieve_outer/apply/notice,registry address/status current at acquisition,establishment registered-address point after geocoding,"enterprise name, registered address, status, registration metadata, and business scope",official record-by-record identity-verified lookup through Shanghai's one-stop government portal,public inspection right; no bulk-download or raw-redistribution license identified,NO at control scale without an official bulk extract; record-by-record lookup is auditable but impractical,"YES geometrically after geocoding, but registered address may not be the workplace","Potential establishment-location validation for 张江高科技园区; no public bulk enumeration or employment weight, and registered-address bias remains.",OFFICIAL RECORD-BY-RECORD ONLY; NOT PRACTICAL AS A COMPLETE CONTROL DATASET,True
310115503000,浦东新区,张江高科技园区,5,qichacha-insured-establishments,Qichacha Open Platform,"Enterprise risk-scan API with industry, address, branches, and insured count",https://openapi.qcc.com/dataApi/736,latest enterprise record and annual-report insured count available at acquisition,enterprise registered-address point after geocoding,"establishments, industry, branches, registered address, and reported insured count",commercial JSON API; enterprise-verified account and use-case approval,commercial contract; 6 RMB/query listed at audit date; assume no raw redistribution without written permission,"CONDITIONAL: freeze enterprise universe, API version, query date, raw responses, geocoder, and missingness/deduplication ledgers","YES geometrically after geocoding, but registered address and insured enrollment may differ from workplace","Potential employment-weighted point proxy for 张江高科技园区; incomplete insured counts, headquarters/branch duplication, centralized social-insurance enrollment, and registered-address bias require normalization to the official control total.",COMMERCIAL; ENUMERATION AND PER-RECORD COST MAKE A TARGETED PILOT PREFERABLE TO CITYWIDE ACQUISITION,True
310115503000,浦东新区,张江高科技园区,6,cmab-building-function-volume,Tsinghua University researchers / Figshare,"CMAB: Multi-Attribute Building Dataset of China, version 7",https://figshare.com/articles/dataset/CMAB-The_World_s_First_National-Scale_Multi-Attribute_Building_Dataset/27992417,dataset 2025; input imagery primarily 2022-2024,"individual building polygon with height, volume, and predicted function",office/industrial/commercial/public/residential building function and building volume,public Figshare download; subset Shanghai after freezing version/checksum,CC BY 4.0 with attribution,"YES; 15.81 GB national archive, versioned download",YES at building-polygon level,"Large workforce and boundary uncertainty; R&D/industrial building functions help, but the support is already 95.85% inside and planning-area statistics do not identify the census stratum. Building function is predicted and partly derived from map AOI/POI; it is an independent high-resolution morphology check, not a workplace count.",PUBLICLY AVAILABLE,True
310115503000,浦东新区,张江高科技园区,6,existing-jrc-overture-baseline,European Commission JRC and Overture Maps Foundation,Existing JRC non-residential built volume and Overture Places inputs,https://developers.google.com/earth-engine/datasets/catalog/JRC_GHSL_P2023A_GHS_BUILT_V,JRC 2020; Overture release 2026-07-22.0,100 m built-volume grid and place points,non-residential built volume and categorized place confidence,already frozen in PR #16 source pipeline,existing source-manifest terms and attribution,YES from the existing pipeline manifest,YES through existing 100 m partial-cell and point geometry,Existing baseline for 张江高科技园区; it cannot count as independent improvement because it already generates two of the compared allocation surfaces.,ALREADY USED; NOT NEW EVIDENCE,False
310115503000,浦东新区,张江高科技园区,6,global-building-atlas,Technical University of Munich / GlobalBuildingAtlas,"GlobalBuildingAtlas building polygons, heights, and LoD1 models",https://source.coop/tge-labs/globalbuildingatlas-lod1,2025 release; source imagery varies,individual building polygon and height,"building footprint, height, and volume; no workplace function",public cloud-hosted Parquet/GeoJSON distribution,polygon component published as ODbL; verify component-specific terms before redistribution,YES with frozen partitions/version/checksum,YES at building-polygon level,Independent geometry/height cross-check for 张江高科技园区; weaker than CMAB because it lacks building function and employment.,PUBLICLY AVAILABLE,True
310104014000,徐汇区,徐家汇街道,1,district-epc5-publication,徐汇区 statistics authority,"Fifth National Economic Census main data bulletin, first bulletin",https://www.xuhui.gov.cn/xxgk/portal/article/detail?id=8a4c0c06982a9c100198f528792809df,2023-12-31,street/town or functional-zone aggregate already used as the accounting control,legal-entity employment and legal-unit counts; separate district industry table,public district-government HTML/PDF attachment,official publication; cite source; no establishment microdata redistribution,YES for published aggregates,NO,"Locks the official control total and universe. Exhaustive table review found no public industry-by-control, establishment-location, or sub-control employment table.","AVAILABLE, BUT NO FINER PUBLIC BREAKDOWN FOUND",True
310104014000,徐汇区,徐家汇街道,2,official-control-context,Xuhui District Government,Xujiahui subdistrict overview,https://www.xuhui.gov.cn/xhda/xhda/xhbl/xhnj/2021/01/26/9f8086927641192c01773db4784133ea.html,"2019 profile, published 2021","named commercial, institutional, education, and health anchors",establishment/anchor inventory and commercial context,public government HTML/PDF,official publication; citation permitted; no implied license for unpublished microdata,YES for published aggregates,NO,"Supports validation of major workplace nodes but is old, incomplete, and contains no employment weights.",AVAILABLE AS AGGREGATE VALIDATION ONLY,True
310104014000,徐汇区,徐家汇街道,3,baidu-huiyan-work-population,Baidu Maps Huiyan,Population geography big-data API: work-population grid/custom-area analysis,https://huiyan.baidu.com/products/popgeoapiservice,contract-defined; request a stable 2023 historical reference period,grid and arbitrary polygon/custom area; exact cell size disclosed only in contract,"work population, service population, visitation, and commuting proxy",commercial inquiry; API/DaaS or licensed offline extract,commercial contract; assume no raw redistribution unless expressly licensed,"CONDITIONAL: freeze request polygons, dates, parameters, returned cells, and provider metadata under contract",YES if grid cells or exact custom-polygon totals are licensed,Strongest workplace-specific discriminator for 徐家汇街道. Dense office/retail/education nodes and multiple stations make building-level function and mobile work population highly discriminating across the reach boundary. It is not the legal-entity census universe and must only inform within-control shares.,"COMMERCIAL; PRICE, RETENTION, HISTORICAL COVERAGE, AND REDISTRIBUTION REQUIRE A QUOTE",True
310104014000,徐汇区,徐家汇街道,4,shanghai-metro-entry-exit,Shanghai Municipal Transportation Commission via Shanghai Public Data Open Platform,Citywide metro station entry and exit passenger volume,https://data.sh.gov.cn/,daily or real-time; request representative 2023 weekdays if retained,station point by day or real-time interval,passenger entries/exits; not employment and not necessarily AM-peak alightings,public-data portal download/API; registration or conditional-use application may apply,Shanghai public-data terms; cite provider; conditional datasets require a data-use agreement,CONDITIONAL on dataset access and historical retention,NO: station catchments cross control/reach boundaries and trips are multi-purpose,"Independent validation signal for workplace-center timing in 徐家汇街道, never an employment count. No public official AM-peak alighting table was located in this audit.",OFFICIAL STATION FLOW DATASET EXISTS; REQUIRED AM-PEAK/HISTORICAL DETAIL NOT CONFIRMED,True
310104014000,徐汇区,徐家汇街道,5,official-registry-establishments,Shanghai Administration for Market Regulation / GSXT,Shanghai enterprise registration machine-readable basic archives,https://fw.scjgj.sh.gov.cn/achieve_outer/apply/notice,registry address/status current at acquisition,establishment registered-address point after geocoding,"enterprise name, registered address, status, registration metadata, and business scope",official record-by-record identity-verified lookup through Shanghai's one-stop government portal,public inspection right; no bulk-download or raw-redistribution license identified,NO at control scale without an official bulk extract; record-by-record lookup is auditable but impractical,"YES geometrically after geocoding, but registered address may not be the workplace","Potential establishment-location validation for 徐家汇街道; no public bulk enumeration or employment weight, and registered-address bias remains.",OFFICIAL RECORD-BY-RECORD ONLY; NOT PRACTICAL AS A COMPLETE CONTROL DATASET,True
310104014000,徐汇区,徐家汇街道,5,qichacha-insured-establishments,Qichacha Open Platform,"Enterprise risk-scan API with industry, address, branches, and insured count",https://openapi.qcc.com/dataApi/736,latest enterprise record and annual-report insured count available at acquisition,enterprise registered-address point after geocoding,"establishments, industry, branches, registered address, and reported insured count",commercial JSON API; enterprise-verified account and use-case approval,commercial contract; 6 RMB/query listed at audit date; assume no raw redistribution without written permission,"CONDITIONAL: freeze enterprise universe, API version, query date, raw responses, geocoder, and missingness/deduplication ledgers","YES geometrically after geocoding, but registered address and insured enrollment may differ from workplace","Potential employment-weighted point proxy for 徐家汇街道; incomplete insured counts, headquarters/branch duplication, centralized social-insurance enrollment, and registered-address bias require normalization to the official control total.",COMMERCIAL; ENUMERATION AND PER-RECORD COST MAKE A TARGETED PILOT PREFERABLE TO CITYWIDE ACQUISITION,True
310104014000,徐汇区,徐家汇街道,6,cmab-building-function-volume,Tsinghua University researchers / Figshare,"CMAB: Multi-Attribute Building Dataset of China, version 7",https://figshare.com/articles/dataset/CMAB-The_World_s_First_National-Scale_Multi-Attribute_Building_Dataset/27992417,dataset 2025; input imagery primarily 2022-2024,"individual building polygon with height, volume, and predicted function",office/industrial/commercial/public/residential building function and building volume,public Figshare download; subset Shanghai after freezing version/checksum,CC BY 4.0 with attribution,"YES; 15.81 GB national archive, versioned download",YES at building-polygon level,"Dense office/retail/education nodes and multiple stations make building-level function and mobile work population highly discriminating across the reach boundary. Building function is predicted and partly derived from map AOI/POI; it is an independent high-resolution morphology check, not a workplace count.",PUBLICLY AVAILABLE,True
310104014000,徐汇区,徐家汇街道,6,existing-jrc-overture-baseline,European Commission JRC and Overture Maps Foundation,Existing JRC non-residential built volume and Overture Places inputs,https://developers.google.com/earth-engine/datasets/catalog/JRC_GHSL_P2023A_GHS_BUILT_V,JRC 2020; Overture release 2026-07-22.0,100 m built-volume grid and place points,non-residential built volume and categorized place confidence,already frozen in PR #16 source pipeline,existing source-manifest terms and attribution,YES from the existing pipeline manifest,YES through existing 100 m partial-cell and point geometry,Existing baseline for 徐家汇街道; it cannot count as independent improvement because it already generates two of the compared allocation surfaces.,ALREADY USED; NOT NEW EVIDENCE,False
310104014000,徐汇区,徐家汇街道,6,global-building-atlas,Technical University of Munich / GlobalBuildingAtlas,"GlobalBuildingAtlas building polygons, heights, and LoD1 models",https://source.coop/tge-labs/globalbuildingatlas-lod1,2025 release; source imagery varies,individual building polygon and height,"building footprint, height, and volume; no workplace function",public cloud-hosted Parquet/GeoJSON distribution,polygon component published as ODbL; verify component-specific terms before redistribution,YES with frozen partitions/version/checksum,YES at building-polygon level,Independent geometry/height cross-check for 徐家汇街道; weaker than CMAB because it lacks building function and employment.,PUBLICLY AVAILABLE,True
310105102000,长宁区,新泾镇,1,district-epc5-publication,长宁区 statistics authority,"Fifth National Economic Census main data bulletin, first bulletin",https://zwgk.shcn.gov.cn/xxgk/zdgzlsqk-zw/2025/211/78163.html,2023-12-31,street/town or functional-zone aggregate already used as the accounting control,legal-entity employment and legal-unit counts; separate district industry table,public district-government HTML/PDF attachment,official publication; cite source; no establishment microdata redistribution,YES for published aggregates,NO,"Locks the official control total and universe. Exhaustive table review found no public industry-by-control, establishment-location, or sub-control employment table.","AVAILABLE, BUT NO FINER PUBLIC BREAKDOWN FOUND",True
310105102000,长宁区,新泾镇,3,baidu-huiyan-work-population,Baidu Maps Huiyan,Population geography big-data API: work-population grid/custom-area analysis,https://huiyan.baidu.com/products/popgeoapiservice,contract-defined; request a stable 2023 historical reference period,grid and arbitrary polygon/custom area; exact cell size disclosed only in contract,"work population, service population, visitation, and commuting proxy",commercial inquiry; API/DaaS or licensed offline extract,commercial contract; assume no raw redistribution unless expressly licensed,"CONDITIONAL: freeze request polygons, dates, parameters, returned cells, and provider metadata under contract",YES if grid cells or exact custom-polygon totals are licensed,"Strongest workplace-specific discriminator for 新泾镇. Only 3.34% of a mixed town is inside; mobile work population could verify the small reached edge, but the maximum three-model leverage is only 0.0193 Shanghai points. It is not the legal-entity census universe and must only inform within-control shares.","COMMERCIAL; PRICE, RETENTION, HISTORICAL COVERAGE, AND REDISTRIBUTION REQUIRE A QUOTE",True
310105102000,长宁区,新泾镇,4,shanghai-metro-entry-exit,Shanghai Municipal Transportation Commission via Shanghai Public Data Open Platform,Citywide metro station entry and exit passenger volume,https://data.sh.gov.cn/,daily or real-time; request representative 2023 weekdays if retained,station point by day or real-time interval,passenger entries/exits; not employment and not necessarily AM-peak alightings,public-data portal download/API; registration or conditional-use application may apply,Shanghai public-data terms; cite provider; conditional datasets require a data-use agreement,CONDITIONAL on dataset access and historical retention,NO: station catchments cross control/reach boundaries and trips are multi-purpose,"Independent validation signal for workplace-center timing in 新泾镇, never an employment count. No public official AM-peak alighting table was located in this audit.",OFFICIAL STATION FLOW DATASET EXISTS; REQUIRED AM-PEAK/HISTORICAL DETAIL NOT CONFIRMED,True
310105102000,长宁区,新泾镇,5,official-registry-establishments,Shanghai Administration for Market Regulation / GSXT,Shanghai enterprise registration machine-readable basic archives,https://fw.scjgj.sh.gov.cn/achieve_outer/apply/notice,registry address/status current at acquisition,establishment registered-address point after geocoding,"enterprise name, registered address, status, registration metadata, and business scope",official record-by-record identity-verified lookup through Shanghai's one-stop government portal,public inspection right; no bulk-download or raw-redistribution license identified,NO at control scale without an official bulk extract; record-by-record lookup is auditable but impractical,"YES geometrically after geocoding, but registered address may not be the workplace","Potential establishment-location validation for 新泾镇; no public bulk enumeration or employment weight, and registered-address bias remains.",OFFICIAL RECORD-BY-RECORD ONLY; NOT PRACTICAL AS A COMPLETE CONTROL DATASET,True
310105102000,长宁区,新泾镇,5,qichacha-insured-establishments,Qichacha Open Platform,"Enterprise risk-scan API with industry, address, branches, and insured count",https://openapi.qcc.com/dataApi/736,latest enterprise record and annual-report insured count available at acquisition,enterprise registered-address point after geocoding,"establishments, industry, branches, registered address, and reported insured count",commercial JSON API; enterprise-verified account and use-case approval,commercial contract; 6 RMB/query listed at audit date; assume no raw redistribution without written permission,"CONDITIONAL: freeze enterprise universe, API version, query date, raw responses, geocoder, and missingness/deduplication ledgers","YES geometrically after geocoding, but registered address and insured enrollment may differ from workplace","Potential employment-weighted point proxy for 新泾镇; incomplete insured counts, headquarters/branch duplication, centralized social-insurance enrollment, and registered-address bias require normalization to the official control total.",COMMERCIAL; ENUMERATION AND PER-RECORD COST MAKE A TARGETED PILOT PREFERABLE TO CITYWIDE ACQUISITION,True
310105102000,长宁区,新泾镇,6,cmab-building-function-volume,Tsinghua University researchers / Figshare,"CMAB: Multi-Attribute Building Dataset of China, version 7",https://figshare.com/articles/dataset/CMAB-The_World_s_First_National-Scale_Multi-Attribute_Building_Dataset/27992417,dataset 2025; input imagery primarily 2022-2024,"individual building polygon with height, volume, and predicted function",office/industrial/commercial/public/residential building function and building volume,public Figshare download; subset Shanghai after freezing version/checksum,CC BY 4.0 with attribution,"YES; 15.81 GB national archive, versioned download",YES at building-polygon level,"Only 3.34% of a mixed town is inside; mobile work population could verify the small reached edge, but the maximum three-model leverage is only 0.0193 Shanghai points. Building function is predicted and partly derived from map AOI/POI; it is an independent high-resolution morphology check, not a workplace count.",PUBLICLY AVAILABLE,True
310105102000,长宁区,新泾镇,6,existing-jrc-overture-baseline,European Commission JRC and Overture Maps Foundation,Existing JRC non-residential built volume and Overture Places inputs,https://developers.google.com/earth-engine/datasets/catalog/JRC_GHSL_P2023A_GHS_BUILT_V,JRC 2020; Overture release 2026-07-22.0,100 m built-volume grid and place points,non-residential built volume and categorized place confidence,already frozen in PR #16 source pipeline,existing source-manifest terms and attribution,YES from the existing pipeline manifest,YES through existing 100 m partial-cell and point geometry,Existing baseline for 新泾镇; it cannot count as independent improvement because it already generates two of the compared allocation surfaces.,ALREADY USED; NOT NEW EVIDENCE,False
310105102000,长宁区,新泾镇,6,global-building-atlas,Technical University of Munich / GlobalBuildingAtlas,"GlobalBuildingAtlas building polygons, heights, and LoD1 models",https://source.coop/tge-labs/globalbuildingatlas-lod1,2025 release; source imagery varies,individual building polygon and height,"building footprint, height, and volume; no workplace function",public cloud-hosted Parquet/GeoJSON distribution,polygon component published as ODbL; verify component-specific terms before redistribution,YES with frozen partitions/version/checksum,YES at building-polygon level,Independent geometry/height cross-check for 新泾镇; weaker than CMAB because it lacks building function and employment.,PUBLICLY AVAILABLE,True
310115502000,浦东新区,金桥经济技术开发区,1,district-epc5-publication,浦东新区 statistics authority,"Fifth National Economic Census main data bulletin, first bulletin",https://www.pudong.gov.cn/zwgk/tjj_gkml_ywl_tjsj_gb/2025/295/347226.html,2023-12-31,street/town or functional-zone aggregate already used as the accounting control,legal-entity employment and legal-unit counts; separate district industry table,public district-government HTML/PDF attachment,official publication; cite source; no establishment microdata redistribution,YES for published aggregates,NO,"Locks the official control total and universe. Exhaustive table review found no public industry-by-control, establishment-location, or sub-control employment table.","AVAILABLE, BUT NO FINER PUBLIC BREAKDOWN FOUND",True
310115502000,浦东新区,金桥经济技术开发区,2,official-control-context,Pudong New Area Statistics Bureau,"Pudong Statistical Yearbook 2025, Table 20-2: Jinqiao ETDZ",https://www.pudong.gov.cn/assets/xls/tjj/2025/%E7%AC%AC%E4%BA%8C%E5%8D%81%E7%AF%87%20%E9%87%8D%E7%82%B9%E5%BC%80%E5%8F%91%E5%8C%BA%E5%92%8C%E8%A1%97%E9%95%87.pdf,2023 and 2024,whole reported Jinqiao zone,"end-term employed persons, enterprise registrations, industrial output",public government HTML/PDF,official publication; citation permitted; no implied license for unpublished microdata,YES for published aggregates,NO,"Direct aggregate validation: 208,500 employed persons in 2023, close to but not identical with the rounded 203,000 census stratum. No inside/outside or subarea split; table scope is not proven identical to the census accounting stratum.",AVAILABLE AS AGGREGATE VALIDATION ONLY,True
310115502000,浦东新区,金桥经济技术开发区,2,official-planning-scope,Pudong New Area Government,Jinqiao development planning-scope publication,https://www.pudong.gov.cn/zwgk/006003002/2022/302/257742.html,2022 publication,reported 29.38 km2 planning scope; no reusable census-stratum vector,planning scope and land-use interpretation,public government HTML/PDF,official publication; citation permitted; no reusable vector license found,YES for published scope description; NO for an exact vector,NO,Authoritative validation/sensitivity interpretation only. The reported planning scope is not assumed equal to the economic-census accounting stratum and differs materially from the selected 2020 statistical support.,"AVAILABLE FOR VALIDATION, NOT AS CENSUS SUPPORT",True
310115502000,浦东新区,金桥经济技术开发区,3,baidu-huiyan-work-population,Baidu Maps Huiyan,Population geography big-data API: work-population grid/custom-area analysis,https://huiyan.baidu.com/products/popgeoapiservice,contract-defined; request a stable 2023 historical reference period,grid and arbitrary polygon/custom area; exact cell size disclosed only in contract,"work population, service population, visitation, and commuting proxy",commercial inquiry; API/DaaS or licensed offline extract,commercial contract; assume no raw redistribution unless expressly licensed,"CONDITIONAL: freeze request polygons, dates, parameters, returned cells, and provider metadata under contract",YES if grid cells or exact custom-polygon totals are licensed,"Strongest workplace-specific discriminator for 金桥经济技术开发区. Largest local spread; industrial/office building functions can test concentration, but only a zone-member roster or workplace grid can overcome the approximate census-zone support. It is not the legal-entity census universe and must only inform within-control shares.","COMMERCIAL; PRICE, RETENTION, HISTORICAL COVERAGE, AND REDISTRIBUTION REQUIRE A QUOTE",True
310115502000,浦东新区,金桥经济技术开发区,4,shanghai-metro-entry-exit,Shanghai Municipal Transportation Commission via Shanghai Public Data Open Platform,Citywide metro station entry and exit passenger volume,https://data.sh.gov.cn/,daily or real-time; request representative 2023 weekdays if retained,station point by day or real-time interval,passenger entries/exits; not employment and not necessarily AM-peak alightings,public-data portal download/API; registration or conditional-use application may apply,Shanghai public-data terms; cite provider; conditional datasets require a data-use agreement,CONDITIONAL on dataset access and historical retention,NO: station catchments cross control/reach boundaries and trips are multi-purpose,"Independent validation signal for workplace-center timing in 金桥经济技术开发区, never an employment count. No public official AM-peak alighting table was located in this audit.",OFFICIAL STATION FLOW DATASET EXISTS; REQUIRED AM-PEAK/HISTORICAL DETAIL NOT CONFIRMED,True
310115502000,浦东新区,金桥经济技术开发区,5,official-registry-establishments,Shanghai Administration for Market Regulation / GSXT,Shanghai enterprise registration machine-readable basic archives,https://fw.scjgj.sh.gov.cn/achieve_outer/apply/notice,registry address/status current at acquisition,establishment registered-address point after geocoding,"enterprise name, registered address, status, registration metadata, and business scope",official record-by-record identity-verified lookup through Shanghai's one-stop government portal,public inspection right; no bulk-download or raw-redistribution license identified,NO at control scale without an official bulk extract; record-by-record lookup is auditable but impractical,"YES geometrically after geocoding, but registered address may not be the workplace","Potential establishment-location validation for 金桥经济技术开发区; no public bulk enumeration or employment weight, and registered-address bias remains.",OFFICIAL RECORD-BY-RECORD ONLY; NOT PRACTICAL AS A COMPLETE CONTROL DATASET,True
310115502000,浦东新区,金桥经济技术开发区,5,qichacha-insured-establishments,Qichacha Open Platform,"Enterprise risk-scan API with industry, address, branches, and insured count",https://openapi.qcc.com/dataApi/736,latest enterprise record and annual-report insured count available at acquisition,enterprise registered-address point after geocoding,"establishments, industry, branches, registered address, and reported insured count",commercial JSON API; enterprise-verified account and use-case approval,commercial contract; 6 RMB/query listed at audit date; assume no raw redistribution without written permission,"CONDITIONAL: freeze enterprise universe, API version, query date, raw responses, geocoder, and missingness/deduplication ledgers","YES geometrically after geocoding, but registered address and insured enrollment may differ from workplace","Potential employment-weighted point proxy for 金桥经济技术开发区; incomplete insured counts, headquarters/branch duplication, centralized social-insurance enrollment, and registered-address bias require normalization to the official control total.",COMMERCIAL; ENUMERATION AND PER-RECORD COST MAKE A TARGETED PILOT PREFERABLE TO CITYWIDE ACQUISITION,True
310115502000,浦东新区,金桥经济技术开发区,6,cmab-building-function-volume,Tsinghua University researchers / Figshare,"CMAB: Multi-Attribute Building Dataset of China, version 7",https://figshare.com/articles/dataset/CMAB-The_World_s_First_National-Scale_Multi-Attribute_Building_Dataset/27992417,dataset 2025; input imagery primarily 2022-2024,"individual building polygon with height, volume, and predicted function",office/industrial/commercial/public/residential building function and building volume,public Figshare download; subset Shanghai after freezing version/checksum,CC BY 4.0 with attribution,"YES; 15.81 GB national archive, versioned download",YES at building-polygon level,"Largest local spread; industrial/office building functions can test concentration, but only a zone-member roster or workplace grid can overcome the approximate census-zone support. Building function is predicted and partly derived from map AOI/POI; it is an independent high-resolution morphology check, not a workplace count.",PUBLICLY AVAILABLE,True
310115502000,浦东新区,金桥经济技术开发区,6,existing-jrc-overture-baseline,European Commission JRC and Overture Maps Foundation,Existing JRC non-residential built volume and Overture Places inputs,https://developers.google.com/earth-engine/datasets/catalog/JRC_GHSL_P2023A_GHS_BUILT_V,JRC 2020; Overture release 2026-07-22.0,100 m built-volume grid and place points,non-residential built volume and categorized place confidence,already frozen in PR #16 source pipeline,existing source-manifest terms and attribution,YES from the existing pipeline manifest,YES through existing 100 m partial-cell and point geometry,Existing baseline for 金桥经济技术开发区; it cannot count as independent improvement because it already generates two of the compared allocation surfaces.,ALREADY USED; NOT NEW EVIDENCE,False
310115502000,浦东新区,金桥经济技术开发区,6,global-building-atlas,Technical University of Munich / GlobalBuildingAtlas,"GlobalBuildingAtlas building polygons, heights, and LoD1 models",https://source.coop/tge-labs/globalbuildingatlas-lod1,2025 release; source imagery varies,individual building polygon and height,"building footprint, height, and volume; no workplace function",public cloud-hosted Parquet/GeoJSON distribution,polygon component published as ODbL; verify component-specific terms before redistribution,YES with frozen partitions/version/checksum,YES at building-polygon level,Independent geometry/height cross-check for 金桥经济技术开发区; weaker than CMAB because it lacks building function and employment.,PUBLICLY AVAILABLE,True
310115005000,浦东新区,陆家嘴街道,1,district-epc5-publication,浦东新区 statistics authority,"Fifth National Economic Census main data bulletin, first bulletin",https://www.pudong.gov.cn/zwgk/tjj_gkml_ywl_tjsj_gb/2025/295/347226.html,2023-12-31,street/town or functional-zone aggregate already used as the accounting control,legal-entity employment and legal-unit counts; separate district industry table,public district-government HTML/PDF attachment,official publication; cite source; no establishment microdata redistribution,YES for published aggregates,NO,"Locks the official control total and universe. Exhaustive table review found no public industry-by-control, establishment-location, or sub-control employment table.","AVAILABLE, BUT NO FINER PUBLIC BREAKDOWN FOUND",True
310115005000,浦东新区,陆家嘴街道,2,official-control-context,Pudong New Area Statistics Bureau,"Pudong Statistical Yearbook 2025, Table 20-1: Lujiazui Finance and Trade Zone",https://www.pudong.gov.cn/assets/xls/tjj/2025/%E7%AC%AC%E4%BA%8C%E5%8D%81%E7%AF%87%20%E9%87%8D%E7%82%B9%E5%BC%80%E5%8F%91%E5%8C%BA%E5%92%8C%E8%A1%97%E9%95%87.pdf,2023 and 2024,whole Lujiazui Finance and Trade Zone,"228 office buildings, 16.0 million m2 office floor area, 81.9% occupancy in 2023",public government HTML/PDF,official publication; citation permitted; no implied license for unpublished microdata,YES for published aggregates,NO,"Strong aggregate office-stock validation, but the finance-and-trade-zone scope is broader than Lujiazui Street and contains no exact-reach subarea split.",AVAILABLE AS AGGREGATE VALIDATION ONLY,True
310115005000,浦东新区,陆家嘴街道,3,baidu-huiyan-work-population,Baidu Maps Huiyan,Population geography big-data API: work-population grid/custom-area analysis,https://huiyan.baidu.com/products/popgeoapiservice,contract-defined; request a stable 2023 historical reference period,grid and arbitrary polygon/custom area; exact cell size disclosed only in contract,"work population, service population, visitation, and commuting proxy",commercial inquiry; API/DaaS or licensed offline extract,commercial contract; assume no raw redistribution unless expressly licensed,"CONDITIONAL: freeze request polygons, dates, parameters, returned cells, and provider metadata under contract",YES if grid cells or exact custom-polygon totals are licensed,"Strongest workplace-specific discriminator for 陆家嘴街道. Official office stock and occupancy strongly validate the employment-center signal, but 97.28% of the support is already inside so numerator leverage is limited. It is not the legal-entity census universe and must only inform within-control shares.","COMMERCIAL; PRICE, RETENTION, HISTORICAL COVERAGE, AND REDISTRIBUTION REQUIRE A QUOTE",True
310115005000,浦东新区,陆家嘴街道,4,shanghai-metro-entry-exit,Shanghai Municipal Transportation Commission via Shanghai Public Data Open Platform,Citywide metro station entry and exit passenger volume,https://data.sh.gov.cn/,daily or real-time; request representative 2023 weekdays if retained,station point by day or real-time interval,passenger entries/exits; not employment and not necessarily AM-peak alightings,public-data portal download/API; registration or conditional-use application may apply,Shanghai public-data terms; cite provider; conditional datasets require a data-use agreement,CONDITIONAL on dataset access and historical retention,NO: station catchments cross control/reach boundaries and trips are multi-purpose,"Independent validation signal for workplace-center timing in 陆家嘴街道, never an employment count. No public official AM-peak alighting table was located in this audit.",OFFICIAL STATION FLOW DATASET EXISTS; REQUIRED AM-PEAK/HISTORICAL DETAIL NOT CONFIRMED,True
310115005000,浦东新区,陆家嘴街道,5,official-registry-establishments,Shanghai Administration for Market Regulation / GSXT,Shanghai enterprise registration machine-readable basic archives,https://fw.scjgj.sh.gov.cn/achieve_outer/apply/notice,registry address/status current at acquisition,establishment registered-address point after geocoding,"enterprise name, registered address, status, registration metadata, and business scope",official record-by-record identity-verified lookup through Shanghai's one-stop government portal,public inspection right; no bulk-download or raw-redistribution license identified,NO at control scale without an official bulk extract; record-by-record lookup is auditable but impractical,"YES geometrically after geocoding, but registered address may not be the workplace","Potential establishment-location validation for 陆家嘴街道; no public bulk enumeration or employment weight, and registered-address bias remains.",OFFICIAL RECORD-BY-RECORD ONLY; NOT PRACTICAL AS A COMPLETE CONTROL DATASET,True
310115005000,浦东新区,陆家嘴街道,5,qichacha-insured-establishments,Qichacha Open Platform,"Enterprise risk-scan API with industry, address, branches, and insured count",https://openapi.qcc.com/dataApi/736,latest enterprise record and annual-report insured count available at acquisition,enterprise registered-address point after geocoding,"establishments, industry, branches, registered address, and reported insured count",commercial JSON API; enterprise-verified account and use-case approval,commercial contract; 6 RMB/query listed at audit date; assume no raw redistribution without written permission,"CONDITIONAL: freeze enterprise universe, API version, query date, raw responses, geocoder, and missingness/deduplication ledgers","YES geometrically after geocoding, but registered address and insured enrollment may differ from workplace","Potential employment-weighted point proxy for 陆家嘴街道; incomplete insured counts, headquarters/branch duplication, centralized social-insurance enrollment, and registered-address bias require normalization to the official control total.",COMMERCIAL; ENUMERATION AND PER-RECORD COST MAKE A TARGETED PILOT PREFERABLE TO CITYWIDE ACQUISITION,True
310115005000,浦东新区,陆家嘴街道,6,cmab-building-function-volume,Tsinghua University researchers / Figshare,"CMAB: Multi-Attribute Building Dataset of China, version 7",https://figshare.com/articles/dataset/CMAB-The_World_s_First_National-Scale_Multi-Attribute_Building_Dataset/27992417,dataset 2025; input imagery primarily 2022-2024,"individual building polygon with height, volume, and predicted function",office/industrial/commercial/public/residential building function and building volume,public Figshare download; subset Shanghai after freezing version/checksum,CC BY 4.0 with attribution,"YES; 15.81 GB national archive, versioned download",YES at building-polygon level,"Official office stock and occupancy strongly validate the employment-center signal, but 97.28% of the support is already inside so numerator leverage is limited. Building function is predicted and partly derived from map AOI/POI; it is an independent high-resolution morphology check, not a workplace count.",PUBLICLY AVAILABLE,True
310115005000,浦东新区,陆家嘴街道,6,existing-jrc-overture-baseline,European Commission JRC and Overture Maps Foundation,Existing JRC non-residential built volume and Overture Places inputs,https://developers.google.com/earth-engine/datasets/catalog/JRC_GHSL_P2023A_GHS_BUILT_V,JRC 2020; Overture release 2026-07-22.0,100 m built-volume grid and place points,non-residential built volume and categorized place confidence,already frozen in PR #16 source pipeline,existing source-manifest terms and attribution,YES from the existing pipeline manifest,YES through existing 100 m partial-cell and point geometry,Existing baseline for 陆家嘴街道; it cannot count as independent improvement because it already generates two of the compared allocation surfaces.,ALREADY USED; NOT NEW EVIDENCE,False
310115005000,浦东新区,陆家嘴街道,6,global-building-atlas,Technical University of Munich / GlobalBuildingAtlas,"GlobalBuildingAtlas building polygons, heights, and LoD1 models",https://source.coop/tge-labs/globalbuildingatlas-lod1,2025 release; source imagery varies,individual building polygon and height,"building footprint, height, and volume; no workplace function",public cloud-hosted Parquet/GeoJSON distribution,polygon component published as ODbL; verify component-specific terms before redistribution,YES with frozen partitions/version/checksum,YES at building-polygon level,Independent geometry/height cross-check for 陆家嘴街道; weaker than CMAB because it lacks building function and employment.,PUBLICLY AVAILABLE,True
