{"type":"FeatureCollection","metadata":{"display_only":true,"analytical_use_prohibited":true,"source_commit":"7b88f7fc8d81a52daebcd19ddc68df90bee4c6c5","source_grid_sha256":"433acd3ef11fc7570e0e06d5a0fa2da49fecedc1cf65a6b120b3087197ae6abb","source_grid_crs":"EPSG:32651","source_grid_metres":100,"aggregation_metres":400,"smoothing":"MapLibre heatmap kernel at render time","minimum_aggregated_jobs_exclusive":5.0,"analytical_priority_district_jobs":2336384.0,"displayed_priority_district_jobs_before_rounding":2334760.0,"retained_share_of_priority_district_grid":0.999304908782118,"feature_count":4989,"statistics_source":"reach-office-employment.json from unsmoothed 100 m exact-area intersections","disclosure":"Office-employment density is modelled from official 2023 employment controls and workplace/building evidence. Heatmap smoothing is for visualization only; reach statistics use the unsmoothed 100 m analytical grid."},"features":[{"type":"Feature","geometry":{"type":"Point","coordinates":[121.32531,31.290433]},"properties":{"j":157,"w":0.588814}},{"type":"Feature","geometry":{"type":"Point","coordinates":[121.329702,31.279664]},"properties":{"j":20,"w":0.354098}},{"type":"Feature","geometry":{"type":"Point","coordinates":[121.329638,31.283272]},"properties":{"j":194,"w":0.613285}},{"type":"Feature","geometry":{"type":"Point","coordinates":[121.329574,31.28688]},"properties":{"j":537,"w":0.73132}},{"type":"Feature","geometry":{"type":"Point","coordinates":[121.329447,31.294095]},"properties":{"j":33,"w":0.410139}},{"type":"Feature","geometry":{"type":"Point","coordinates":[121.335421,31.193136]},"properties":{"j":16,"w":0.329522}},{"type":"Feature","geometry":{"type":"Point","coordinates":[121.335358,31.196744]},"properties":{"j":33,"w":0.410139}},{"type":"Feature","geometry":{"type":"Point","coordinates":[121.334853,31.225605]},"properties":{"j":6,"w":0.226322}},{"type":"Feature","geometry":{"type":"Point","coordinates":[121.334599,31.240035]},"properties":{"j":165,"w":0.594559}},{"type":"Feature","geometry":{"type":"Point","coordinates":[121.333966,31.276111]},"properties":{"j":18,"w":0.342458}},{"type":"Feature","geometry":{"type":"Point","coordinates":[121.333902,31.279719]},"properties":{"j":315,"w":0.669432}},{"type":"Feature","geometry":{"type":"Point","coordinates":[121.333839,31.283327]},"properties":{"j":922,"w":0.794099}},{"type":"Feature","geometry":{"type":"Point","coordinates":[121.333775,31.286934]},"properties":{"j":601,"w":0.744393}},{"type":"Feature","geometry":{"type":"Point","coordinates":[121.333712,31.290542]},"properties":{"j":7,"w":0.241853}},{"type":"Feature","geometry":{"type":"Point","coordinates":[121.339807,31.182367]},"properties":{"j":218,"w":0.626785}},{"type":"Feature","geometry":{"type":"Point","coordinates":[121.339744,31.185975]},"properties":{"j":547,"w":0.733462}},{"type":"Feature","geometry":{"type":"Point","coordinates":[121.339681,31.189583]},"properties":{"j":192,"w":0.612086}},{"type":"Feature","geometry":{"type":"Point","coordinates":[121.339618,31.19319]},"properties":{"j":379,"w":0.690882}},{"type":"Feature","geometry":{"type":"Point","coordinates":[121.339555,31.196798]},"properties":{"j":711,"w":0.763912}},{"type":"Feature","geometry":{"type":"Point","coordinates":[121.339429,31.204013]},"properties":{"j":155,"w":0.587332}},{"type":"Feature","geometry":{"type":"Point","coordinates":[121.339303,31.211228]},"properties":{"j":216,"w":0.625718}},{"type":"Feature","geometry":{"type":"Point","coordinates":[121.339177,31.218444]},"properties":{"j":114,"w":0.551868}},{"type":"Feature","geometry":{"type":"Point","coordinates":[121.339114,31.222051]},"properties":{"j":126,"w":0.563412}},{"type":"Feature","geometry":{"type":"Point","coordinates":[121.339051,31.225659]},"properties":{"j":121,"w":0.55874}},{"type":"Feature","geometry":{"type":"Point","coordinates":[121.338988,31.229267]},"properties":{"j":85,"w":0.518071}},{"type":"Feature","geometry":{"type":"Point","coordinates":[121.338924,31.232874]},"properties":{"j":12,"w":0.298321}},{"type":"Feature","geometry":{"type":"Point","coordinates":[121.338798,31.24009]},"properties":{"j":472,"w":0.716344}},{"type":"Feature","geometry":{"type":"Point","coordinates":[121.338166,31.276166]},"properties":{"j":208,"w":0.621349}},{"type":"Feature","geometry":{"type":"Point","coordinates":[121.338103,31.279773]},"properties":{"j":354,"w":0.682967}},{"type":"Feature","geometry":{"type":"Point","coordinates":[121.338039,31.283381]},"properties":{"j":68,"w":0.492455}},{"type":"Feature","geometry":{"type":"Point","coordinates":[121.337976,31.286989]},"properties":{"j":422,"w":0.70335}},{"type":"Feature","geometry":{"type":"Point","coordinates":[121.337786,31.297811]},"properties":{"j":203,"w":0.618533}},{"type":"Feature","geometry":{"type":"Point","coordinates":[121.344003,31.182421]},"properties":{"j":419,"w":0.702522}},{"type":"Feature","geometry":{"type":"Point","coordinates":[121.343941,31.186029]},"properties":{"j":3246,"w":0.940397}},{"type":"Feature","geometry":{"type":"Point","coordinates":[121.343878,31.189637]},"properties":{"j":881,"w":0.788815}},{"type":"Feature","geometry":{"type":"Point","coordinates":[121.343815,31.193244]},"properties":{"j":1856,"w":0.875408}},{"type":"Feature","geometry":{"type":"Point","coordinates":[121.343752,31.196852]},"properties":{"j":1882,"w":0.877025}},{"type":"Feature","geometry":{"type":"Point","coordinates":[121.343689,31.20046]},"properties":{"j":297,"w":0.66261}},{"type":"Feature","geometry":{"type":"Point","coordinates":[121.343626,31.204067]},"properties":{"j":1829,"w":0.873704}},{"type":"Feature","geometry":{"type":"Point","coordinates":[121.343563,31.207675]},"properties":{"j":259,"w":0.646745}},{"type":"Feature","geometry":{"type":"Point","coordinates":[121.3435,31.211283]},"properties":{"j":111,"w":0.548793}},{"type":"Feature","geometry":{"type":"Point","coordinates":[121.343438,31.21489]},"properties":{"j":12,"w":0.298321}},{"type":"Feature","geometry":{"type":"Point","coordinates":[121.343375,31.218498]},"properties":{"j":199,"w":0.61623}},{"type":"Feature","geometry":{"type":"Point","coordinates":[121.343312,31.222106]},"properties":{"j":69,"w":0.494129}},{"type":"Feature","geometry":{"type":"Point","coordinates":[121.343249,31.225713]},"properties":{"j":6,"w":0.226322}},{"type":"Feature","geometry":{"type":"Point","coordinates":[121.343186,31.229321]},"properties":{"j":27,"w":0.387558}},{"type":"Feature","geometry":{"type":"Point","coordinates":[121.343123,31.232929]},"properties":{"j":725,"w":0.766176}},{"type":"Feature","geometry":{"type":"Point","coordinates":[121.34306,31.236536]},"properties":{"j":241,"w":0.6384}},{"type":"Feature","geometry":{"type":"Point","coordinates":[121.342934,31.243751]},"properties":{"j":27,"w":0.387558}},{"type":"Feature","geometry":{"type":"Point","coordinates":[121.342366,31.27622]},"properties":{"j":286,"w":0.658236}},{"type":"Feature","geometry":{"type":"Point","coordinates":[121.342303,31.279828]},"properties":{"j":292,"w":0.660642}},{"type":"Feature","geometry":{"type":"Point","coordinates":[121.34224,31.283435]},"properties":{"j":108,"w":0.545635}},{"type":"Feature","geometry":{"type":"Point","coordinates":[121.342114,31.290651]},"properties":{"j":7,"w":0.241853}},{"type":"Feature","geometry":{"type":"Point","coordinates":[121.342051,31.294258]},"properties":{"j":49,"w":0.454995}},{"type":"Feature","geometry":{"type":"Point","coordinates":[121.341988,31.297866]},"properties":{"j":153,"w":0.585832}},{"type":"Feature","geometry":{"type":"Point","coordinates":[121.348074,31.189691]},"properties":{"j":3660,"w":0.954354}},{"type":"Feature","geometry":{"type":"Point","coordinates":[121.348012,31.193298]},"properties":{"j":789,"w":0.776002}},{"type":"Feature","geometry":{"type":"Point","coordinates":[121.347949,31.196906]},"properties":{"j":862,"w":0.786282}},{"type":"Feature","geometry":{"type":"Point","coordinates":[121.347886,31.200514]},"properties":{"j":1111,"w":0.815766}},{"type":"Feature","geometry":{"type":"Point","coordinates":[121.347823,31.204121]},"properties":{"j":3812,"w":0.959085}},{"type":"Feature","geometry":{"type":"Point","coordinates":[121.347761,31.207729]},"properties":{"j":428,"w":0.704988}},{"type":"Feature","geometry":{"type":"Point","coordinates":[121.347572,31.218552]},"properties":{"j":129,"w":0.566127}},{"type":"Feature","geometry":{"type":"Point","coordinates":[121.34751,31.22216]},"properties":{"j":3036,"w":0.93262}},{"type":"Feature","geometry":{"type":"Point","coordinates":[121.347447,31.225767]},"properties":{"j":1529,"w":0.85288}},{"type":"Feature","geometry":{"type":"Point","coordinates":[121.347384,31.229375]},"properties":{"j":1174,"w":0.822175}},{"type":"Feature","geometry":{"type":"Point","coordinates":[121.347321,31.232983]},"properties":{"j":2373,"w":0.903975}},{"type":"Feature","geometry":{"type":"Point","coordinates":[121.347258,31.23659]},"properties":{"j":1367,"w":0.839863}},{"type":"Feature","geometry":{"type":"Point","coordinates":[121.347196,31.240198]},"properties":{"j":8,"w":0.255552}},{"type":"Feature","geometry":{"type":"Point","coordinates":[121.346567,31.276274]},"properties":{"j":20,"w":0.354098}},{"type":"Feature","geometry":{"type":"Point","coordinates":[121.346504,31.279882]},"properties":{"j":23,"w":0.369629}},{"type":"Feature","geometry":{"type":"Point","coordinates":[121.346441,31.283489]},"properties":{"j":63,"w":0.483706}},{"type":"Feature","geometry":{"type":"Point","coordinates":[121.346315,31.290705]},"properties":{"j":70,"w":0.495778}},{"type":"Feature","geometry":{"type":"Point","coordinates":[121.346189,31.29792]},"properties":{"j":491,"w":0.720925}},{"type":"Feature","geometry":{"type":"Point","coordinates":[121.346126,31.301528]},"properties":{"j":586,"w":0.741458}},{"type":"Feature","geometry":{"type":"Point","coordinates":[121.352333,31.186137]},"properties":{"j":87,"w":0.520744}},{"type":"Feature","geometry":{"type":"Point","coordinates":[121.352271,31.189744]},"properties":{"j":663,"w":0.755794}},{"type":"Feature","geometry":{"type":"Point","coordinates":[121.352208,31.193352]},"properties":{"j":39,"w":0.429042}},{"type":"Feature","geometry":{"type":"Point","coordinates":[121.352083,31.200567]},"properties":{"j":17,"w":0.33617}},{"type":"Feature","geometry":{"type":"Point","coordinates":[121.352021,31.204175]},"properties":{"j":28,"w":0.391639}},{"type":"Feature","geometry":{"type":"Point","coordinates":[121.351958,31.207783]},"properties":{"j":23,"w":0.369629}},{"type":"Feature","geometry":{"type":"Point","coordinates":[121.351895,31.21139]},"properties":{"j":13,"w":0.30694}},{"type":"Feature","geometry":{"type":"Point","coordinates":[121.351833,31.214998]},"properties":{"j":317,"w":0.670165}},{"type":"Feature","geometry":{"type":"Point","coordinates":[121.35177,31.218606]},"properties":{"j":253,"w":0.644029}},{"type":"Feature","geometry":{"type":"Point","coordinates":[121.351708,31.222213]},"properties":{"j":1745,"w":0.868239}},{"type":"Feature","geometry":{"type":"Point","coordinates":[121.351645,31.225821]},"properties":{"j":1023,"w":0.806177}},{"type":"Feature","geometry":{"type":"Point","coordinates":[121.351582,31.229429]},"properties":{"j":2783,"w":0.922504}},{"type":"Feature","geometry":{"type":"Point","coordinates":[121.35152,31.233036]},"properties":{"j":2235,"w":0.897009}},{"type":"Feature","geometry":{"type":"Point","coordinates":[121.351457,31.236644]},"properties":{"j":39,"w":0.429042}},{"type":"Feature","geometry":{"type":"Point","coordinates":[121.351394,31.240252]},"properties":{"j":33,"w":0.410139}},{"type":"Feature","geometry":{"type":"Point","coordinates":[121.350642,31.283543]},"properties":{"j":9,"w":0.267806}},{"type":"Feature","geometry":{"type":"Point","coordinates":[121.350579,31.287151]},"properties":{"j":121,"w":0.55874}},{"type":"Feature","geometry":{"type":"Point","coordinates":[121.350516,31.290759]},"properties":{"j":23,"w":0.369629}},{"type":"Feature","geometry":{"type":"Point","coordinates":[121.35039,31.297974]},"properties":{"j":12,"w":0.298321}},{"type":"Feature","geometry":{"type":"Point","coordinates":[121.350327,31.301582]},"properties":{"j":73,"w":0.500592}},{"type":"Feature","geometry":{"type":"Point","coordinates":[121.356467,31.189798]},"properties":{"j":62,"w":0.481874}},{"type":"Feature","geometry":{"type":"Point","coordinates":[121.356405,31.193406]},"properties":{"j":90,"w":0.524643}},{"type":"Feature","geometry":{"type":"Point","coordinates":[121.356218,31.204229]},"properties":{"j":13,"w":0.30694}},{"type":"Feature","geometry":{"type":"Point","coordinates":[121.356093,31.211444]},"properties":{"j":56,"w":0.470234}},{"type":"Feature","geometry":{"type":"Point","coordinates":[121.356031,31.215052]},"properties":{"j":12,"w":0.298321}},{"type":"Feature","geometry":{"type":"Point","coordinates":[121.355968,31.21866]},"properties":{"j":760,"w":0.771653}},{"type":"Feature","geometry":{"type":"Point","coordinates":[121.355906,31.222267]},"properties":{"j":3062,"w":0.933612}},{"type":"Feature","geometry":{"type":"Point","coordinates":[121.355843,31.225875]},"properties":{"j":1110,"w":0.815661}},{"type":"Feature","geometry":{"type":"Point","coordinates":[121.355781,31.229483]},"properties":{"j":1064,"w":0.810743}},{"type":"Feature","geometry":{"type":"Point","coordinates":[121.355718,31.23309]},"properties":{"j":3435,"w":0.946977}},{"type":"Feature","geometry":{"type":"Point","coordinates":[121.355593,31.240306]},"properties":{"j":80,"w":0.511104}},{"type":"Feature","geometry":{"type":"Point","coordinates":[121.354968,31.276382]},"properties":{"j":24,"w":0.374377}},{"type":"Feature","geometry":{"type":"Point","coordinates":[121.354905,31.27999]},"properties":{"j":11,"w":0.289011}},{"type":"Feature","geometry":{"type":"Point","coordinates":[121.354842,31.283597]},"properties":{"j":18,"w":0.342458}},{"type":"Feature","geometry":{"type":"Point","coordinates":[121.360664,31.189852]},"properties":{"j":16,"w":0.329522}},{"type":"Feature","geometry":{"type":"Point","coordinates":[121.360477,31.200675]},"properties":{"j":7,"w":0.241853}},{"type":"Feature","geometry":{"type":"Point","coordinates":[121.360415,31.204282]},"properties":{"j":160,"w":0.591002}},{"type":"Feature","geometry":{"type":"Point","coordinates":[121.360353,31.20789]},"properties":{"j":592,"w":0.742641}},{"type":"Feature","geometry":{"type":"Point","coordinates":[121.360291,31.211498]},"properties":{"j":56,"w":0.470234}},{"type":"Feature","geometry":{"type":"Point","coordinates":[121.360166,31.218713]},"properties":{"j":24,"w":0.374377}},{"type":"Feature","geometry":{"type":"Point","coordinates":[121.360104,31.222321]},"properties":{"j":168,"w":0.596642}},{"type":"Feature","geometry":{"type":"Point","coordinates":[121.360041,31.225928]},"properties":{"j":1195,"w":0.824235}},{"type":"Feature","geometry":{"type":"Point","coordinates":[121.359979,31.229536]},"properties":{"j":107,"w":0.544563}},{"type":"Feature","geometry":{"type":"Point","coordinates":[121.359917,31.233144]},"properties":{"j":1010,"w":0.804691}},{"type":"Feature","geometry":{"type":"Point","coordinates":[121.359792,31.240359]},"properties":{"j":8,"w":0.255552}},{"type":"Feature","geometry":{"type":"Point","coordinates":[121.359418,31.262005]},"properties":{"j":77,"w":0.506715}},{"type":"Feature","geometry":{"type":"Point","coordinates":[121.35923,31.272828]},"properties":{"j":166,"w":0.595257}},{"type":"Feature","geometry":{"type":"Point","coordinates":[121.359168,31.276436]},"properties":{"j":116,"w":0.553873}},{"type":"Feature","geometry":{"type":"Point","coordinates":[121.359105,31.280043]},"properties":{"j":402,"w":0.697717}},{"type":"Feature","geometry":{"type":"Point","coordinates":[121.359043,31.283651]},"properties":{"j":232,"w":0.633992}},{"type":"Feature","geometry":{"type":"Point","coordinates":[121.358918,31.290866]},"properties":{"j":13,"w":0.30694}},{"type":"Feature","geometry":{"type":"Point","coordinates":[121.358855,31.294474]},"properties":{"j":11,"w":0.289011}},{"type":"Feature","geometry":{"type":"Point","coordinates":[121.364861,31.189905]},"properties":{"j":138,"w":0.573913}},{"type":"Feature","geometry":{"type":"Point","coordinates":[121.364798,31.193513]},"properties":{"j":54,"w":0.46608}},{"type":"Feature","geometry":{"type":"Point","coordinates":[121.364612,31.204336]},"properties":{"j":6,"w":0.226322}},{"type":"Feature","geometry":{"type":"Point","coordinates":[121.36455,31.207944]},"properties":{"j":163,"w":0.593149}},{"type":"Feature","geometry":{"type":"Point","coordinates":[121.364488,31.211551]},"properties":{"j":798,"w":0.77732}},{"type":"Feature","geometry":{"type":"Point","coordinates":[121.364426,31.215159]},"properties":{"j":39,"w":0.429042}},{"type":"Feature","geometry":{"type":"Point","coordinates":[121.364302,31.222374]},"properties":{"j":17,"w":0.33617}},{"type":"Feature","geometry":{"type":"Point","coordinates":[121.36424,31.225982]},"properties":{"j":39,"w":0.429042}},{"type":"Feature","geometry":{"type":"Point","coordinates":[121.364115,31.233197]},"properties":{"j":213,"w":0.624099}},{"type":"Feature","geometry":{"type":"Point","coordinates":[121.364053,31.236805]},"properties":{"j":189,"w":0.610264}},{"type":"Feature","geometry":{"type":"Point","coordinates":[121.363991,31.240413]},"properties":{"j":36,"w":0.419974}},{"type":"Feature","geometry":{"type":"Point","coordinates":[121.363555,31.265666]},"properties":{"j":80,"w":0.511104}},{"type":"Feature","geometry":{"type":"Point","coordinates":[121.363431,31.272882]},"properties":{"j":320,"w":0.671257}},{"type":"Feature","geometry":{"type":"Point","coordinates":[121.363368,31.276489]},"properties":{"j":8,"w":0.255552}},{"type":"Feature","geometry":{"type":"Point","coordinates":[121.363306,31.280097]},"properties":{"j":455,"w":0.712087}},{"type":"Feature","geometry":{"type":"Point","coordinates":[121.363244,31.283705]},"properties":{"j":337,"w":0.677259}},{"type":"Feature","geometry":{"type":"Point","coordinates":[121.363181,31.287312]},"properties":{"j":186,"w":0.608413}},{"type":"Feature","geometry":{"type":"Point","coordinates":[121.363119,31.29092]},"properties":{"j":54,"w":0.46608}},{"type":"Feature","geometry":{"type":"Point","coordinates":[121.369057,31.189958]},"properties":{"j":247,"w":0.641249}},{"type":"Feature","geometry":{"type":"Point","coordinates":[121.368995,31.193566]},"properties":{"j":146,"w":0.580421}},{"type":"Feature","geometry":{"type":"Point","coordinates":[121.368933,31.197174]},"properties":{"j":46,"w":0.447798}},{"type":"Feature","geometry":{"type":"Point","coordinates":[121.36881,31.204389]},"properties":{"j":44,"w":0.44274}},{"type":"Feature","geometry":{"type":"Point","coordinates":[121.368748,31.207997]},"properties":{"j":67,"w":0.490757}},{"type":"Feature","geometry":{"type":"Point","coordinates":[121.368686,31.211605]},"properties":{"j":142,"w":0.577212}},{"type":"Feature","geometry":{"type":"Point","coordinates":[121.368624,31.215212]},"properties":{"j":3412,"w":0.946196}},{"type":"Feature","geometry":{"type":"Point","coordinates":[121.368562,31.21882]},"properties":{"j":122,"w":0.559689}},{"type":"Feature","geometry":{"type":"Point","coordinates":[121.3685,31.222428]},"properties":{"j":6,"w":0.226322}},{"type":"Feature","geometry":{"type":"Point","coordinates":[121.368438,31.226035]},"properties":{"j":85,"w":0.518071}},{"type":"Feature","geometry":{"type":"Point","coordinates":[121.368314,31.233251]},"properties":{"j":552,"w":0.734519}},{"type":"Feature","geometry":{"type":"Point","coordinates":[121.368252,31.236858]},"properties":{"j":841,"w":0.783417}},{"type":"Feature","geometry":{"type":"Point","coordinates":[121.368128,31.244074]},"properties":{"j":7,"w":0.241853}},{"type":"Feature","geometry":{"type":"Point","coordinates":[121.367879,31.258504]},"properties":{"j":19,"w":0.348424}},{"type":"Feature","geometry":{"type":"Point","coordinates":[121.367817,31.262112]},"properties":{"j":285,"w":0.65783}},{"type":"Feature","geometry":{"type":"Point","coordinates":[121.367755,31.26572]},"properties":{"j":170,"w":0.59801}},{"type":"Feature","geometry":{"type":"Point","coordinates":[121.367693,31.269327]},"properties":{"j":8,"w":0.255552}},{"type":"Feature","geometry":{"type":"Point","coordinates":[121.367631,31.272935]},"properties":{"j":227,"w":0.631469}},{"type":"Feature","geometry":{"type":"Point","coordinates":[121.367569,31.276543]},"properties":{"j":179,"w":0.603976}},{"type":"Feature","geometry":{"type":"Point","coordinates":[121.367507,31.28015]},"properties":{"j":211,"w":0.623007}},{"type":"Feature","geometry":{"type":"Point","coordinates":[121.367444,31.283758]},"properties":{"j":101,"w":0.537915}},{"type":"Feature","geometry":{"type":"Point","coordinates":[121.367382,31.287366]},"properties":{"j":9,"w":0.267806}},{"type":"Feature","geometry":{"type":"Point","coordinates":[121.36732,31.290973]},"properties":{"j":53,"w":0.463946}},{"type":"Feature","geometry":{"type":"Point","coordinates":[121.373254,31.190011]},"properties":{"j":113,"w":0.550852}},{"type":"Feature","geometry":{"type":"Point","coordinates":[121.373192,31.193619]},"properties":{"j":42,"w":0.437453}},{"type":"Feature","geometry":{"type":"Point","coordinates":[121.37313,31.197227]},"properties":{"j":117,"w":0.554863}},{"type":"Feature","geometry":{"type":"Point","coordinates":[121.373069,31.200835]},"properties":{"j":80,"w":0.511104}},{"type":"Feature","geometry":{"type":"Point","coordinates":[121.373007,31.204442]},"properties":{"j":35,"w":0.416787}},{"type":"Feature","geometry":{"type":"Point","coordinates":[121.372945,31.20805]},"properties":{"j":115,"w":0.552875}},{"type":"Feature","geometry":{"type":"Point","coordinates":[121.372883,31.211658]},"properties":{"j":946,"w":0.797085}},{"type":"Feature","geometry":{"type":"Point","coordinates":[121.372821,31.215265]},"properties":{"j":372,"w":0.688719}},{"type":"Feature","geometry":{"type":"Point","coordinates":[121.37276,31.218873]},"properties":{"j":243,"w":0.639358}},{"type":"Feature","geometry":{"type":"Point","coordinates":[121.372698,31.222481]},"properties":{"j":11,"w":0.289011}},{"type":"Feature","geometry":{"type":"Point","coordinates":[121.372636,31.226089]},"properties":{"j":24,"w":0.374377}},{"type":"Feature","geometry":{"type":"Point","coordinates":[121.372512,31.233304]},"properties":{"j":4168,"w":0.969467}},{"type":"Feature","geometry":{"type":"Point","coordinates":[121.37245,31.236912]},"properties":{"j":504,"w":0.723958}},{"type":"Feature","geometry":{"type":"Point","coordinates":[121.372389,31.240519]},"properties":{"j":85,"w":0.518071}},{"type":"Feature","geometry":{"type":"Point","coordinates":[121.372265,31.247735]},"properties":{"j":46,"w":0.447798}},{"type":"Feature","geometry":{"type":"Point","coordinates":[121.372079,31.258558]},"properties":{"j":35,"w":0.416787}},{"type":"Feature","geometry":{"type":"Point","coordinates":[121.372017,31.262165]},"properties":{"j":14,"w":0.314964}},{"type":"Feature","geometry":{"type":"Point","coordinates":[121.371893,31.269381]},"properties":{"j":8,"w":0.255552}},{"type":"Feature","geometry":{"type":"Point","coordinates":[121.371831,31.272988]},"properties":{"j":299,"w":0.663388}},{"type":"Feature","geometry":{"type":"Point","coordinates":[121.371769,31.276596]},"properties":{"j":244,"w":0.639833}},{"type":"Feature","geometry":{"type":"Point","coordinates":[121.371707,31.280204]},"properties":{"j":95,"w":0.530864}},{"type":"Feature","geometry":{"type":"Point","coordinates":[121.371645,31.283811]},"properties":{"j":183,"w":0.606532}},{"type":"Feature","geometry":{"type":"Point","coordinates":[121.371583,31.287419]},"properties":{"j":27,"w":0.387558}},{"type":"Feature","geometry":{"type":"Point","coordinates":[121.371521,31.291027]},"properties":{"j":174,"w":0.600699}},{"type":"Feature","geometry":{"type":"Point","coordinates":[121.377389,31.193672]},"properties":{"j":237,"w":0.636462}},{"type":"Feature","geometry":{"type":"Point","coordinates":[121.377327,31.19728]},"properties":{"j":136,"w":0.572227}},{"type":"Feature","geometry":{"type":"Point","coordinates":[121.377142,31.208103]},"properties":{"j":12,"w":0.298321}},{"type":"Feature","geometry":{"type":"Point","coordinates":[121.377081,31.211711]},"properties":{"j":658,"w":0.754915}},{"type":"Feature","geometry":{"type":"Point","coordinates":[121.377019,31.215318]},"properties":{"j":233,"w":0.634491}},{"type":"Feature","geometry":{"type":"Point","coordinates":[121.376958,31.218926]},"properties":{"j":275,"w":0.65369}},{"type":"Feature","geometry":{"type":"Point","coordinates":[121.376896,31.222534]},"properties":{"j":51,"w":0.459556}},{"type":"Feature","geometry":{"type":"Point","coordinates":[121.376834,31.226142]},"properties":{"j":204,"w":0.619102}},{"type":"Feature","geometry":{"type":"Point","coordinates":[121.376711,31.233357]},"properties":{"j":2012,"w":0.88479}},{"type":"Feature","geometry":{"type":"Point","coordinates":[121.376649,31.236965]},"properties":{"j":824,"w":0.781044}},{"type":"Feature","geometry":{"type":"Point","coordinates":[121.376526,31.24418]},"properties":{"j":1206,"w":0.8253}},{"type":"Feature","geometry":{"type":"Point","coordinates":[121.376464,31.247788]},"properties":{"j":1684,"w":0.864103}},{"type":"Feature","geometry":{"type":"Point","coordinates":[121.376093,31.269434]},"properties":{"j":55,"w":0.468176}},{"type":"Feature","geometry":{"type":"Point","coordinates":[121.376031,31.273042]},"properties":{"j":145,"w":0.579627}},{"type":"Feature","geometry":{"type":"Point","coordinates":[121.375908,31.280257]},"properties":{"j":292,"w":0.660642}},{"type":"Feature","geometry":{"type":"Point","coordinates":[121.375846,31.283865]},"properties":{"j":167,"w":0.595952}},{"type":"Feature","geometry":{"type":"Point","coordinates":[121.375784,31.287472]},"properties":{"j":78,"w":0.508196}},{"type":"Feature","geometry":{"type":"Point","coordinates":[121.375722,31.29108]},"properties":{"j":119,"w":0.556818}},{"type":"Feature","geometry":{"type":"Point","coordinates":[121.37566,31.294688]},"properties":{"j":27,"w":0.387558}},{"type":"Feature","geometry":{"type":"Point","coordinates":[121.381586,31.193725]},"properties":{"j":87,"w":0.520744}},{"type":"Feature","geometry":{"type":"Point","coordinates":[121.381463,31.20094]},"properties":{"j":6,"w":0.226322}},{"type":"Feature","geometry":{"type":"Point","coordinates":[121.381401,31.204548]},"properties":{"j":359,"w":0.684594}},{"type":"Feature","geometry":{"type":"Point","coordinates":[121.38134,31.208156]},"properties":{"j":150,"w":0.583543}},{"type":"Feature","geometry":{"type":"Point","coordinates":[121.381278,31.211764]},"properties":{"j":73,"w":0.500592}},{"type":"Feature","geometry":{"type":"Point","coordinates":[121.381217,31.215371]},"properties":{"j":1366,"w":0.839778}},{"type":"Feature","geometry":{"type":"Point","coordinates":[121.381155,31.218979]},"properties":{"j":21,"w":0.359509}},{"type":"Feature","geometry":{"type":"Point","coordinates":[121.381094,31.222587]},"properties":{"j":272,"w":0.652419}},{"type":"Feature","geometry":{"type":"Point","coordinates":[121.381032,31.226195]},"properties":{"j":124,"w":0.561565}},{"type":"Feature","geometry":{"type":"Point","coordinates":[121.380971,31.229802]},"properties":{"j":178,"w":0.603328}},{"type":"Feature","geometry":{"type":"Point","coordinates":[121.380909,31.23341]},"properties":{"j":46,"w":0.447798}},{"type":"Feature","geometry":{"type":"Point","coordinates":[121.380848,31.237018]},"properties":{"j":49,"w":0.454995}},{"type":"Feature","geometry":{"type":"Point","coordinates":[121.380786,31.240625]},"properties":{"j":2614,"w":0.91522}},{"type":"Feature","geometry":{"type":"Point","coordinates":[121.380725,31.244233]},"properties":{"j":2369,"w":0.903778}},{"type":"Feature","geometry":{"type":"Point","coordinates":[121.380663,31.247841]},"properties":{"j":4961,"w":0.98972}},{"type":"Feature","geometry":{"type":"Point","coordinates":[121.380602,31.251448]},"properties":{"j":29,"w":0.395582}},{"type":"Feature","geometry":{"type":"Point","coordinates":[121.38054,31.255056]},"properties":{"j":16,"w":0.329522}},{"type":"Feature","geometry":{"type":"Point","coordinates":[121.380478,31.258664]},"properties":{"j":32,"w":0.406667}},{"type":"Feature","geometry":{"type":"Point","coordinates":[121.380355,31.265879]},"properties":{"j":11,"w":0.289011}},{"type":"Feature","geometry":{"type":"Point","coordinates":[121.380293,31.269487]},"properties":{"j":194,"w":0.613285}},{"type":"Feature","geometry":{"type":"Point","coordinates":[121.380232,31.273095]},"properties":{"j":187,"w":0.609033}},{"type":"Feature","geometry":{"type":"Point","coordinates":[121.38017,31.276702]},"properties":{"j":56,"w":0.470234}},{"type":"Feature","geometry":{"type":"Point","coordinates":[121.380108,31.28031]},"properties":{"j":45,"w":0.445297}},{"type":"Feature","geometry":{"type":"Point","coordinates":[121.380047,31.283918]},"properties":{"j":44,"w":0.44274}},{"type":"Feature","geometry":{"type":"Point","coordinates":[121.379985,31.287525]},"properties":{"j":8,"w":0.255552}},{"type":"Feature","geometry":{"type":"Point","coordinates":[121.379923,31.291133]},"properties":{"j":166,"w":0.595257}},{"type":"Feature","geometry":{"type":"Point","coordinates":[121.379862,31.294741]},"properties":{"j":201,"w":0.617387}},{"type":"Feature","geometry":{"type":"Point","coordinates":[121.38615,31.172131]},"properties":{"j":10,"w":0.278891}},{"type":"Feature","geometry":{"type":"Point","coordinates":[121.38566,31.200993]},"properties":{"j":20,"w":0.354098}},{"type":"Feature","geometry":{"type":"Point","coordinates":[121.385599,31.204601]},"properties":{"j":363,"w":0.685879}},{"type":"Feature","geometry":{"type":"Point","coordinates":[121.385537,31.208209]},"properties":{"j":56,"w":0.470234}},{"type":"Feature","geometry":{"type":"Point","coordinates":[121.385476,31.211816]},"properties":{"j":24,"w":0.374377}},{"type":"Feature","geometry":{"type":"Point","coordinates":[121.385415,31.215424]},"properties":{"j":1158,"w":0.82058}},{"type":"Feature","geometry":{"type":"Point","coordinates":[121.385353,31.219032]},"properties":{"j":6,"w":0.226322}},{"type":"Feature","geometry":{"type":"Point","coordinates":[121.385292,31.22264]},"properties":{"j":373,"w":0.689031}},{"type":"Feature","geometry":{"type":"Point","coordinates":[121.385231,31.226247]},"properties":{"j":7,"w":0.241853}},{"type":"Feature","geometry":{"type":"Point","coordinates":[121.385169,31.229855]},"properties":{"j":357,"w":0.683946}},{"type":"Feature","geometry":{"type":"Point","coordinates":[121.385108,31.233463]},"properties":{"j":305,"w":0.665691}},{"type":"Feature","geometry":{"type":"Point","coordinates":[121.385047,31.23707]},"properties":{"j":894,"w":0.790516}},{"type":"Feature","geometry":{"type":"Point","coordinates":[121.384985,31.240678]},"properties":{"j":60,"w":0.478122}},{"type":"Feature","geometry":{"type":"Point","coordinates":[121.384924,31.244286]},"properties":{"j":60,"w":0.478122}},{"type":"Feature","geometry":{"type":"Point","coordinates":[121.384862,31.247894]},"properties":{"j":22,"w":0.364679}},{"type":"Feature","geometry":{"type":"Point","coordinates":[121.384801,31.251501]},"properties":{"j":17,"w":0.33617}},{"type":"Feature","geometry":{"type":"Point","coordinates":[121.384739,31.255109]},"properties":{"j":80,"w":0.511104}},{"type":"Feature","geometry":{"type":"Point","coordinates":[121.384678,31.258717]},"properties":{"j":41,"w":0.434716}},{"type":"Feature","geometry":{"type":"Point","coordinates":[121.384555,31.265932]},"properties":{"j":11,"w":0.289011}},{"type":"Feature","geometry":{"type":"Point","coordinates":[121.384494,31.26954]},"properties":{"j":456,"w":0.712342}},{"type":"Feature","geometry":{"type":"Point","coordinates":[121.384432,31.273148]},"properties":{"j":1470,"w":0.848306}},{"type":"Feature","geometry":{"type":"Point","coordinates":[121.384371,31.276755]},"properties":{"j":38,"w":0.426097}},{"type":"Feature","geometry":{"type":"Point","coordinates":[121.384248,31.283971]},"properties":{"j":104,"w":0.541287}},{"type":"Feature","geometry":{"type":"Point","coordinates":[121.384186,31.287578]},"properties":{"j":242,"w":0.63888}},{"type":"Feature","geometry":{"type":"Point","coordinates":[121.384124,31.291186]},"properties":{"j":30,"w":0.399396}},{"type":"Feature","geometry":{"type":"Point","coordinates":[121.384063,31.294794]},"properties":{"j":27,"w":0.387558}},{"type":"Feature","geometry":{"type":"Point","coordinates":[121.39059,31.157753]},"properties":{"j":13,"w":0.30694}},{"type":"Feature","geometry":{"type":"Point","coordinates":[121.390529,31.16136]},"properties":{"j":1077,"w":0.812154}},{"type":"Feature","geometry":{"type":"Point","coordinates":[121.390468,31.164968]},"properties":{"j":3833,"w":0.959724}},{"type":"Feature","geometry":{"type":"Point","coordinates":[121.390407,31.168576]},"properties":{"j":6645,"w":1.0}},{"type":"Feature","geometry":{"type":"Point","coordinates":[121.390346,31.172184]},"properties":{"j":3534,"w":0.950281}},{"type":"Feature","geometry":{"type":"Point","coordinates":[121.390285,31.175792]},"properties":{"j":2115,"w":0.890594}},{"type":"Feature","geometry":{"type":"Point","coordinates":[121.390224,31.179399]},"properties":{"j":173,"w":0.600033}},{"type":"Feature","geometry":{"type":"Point","coordinates":[121.389979,31.19383]},"properties":{"j":24,"w":0.374377}},{"type":"Feature","geometry":{"type":"Point","coordinates":[121.389918,31.197438]},"properties":{"j":1376,"w":0.840626}},{"type":"Feature","geometry":{"type":"Point","coordinates":[121.389857,31.201046]},"properties":{"j":438,"w":0.707668}},{"type":"Feature","geometry":{"type":"Point","coordinates":[121.389735,31.208261]},"properties":{"j":21,"w":0.359509}},{"type":"Feature","geometry":{"type":"Point","coordinates":[121.389674,31.211869]},"properties":{"j":143,"w":0.578023}},{"type":"Feature","geometry":{"type":"Point","coordinates":[121.389612,31.215477]},"properties":{"j":1484,"w":0.849408}},{"type":"Feature","geometry":{"type":"Point","coordinates":[121.38949,31.222692]},"properties":{"j":2346,"w":0.902644}},{"type":"Feature","geometry":{"type":"Point","coordinates":[121.389429,31.2263]},"properties":{"j":1268,"w":0.831126}},{"type":"Feature","geometry":{"type":"Point","coordinates":[121.389368,31.229908]},"properties":{"j":823,"w":0.780903}},{"type":"Feature","geometry":{"type":"Point","coordinates":[121.389306,31.233515]},"properties":{"j":1205,"w":0.825204}},{"type":"Feature","geometry":{"type":"Point","coordinates":[121.389245,31.237123]},"properties":{"j":408,"w":0.699436}},{"type":"Feature","geometry":{"type":"Point","coordinates":[121.389184,31.240731]},"properties":{"j":8,"w":0.255552}},{"type":"Feature","geometry":{"type":"Point","coordinates":[121.389123,31.244339]},"properties":{"j":813,"w":0.779483}},{"type":"Feature","geometry":{"type":"Point","coordinates":[121.389062,31.247946]},"properties":{"j":169,"w":0.597328}},{"type":"Feature","geometry":{"type":"Point","coordinates":[121.389,31.251554]},"properties":{"j":920,"w":0.793847}},{"type":"Feature","geometry":{"type":"Point","coordinates":[121.388939,31.255162]},"properties":{"j":729,"w":0.766815}},{"type":"Feature","geometry":{"type":"Point","coordinates":[121.388878,31.258769]},"properties":{"j":188,"w":0.60965}},{"type":"Feature","geometry":{"type":"Point","coordinates":[121.388816,31.262377]},"properties":{"j":791,"w":0.776296}},{"type":"Feature","geometry":{"type":"Point","coordinates":[121.388694,31.269593]},"properties":{"j":464,"w":0.71436}},{"type":"Feature","geometry":{"type":"Point","coordinates":[121.388632,31.2732]},"properties":{"j":2461,"w":0.908208}},{"type":"Feature","geometry":{"type":"Point","coordinates":[121.388571,31.276808]},"properties":{"j":1261,"w":0.830483}},{"type":"Feature","geometry":{"type":"Point","coordinates":[121.38851,31.280416]},"properties":{"j":18,"w":0.342458}},{"type":"Feature","geometry":{"type":"Point","coordinates":[121.388448,31.284023]},"properties":{"j":248,"w":0.641717}},{"type":"Feature","geometry":{"type":"Point","coordinates":[121.388387,31.287631]},"properties":{"j":74,"w":0.502153}},{"type":"Feature","geometry":{"type":"Point","coordinates":[121.388326,31.291239]},"properties":{"j":101,"w":0.537915}},{"type":"Feature","geometry":{"type":"Point","coordinates":[121.394846,31.154197]},"properties":{"j":11,"w":0.289011}},{"type":"Feature","geometry":{"type":"Point","coordinates":[121.394785,31.157805]},"properties":{"j":139,"w":0.574746}},{"type":"Feature","geometry":{"type":"Point","coordinates":[121.394724,31.161413]},"properties":{"j":465,"w":0.71461}},{"type":"Feature","geometry":{"type":"Point","coordinates":[121.394663,31.165021]},"properties":{"j":5699,"w":1.0}},{"type":"Feature","geometry":{"type":"Point","coordinates":[121.394602,31.168628]},"properties":{"j":6077,"w":1.0}},{"type":"Feature","geometry":{"type":"Point","coordinates":[121.394541,31.172236]},"properties":{"j":3196,"w":0.938592}},{"type":"Feature","geometry":{"type":"Point","coordinates":[121.394481,31.175844]},"properties":{"j":4886,"w":0.987948}},{"type":"Feature","geometry":{"type":"Point","coordinates":[121.39442,31.179452]},"properties":{"j":2840,"w":0.924861}},{"type":"Feature","geometry":{"type":"Point","coordinates":[121.394176,31.193883]},"properties":{"j":17,"w":0.33617}},{"type":"Feature","geometry":{"type":"Point","coordinates":[121.394115,31.19749]},"properties":{"j":301,"w":0.664161}},{"type":"Feature","geometry":{"type":"Point","coordinates":[121.394054,31.201098]},"properties":{"j":812,"w":0.77934}},{"type":"Feature","geometry":{"type":"Point","coordinates":[121.393993,31.204706]},"properties":{"j":1176,"w":0.822373}},{"type":"Feature","geometry":{"type":"Point","coordinates":[121.393932,31.208314]},"properties":{"j":576,"w":0.73946}},{"type":"Feature","geometry":{"type":"Point","coordinates":[121.393871,31.211922]},"properties":{"j":124,"w":0.561565}},{"type":"Feature","geometry":{"type":"Point","coordinates":[121.39381,31.215529]},"properties":{"j":65,"w":0.487285}},{"type":"Feature","geometry":{"type":"Point","coordinates":[121.393688,31.222745]},"properties":{"j":67,"w":0.490757}},{"type":"Feature","geometry":{"type":"Point","coordinates":[121.393627,31.226352]},"properties":{"j":14,"w":0.314964}},{"type":"Feature","geometry":{"type":"Point","coordinates":[121.393566,31.22996]},"properties":{"j":10,"w":0.278891}},{"type":"Feature","geometry":{"type":"Point","coordinates":[121.393505,31.233568]},"properties":{"j":97,"w":0.533263}},{"type":"Feature","geometry":{"type":"Point","coordinates":[121.393444,31.237176]},"properties":{"j":445,"w":0.709508}},{"type":"Feature","geometry":{"type":"Point","coordinates":[121.393383,31.240783]},"properties":{"j":36,"w":0.419974}},{"type":"Feature","geometry":{"type":"Point","coordinates":[121.393322,31.244391]},"properties":{"j":559,"w":0.735982}},{"type":"Feature","geometry":{"type":"Point","coordinates":[121.393261,31.247999]},"properties":{"j":253,"w":0.644029}},{"type":"Feature","geometry":{"type":"Point","coordinates":[121.3932,31.251607]},"properties":{"j":517,"w":0.726914}},{"type":"Feature","geometry":{"type":"Point","coordinates":[121.393139,31.255214]},"properties":{"j":389,"w":0.693903}},{"type":"Feature","geometry":{"type":"Point","coordinates":[121.393077,31.258822]},"properties":{"j":86,"w":0.519415}},{"type":"Feature","geometry":{"type":"Point","coordinates":[121.393016,31.26243]},"properties":{"j":366,"w":0.686833}},{"type":"Feature","geometry":{"type":"Point","coordinates":[121.392955,31.266037]},"properties":{"j":54,"w":0.46608}},{"type":"Feature","geometry":{"type":"Point","coordinates":[121.392894,31.269645]},"properties":{"j":773,"w":0.773623}},{"type":"Feature","geometry":{"type":"Point","coordinates":[121.392833,31.273253]},"properties":{"j":74,"w":0.502153}},{"type":"Feature","geometry":{"type":"Point","coordinates":[121.39271,31.280468]},"properties":{"j":275,"w":0.65369}},{"type":"Feature","geometry":{"type":"Point","coordinates":[121.392527,31.291291]},"properties":{"j":20,"w":0.354098}},{"type":"Feature","geometry":{"type":"Point","coordinates":[121.398859,31.165073]},"properties":{"j":1299,"w":0.833933}},{"type":"Feature","geometry":{"type":"Point","coordinates":[121.398798,31.168681]},"properties":{"j":5221,"w":0.99566}},{"type":"Feature","geometry":{"type":"Point","coordinates":[121.398737,31.172288]},"properties":{"j":8943,"w":1.0}},{"type":"Feature","geometry":{"type":"Point","coordinates":[121.398677,31.175896]},"properties":{"j":5700,"w":1.0}},{"type":"Feature","geometry":{"type":"Point","coordinates":[121.398616,31.179504]},"properties":{"j":5259,"w":0.996503}},{"type":"Feature","geometry":{"type":"Point","coordinates":[121.398373,31.193935]},"properties":{"j":293,"w":0.661039}},{"type":"Feature","geometry":{"type":"Point","coordinates":[121.398312,31.197543]},"properties":{"j":265,"w":0.649398}},{"type":"Feature","geometry":{"type":"Point","coordinates":[121.398251,31.201151]},"properties":{"j":550,"w":0.734097}},{"type":"Feature","geometry":{"type":"Point","coordinates":[121.398191,31.204758]},"properties":{"j":4672,"w":0.98274}},{"type":"Feature","geometry":{"type":"Point","coordinates":[121.39813,31.208366]},"properties":{"j":3446,"w":0.947349}},{"type":"Feature","geometry":{"type":"Point","coordinates":[121.398069,31.211974]},"properties":{"j":5993,"w":1.0}},{"type":"Feature","geometry":{"type":"Point","coordinates":[121.398008,31.215582]},"properties":{"j":420,"w":0.702799}},{"type":"Feature","geometry":{"type":"Point","coordinates":[121.397886,31.222797]},"properties":{"j":737,"w":0.768083}},{"type":"Feature","geometry":{"type":"Point","coordinates":[121.397825,31.226405]},"properties":{"j":1059,"w":0.810196}},{"type":"Feature","geometry":{"type":"Point","coordinates":[121.397765,31.230013]},"properties":{"j":1302,"w":0.834201}},{"type":"Feature","geometry":{"type":"Point","coordinates":[121.397704,31.23362]},"properties":{"j":183,"w":0.606532}},{"type":"Feature","geometry":{"type":"Point","coordinates":[121.397643,31.237228]},"properties":{"j":394,"w":0.695385}},{"type":"Feature","geometry":{"type":"Point","coordinates":[121.397582,31.240836]},"properties":{"j":514,"w":0.726239}},{"type":"Feature","geometry":{"type":"Point","coordinates":[121.397521,31.244444]},"properties":{"j":171,"w":0.598688}},{"type":"Feature","geometry":{"type":"Point","coordinates":[121.39746,31.248051]},"properties":{"j":100,"w":0.53677}},{"type":"Feature","geometry":{"type":"Point","coordinates":[121.397399,31.251659]},"properties":{"j":230,"w":0.63299}},{"type":"Feature","geometry":{"type":"Point","coordinates":[121.397338,31.255267]},"properties":{"j":422,"w":0.70335}},{"type":"Feature","geometry":{"type":"Point","coordinates":[121.397277,31.258875]},"properties":{"j":654,"w":0.754207}},{"type":"Feature","geometry":{"type":"Point","coordinates":[121.397216,31.262482]},"properties":{"j":291,"w":0.660245}},{"type":"Feature","geometry":{"type":"Point","coordinates":[121.397155,31.26609]},"properties":{"j":172,"w":0.599363}},{"type":"Feature","geometry":{"type":"Point","coordinates":[121.396789,31.287736]},"properties":{"j":75,"w":0.503693}},{"type":"Feature","geometry":{"type":"Point","coordinates":[121.403296,31.150694]},"properties":{"j":1366,"w":0.839778}},{"type":"Feature","geometry":{"type":"Point","coordinates":[121.403054,31.165125]},"properties":{"j":923,"w":0.794225}},{"type":"Feature","geometry":{"type":"Point","coordinates":[121.402994,31.168733]},"properties":{"j":4368,"w":0.974917}},{"type":"Feature","geometry":{"type":"Point","coordinates":[121.402933,31.172341]},"properties":{"j":3370,"w":0.944755}},{"type":"Feature","geometry":{"type":"Point","coordinates":[121.402873,31.175948]},"properties":{"j":909,"w":0.792449}},{"type":"Feature","geometry":{"type":"Point","coordinates":[121.402812,31.179556]},"properties":{"j":260,"w":0.647191}},{"type":"Feature","geometry":{"type":"Point","coordinates":[121.40257,31.193987]},"properties":{"j":924,"w":0.794351}},{"type":"Feature","geometry":{"type":"Point","coordinates":[121.402509,31.197595]},"properties":{"j":2071,"w":0.88815}},{"type":"Feature","geometry":{"type":"Point","coordinates":[121.402448,31.201203]},"properties":{"j":880,"w":0.788683}},{"type":"Feature","geometry":{"type":"Point","coordinates":[121.402388,31.204811]},"properties":{"j":1777,"w":0.870352}},{"type":"Feature","geometry":{"type":"Point","coordinates":[121.402327,31.208418]},"properties":{"j":3033,"w":0.932505}},{"type":"Feature","geometry":{"type":"Point","coordinates":[121.402267,31.212026]},"properties":{"j":1781,"w":0.870613}},{"type":"Feature","geometry":{"type":"Point","coordinates":[121.402206,31.215634]},"properties":{"j":904,"w":0.791809}},{"type":"Feature","geometry":{"type":"Point","coordinates":[121.402145,31.219242]},"properties":{"j":1470,"w":0.848306}},{"type":"Feature","geometry":{"type":"Point","coordinates":[121.402084,31.222849]},"properties":{"j":487,"w":0.719975}},{"type":"Feature","geometry":{"type":"Point","coordinates":[121.402024,31.226457]},"properties":{"j":1589,"w":0.857354}},{"type":"Feature","geometry":{"type":"Point","coordinates":[121.401963,31.230065]},"properties":{"j":2285,"w":0.899581}},{"type":"Feature","geometry":{"type":"Point","coordinates":[121.401902,31.233673]},"properties":{"j":1048,"w":0.808982}},{"type":"Feature","geometry":{"type":"Point","coordinates":[121.401842,31.23728]},"properties":{"j":81,"w":0.512531}},{"type":"Feature","geometry":{"type":"Point","coordinates":[121.401781,31.240888]},"properties":{"j":31,"w":0.403088}},{"type":"Feature","geometry":{"type":"Point","coordinates":[121.40172,31.244496]},"properties":{"j":19,"w":0.348424}},{"type":"Feature","geometry":{"type":"Point","coordinates":[121.401659,31.248104]},"properties":{"j":20,"w":0.354098}},{"type":"Feature","geometry":{"type":"Point","coordinates":[121.401598,31.251711]},"properties":{"j":318,"w":0.670531}},{"type":"Feature","geometry":{"type":"Point","coordinates":[121.401538,31.255319]},"properties":{"j":338,"w":0.677603}},{"type":"Feature","geometry":{"type":"Point","coordinates":[121.401477,31.258927]},"properties":{"j":406,"w":0.698865}},{"type":"Feature","geometry":{"type":"Point","coordinates":[121.401416,31.262535]},"properties":{"j":250,"w":0.642647}},{"type":"Feature","geometry":{"type":"Point","coordinates":[121.401355,31.266142]},"properties":{"j":50,"w":0.457298}},{"type":"Feature","geometry":{"type":"Point","coordinates":[121.401294,31.26975]},"properties":{"j":14,"w":0.314964}},{"type":"Feature","geometry":{"type":"Point","coordinates":[121.407612,31.14353]},"properties":{"j":113,"w":0.550852}},{"type":"Feature","geometry":{"type":"Point","coordinates":[121.407491,31.150746]},"properties":{"j":64,"w":0.485509}},{"type":"Feature","geometry":{"type":"Point","coordinates":[121.407431,31.154354]},"properties":{"j":253,"w":0.644029}},{"type":"Feature","geometry":{"type":"Point","coordinates":[121.40731,31.161569]},"properties":{"j":36,"w":0.419974}},{"type":"Feature","geometry":{"type":"Point","coordinates":[121.40725,31.165177]},"properties":{"j":15,"w":0.322471}},{"type":"Feature","geometry":{"type":"Point","coordinates":[121.40719,31.168785]},"properties":{"j":513,"w":0.726013}},{"type":"Feature","geometry":{"type":"Point","coordinates":[121.407129,31.172393]},"properties":{"j":1188,"w":0.823553}},{"type":"Feature","geometry":{"type":"Point","coordinates":[121.407069,31.176]},"properties":{"j":653,"w":0.754029}},{"type":"Feature","geometry":{"type":"Point","coordinates":[121.407008,31.179608]},"properties":{"j":101,"w":0.537915}},{"type":"Feature","geometry":{"type":"Point","coordinates":[121.406948,31.183216]},"properties":{"j":429,"w":0.705259}},{"type":"Feature","geometry":{"type":"Point","coordinates":[121.406827,31.190431]},"properties":{"j":17,"w":0.33617}},{"type":"Feature","geometry":{"type":"Point","coordinates":[121.406767,31.194039]},"properties":{"j":13,"w":0.30694}},{"type":"Feature","geometry":{"type":"Point","coordinates":[121.406706,31.197647]},"properties":{"j":62,"w":0.481874}},{"type":"Feature","geometry":{"type":"Point","coordinates":[121.406646,31.201255]},"properties":{"j":491,"w":0.720925}},{"type":"Feature","geometry":{"type":"Point","coordinates":[121.406585,31.204863]},"properties":{"j":1039,"w":0.80798}},{"type":"Feature","geometry":{"type":"Point","coordinates":[121.406525,31.20847]},"properties":{"j":705,"w":0.762927}},{"type":"Feature","geometry":{"type":"Point","coordinates":[121.406464,31.212078]},"properties":{"j":420,"w":0.702799}},{"type":"Feature","geometry":{"type":"Point","coordinates":[121.406404,31.215686]},"properties":{"j":186,"w":0.608413}},{"type":"Feature","geometry":{"type":"Point","coordinates":[121.406343,31.219294]},"properties":{"j":2325,"w":0.901599}},{"type":"Feature","geometry":{"type":"Point","coordinates":[121.406283,31.222901]},"properties":{"j":25,"w":0.378939}},{"type":"Feature","geometry":{"type":"Point","coordinates":[121.406222,31.226509]},"properties":{"j":173,"w":0.600033}},{"type":"Feature","geometry":{"type":"Point","coordinates":[121.406161,31.230117]},"properties":{"j":899,"w":0.791164}},{"type":"Feature","geometry":{"type":"Point","coordinates":[121.406101,31.233725]},"properties":{"j":2326,"w":0.901649}},{"type":"Feature","geometry":{"type":"Point","coordinates":[121.40604,31.237332]},"properties":{"j":415,"w":0.701409}},{"type":"Feature","geometry":{"type":"Point","coordinates":[121.40598,31.24094]},"properties":{"j":473,"w":0.71659}},{"type":"Feature","geometry":{"type":"Point","coordinates":[121.405919,31.244548]},"properties":{"j":163,"w":0.593149}},{"type":"Feature","geometry":{"type":"Point","coordinates":[121.405858,31.248156]},"properties":{"j":659,"w":0.755091}},{"type":"Feature","geometry":{"type":"Point","coordinates":[121.405798,31.251764]},"properties":{"j":772,"w":0.773472}},{"type":"Feature","geometry":{"type":"Point","coordinates":[121.405737,31.255371]},"properties":{"j":246,"w":0.640779}},{"type":"Feature","geometry":{"type":"Point","coordinates":[121.405677,31.258979]},"properties":{"j":262,"w":0.648079}},{"type":"Feature","geometry":{"type":"Point","coordinates":[121.405616,31.262587]},"properties":{"j":210,"w":0.622457}},{"type":"Feature","geometry":{"type":"Point","coordinates":[121.405555,31.266194]},"properties":{"j":166,"w":0.595257}},{"type":"Feature","geometry":{"type":"Point","coordinates":[121.405495,31.269802]},"properties":{"j":197,"w":0.615061}},{"type":"Feature","geometry":{"type":"Point","coordinates":[121.405434,31.27341]},"properties":{"j":760,"w":0.771653}},{"type":"Feature","geometry":{"type":"Point","coordinates":[121.411927,31.136366]},"properties":{"j":236,"w":0.635972}},{"type":"Feature","geometry":{"type":"Point","coordinates":[121.411867,31.139974]},"properties":{"j":27,"w":0.387558}},{"type":"Feature","geometry":{"type":"Point","coordinates":[121.411807,31.143582]},"properties":{"j":51,"w":0.459556}},{"type":"Feature","geometry":{"type":"Point","coordinates":[121.411686,31.150798]},"properties":{"j":1081,"w":0.812585}},{"type":"Feature","geometry":{"type":"Point","coordinates":[121.411626,31.154405]},"properties":{"j":137,"w":0.573073}},{"type":"Feature","geometry":{"type":"Point","coordinates":[121.411506,31.161621]},"properties":{"j":16,"w":0.329522}},{"type":"Feature","geometry":{"type":"Point","coordinates":[121.411446,31.165229]},"properties":{"j":26,"w":0.383328}},{"type":"Feature","geometry":{"type":"Point","coordinates":[121.411385,31.168837]},"properties":{"j":38,"w":0.426097}},{"type":"Feature","geometry":{"type":"Point","coordinates":[121.411325,31.172444]},"properties":{"j":1873,"w":0.876468}},{"type":"Feature","geometry":{"type":"Point","coordinates":[121.411265,31.176052]},"properties":{"j":3855,"w":0.96039}},{"type":"Feature","geometry":{"type":"Point","coordinates":[121.411205,31.17966]},"properties":{"j":2712,"w":0.919499}},{"type":"Feature","geometry":{"type":"Point","coordinates":[121.411144,31.183268]},"properties":{"j":127,"w":0.564324}},{"type":"Feature","geometry":{"type":"Point","coordinates":[121.411084,31.186876]},"properties":{"j":33,"w":0.410139}},{"type":"Feature","geometry":{"type":"Point","coordinates":[121.411024,31.190483]},"properties":{"j":508,"w":0.724876}},{"type":"Feature","geometry":{"type":"Point","coordinates":[121.410903,31.197699]},"properties":{"j":264,"w":0.64896}},{"type":"Feature","geometry":{"type":"Point","coordinates":[121.410843,31.201307]},"properties":{"j":1454,"w":0.847034}},{"type":"Feature","geometry":{"type":"Point","coordinates":[121.410783,31.204915]},"properties":{"j":1379,"w":0.840879}},{"type":"Feature","geometry":{"type":"Point","coordinates":[121.410722,31.208522]},"properties":{"j":884,"w":0.78921}},{"type":"Feature","geometry":{"type":"Point","coordinates":[121.410662,31.21213]},"properties":{"j":401,"w":0.697428}},{"type":"Feature","geometry":{"type":"Point","coordinates":[121.410601,31.215738]},"properties":{"j":304,"w":0.665311}},{"type":"Feature","geometry":{"type":"Point","coordinates":[121.410541,31.219346]},"properties":{"j":2381,"w":0.904366}},{"type":"Feature","geometry":{"type":"Point","coordinates":[121.410481,31.222953]},"properties":{"j":212,"w":0.623554}},{"type":"Feature","geometry":{"type":"Point","coordinates":[121.41042,31.226561]},"properties":{"j":14,"w":0.314964}},{"type":"Feature","geometry":{"type":"Point","coordinates":[121.41036,31.230169]},"properties":{"j":34,"w":0.413511}},{"type":"Feature","geometry":{"type":"Point","coordinates":[121.410299,31.233777]},"properties":{"j":638,"w":0.75133}},{"type":"Feature","geometry":{"type":"Point","coordinates":[121.410239,31.237384]},"properties":{"j":2017,"w":0.885078}},{"type":"Feature","geometry":{"type":"Point","coordinates":[121.410179,31.240992]},"properties":{"j":935,"w":0.795726}},{"type":"Feature","geometry":{"type":"Point","coordinates":[121.410118,31.2446]},"properties":{"j":2373,"w":0.903975}},{"type":"Feature","geometry":{"type":"Point","coordinates":[121.410058,31.248208]},"properties":{"j":41,"w":0.434716}},{"type":"Feature","geometry":{"type":"Point","coordinates":[121.409997,31.251816]},"properties":{"j":157,"w":0.588814}},{"type":"Feature","geometry":{"type":"Point","coordinates":[121.409937,31.255423]},"properties":{"j":93,"w":0.528416}},{"type":"Feature","geometry":{"type":"Point","coordinates":[121.409876,31.259031]},"properties":{"j":2085,"w":0.888933}},{"type":"Feature","geometry":{"type":"Point","coordinates":[121.409816,31.262639]},"properties":{"j":335,"w":0.676569}},{"type":"Feature","geometry":{"type":"Point","coordinates":[121.409755,31.266247]},"properties":{"j":135,"w":0.571375}},{"type":"Feature","geometry":{"type":"Point","coordinates":[121.409695,31.269854]},"properties":{"j":3223,"w":0.93957}},{"type":"Feature","geometry":{"type":"Point","coordinates":[121.409634,31.273462]},"properties":{"j":191,"w":0.611482}},{"type":"Feature","geometry":{"type":"Point","coordinates":[121.416181,31.13281]},"properties":{"j":35,"w":0.416787}},{"type":"Feature","geometry":{"type":"Point","coordinates":[121.416061,31.140026]},"properties":{"j":103,"w":0.540174}},{"type":"Feature","geometry":{"type":"Point","coordinates":[121.416001,31.143634]},"properties":{"j":118,"w":0.555844}},{"type":"Feature","geometry":{"type":"Point","coordinates":[121.415941,31.147241]},"properties":{"j":61,"w":0.480014}},{"type":"Feature","geometry":{"type":"Point","coordinates":[121.415821,31.154457]},"properties":{"j":48,"w":0.452645}},{"type":"Feature","geometry":{"type":"Point","coordinates":[121.415761,31.158065]},"properties":{"j":21,"w":0.359509}},{"type":"Feature","geometry":{"type":"Point","coordinates":[121.415701,31.161673]},"properties":{"j":6,"w":0.226322}},{"type":"Feature","geometry":{"type":"Point","coordinates":[121.415641,31.165281]},"properties":{"j":71,"w":0.497405}},{"type":"Feature","geometry":{"type":"Point","coordinates":[121.415581,31.168888]},"properties":{"j":19,"w":0.348424}},{"type":"Feature","geometry":{"type":"Point","coordinates":[121.415521,31.172496]},"properties":{"j":56,"w":0.470234}},{"type":"Feature","geometry":{"type":"Point","coordinates":[121.415461,31.176104]},"properties":{"j":1007,"w":0.804345}},{"type":"Feature","geometry":{"type":"Point","coordinates":[121.415401,31.179712]},"properties":{"j":2160,"w":0.893041}},{"type":"Feature","geometry":{"type":"Point","coordinates":[121.415341,31.18332]},"properties":{"j":743,"w":0.769025}},{"type":"Feature","geometry":{"type":"Point","coordinates":[121.415281,31.186927]},"properties":{"j":778,"w":0.774372}},{"type":"Feature","geometry":{"type":"Point","coordinates":[121.41522,31.190535]},"properties":{"j":499,"w":0.722801}},{"type":"Feature","geometry":{"type":"Point","coordinates":[121.4151,31.197751]},"properties":{"j":482,"w":0.718778}},{"type":"Feature","geometry":{"type":"Point","coordinates":[121.41504,31.201359]},"properties":{"j":1174,"w":0.822175}},{"type":"Feature","geometry":{"type":"Point","coordinates":[121.41498,31.204966]},"properties":{"j":472,"w":0.716344}},{"type":"Feature","geometry":{"type":"Point","coordinates":[121.41492,31.208574]},"properties":{"j":430,"w":0.705529}},{"type":"Feature","geometry":{"type":"Point","coordinates":[121.41486,31.212182]},"properties":{"j":328,"w":0.674121}},{"type":"Feature","geometry":{"type":"Point","coordinates":[121.414799,31.21579]},"properties":{"j":1668,"w":0.862994}},{"type":"Feature","geometry":{"type":"Point","coordinates":[121.414739,31.219397]},"properties":{"j":899,"w":0.791164}},{"type":"Feature","geometry":{"type":"Point","coordinates":[121.414679,31.223005]},"properties":{"j":47,"w":0.450247}},{"type":"Feature","geometry":{"type":"Point","coordinates":[121.414619,31.226613]},"properties":{"j":37,"w":0.423076}},{"type":"Feature","geometry":{"type":"Point","coordinates":[121.414558,31.230221]},"properties":{"j":12,"w":0.298321}},{"type":"Feature","geometry":{"type":"Point","coordinates":[121.414498,31.233829]},"properties":{"j":11,"w":0.289011}},{"type":"Feature","geometry":{"type":"Point","coordinates":[121.414438,31.237436]},"properties":{"j":35,"w":0.416787}},{"type":"Feature","geometry":{"type":"Point","coordinates":[121.414378,31.241044]},"properties":{"j":1695,"w":0.86486}},{"type":"Feature","geometry":{"type":"Point","coordinates":[121.414317,31.244652]},"properties":{"j":88,"w":0.522059}},{"type":"Feature","geometry":{"type":"Point","coordinates":[121.414257,31.24826]},"properties":{"j":24,"w":0.374377}},{"type":"Feature","geometry":{"type":"Point","coordinates":[121.414197,31.251867]},"properties":{"j":20,"w":0.354098}},{"type":"Feature","geometry":{"type":"Point","coordinates":[121.414136,31.255475]},"properties":{"j":538,"w":0.731536}},{"type":"Feature","geometry":{"type":"Point","coordinates":[121.414076,31.259083]},"properties":{"j":368,"w":0.687465}},{"type":"Feature","geometry":{"type":"Point","coordinates":[121.414016,31.262691]},"properties":{"j":17,"w":0.33617}},{"type":"Feature","geometry":{"type":"Point","coordinates":[121.413955,31.266298]},"properties":{"j":1104,"w":0.815031}},{"type":"Feature","geometry":{"type":"Point","coordinates":[121.413533,31.291553]},"properties":{"j":7,"w":0.241853}},{"type":"Feature","geometry":{"type":"Point","coordinates":[121.413412,31.298768]},"properties":{"j":7,"w":0.241853}},{"type":"Feature","geometry":{"type":"Point","coordinates":[121.420375,31.132862]},"properties":{"j":13,"w":0.30694}},{"type":"Feature","geometry":{"type":"Point","coordinates":[121.420316,31.136469]},"properties":{"j":710,"w":0.763748}},{"type":"Feature","geometry":{"type":"Point","coordinates":[121.420256,31.140077]},"properties":{"j":139,"w":0.574746}},{"type":"Feature","geometry":{"type":"Point","coordinates":[121.420196,31.143685]},"properties":{"j":1269,"w":0.831218}},{"type":"Feature","geometry":{"type":"Point","coordinates":[121.420136,31.147293]},"properties":{"j":709,"w":0.763585}},{"type":"Feature","geometry":{"type":"Point","coordinates":[121.420076,31.150901]},"properties":{"j":8,"w":0.255552}},{"type":"Feature","geometry":{"type":"Point","coordinates":[121.420016,31.154509]},"properties":{"j":213,"w":0.624099}},{"type":"Feature","geometry":{"type":"Point","coordinates":[121.419957,31.158116]},"properties":{"j":302,"w":0.664546}},{"type":"Feature","geometry":{"type":"Point","coordinates":[121.419897,31.161724]},"properties":{"j":116,"w":0.553873}},{"type":"Feature","geometry":{"type":"Point","coordinates":[121.419837,31.165332]},"properties":{"j":1059,"w":0.810196}},{"type":"Feature","geometry":{"type":"Point","coordinates":[121.419777,31.16894]},"properties":{"j":233,"w":0.634491}},{"type":"Feature","geometry":{"type":"Point","coordinates":[121.419717,31.172548]},"properties":{"j":92,"w":0.527172}},{"type":"Feature","geometry":{"type":"Point","coordinates":[121.419657,31.176156]},"properties":{"j":449,"w":0.710547}},{"type":"Feature","geometry":{"type":"Point","coordinates":[121.419597,31.179763]},"properties":{"j":2157,"w":0.892879}},{"type":"Feature","geometry":{"type":"Point","coordinates":[121.419537,31.183371]},"properties":{"j":661,"w":0.755443}},{"type":"Feature","geometry":{"type":"Point","coordinates":[121.419477,31.186979]},"properties":{"j":1232,"w":0.827779}},{"type":"Feature","geometry":{"type":"Point","coordinates":[121.419417,31.190587]},"properties":{"j":82,"w":0.513941}},{"type":"Feature","geometry":{"type":"Point","coordinates":[121.419357,31.194195]},"properties":{"j":34,"w":0.413511}},{"type":"Feature","geometry":{"type":"Point","coordinates":[121.419297,31.197802]},"properties":{"j":2530,"w":0.911423}},{"type":"Feature","geometry":{"type":"Point","coordinates":[121.419237,31.20141]},"properties":{"j":102,"w":0.53905}},{"type":"Feature","geometry":{"type":"Point","coordinates":[121.419177,31.205018]},"properties":{"j":38,"w":0.426097}},{"type":"Feature","geometry":{"type":"Point","coordinates":[121.419117,31.208626]},"properties":{"j":143,"w":0.578023}},{"type":"Feature","geometry":{"type":"Point","coordinates":[121.419057,31.212234]},"properties":{"j":110,"w":0.54775}},{"type":"Feature","geometry":{"type":"Point","coordinates":[121.418997,31.215841]},"properties":{"j":53,"w":0.463946}},{"type":"Feature","geometry":{"type":"Point","coordinates":[121.418937,31.219449]},"properties":{"j":2223,"w":0.896383}},{"type":"Feature","geometry":{"type":"Point","coordinates":[121.418877,31.223057]},"properties":{"j":3008,"w":0.931543}},{"type":"Feature","geometry":{"type":"Point","coordinates":[121.418757,31.230273]},"properties":{"j":1257,"w":0.830114}},{"type":"Feature","geometry":{"type":"Point","coordinates":[121.418697,31.23388]},"properties":{"j":1797,"w":0.871653}},{"type":"Feature","geometry":{"type":"Point","coordinates":[121.418637,31.237488]},"properties":{"j":349,"w":0.681317}},{"type":"Feature","geometry":{"type":"Point","coordinates":[121.418577,31.241096]},"properties":{"j":77,"w":0.506715}},{"type":"Feature","geometry":{"type":"Point","coordinates":[121.418336,31.255527]},"properties":{"j":9,"w":0.267806}},{"type":"Feature","geometry":{"type":"Point","coordinates":[121.418276,31.259135]},"properties":{"j":73,"w":0.500592}},{"type":"Feature","geometry":{"type":"Point","coordinates":[121.418155,31.26635]},"properties":{"j":1106,"w":0.815241}},{"type":"Feature","geometry":{"type":"Point","coordinates":[121.418095,31.269958]},"properties":{"j":13,"w":0.30694}},{"type":"Feature","geometry":{"type":"Point","coordinates":[121.417915,31.280781]},"properties":{"j":20,"w":0.354098}},{"type":"Feature","geometry":{"type":"Point","coordinates":[121.417854,31.284389]},"properties":{"j":28,"w":0.391639}},{"type":"Feature","geometry":{"type":"Point","coordinates":[121.417794,31.287997]},"properties":{"j":788,"w":0.775855}},{"type":"Feature","geometry":{"type":"Point","coordinates":[121.417734,31.291604]},"properties":{"j":267,"w":0.650269}},{"type":"Feature","geometry":{"type":"Point","coordinates":[121.417673,31.295212]},"properties":{"j":1013,"w":0.805035}},{"type":"Feature","geometry":{"type":"Point","coordinates":[121.417613,31.29882]},"properties":{"j":16,"w":0.329522}},{"type":"Feature","geometry":{"type":"Point","coordinates":[121.42457,31.132913]},"properties":{"j":28,"w":0.391639}},{"type":"Feature","geometry":{"type":"Point","coordinates":[121.42451,31.136521]},"properties":{"j":103,"w":0.540174}},{"type":"Feature","geometry":{"type":"Point","coordinates":[121.42445,31.140129]},"properties":{"j":98,"w":0.534443}},{"type":"Feature","geometry":{"type":"Point","coordinates":[121.424391,31.143737]},"properties":{"j":288,"w":0.659044}},{"type":"Feature","geometry":{"type":"Point","coordinates":[121.424331,31.147344]},"properties":{"j":531,"w":0.730016}},{"type":"Feature","geometry":{"type":"Point","coordinates":[121.424271,31.150952]},"properties":{"j":53,"w":0.463946}},{"type":"Feature","geometry":{"type":"Point","coordinates":[121.424212,31.15456]},"properties":{"j":6457,"w":1.0}},{"type":"Feature","geometry":{"type":"Point","coordinates":[121.424152,31.158168]},"properties":{"j":89,"w":0.523358}},{"type":"Feature","geometry":{"type":"Point","coordinates":[121.424092,31.161776]},"properties":{"j":122,"w":0.559689}},{"type":"Feature","geometry":{"type":"Point","coordinates":[121.424032,31.165384]},"properties":{"j":17,"w":0.33617}},{"type":"Feature","geometry":{"type":"Point","coordinates":[121.423973,31.168991]},"properties":{"j":2905,"w":0.927492}},{"type":"Feature","geometry":{"type":"Point","coordinates":[121.423913,31.172599]},"properties":{"j":1068,"w":0.811179}},{"type":"Feature","geometry":{"type":"Point","coordinates":[121.423853,31.176207]},"properties":{"j":921,"w":0.793973}},{"type":"Feature","geometry":{"type":"Point","coordinates":[121.423793,31.179815]},"properties":{"j":1653,"w":0.861944}},{"type":"Feature","geometry":{"type":"Point","coordinates":[121.423734,31.183423]},"properties":{"j":594,"w":0.743033}},{"type":"Feature","geometry":{"type":"Point","coordinates":[121.423674,31.18703]},"properties":{"j":2494,"w":0.909756}},{"type":"Feature","geometry":{"type":"Point","coordinates":[121.423614,31.190638]},"properties":{"j":168,"w":0.596642}},{"type":"Feature","geometry":{"type":"Point","coordinates":[121.423554,31.194246]},"properties":{"j":1227,"w":0.827306}},{"type":"Feature","geometry":{"type":"Point","coordinates":[121.423494,31.197854]},"properties":{"j":288,"w":0.659044}},{"type":"Feature","geometry":{"type":"Point","coordinates":[121.423434,31.201462]},"properties":{"j":90,"w":0.524643}},{"type":"Feature","geometry":{"type":"Point","coordinates":[121.423375,31.20507]},"properties":{"j":71,"w":0.497405}},{"type":"Feature","geometry":{"type":"Point","coordinates":[121.423315,31.208677]},"properties":{"j":4685,"w":0.983063}},{"type":"Feature","geometry":{"type":"Point","coordinates":[121.423255,31.212285]},"properties":{"j":3607,"w":0.952658}},{"type":"Feature","geometry":{"type":"Point","coordinates":[121.423195,31.215893]},"properties":{"j":1180,"w":0.822767}},{"type":"Feature","geometry":{"type":"Point","coordinates":[121.423135,31.219501]},"properties":{"j":511,"w":0.725559}},{"type":"Feature","geometry":{"type":"Point","coordinates":[121.423075,31.223108]},"properties":{"j":369,"w":0.68778}},{"type":"Feature","geometry":{"type":"Point","coordinates":[121.423015,31.226716]},"properties":{"j":366,"w":0.686833}},{"type":"Feature","geometry":{"type":"Point","coordinates":[121.422955,31.230324]},"properties":{"j":10499,"w":1.0}},{"type":"Feature","geometry":{"type":"Point","coordinates":[121.422895,31.233932]},"properties":{"j":805,"w":0.778334}},{"type":"Feature","geometry":{"type":"Point","coordinates":[121.422835,31.23754]},"properties":{"j":79,"w":0.509659}},{"type":"Feature","geometry":{"type":"Point","coordinates":[121.422716,31.244755]},"properties":{"j":42,"w":0.437453}},{"type":"Feature","geometry":{"type":"Point","coordinates":[121.422656,31.248363]},"properties":{"j":181,"w":0.605261}},{"type":"Feature","geometry":{"type":"Point","coordinates":[121.422596,31.251971]},"properties":{"j":48,"w":0.452645}},{"type":"Feature","geometry":{"type":"Point","coordinates":[121.422536,31.255579]},"properties":{"j":634,"w":0.7506}},{"type":"Feature","geometry":{"type":"Point","coordinates":[121.422476,31.259186]},"properties":{"j":96,"w":0.53207}},{"type":"Feature","geometry":{"type":"Point","coordinates":[121.422356,31.266402]},"properties":{"j":18,"w":0.342458}},{"type":"Feature","geometry":{"type":"Point","coordinates":[121.422235,31.273617]},"properties":{"j":16,"w":0.329522}},{"type":"Feature","geometry":{"type":"Point","coordinates":[121.422175,31.277225]},"properties":{"j":2722,"w":0.919927}},{"type":"Feature","geometry":{"type":"Point","coordinates":[121.422115,31.280833]},"properties":{"j":5453,"w":1.0}},{"type":"Feature","geometry":{"type":"Point","coordinates":[121.422055,31.284441]},"properties":{"j":553,"w":0.734729}},{"type":"Feature","geometry":{"type":"Point","coordinates":[121.421995,31.288048]},"properties":{"j":887,"w":0.789603}},{"type":"Feature","geometry":{"type":"Point","coordinates":[121.421935,31.291656]},"properties":{"j":532,"w":0.730234}},{"type":"Feature","geometry":{"type":"Point","coordinates":[121.421875,31.295264]},"properties":{"j":94,"w":0.529647}},{"type":"Feature","geometry":{"type":"Point","coordinates":[121.421815,31.298872]},"properties":{"j":34,"w":0.413511}},{"type":"Feature","geometry":{"type":"Point","coordinates":[121.421694,31.306087]},"properties":{"j":28,"w":0.391639}},{"type":"Feature","geometry":{"type":"Point","coordinates":[121.428764,31.132964]},"properties":{"j":37,"w":0.423076}},{"type":"Feature","geometry":{"type":"Point","coordinates":[121.428704,31.136572]},"properties":{"j":23,"w":0.369629}},{"type":"Feature","geometry":{"type":"Point","coordinates":[121.428645,31.14018]},"properties":{"j":702,"w":0.762432}},{"type":"Feature","geometry":{"type":"Point","coordinates":[121.428585,31.143788]},"properties":{"j":260,"w":0.647191}},{"type":"Feature","geometry":{"type":"Point","coordinates":[121.428526,31.147396]},"properties":{"j":29,"w":0.395582}},{"type":"Feature","geometry":{"type":"Point","coordinates":[121.428466,31.151003]},"properties":{"j":313,"w":0.668693}},{"type":"Feature","geometry":{"type":"Point","coordinates":[121.428407,31.154611]},"properties":{"j":1300,"w":0.834023}},{"type":"Feature","geometry":{"type":"Point","coordinates":[121.428347,31.158219]},"properties":{"j":347,"w":0.680651}},{"type":"Feature","geometry":{"type":"Point","coordinates":[121.428288,31.161827]},"properties":{"j":133,"w":0.569652}},{"type":"Feature","geometry":{"type":"Point","coordinates":[121.428228,31.165435]},"properties":{"j":236,"w":0.635972}},{"type":"Feature","geometry":{"type":"Point","coordinates":[121.428168,31.169043]},"properties":{"j":1060,"w":0.810305}},{"type":"Feature","geometry":{"type":"Point","coordinates":[121.428109,31.17265]},"properties":{"j":3314,"w":0.942807}},{"type":"Feature","geometry":{"type":"Point","coordinates":[121.428049,31.176258]},"properties":{"j":2254,"w":0.897993}},{"type":"Feature","geometry":{"type":"Point","coordinates":[121.42799,31.179866]},"properties":{"j":1994,"w":0.883745}},{"type":"Feature","geometry":{"type":"Point","coordinates":[121.42793,31.183474]},"properties":{"j":3309,"w":0.942632}},{"type":"Feature","geometry":{"type":"Point","coordinates":[121.42787,31.187082]},"properties":{"j":2166,"w":0.893364}},{"type":"Feature","geometry":{"type":"Point","coordinates":[121.427811,31.19069]},"properties":{"j":505,"w":0.724188}},{"type":"Feature","geometry":{"type":"Point","coordinates":[121.427751,31.194297]},"properties":{"j":2202,"w":0.89528}},{"type":"Feature","geometry":{"type":"Point","coordinates":[121.427691,31.197905]},"properties":{"j":70,"w":0.495778}},{"type":"Feature","geometry":{"type":"Point","coordinates":[121.427632,31.201513]},"properties":{"j":3745,"w":0.957023}},{"type":"Feature","geometry":{"type":"Point","coordinates":[121.427572,31.205121]},"properties":{"j":580,"w":0.740263}},{"type":"Feature","geometry":{"type":"Point","coordinates":[121.427512,31.208729]},"properties":{"j":230,"w":0.63299}},{"type":"Feature","geometry":{"type":"Point","coordinates":[121.427453,31.212337]},"properties":{"j":406,"w":0.698865}},{"type":"Feature","geometry":{"type":"Point","coordinates":[121.427393,31.215944]},"properties":{"j":170,"w":0.59801}},{"type":"Feature","geometry":{"type":"Point","coordinates":[121.427333,31.219552]},"properties":{"j":215,"w":0.625181}},{"type":"Feature","geometry":{"type":"Point","coordinates":[121.427273,31.22316]},"properties":{"j":279,"w":0.655364}},{"type":"Feature","geometry":{"type":"Point","coordinates":[121.427214,31.226768]},"properties":{"j":469,"w":0.715604}},{"type":"Feature","geometry":{"type":"Point","coordinates":[121.427154,31.230376]},"properties":{"j":1006,"w":0.80423}},{"type":"Feature","geometry":{"type":"Point","coordinates":[121.427094,31.233983]},"properties":{"j":798,"w":0.77732}},{"type":"Feature","geometry":{"type":"Point","coordinates":[121.427034,31.237591]},"properties":{"j":1072,"w":0.811613}},{"type":"Feature","geometry":{"type":"Point","coordinates":[121.426975,31.241199]},"properties":{"j":391,"w":0.694498}},{"type":"Feature","geometry":{"type":"Point","coordinates":[121.426915,31.244807]},"properties":{"j":263,"w":0.64852}},{"type":"Feature","geometry":{"type":"Point","coordinates":[121.426855,31.248414]},"properties":{"j":538,"w":0.731536}},{"type":"Feature","geometry":{"type":"Point","coordinates":[121.426795,31.252022]},"properties":{"j":786,"w":0.77556}},{"type":"Feature","geometry":{"type":"Point","coordinates":[121.426735,31.25563]},"properties":{"j":8,"w":0.255552}},{"type":"Feature","geometry":{"type":"Point","coordinates":[121.426675,31.259238]},"properties":{"j":833,"w":0.782306}},{"type":"Feature","geometry":{"type":"Point","coordinates":[121.426556,31.266453]},"properties":{"j":48,"w":0.452645}},{"type":"Feature","geometry":{"type":"Point","coordinates":[121.426496,31.270061]},"properties":{"j":30,"w":0.399396}},{"type":"Feature","geometry":{"type":"Point","coordinates":[121.426376,31.277277]},"properties":{"j":317,"w":0.670165}},{"type":"Feature","geometry":{"type":"Point","coordinates":[121.426316,31.280884]},"properties":{"j":1305,"w":0.834469}},{"type":"Feature","geometry":{"type":"Point","coordinates":[121.426256,31.284492]},"properties":{"j":130,"w":0.567018}},{"type":"Feature","geometry":{"type":"Point","coordinates":[121.426196,31.2881]},"properties":{"j":1294,"w":0.833485}},{"type":"Feature","geometry":{"type":"Point","coordinates":[121.426136,31.291708]},"properties":{"j":54,"w":0.46608}},{"type":"Feature","geometry":{"type":"Point","coordinates":[121.426016,31.298923]},"properties":{"j":350,"w":0.681649}},{"type":"Feature","geometry":{"type":"Point","coordinates":[121.425956,31.302531]},"properties":{"j":240,"w":0.637919}},{"type":"Feature","geometry":{"type":"Point","coordinates":[121.425896,31.306139]},"properties":{"j":135,"w":0.571375}},{"type":"Feature","geometry":{"type":"Point","coordinates":[121.425836,31.309747]},"properties":{"j":173,"w":0.600033}},{"type":"Feature","geometry":{"type":"Point","coordinates":[121.425776,31.313354]},"properties":{"j":52,"w":0.461772}},{"type":"Feature","geometry":{"type":"Point","coordinates":[121.433255,31.114976]},"properties":{"j":228,"w":0.631978}},{"type":"Feature","geometry":{"type":"Point","coordinates":[121.433195,31.118584]},"properties":{"j":57,"w":0.472257}},{"type":"Feature","geometry":{"type":"Point","coordinates":[121.433017,31.129407]},"properties":{"j":120,"w":0.557783}},{"type":"Feature","geometry":{"type":"Point","coordinates":[121.432958,31.133015]},"properties":{"j":118,"w":0.555844}},{"type":"Feature","geometry":{"type":"Point","coordinates":[121.432899,31.136623]},"properties":{"j":347,"w":0.680651}},{"type":"Feature","geometry":{"type":"Point","coordinates":[121.432839,31.140231]},"properties":{"j":638,"w":0.75133}},{"type":"Feature","geometry":{"type":"Point","coordinates":[121.43278,31.143839]},"properties":{"j":407,"w":0.699151}},{"type":"Feature","geometry":{"type":"Point","coordinates":[121.432721,31.147447]},"properties":{"j":13,"w":0.30694}},{"type":"Feature","geometry":{"type":"Point","coordinates":[121.432661,31.151055]},"properties":{"j":356,"w":0.68362}},{"type":"Feature","geometry":{"type":"Point","coordinates":[121.432602,31.154662]},"properties":{"j":1814,"w":0.872747}},{"type":"Feature","geometry":{"type":"Point","coordinates":[121.432543,31.15827]},"properties":{"j":754,"w":0.770732}},{"type":"Feature","geometry":{"type":"Point","coordinates":[121.432483,31.161878]},"properties":{"j":94,"w":0.529647}},{"type":"Feature","geometry":{"type":"Point","coordinates":[121.432424,31.165486]},"properties":{"j":318,"w":0.670531}},{"type":"Feature","geometry":{"type":"Point","coordinates":[121.432364,31.169094]},"properties":{"j":397,"w":0.696265}},{"type":"Feature","geometry":{"type":"Point","coordinates":[121.432305,31.172702]},"properties":{"j":504,"w":0.723958}},{"type":"Feature","geometry":{"type":"Point","coordinates":[121.432245,31.17631]},"properties":{"j":850,"w":0.784653}},{"type":"Feature","geometry":{"type":"Point","coordinates":[121.432186,31.179917]},"properties":{"j":2488,"w":0.909476}},{"type":"Feature","geometry":{"type":"Point","coordinates":[121.432126,31.183525]},"properties":{"j":8227,"w":1.0}},{"type":"Feature","geometry":{"type":"Point","coordinates":[121.432067,31.187133]},"properties":{"j":3936,"w":0.962807}},{"type":"Feature","geometry":{"type":"Point","coordinates":[121.432007,31.190741]},"properties":{"j":3207,"w":0.938991}},{"type":"Feature","geometry":{"type":"Point","coordinates":[121.431948,31.194349]},"properties":{"j":2752,"w":0.921201}},{"type":"Feature","geometry":{"type":"Point","coordinates":[121.431888,31.197956]},"properties":{"j":7065,"w":1.0}},{"type":"Feature","geometry":{"type":"Point","coordinates":[121.431829,31.201564]},"properties":{"j":2970,"w":0.930065}},{"type":"Feature","geometry":{"type":"Point","coordinates":[121.431769,31.205172]},"properties":{"j":993,"w":0.802719}},{"type":"Feature","geometry":{"type":"Point","coordinates":[121.43171,31.20878]},"properties":{"j":66,"w":0.489034}},{"type":"Feature","geometry":{"type":"Point","coordinates":[121.43165,31.212388]},"properties":{"j":617,"w":0.747444}},{"type":"Feature","geometry":{"type":"Point","coordinates":[121.431591,31.215996]},"properties":{"j":2919,"w":0.928051}},{"type":"Feature","geometry":{"type":"Point","coordinates":[121.431531,31.219603]},"properties":{"j":644,"w":0.752417}},{"type":"Feature","geometry":{"type":"Point","coordinates":[121.431472,31.223211]},"properties":{"j":499,"w":0.722801}},{"type":"Feature","geometry":{"type":"Point","coordinates":[121.431412,31.226819]},"properties":{"j":148,"w":0.581993}},{"type":"Feature","geometry":{"type":"Point","coordinates":[121.431352,31.230427]},"properties":{"j":51,"w":0.459556}},{"type":"Feature","geometry":{"type":"Point","coordinates":[121.431293,31.234035]},"properties":{"j":2084,"w":0.888877}},{"type":"Feature","geometry":{"type":"Point","coordinates":[121.431233,31.237642]},"properties":{"j":2067,"w":0.887925}},{"type":"Feature","geometry":{"type":"Point","coordinates":[121.431174,31.24125]},"properties":{"j":2041,"w":0.886453}},{"type":"Feature","geometry":{"type":"Point","coordinates":[121.431114,31.244858]},"properties":{"j":1628,"w":0.860172}},{"type":"Feature","geometry":{"type":"Point","coordinates":[121.431054,31.248466]},"properties":{"j":95,"w":0.530864}},{"type":"Feature","geometry":{"type":"Point","coordinates":[121.430995,31.252074]},"properties":{"j":37,"w":0.423076}},{"type":"Feature","geometry":{"type":"Point","coordinates":[121.430935,31.255681]},"properties":{"j":92,"w":0.527172}},{"type":"Feature","geometry":{"type":"Point","coordinates":[121.430875,31.259289]},"properties":{"j":165,"w":0.594559}},{"type":"Feature","geometry":{"type":"Point","coordinates":[121.430815,31.262897]},"properties":{"j":792,"w":0.776443}},{"type":"Feature","geometry":{"type":"Point","coordinates":[121.430756,31.266505]},"properties":{"j":286,"w":0.658236}},{"type":"Feature","geometry":{"type":"Point","coordinates":[121.430636,31.27372]},"properties":{"j":23,"w":0.369629}},{"type":"Feature","geometry":{"type":"Point","coordinates":[121.430577,31.277328]},"properties":{"j":442,"w":0.708723}},{"type":"Feature","geometry":{"type":"Point","coordinates":[121.430517,31.280936]},"properties":{"j":742,"w":0.768868}},{"type":"Feature","geometry":{"type":"Point","coordinates":[121.430457,31.284544]},"properties":{"j":828,"w":0.781607}},{"type":"Feature","geometry":{"type":"Point","coordinates":[121.430397,31.288151]},"properties":{"j":256,"w":0.645395}},{"type":"Feature","geometry":{"type":"Point","coordinates":[121.430337,31.291759]},"properties":{"j":937,"w":0.795974}},{"type":"Feature","geometry":{"type":"Point","coordinates":[121.430278,31.295367]},"properties":{"j":1422,"w":0.844448}},{"type":"Feature","geometry":{"type":"Point","coordinates":[121.430218,31.298975]},"properties":{"j":2669,"w":0.917641}},{"type":"Feature","geometry":{"type":"Point","coordinates":[121.430158,31.302582]},"properties":{"j":403,"w":0.698005}},{"type":"Feature","geometry":{"type":"Point","coordinates":[121.430098,31.30619]},"properties":{"j":1450,"w":0.846714}},{"type":"Feature","geometry":{"type":"Point","coordinates":[121.430038,31.309798]},"properties":{"j":2414,"w":0.905966}},{"type":"Feature","geometry":{"type":"Point","coordinates":[121.429978,31.313406]},"properties":{"j":808,"w":0.778767}},{"type":"Feature","geometry":{"type":"Point","coordinates":[121.429919,31.317013]},"properties":{"j":139,"w":0.574746}},{"type":"Feature","geometry":{"type":"Point","coordinates":[121.429859,31.320621]},"properties":{"j":16,"w":0.329522}},{"type":"Feature","geometry":{"type":"Point","coordinates":[121.429799,31.324229]},"properties":{"j":55,"w":0.468176}},{"type":"Feature","geometry":{"type":"Point","coordinates":[121.437448,31.115027]},"properties":{"j":8,"w":0.255552}},{"type":"Feature","geometry":{"type":"Point","coordinates":[121.437389,31.118635]},"properties":{"j":262,"w":0.648079}},{"type":"Feature","geometry":{"type":"Point","coordinates":[121.43733,31.122243]},"properties":{"j":73,"w":0.500592}},{"type":"Feature","geometry":{"type":"Point","coordinates":[121.437211,31.129458]},"properties":{"j":105,"w":0.542389}},{"type":"Feature","geometry":{"type":"Point","coordinates":[121.437152,31.133066]},"properties":{"j":56,"w":0.470234}},{"type":"Feature","geometry":{"type":"Point","coordinates":[121.437093,31.136674]},"properties":{"j":168,"w":0.596642}},{"type":"Feature","geometry":{"type":"Point","coordinates":[121.437034,31.140282]},"properties":{"j":91,"w":0.525914}},{"type":"Feature","geometry":{"type":"Point","coordinates":[121.436975,31.14389]},"properties":{"j":7,"w":0.241853}},{"type":"Feature","geometry":{"type":"Point","coordinates":[121.436856,31.151106]},"properties":{"j":57,"w":0.472257}},{"type":"Feature","geometry":{"type":"Point","coordinates":[121.436797,31.154713]},"properties":{"j":3053,"w":0.933269}},{"type":"Feature","geometry":{"type":"Point","coordinates":[121.436738,31.158321]},"properties":{"j":524,"w":0.728475}},{"type":"Feature","geometry":{"type":"Point","coordinates":[121.436679,31.161929]},"properties":{"j":145,"w":0.579627}},{"type":"Feature","geometry":{"type":"Point","coordinates":[121.436619,31.165537]},"properties":{"j":1646,"w":0.86145}},{"type":"Feature","geometry":{"type":"Point","coordinates":[121.43656,31.169145]},"properties":{"j":1023,"w":0.806177}},{"type":"Feature","geometry":{"type":"Point","coordinates":[121.436501,31.172753]},"properties":{"j":224,"w":0.629929}},{"type":"Feature","geometry":{"type":"Point","coordinates":[121.436442,31.176361]},"properties":{"j":245,"w":0.640307}},{"type":"Feature","geometry":{"type":"Point","coordinates":[121.436382,31.179968]},"properties":{"j":3899,"w":0.961709}},{"type":"Feature","geometry":{"type":"Point","coordinates":[121.436323,31.183576]},"properties":{"j":8868,"w":1.0}},{"type":"Feature","geometry":{"type":"Point","coordinates":[121.436264,31.187184]},"properties":{"j":3328,"w":0.943297}},{"type":"Feature","geometry":{"type":"Point","coordinates":[121.436204,31.190792]},"properties":{"j":470,"w":0.715851}},{"type":"Feature","geometry":{"type":"Point","coordinates":[121.436145,31.1944]},"properties":{"j":3449,"w":0.94745}},{"type":"Feature","geometry":{"type":"Point","coordinates":[121.436086,31.198008]},"properties":{"j":2866,"w":0.92592}},{"type":"Feature","geometry":{"type":"Point","coordinates":[121.436026,31.201615]},"properties":{"j":16,"w":0.329522}},{"type":"Feature","geometry":{"type":"Point","coordinates":[121.435967,31.205223]},"properties":{"j":340,"w":0.678287}},{"type":"Feature","geometry":{"type":"Point","coordinates":[121.435907,31.208831]},"properties":{"j":791,"w":0.776296}},{"type":"Feature","geometry":{"type":"Point","coordinates":[121.435848,31.212439]},"properties":{"j":17,"w":0.33617}},{"type":"Feature","geometry":{"type":"Point","coordinates":[121.435789,31.216047]},"properties":{"j":93,"w":0.528416}},{"type":"Feature","geometry":{"type":"Point","coordinates":[121.435729,31.219655]},"properties":{"j":404,"w":0.698292}},{"type":"Feature","geometry":{"type":"Point","coordinates":[121.43567,31.223262]},"properties":{"j":1552,"w":0.854615}},{"type":"Feature","geometry":{"type":"Point","coordinates":[121.43561,31.22687]},"properties":{"j":1853,"w":0.87522}},{"type":"Feature","geometry":{"type":"Point","coordinates":[121.435551,31.230478]},"properties":{"j":296,"w":0.662219}},{"type":"Feature","geometry":{"type":"Point","coordinates":[121.435491,31.234086]},"properties":{"j":1148,"w":0.819573}},{"type":"Feature","geometry":{"type":"Point","coordinates":[121.435432,31.237694]},"properties":{"j":3160,"w":0.937275}},{"type":"Feature","geometry":{"type":"Point","coordinates":[121.435373,31.241301]},"properties":{"j":508,"w":0.724876}},{"type":"Feature","geometry":{"type":"Point","coordinates":[121.435313,31.244909]},"properties":{"j":914,"w":0.793087}},{"type":"Feature","geometry":{"type":"Point","coordinates":[121.435254,31.248517]},"properties":{"j":2137,"w":0.891797}},{"type":"Feature","geometry":{"type":"Point","coordinates":[121.435194,31.252125]},"properties":{"j":72,"w":0.499009}},{"type":"Feature","geometry":{"type":"Point","coordinates":[121.435134,31.255733]},"properties":{"j":1678,"w":0.863688}},{"type":"Feature","geometry":{"type":"Point","coordinates":[121.435015,31.262948]},"properties":{"j":121,"w":0.55874}},{"type":"Feature","geometry":{"type":"Point","coordinates":[121.434956,31.266556]},"properties":{"j":302,"w":0.664546}},{"type":"Feature","geometry":{"type":"Point","coordinates":[121.434896,31.270164]},"properties":{"j":1298,"w":0.833844}},{"type":"Feature","geometry":{"type":"Point","coordinates":[121.434777,31.277379]},"properties":{"j":131,"w":0.567903}},{"type":"Feature","geometry":{"type":"Point","coordinates":[121.434718,31.280987]},"properties":{"j":2461,"w":0.908208}},{"type":"Feature","geometry":{"type":"Point","coordinates":[121.434658,31.284595]},"properties":{"j":1251,"w":0.829557}},{"type":"Feature","geometry":{"type":"Point","coordinates":[121.434539,31.29181]},"properties":{"j":47,"w":0.450247}},{"type":"Feature","geometry":{"type":"Point","coordinates":[121.434479,31.295418]},"properties":{"j":1214,"w":0.826069}},{"type":"Feature","geometry":{"type":"Point","coordinates":[121.434419,31.299026]},"properties":{"j":3264,"w":0.94104}},{"type":"Feature","geometry":{"type":"Point","coordinates":[121.43436,31.302634]},"properties":{"j":1348,"w":0.838236}},{"type":"Feature","geometry":{"type":"Point","coordinates":[121.4343,31.306242]},"properties":{"j":95,"w":0.530864}},{"type":"Feature","geometry":{"type":"Point","coordinates":[121.43424,31.309849]},"properties":{"j":116,"w":0.553873}},{"type":"Feature","geometry":{"type":"Point","coordinates":[121.434181,31.313457]},"properties":{"j":429,"w":0.705259}},{"type":"Feature","geometry":{"type":"Point","coordinates":[121.441759,31.107862]},"properties":{"j":59,"w":0.4762}},{"type":"Feature","geometry":{"type":"Point","coordinates":[121.441582,31.118686]},"properties":{"j":15,"w":0.322471}},{"type":"Feature","geometry":{"type":"Point","coordinates":[121.441524,31.122293]},"properties":{"j":8,"w":0.255552}},{"type":"Feature","geometry":{"type":"Point","coordinates":[121.441465,31.125901]},"properties":{"j":62,"w":0.481874}},{"type":"Feature","geometry":{"type":"Point","coordinates":[121.441406,31.129509]},"properties":{"j":36,"w":0.419974}},{"type":"Feature","geometry":{"type":"Point","coordinates":[121.441347,31.133117]},"properties":{"j":385,"w":0.692704}},{"type":"Feature","geometry":{"type":"Point","coordinates":[121.441169,31.143941]},"properties":{"j":300,"w":0.663775}},{"type":"Feature","geometry":{"type":"Point","coordinates":[121.44111,31.147549]},"properties":{"j":99,"w":0.535612}},{"type":"Feature","geometry":{"type":"Point","coordinates":[121.441051,31.151156]},"properties":{"j":12,"w":0.298321}},{"type":"Feature","geometry":{"type":"Point","coordinates":[121.440992,31.154764]},"properties":{"j":681,"w":0.758905}},{"type":"Feature","geometry":{"type":"Point","coordinates":[121.440933,31.158372]},"properties":{"j":122,"w":0.559689}},{"type":"Feature","geometry":{"type":"Point","coordinates":[121.440874,31.16198]},"properties":{"j":436,"w":0.707137}},{"type":"Feature","geometry":{"type":"Point","coordinates":[121.440815,31.165588]},"properties":{"j":8,"w":0.255552}},{"type":"Feature","geometry":{"type":"Point","coordinates":[121.440756,31.169196]},"properties":{"j":316,"w":0.669799}},{"type":"Feature","geometry":{"type":"Point","coordinates":[121.440697,31.172804]},"properties":{"j":696,"w":0.761435}},{"type":"Feature","geometry":{"type":"Point","coordinates":[121.440638,31.176411]},"properties":{"j":149,"w":0.582771}},{"type":"Feature","geometry":{"type":"Point","coordinates":[121.440579,31.180019]},"properties":{"j":1435,"w":0.845505}},{"type":"Feature","geometry":{"type":"Point","coordinates":[121.440519,31.183627]},"properties":{"j":1828,"w":0.873641}},{"type":"Feature","geometry":{"type":"Point","coordinates":[121.44046,31.187235]},"properties":{"j":645,"w":0.752598}},{"type":"Feature","geometry":{"type":"Point","coordinates":[121.440401,31.190843]},"properties":{"j":477,"w":0.717567}},{"type":"Feature","geometry":{"type":"Point","coordinates":[121.440342,31.194451]},"properties":{"j":1681,"w":0.863896}},{"type":"Feature","geometry":{"type":"Point","coordinates":[121.440283,31.198059]},"properties":{"j":409,"w":0.69972}},{"type":"Feature","geometry":{"type":"Point","coordinates":[121.440223,31.201666]},"properties":{"j":81,"w":0.512531}},{"type":"Feature","geometry":{"type":"Point","coordinates":[121.440164,31.205274]},"properties":{"j":381,"w":0.691492}},{"type":"Feature","geometry":{"type":"Point","coordinates":[121.440105,31.208882]},"properties":{"j":1169,"w":0.821679}},{"type":"Feature","geometry":{"type":"Point","coordinates":[121.440046,31.21249]},"properties":{"j":926,"w":0.794602}},{"type":"Feature","geometry":{"type":"Point","coordinates":[121.439987,31.216098]},"properties":{"j":398,"w":0.696557}},{"type":"Feature","geometry":{"type":"Point","coordinates":[121.439927,31.219706]},"properties":{"j":609,"w":0.745928}},{"type":"Feature","geometry":{"type":"Point","coordinates":[121.439868,31.223313]},"properties":{"j":5538,"w":1.0}},{"type":"Feature","geometry":{"type":"Point","coordinates":[121.439809,31.226921]},"properties":{"j":7319,"w":1.0}},{"type":"Feature","geometry":{"type":"Point","coordinates":[121.439749,31.230529]},"properties":{"j":2554,"w":0.91252}},{"type":"Feature","geometry":{"type":"Point","coordinates":[121.43969,31.234137]},"properties":{"j":677,"w":0.758221}},{"type":"Feature","geometry":{"type":"Point","coordinates":[121.439631,31.237745]},"properties":{"j":1056,"w":0.809866}},{"type":"Feature","geometry":{"type":"Point","coordinates":[121.439572,31.241352]},"properties":{"j":2074,"w":0.888318}},{"type":"Feature","geometry":{"type":"Point","coordinates":[121.439512,31.24496]},"properties":{"j":721,"w":0.765534}},{"type":"Feature","geometry":{"type":"Point","coordinates":[121.439453,31.248568]},"properties":{"j":1662,"w":0.862575}},{"type":"Feature","geometry":{"type":"Point","coordinates":[121.439394,31.252176]},"properties":{"j":342,"w":0.678967}},{"type":"Feature","geometry":{"type":"Point","coordinates":[121.439334,31.255784]},"properties":{"j":355,"w":0.683294}},{"type":"Feature","geometry":{"type":"Point","coordinates":[121.439275,31.259391]},"properties":{"j":61,"w":0.480014}},{"type":"Feature","geometry":{"type":"Point","coordinates":[121.439215,31.262999]},"properties":{"j":328,"w":0.674121}},{"type":"Feature","geometry":{"type":"Point","coordinates":[121.439156,31.266607]},"properties":{"j":3481,"w":0.948524}},{"type":"Feature","geometry":{"type":"Point","coordinates":[121.439097,31.270215]},"properties":{"j":3021,"w":0.932044}},{"type":"Feature","geometry":{"type":"Point","coordinates":[121.439037,31.273823]},"properties":{"j":43,"w":0.440127}},{"type":"Feature","geometry":{"type":"Point","coordinates":[121.438978,31.27743]},"properties":{"j":92,"w":0.527172}},{"type":"Feature","geometry":{"type":"Point","coordinates":[121.438918,31.281038]},"properties":{"j":240,"w":0.637919}},{"type":"Feature","geometry":{"type":"Point","coordinates":[121.438859,31.284646]},"properties":{"j":250,"w":0.642647}},{"type":"Feature","geometry":{"type":"Point","coordinates":[121.438799,31.288254]},"properties":{"j":739,"w":0.768398}},{"type":"Feature","geometry":{"type":"Point","coordinates":[121.43874,31.291862]},"properties":{"j":55,"w":0.468176}},{"type":"Feature","geometry":{"type":"Point","coordinates":[121.43868,31.295469]},"properties":{"j":77,"w":0.506715}},{"type":"Feature","geometry":{"type":"Point","coordinates":[121.438621,31.299077]},"properties":{"j":1653,"w":0.861944}},{"type":"Feature","geometry":{"type":"Point","coordinates":[121.438561,31.302685]},"properties":{"j":2216,"w":0.896017}},{"type":"Feature","geometry":{"type":"Point","coordinates":[121.438383,31.313508]},"properties":{"j":66,"w":0.489034}},{"type":"Feature","geometry":{"type":"Point","coordinates":[121.438323,31.317116]},"properties":{"j":190,"w":0.610875}},{"type":"Feature","geometry":{"type":"Point","coordinates":[121.446011,31.104305]},"properties":{"j":96,"w":0.53207}},{"type":"Feature","geometry":{"type":"Point","coordinates":[121.445952,31.107913]},"properties":{"j":308,"w":0.666826}},{"type":"Feature","geometry":{"type":"Point","coordinates":[121.445894,31.11152]},"properties":{"j":103,"w":0.540174}},{"type":"Feature","geometry":{"type":"Point","coordinates":[121.4456,31.12956]},"properties":{"j":44,"w":0.44274}},{"type":"Feature","geometry":{"type":"Point","coordinates":[121.445541,31.133168]},"properties":{"j":26,"w":0.383328}},{"type":"Feature","geometry":{"type":"Point","coordinates":[121.445482,31.136776]},"properties":{"j":319,"w":0.670895}},{"type":"Feature","geometry":{"type":"Point","coordinates":[121.445423,31.140384]},"properties":{"j":253,"w":0.644029}},{"type":"Feature","geometry":{"type":"Point","coordinates":[121.445364,31.143991]},"properties":{"j":463,"w":0.71411}},{"type":"Feature","geometry":{"type":"Point","coordinates":[121.445305,31.147599]},"properties":{"j":142,"w":0.577212}},{"type":"Feature","geometry":{"type":"Point","coordinates":[121.445246,31.151207]},"properties":{"j":176,"w":0.602021}},{"type":"Feature","geometry":{"type":"Point","coordinates":[121.445188,31.154815]},"properties":{"j":1062,"w":0.810524}},{"type":"Feature","geometry":{"type":"Point","coordinates":[121.445129,31.158423]},"properties":{"j":562,"w":0.736603}},{"type":"Feature","geometry":{"type":"Point","coordinates":[121.44507,31.162031]},"properties":{"j":859,"w":0.785877}},{"type":"Feature","geometry":{"type":"Point","coordinates":[121.445011,31.165639]},"properties":{"j":91,"w":0.525914}},{"type":"Feature","geometry":{"type":"Point","coordinates":[121.444952,31.169247]},"properties":{"j":837,"w":0.782863}},{"type":"Feature","geometry":{"type":"Point","coordinates":[121.444893,31.172854]},"properties":{"j":836,"w":0.782724}},{"type":"Feature","geometry":{"type":"Point","coordinates":[121.444834,31.176462]},"properties":{"j":131,"w":0.567903}},{"type":"Feature","geometry":{"type":"Point","coordinates":[121.444775,31.18007]},"properties":{"j":671,"w":0.757187}},{"type":"Feature","geometry":{"type":"Point","coordinates":[121.444716,31.183678]},"properties":{"j":35,"w":0.416787}},{"type":"Feature","geometry":{"type":"Point","coordinates":[121.444657,31.187286]},"properties":{"j":110,"w":0.54775}},{"type":"Feature","geometry":{"type":"Point","coordinates":[121.444598,31.190894]},"properties":{"j":385,"w":0.692704}},{"type":"Feature","geometry":{"type":"Point","coordinates":[121.444539,31.194502]},"properties":{"j":197,"w":0.615061}},{"type":"Feature","geometry":{"type":"Point","coordinates":[121.44448,31.198109]},"properties":{"j":1440,"w":0.84591}},{"type":"Feature","geometry":{"type":"Point","coordinates":[121.444421,31.201717]},"properties":{"j":210,"w":0.622457}},{"type":"Feature","geometry":{"type":"Point","coordinates":[121.444362,31.205325]},"properties":{"j":450,"w":0.710805}},{"type":"Feature","geometry":{"type":"Point","coordinates":[121.444303,31.208933]},"properties":{"j":4621,"w":0.981464}},{"type":"Feature","geometry":{"type":"Point","coordinates":[121.444244,31.212541]},"properties":{"j":2560,"w":0.912793}},{"type":"Feature","geometry":{"type":"Point","coordinates":[121.444184,31.216149]},"properties":{"j":1472,"w":0.848464}},{"type":"Feature","geometry":{"type":"Point","coordinates":[121.444125,31.219756]},"properties":{"j":506,"w":0.724418}},{"type":"Feature","geometry":{"type":"Point","coordinates":[121.444066,31.223364]},"properties":{"j":6304,"w":1.0}},{"type":"Feature","geometry":{"type":"Point","coordinates":[121.444007,31.226972]},"properties":{"j":9738,"w":1.0}},{"type":"Feature","geometry":{"type":"Point","coordinates":[121.443948,31.23058]},"properties":{"j":2020,"w":0.885251}},{"type":"Feature","geometry":{"type":"Point","coordinates":[121.443889,31.234188]},"properties":{"j":387,"w":0.693305}},{"type":"Feature","geometry":{"type":"Point","coordinates":[121.44383,31.237796]},"properties":{"j":4237,"w":0.971376}},{"type":"Feature","geometry":{"type":"Point","coordinates":[121.443771,31.241403]},"properties":{"j":450,"w":0.710805}},{"type":"Feature","geometry":{"type":"Point","coordinates":[121.443711,31.245011]},"properties":{"j":878,"w":0.788418}},{"type":"Feature","geometry":{"type":"Point","coordinates":[121.443652,31.248619]},"properties":{"j":3486,"w":0.94869}},{"type":"Feature","geometry":{"type":"Point","coordinates":[121.443593,31.252227]},"properties":{"j":804,"w":0.77819}},{"type":"Feature","geometry":{"type":"Point","coordinates":[121.443534,31.255835]},"properties":{"j":209,"w":0.621905}},{"type":"Feature","geometry":{"type":"Point","coordinates":[121.443475,31.259442]},"properties":{"j":47,"w":0.450247}},{"type":"Feature","geometry":{"type":"Point","coordinates":[121.443356,31.266658]},"properties":{"j":732,"w":0.767292}},{"type":"Feature","geometry":{"type":"Point","coordinates":[121.443238,31.273874]},"properties":{"j":12,"w":0.298321}},{"type":"Feature","geometry":{"type":"Point","coordinates":[121.443178,31.277481]},"properties":{"j":104,"w":0.541287}},{"type":"Feature","geometry":{"type":"Point","coordinates":[121.443119,31.281089]},"properties":{"j":64,"w":0.485509}},{"type":"Feature","geometry":{"type":"Point","coordinates":[121.44306,31.284697]},"properties":{"j":326,"w":0.673411}},{"type":"Feature","geometry":{"type":"Point","coordinates":[121.443001,31.288305]},"properties":{"j":574,"w":0.739056}},{"type":"Feature","geometry":{"type":"Point","coordinates":[121.442941,31.291913]},"properties":{"j":716,"w":0.764726}},{"type":"Feature","geometry":{"type":"Point","coordinates":[121.442882,31.29552]},"properties":{"j":677,"w":0.758221}},{"type":"Feature","geometry":{"type":"Point","coordinates":[121.442823,31.299128]},"properties":{"j":1951,"w":0.881211}},{"type":"Feature","geometry":{"type":"Point","coordinates":[121.442763,31.302736]},"properties":{"j":1410,"w":0.843463}},{"type":"Feature","geometry":{"type":"Point","coordinates":[121.442704,31.306344]},"properties":{"j":77,"w":0.506715}},{"type":"Feature","geometry":{"type":"Point","coordinates":[121.442585,31.313559]},"properties":{"j":103,"w":0.540174}},{"type":"Feature","geometry":{"type":"Point","coordinates":[121.442526,31.317167]},"properties":{"j":449,"w":0.710547}},{"type":"Feature","geometry":{"type":"Point","coordinates":[121.442466,31.320775]},"properties":{"j":94,"w":0.529647}},{"type":"Feature","geometry":{"type":"Point","coordinates":[121.450204,31.104355]},"properties":{"j":437,"w":0.707403}},{"type":"Feature","geometry":{"type":"Point","coordinates":[121.450146,31.107963]},"properties":{"j":120,"w":0.557783}},{"type":"Feature","geometry":{"type":"Point","coordinates":[121.450087,31.111571]},"properties":{"j":293,"w":0.661039}},{"type":"Feature","geometry":{"type":"Point","coordinates":[121.450028,31.115179]},"properties":{"j":25,"w":0.378939}},{"type":"Feature","geometry":{"type":"Point","coordinates":[121.44997,31.118787]},"properties":{"j":685,"w":0.759585}},{"type":"Feature","geometry":{"type":"Point","coordinates":[121.449911,31.122395]},"properties":{"j":177,"w":0.602676}},{"type":"Feature","geometry":{"type":"Point","coordinates":[121.449852,31.126003]},"properties":{"j":6,"w":0.226322}},{"type":"Feature","geometry":{"type":"Point","coordinates":[121.449794,31.12961]},"properties":{"j":60,"w":0.478122}},{"type":"Feature","geometry":{"type":"Point","coordinates":[121.449735,31.133218]},"properties":{"j":108,"w":0.545635}},{"type":"Feature","geometry":{"type":"Point","coordinates":[121.449676,31.136826]},"properties":{"j":439,"w":0.707933}},{"type":"Feature","geometry":{"type":"Point","coordinates":[121.449618,31.140434]},"properties":{"j":627,"w":0.749311}},{"type":"Feature","geometry":{"type":"Point","coordinates":[121.4495,31.14765]},"properties":{"j":20,"w":0.354098}},{"type":"Feature","geometry":{"type":"Point","coordinates":[121.449441,31.151258]},"properties":{"j":436,"w":0.707137}},{"type":"Feature","geometry":{"type":"Point","coordinates":[121.449383,31.154866]},"properties":{"j":35,"w":0.416787}},{"type":"Feature","geometry":{"type":"Point","coordinates":[121.449324,31.158474]},"properties":{"j":17,"w":0.33617}},{"type":"Feature","geometry":{"type":"Point","coordinates":[121.449265,31.162081]},"properties":{"j":168,"w":0.596642}},{"type":"Feature","geometry":{"type":"Point","coordinates":[121.449206,31.165689]},"properties":{"j":385,"w":0.692704}},{"type":"Feature","geometry":{"type":"Point","coordinates":[121.449148,31.169297]},"properties":{"j":568,"w":0.737836}},{"type":"Feature","geometry":{"type":"Point","coordinates":[121.449089,31.172905]},"properties":{"j":1627,"w":0.860101}},{"type":"Feature","geometry":{"type":"Point","coordinates":[121.44903,31.176513]},"properties":{"j":634,"w":0.7506}},{"type":"Feature","geometry":{"type":"Point","coordinates":[121.448912,31.183729]},"properties":{"j":698,"w":0.761768}},{"type":"Feature","geometry":{"type":"Point","coordinates":[121.448854,31.187336]},"properties":{"j":586,"w":0.741458}},{"type":"Feature","geometry":{"type":"Point","coordinates":[121.448795,31.190944]},"properties":{"j":352,"w":0.68231}},{"type":"Feature","geometry":{"type":"Point","coordinates":[121.448736,31.194552]},"properties":{"j":256,"w":0.645395}},{"type":"Feature","geometry":{"type":"Point","coordinates":[121.448677,31.19816]},"properties":{"j":3522,"w":0.949885}},{"type":"Feature","geometry":{"type":"Point","coordinates":[121.448618,31.201768]},"properties":{"j":1322,"w":0.835973}},{"type":"Feature","geometry":{"type":"Point","coordinates":[121.448559,31.205376]},"properties":{"j":1120,"w":0.816703}},{"type":"Feature","geometry":{"type":"Point","coordinates":[121.4485,31.208984]},"properties":{"j":722,"w":0.765695}},{"type":"Feature","geometry":{"type":"Point","coordinates":[121.448441,31.212591]},"properties":{"j":3258,"w":0.940826}},{"type":"Feature","geometry":{"type":"Point","coordinates":[121.448382,31.216199]},"properties":{"j":213,"w":0.624099}},{"type":"Feature","geometry":{"type":"Point","coordinates":[121.448323,31.219807]},"properties":{"j":638,"w":0.75133}},{"type":"Feature","geometry":{"type":"Point","coordinates":[121.448265,31.223415]},"properties":{"j":2216,"w":0.896017}},{"type":"Feature","geometry":{"type":"Point","coordinates":[121.448206,31.227023]},"properties":{"j":6353,"w":1.0}},{"type":"Feature","geometry":{"type":"Point","coordinates":[121.448147,31.230631]},"properties":{"j":7781,"w":1.0}},{"type":"Feature","geometry":{"type":"Point","coordinates":[121.448088,31.234238]},"properties":{"j":1206,"w":0.8253}},{"type":"Feature","geometry":{"type":"Point","coordinates":[121.448029,31.237846]},"properties":{"j":476,"w":0.717324}},{"type":"Feature","geometry":{"type":"Point","coordinates":[121.44797,31.241454]},"properties":{"j":496,"w":0.722101}},{"type":"Feature","geometry":{"type":"Point","coordinates":[121.447911,31.245062]},"properties":{"j":468,"w":0.715357}},{"type":"Feature","geometry":{"type":"Point","coordinates":[121.447852,31.24867]},"properties":{"j":3693,"w":0.955398}},{"type":"Feature","geometry":{"type":"Point","coordinates":[121.447793,31.252278]},"properties":{"j":3424,"w":0.946604}},{"type":"Feature","geometry":{"type":"Point","coordinates":[121.447733,31.255885]},"properties":{"j":7088,"w":1.0}},{"type":"Feature","geometry":{"type":"Point","coordinates":[121.447674,31.259493]},"properties":{"j":29,"w":0.395582}},{"type":"Feature","geometry":{"type":"Point","coordinates":[121.447615,31.263101]},"properties":{"j":12,"w":0.298321}},{"type":"Feature","geometry":{"type":"Point","coordinates":[121.447497,31.270317]},"properties":{"j":6,"w":0.226322}},{"type":"Feature","geometry":{"type":"Point","coordinates":[121.447438,31.273924]},"properties":{"j":2182,"w":0.894219}},{"type":"Feature","geometry":{"type":"Point","coordinates":[121.447379,31.277532]},"properties":{"j":2292,"w":0.899937}},{"type":"Feature","geometry":{"type":"Point","coordinates":[121.44732,31.28114]},"properties":{"j":83,"w":0.515334}},{"type":"Feature","geometry":{"type":"Point","coordinates":[121.447261,31.284748]},"properties":{"j":658,"w":0.754915}},{"type":"Feature","geometry":{"type":"Point","coordinates":[121.447202,31.288356]},"properties":{"j":23,"w":0.369629}},{"type":"Feature","geometry":{"type":"Point","coordinates":[121.447142,31.291963]},"properties":{"j":1585,"w":0.857061}},{"type":"Feature","geometry":{"type":"Point","coordinates":[121.447083,31.295571]},"properties":{"j":1333,"w":0.836936}},{"type":"Feature","geometry":{"type":"Point","coordinates":[121.447024,31.299179]},"properties":{"j":1780,"w":0.870548}},{"type":"Feature","geometry":{"type":"Point","coordinates":[121.446965,31.302787]},"properties":{"j":2070,"w":0.888093}},{"type":"Feature","geometry":{"type":"Point","coordinates":[121.446906,31.306395]},"properties":{"j":467,"w":0.715108}},{"type":"Feature","geometry":{"type":"Point","coordinates":[121.446728,31.317218]},"properties":{"j":32,"w":0.406667}},{"type":"Feature","geometry":{"type":"Point","coordinates":[121.454397,31.104406]},"properties":{"j":459,"w":0.713103}},{"type":"Feature","geometry":{"type":"Point","coordinates":[121.454339,31.108013]},"properties":{"j":130,"w":0.567018}},{"type":"Feature","geometry":{"type":"Point","coordinates":[121.45428,31.111621]},"properties":{"j":135,"w":0.571375}},{"type":"Feature","geometry":{"type":"Point","coordinates":[121.454222,31.115229]},"properties":{"j":9,"w":0.267806}},{"type":"Feature","geometry":{"type":"Point","coordinates":[121.454163,31.118837]},"properties":{"j":31,"w":0.403088}},{"type":"Feature","geometry":{"type":"Point","coordinates":[121.453988,31.129661]},"properties":{"j":38,"w":0.426097}},{"type":"Feature","geometry":{"type":"Point","coordinates":[121.453929,31.133269]},"properties":{"j":58,"w":0.474245}},{"type":"Feature","geometry":{"type":"Point","coordinates":[121.453871,31.136877]},"properties":{"j":66,"w":0.489034}},{"type":"Feature","geometry":{"type":"Point","coordinates":[121.453812,31.140485]},"properties":{"j":18,"w":0.342458}},{"type":"Feature","geometry":{"type":"Point","coordinates":[121.453637,31.151308]},"properties":{"j":79,"w":0.509659}},{"type":"Feature","geometry":{"type":"Point","coordinates":[121.453519,31.158524]},"properties":{"j":684,"w":0.759415}},{"type":"Feature","geometry":{"type":"Point","coordinates":[121.453461,31.162132]},"properties":{"j":647,"w":0.752957}},{"type":"Feature","geometry":{"type":"Point","coordinates":[121.453402,31.16574]},"properties":{"j":1502,"w":0.850809}},{"type":"Feature","geometry":{"type":"Point","coordinates":[121.453344,31.169348]},"properties":{"j":758,"w":0.771346}},{"type":"Feature","geometry":{"type":"Point","coordinates":[121.453285,31.172956]},"properties":{"j":1079,"w":0.81237}},{"type":"Feature","geometry":{"type":"Point","coordinates":[121.453226,31.176563]},"properties":{"j":2153,"w":0.892664}},{"type":"Feature","geometry":{"type":"Point","coordinates":[121.453168,31.180171]},"properties":{"j":709,"w":0.763585}},{"type":"Feature","geometry":{"type":"Point","coordinates":[121.453109,31.183779]},"properties":{"j":1278,"w":0.832039}},{"type":"Feature","geometry":{"type":"Point","coordinates":[121.45305,31.187387]},"properties":{"j":1107,"w":0.815346}},{"type":"Feature","geometry":{"type":"Point","coordinates":[121.452991,31.190995]},"properties":{"j":1809,"w":0.872426}},{"type":"Feature","geometry":{"type":"Point","coordinates":[121.452933,31.194603]},"properties":{"j":2468,"w":0.908538}},{"type":"Feature","geometry":{"type":"Point","coordinates":[121.452874,31.198211]},"properties":{"j":2858,"w":0.925595}},{"type":"Feature","geometry":{"type":"Point","coordinates":[121.452815,31.201818]},"properties":{"j":143,"w":0.578023}},{"type":"Feature","geometry":{"type":"Point","coordinates":[121.452757,31.205426]},"properties":{"j":494,"w":0.721632}},{"type":"Feature","geometry":{"type":"Point","coordinates":[121.452698,31.209034]},"properties":{"j":701,"w":0.762267}},{"type":"Feature","geometry":{"type":"Point","coordinates":[121.452639,31.212642]},"properties":{"j":188,"w":0.60965}},{"type":"Feature","geometry":{"type":"Point","coordinates":[121.45258,31.21625]},"properties":{"j":7921,"w":1.0}},{"type":"Feature","geometry":{"type":"Point","coordinates":[121.452522,31.219858]},"properties":{"j":2616,"w":0.915309}},{"type":"Feature","geometry":{"type":"Point","coordinates":[121.452463,31.223466]},"properties":{"j":696,"w":0.761435}},{"type":"Feature","geometry":{"type":"Point","coordinates":[121.452404,31.227073]},"properties":{"j":1082,"w":0.812692}},{"type":"Feature","geometry":{"type":"Point","coordinates":[121.452345,31.230681]},"properties":{"j":13900,"w":1.0}},{"type":"Feature","geometry":{"type":"Point","coordinates":[121.452286,31.234289]},"properties":{"j":105,"w":0.542389}},{"type":"Feature","geometry":{"type":"Point","coordinates":[121.452228,31.237897]},"properties":{"j":52,"w":0.461772}},{"type":"Feature","geometry":{"type":"Point","coordinates":[121.452169,31.241505]},"properties":{"j":26,"w":0.383328}},{"type":"Feature","geometry":{"type":"Point","coordinates":[121.45211,31.245113]},"properties":{"j":5241,"w":0.996104}},{"type":"Feature","geometry":{"type":"Point","coordinates":[121.452051,31.24872]},"properties":{"j":6431,"w":1.0}},{"type":"Feature","geometry":{"type":"Point","coordinates":[121.451992,31.252328]},"properties":{"j":12354,"w":1.0}},{"type":"Feature","geometry":{"type":"Point","coordinates":[121.451933,31.255936]},"properties":{"j":3368,"w":0.944686}},{"type":"Feature","geometry":{"type":"Point","coordinates":[121.451874,31.259544]},"properties":{"j":25,"w":0.378939}},{"type":"Feature","geometry":{"type":"Point","coordinates":[121.451756,31.26676]},"properties":{"j":149,"w":0.582771}},{"type":"Feature","geometry":{"type":"Point","coordinates":[121.451698,31.270367]},"properties":{"j":46,"w":0.447798}},{"type":"Feature","geometry":{"type":"Point","coordinates":[121.451639,31.273975]},"properties":{"j":677,"w":0.758221}},{"type":"Feature","geometry":{"type":"Point","coordinates":[121.45158,31.277583]},"properties":{"j":745,"w":0.769337}},{"type":"Feature","geometry":{"type":"Point","coordinates":[121.451521,31.281191]},"properties":{"j":428,"w":0.704988}},{"type":"Feature","geometry":{"type":"Point","coordinates":[121.451462,31.284799]},"properties":{"j":1034,"w":0.80742}},{"type":"Feature","geometry":{"type":"Point","coordinates":[121.451403,31.288406]},"properties":{"j":17,"w":0.33617}},{"type":"Feature","geometry":{"type":"Point","coordinates":[121.451344,31.292014]},"properties":{"j":87,"w":0.520744}},{"type":"Feature","geometry":{"type":"Point","coordinates":[121.451285,31.295622]},"properties":{"j":3039,"w":0.932735}},{"type":"Feature","geometry":{"type":"Point","coordinates":[121.451226,31.29923]},"properties":{"j":2288,"w":0.899734}},{"type":"Feature","geometry":{"type":"Point","coordinates":[121.451167,31.302838]},"properties":{"j":3037,"w":0.932658}},{"type":"Feature","geometry":{"type":"Point","coordinates":[121.451108,31.306445]},"properties":{"j":1430,"w":0.8451}},{"type":"Feature","geometry":{"type":"Point","coordinates":[121.458415,31.11528]},"properties":{"j":18,"w":0.342458}},{"type":"Feature","geometry":{"type":"Point","coordinates":[121.458357,31.118887]},"properties":{"j":37,"w":0.423076}},{"type":"Feature","geometry":{"type":"Point","coordinates":[121.45824,31.126103]},"properties":{"j":7,"w":0.241853}},{"type":"Feature","geometry":{"type":"Point","coordinates":[121.458182,31.129711]},"properties":{"j":126,"w":0.563412}},{"type":"Feature","geometry":{"type":"Point","coordinates":[121.458124,31.133319]},"properties":{"j":15,"w":0.322471}},{"type":"Feature","geometry":{"type":"Point","coordinates":[121.457715,31.158574]},"properties":{"j":121,"w":0.55874}},{"type":"Feature","geometry":{"type":"Point","coordinates":[121.457656,31.162182]},"properties":{"j":1401,"w":0.842718}},{"type":"Feature","geometry":{"type":"Point","coordinates":[121.457598,31.16579]},"properties":{"j":1549,"w":0.85439}},{"type":"Feature","geometry":{"type":"Point","coordinates":[121.457539,31.169398]},"properties":{"j":352,"w":0.68231}},{"type":"Feature","geometry":{"type":"Point","coordinates":[121.457481,31.173006]},"properties":{"j":94,"w":0.529647}},{"type":"Feature","geometry":{"type":"Point","coordinates":[121.457422,31.176614]},"properties":{"j":102,"w":0.53905}},{"type":"Feature","geometry":{"type":"Point","coordinates":[121.457364,31.180222]},"properties":{"j":48,"w":0.452645}},{"type":"Feature","geometry":{"type":"Point","coordinates":[121.457305,31.18383]},"properties":{"j":475,"w":0.71708}},{"type":"Feature","geometry":{"type":"Point","coordinates":[121.457247,31.187437]},"properties":{"j":325,"w":0.673055}},{"type":"Feature","geometry":{"type":"Point","coordinates":[121.457188,31.191045]},"properties":{"j":1459,"w":0.847433}},{"type":"Feature","geometry":{"type":"Point","coordinates":[121.45713,31.194653]},"properties":{"j":220,"w":0.627843}},{"type":"Feature","geometry":{"type":"Point","coordinates":[121.457071,31.198261]},"properties":{"j":301,"w":0.664161}},{"type":"Feature","geometry":{"type":"Point","coordinates":[121.457013,31.201869]},"properties":{"j":963,"w":0.799154}},{"type":"Feature","geometry":{"type":"Point","coordinates":[121.456954,31.205477]},"properties":{"j":2005,"w":0.884385}},{"type":"Feature","geometry":{"type":"Point","coordinates":[121.456895,31.209085]},"properties":{"j":1350,"w":0.838409}},{"type":"Feature","geometry":{"type":"Point","coordinates":[121.456837,31.212692]},"properties":{"j":707,"w":0.763256}},{"type":"Feature","geometry":{"type":"Point","coordinates":[121.456778,31.2163]},"properties":{"j":2044,"w":0.886624}},{"type":"Feature","geometry":{"type":"Point","coordinates":[121.45672,31.219908]},"properties":{"j":3055,"w":0.933346}},{"type":"Feature","geometry":{"type":"Point","coordinates":[121.456661,31.223516]},"properties":{"j":1454,"w":0.847034}},{"type":"Feature","geometry":{"type":"Point","coordinates":[121.456602,31.227124]},"properties":{"j":204,"w":0.619102}},{"type":"Feature","geometry":{"type":"Point","coordinates":[121.456544,31.230732]},"properties":{"j":504,"w":0.723958}},{"type":"Feature","geometry":{"type":"Point","coordinates":[121.456485,31.23434]},"properties":{"j":1655,"w":0.862084}},{"type":"Feature","geometry":{"type":"Point","coordinates":[121.456426,31.237947]},"properties":{"j":183,"w":0.606532}},{"type":"Feature","geometry":{"type":"Point","coordinates":[121.456368,31.241555]},"properties":{"j":176,"w":0.602021}},{"type":"Feature","geometry":{"type":"Point","coordinates":[121.456309,31.245163]},"properties":{"j":1321,"w":0.835885}},{"type":"Feature","geometry":{"type":"Point","coordinates":[121.45625,31.248771]},"properties":{"j":1936,"w":0.880314}},{"type":"Feature","geometry":{"type":"Point","coordinates":[121.456192,31.252379]},"properties":{"j":751,"w":0.770269}},{"type":"Feature","geometry":{"type":"Point","coordinates":[121.456133,31.255987]},"properties":{"j":558,"w":0.735774}},{"type":"Feature","geometry":{"type":"Point","coordinates":[121.456074,31.259594]},"properties":{"j":54,"w":0.46608}},{"type":"Feature","geometry":{"type":"Point","coordinates":[121.456015,31.263202]},"properties":{"j":120,"w":0.557783}},{"type":"Feature","geometry":{"type":"Point","coordinates":[121.455957,31.26681]},"properties":{"j":22,"w":0.364679}},{"type":"Feature","geometry":{"type":"Point","coordinates":[121.455898,31.270418]},"properties":{"j":26,"w":0.383328}},{"type":"Feature","geometry":{"type":"Point","coordinates":[121.455839,31.274026]},"properties":{"j":281,"w":0.656192}},{"type":"Feature","geometry":{"type":"Point","coordinates":[121.45578,31.277634]},"properties":{"j":3816,"w":0.959207}},{"type":"Feature","geometry":{"type":"Point","coordinates":[121.455722,31.281241]},"properties":{"j":587,"w":0.741656}},{"type":"Feature","geometry":{"type":"Point","coordinates":[121.455663,31.284849]},"properties":{"j":795,"w":0.776882}},{"type":"Feature","geometry":{"type":"Point","coordinates":[121.455604,31.288457]},"properties":{"j":17,"w":0.33617}},{"type":"Feature","geometry":{"type":"Point","coordinates":[121.455545,31.292065]},"properties":{"j":122,"w":0.559689}},{"type":"Feature","geometry":{"type":"Point","coordinates":[121.455486,31.295673]},"properties":{"j":674,"w":0.757705}},{"type":"Feature","geometry":{"type":"Point","coordinates":[121.455427,31.29928]},"properties":{"j":1045,"w":0.808649}},{"type":"Feature","geometry":{"type":"Point","coordinates":[121.455368,31.302888]},"properties":{"j":757,"w":0.771193}},{"type":"Feature","geometry":{"type":"Point","coordinates":[121.45531,31.306496]},"properties":{"j":330,"w":0.674825}},{"type":"Feature","geometry":{"type":"Point","coordinates":[121.455251,31.310104]},"properties":{"j":13,"w":0.30694}},{"type":"Feature","geometry":{"type":"Point","coordinates":[121.455192,31.313712]},"properties":{"j":34,"w":0.413511}},{"type":"Feature","geometry":{"type":"Point","coordinates":[121.455074,31.320927]},"properties":{"j":352,"w":0.68231}},{"type":"Feature","geometry":{"type":"Point","coordinates":[121.46226,31.136977]},"properties":{"j":8,"w":0.255552}},{"type":"Feature","geometry":{"type":"Point","coordinates":[121.462201,31.140585]},"properties":{"j":18,"w":0.342458}},{"type":"Feature","geometry":{"type":"Point","coordinates":[121.46191,31.158625]},"properties":{"j":122,"w":0.559689}},{"type":"Feature","geometry":{"type":"Point","coordinates":[121.461852,31.162232]},"properties":{"j":474,"w":0.716835}},{"type":"Feature","geometry":{"type":"Point","coordinates":[121.461794,31.16584]},"properties":{"j":99,"w":0.535612}},{"type":"Feature","geometry":{"type":"Point","coordinates":[121.461619,31.176664]},"properties":{"j":7,"w":0.241853}},{"type":"Feature","geometry":{"type":"Point","coordinates":[121.461444,31.187488]},"properties":{"j":20,"w":0.354098}},{"type":"Feature","geometry":{"type":"Point","coordinates":[121.461385,31.191096]},"properties":{"j":335,"w":0.676569}},{"type":"Feature","geometry":{"type":"Point","coordinates":[121.461327,31.194703]},"properties":{"j":268,"w":0.650703}},{"type":"Feature","geometry":{"type":"Point","coordinates":[121.461268,31.198311]},"properties":{"j":70,"w":0.495778}},{"type":"Feature","geometry":{"type":"Point","coordinates":[121.46121,31.201919]},"properties":{"j":749,"w":0.769959}},{"type":"Feature","geometry":{"type":"Point","coordinates":[121.461152,31.205527]},"properties":{"j":1592,"w":0.857573}},{"type":"Feature","geometry":{"type":"Point","coordinates":[121.461093,31.209135]},"properties":{"j":3404,"w":0.945923}},{"type":"Feature","geometry":{"type":"Point","coordinates":[121.461035,31.212743]},"properties":{"j":2192,"w":0.894751}},{"type":"Feature","geometry":{"type":"Point","coordinates":[121.460976,31.216351]},"properties":{"j":838,"w":0.783001}},{"type":"Feature","geometry":{"type":"Point","coordinates":[121.460918,31.219958]},"properties":{"j":258,"w":0.646297}},{"type":"Feature","geometry":{"type":"Point","coordinates":[121.460859,31.223566]},"properties":{"j":46,"w":0.447798}},{"type":"Feature","geometry":{"type":"Point","coordinates":[121.460801,31.227174]},"properties":{"j":121,"w":0.55874}},{"type":"Feature","geometry":{"type":"Point","coordinates":[121.460742,31.230782]},"properties":{"j":3068,"w":0.933839}},{"type":"Feature","geometry":{"type":"Point","coordinates":[121.460684,31.23439]},"properties":{"j":3110,"w":0.93542}},{"type":"Feature","geometry":{"type":"Point","coordinates":[121.460625,31.237998]},"properties":{"j":36,"w":0.419974}},{"type":"Feature","geometry":{"type":"Point","coordinates":[121.460567,31.241606]},"properties":{"j":66,"w":0.489034}},{"type":"Feature","geometry":{"type":"Point","coordinates":[121.460508,31.245213]},"properties":{"j":1801,"w":0.871911}},{"type":"Feature","geometry":{"type":"Point","coordinates":[121.46045,31.248821]},"properties":{"j":1616,"w":0.859312}},{"type":"Feature","geometry":{"type":"Point","coordinates":[121.460333,31.256037]},"properties":{"j":41,"w":0.434716}},{"type":"Feature","geometry":{"type":"Point","coordinates":[121.460215,31.263253]},"properties":{"j":3208,"w":0.939027}},{"type":"Feature","geometry":{"type":"Point","coordinates":[121.460157,31.26686]},"properties":{"j":24,"w":0.374377}},{"type":"Feature","geometry":{"type":"Point","coordinates":[121.460098,31.270468]},"properties":{"j":128,"w":0.565229}},{"type":"Feature","geometry":{"type":"Point","coordinates":[121.46004,31.274076]},"properties":{"j":23,"w":0.369629}},{"type":"Feature","geometry":{"type":"Point","coordinates":[121.459981,31.277684]},"properties":{"j":36,"w":0.419974}},{"type":"Feature","geometry":{"type":"Point","coordinates":[121.459922,31.281292]},"properties":{"j":478,"w":0.71781}},{"type":"Feature","geometry":{"type":"Point","coordinates":[121.459864,31.2849]},"properties":{"j":2380,"w":0.904317}},{"type":"Feature","geometry":{"type":"Point","coordinates":[121.459805,31.288507]},"properties":{"j":318,"w":0.670531}},{"type":"Feature","geometry":{"type":"Point","coordinates":[121.459746,31.292115]},"properties":{"j":130,"w":0.567018}},{"type":"Feature","geometry":{"type":"Point","coordinates":[121.459688,31.295723]},"properties":{"j":194,"w":0.613285}},{"type":"Feature","geometry":{"type":"Point","coordinates":[121.459629,31.299331]},"properties":{"j":26,"w":0.383328}},{"type":"Feature","geometry":{"type":"Point","coordinates":[121.45957,31.302939]},"properties":{"j":114,"w":0.551868}},{"type":"Feature","geometry":{"type":"Point","coordinates":[121.459512,31.306546]},"properties":{"j":12,"w":0.298321}},{"type":"Feature","geometry":{"type":"Point","coordinates":[121.459453,31.310154]},"properties":{"j":20,"w":0.354098}},{"type":"Feature","geometry":{"type":"Point","coordinates":[121.466744,31.118988]},"properties":{"j":95,"w":0.530864}},{"type":"Feature","geometry":{"type":"Point","coordinates":[121.46628,31.147851]},"properties":{"j":45,"w":0.445297}},{"type":"Feature","geometry":{"type":"Point","coordinates":[121.466164,31.155067]},"properties":{"j":7,"w":0.241853}},{"type":"Feature","geometry":{"type":"Point","coordinates":[121.466106,31.158675]},"properties":{"j":7,"w":0.241853}},{"type":"Feature","geometry":{"type":"Point","coordinates":[121.466047,31.162282]},"properties":{"j":8,"w":0.255552}},{"type":"Feature","geometry":{"type":"Point","coordinates":[121.465873,31.173106]},"properties":{"j":420,"w":0.702799}},{"type":"Feature","geometry":{"type":"Point","coordinates":[121.465815,31.176714]},"properties":{"j":597,"w":0.743618}},{"type":"Feature","geometry":{"type":"Point","coordinates":[121.465757,31.180322]},"properties":{"j":134,"w":0.570516}},{"type":"Feature","geometry":{"type":"Point","coordinates":[121.465698,31.18393]},"properties":{"j":43,"w":0.440127}},{"type":"Feature","geometry":{"type":"Point","coordinates":[121.465582,31.191146]},"properties":{"j":1163,"w":0.821081}},{"type":"Feature","geometry":{"type":"Point","coordinates":[121.465524,31.194754]},"properties":{"j":169,"w":0.597328}},{"type":"Feature","geometry":{"type":"Point","coordinates":[121.465466,31.198361]},"properties":{"j":329,"w":0.674474}},{"type":"Feature","geometry":{"type":"Point","coordinates":[121.465407,31.201969]},"properties":{"j":68,"w":0.492455}},{"type":"Feature","geometry":{"type":"Point","coordinates":[121.465349,31.205577]},"properties":{"j":972,"w":0.800235}},{"type":"Feature","geometry":{"type":"Point","coordinates":[121.465291,31.209185]},"properties":{"j":4505,"w":0.978508}},{"type":"Feature","geometry":{"type":"Point","coordinates":[121.465232,31.212793]},"properties":{"j":4954,"w":0.989555}},{"type":"Feature","geometry":{"type":"Point","coordinates":[121.465174,31.216401]},"properties":{"j":1277,"w":0.831948}},{"type":"Feature","geometry":{"type":"Point","coordinates":[121.465116,31.220009]},"properties":{"j":1007,"w":0.804345}},{"type":"Feature","geometry":{"type":"Point","coordinates":[121.465058,31.223616]},"properties":{"j":493,"w":0.721397}},{"type":"Feature","geometry":{"type":"Point","coordinates":[121.464999,31.227224]},"properties":{"j":175,"w":0.601362}},{"type":"Feature","geometry":{"type":"Point","coordinates":[121.464941,31.230832]},"properties":{"j":2185,"w":0.894379}},{"type":"Feature","geometry":{"type":"Point","coordinates":[121.464883,31.23444]},"properties":{"j":3204,"w":0.938882}},{"type":"Feature","geometry":{"type":"Point","coordinates":[121.464824,31.238048]},"properties":{"j":19,"w":0.348424}},{"type":"Feature","geometry":{"type":"Point","coordinates":[121.464766,31.241656]},"properties":{"j":281,"w":0.656192}},{"type":"Feature","geometry":{"type":"Point","coordinates":[121.464708,31.245264]},"properties":{"j":2147,"w":0.892339}},{"type":"Feature","geometry":{"type":"Point","coordinates":[121.464649,31.248872]},"properties":{"j":3797,"w":0.958627}},{"type":"Feature","geometry":{"type":"Point","coordinates":[121.464591,31.252479]},"properties":{"j":449,"w":0.710547}},{"type":"Feature","geometry":{"type":"Point","coordinates":[121.464532,31.256087]},"properties":{"j":529,"w":0.729578}},{"type":"Feature","geometry":{"type":"Point","coordinates":[121.464474,31.259695]},"properties":{"j":9,"w":0.267806}},{"type":"Feature","geometry":{"type":"Point","coordinates":[121.464415,31.263303]},"properties":{"j":1009,"w":0.804576}},{"type":"Feature","geometry":{"type":"Point","coordinates":[121.464357,31.266911]},"properties":{"j":422,"w":0.70335}},{"type":"Feature","geometry":{"type":"Point","coordinates":[121.464299,31.270519]},"properties":{"j":790,"w":0.776149}},{"type":"Feature","geometry":{"type":"Point","coordinates":[121.46424,31.274126]},"properties":{"j":405,"w":0.698579}},{"type":"Feature","geometry":{"type":"Point","coordinates":[121.464182,31.277734]},"properties":{"j":59,"w":0.4762}},{"type":"Feature","geometry":{"type":"Point","coordinates":[121.464123,31.281342]},"properties":{"j":188,"w":0.60965}},{"type":"Feature","geometry":{"type":"Point","coordinates":[121.464065,31.28495]},"properties":{"j":173,"w":0.600033}},{"type":"Feature","geometry":{"type":"Point","coordinates":[121.464006,31.288558]},"properties":{"j":9,"w":0.267806}},{"type":"Feature","geometry":{"type":"Point","coordinates":[121.463948,31.292166]},"properties":{"j":11,"w":0.289011}},{"type":"Feature","geometry":{"type":"Point","coordinates":[121.463889,31.295773]},"properties":{"j":8,"w":0.255552}},{"type":"Feature","geometry":{"type":"Point","coordinates":[121.463831,31.299381]},"properties":{"j":12,"w":0.298321}},{"type":"Feature","geometry":{"type":"Point","coordinates":[121.463772,31.302989]},"properties":{"j":48,"w":0.452645}},{"type":"Feature","geometry":{"type":"Point","coordinates":[121.463655,31.310205]},"properties":{"j":9,"w":0.267806}},{"type":"Feature","geometry":{"type":"Point","coordinates":[121.463538,31.31742]},"properties":{"j":165,"w":0.594559}},{"type":"Feature","geometry":{"type":"Point","coordinates":[121.463479,31.321028]},"properties":{"j":29,"w":0.395582}},{"type":"Feature","geometry":{"type":"Point","coordinates":[121.470475,31.147901]},"properties":{"j":7,"w":0.241853}},{"type":"Feature","geometry":{"type":"Point","coordinates":[121.470417,31.151509]},"properties":{"j":95,"w":0.530864}},{"type":"Feature","geometry":{"type":"Point","coordinates":[121.470359,31.155117]},"properties":{"j":139,"w":0.574746}},{"type":"Feature","geometry":{"type":"Point","coordinates":[121.470301,31.158725]},"properties":{"j":537,"w":0.73132}},{"type":"Feature","geometry":{"type":"Point","coordinates":[121.470243,31.162332]},"properties":{"j":629,"w":0.749681}},{"type":"Feature","geometry":{"type":"Point","coordinates":[121.470127,31.169548]},"properties":{"j":12,"w":0.298321}},{"type":"Feature","geometry":{"type":"Point","coordinates":[121.470069,31.173156]},"properties":{"j":98,"w":0.534443}},{"type":"Feature","geometry":{"type":"Point","coordinates":[121.470011,31.176764]},"properties":{"j":171,"w":0.598688}},{"type":"Feature","geometry":{"type":"Point","coordinates":[121.469953,31.180372]},"properties":{"j":442,"w":0.708723}},{"type":"Feature","geometry":{"type":"Point","coordinates":[121.469895,31.18398]},"properties":{"j":118,"w":0.555844}},{"type":"Feature","geometry":{"type":"Point","coordinates":[121.469779,31.191196]},"properties":{"j":231,"w":0.633492}},{"type":"Feature","geometry":{"type":"Point","coordinates":[121.469721,31.194804]},"properties":{"j":816,"w":0.779911}},{"type":"Feature","geometry":{"type":"Point","coordinates":[121.469663,31.198411]},"properties":{"j":2953,"w":0.929397}},{"type":"Feature","geometry":{"type":"Point","coordinates":[121.469605,31.202019]},"properties":{"j":144,"w":0.578828}},{"type":"Feature","geometry":{"type":"Point","coordinates":[121.469547,31.205627]},"properties":{"j":706,"w":0.763092}},{"type":"Feature","geometry":{"type":"Point","coordinates":[121.469488,31.209235]},"properties":{"j":20,"w":0.354098}},{"type":"Feature","geometry":{"type":"Point","coordinates":[121.46943,31.212843]},"properties":{"j":1446,"w":0.846393}},{"type":"Feature","geometry":{"type":"Point","coordinates":[121.469372,31.216451]},"properties":{"j":1822,"w":0.873259}},{"type":"Feature","geometry":{"type":"Point","coordinates":[121.469314,31.220059]},"properties":{"j":5276,"w":0.996878}},{"type":"Feature","geometry":{"type":"Point","coordinates":[121.469256,31.223667]},"properties":{"j":6669,"w":1.0}},{"type":"Feature","geometry":{"type":"Point","coordinates":[121.469198,31.227274]},"properties":{"j":4134,"w":0.968514}},{"type":"Feature","geometry":{"type":"Point","coordinates":[121.46914,31.230882]},"properties":{"j":6348,"w":1.0}},{"type":"Feature","geometry":{"type":"Point","coordinates":[121.469081,31.23449]},"properties":{"j":2032,"w":0.88594}},{"type":"Feature","geometry":{"type":"Point","coordinates":[121.469023,31.238098]},"properties":{"j":6428,"w":1.0}},{"type":"Feature","geometry":{"type":"Point","coordinates":[121.468965,31.241706]},"properties":{"j":17,"w":0.33617}},{"type":"Feature","geometry":{"type":"Point","coordinates":[121.468907,31.245314]},"properties":{"j":5376,"w":0.999062}},{"type":"Feature","geometry":{"type":"Point","coordinates":[121.468849,31.248922]},"properties":{"j":223,"w":0.629411}},{"type":"Feature","geometry":{"type":"Point","coordinates":[121.46879,31.252529]},"properties":{"j":122,"w":0.559689}},{"type":"Feature","geometry":{"type":"Point","coordinates":[121.468674,31.259745]},"properties":{"j":110,"w":0.54775}},{"type":"Feature","geometry":{"type":"Point","coordinates":[121.468616,31.263353]},"properties":{"j":1901,"w":0.878193}},{"type":"Feature","geometry":{"type":"Point","coordinates":[121.468557,31.266961]},"properties":{"j":7,"w":0.241853}},{"type":"Feature","geometry":{"type":"Point","coordinates":[121.468441,31.274177]},"properties":{"j":266,"w":0.649835}},{"type":"Feature","geometry":{"type":"Point","coordinates":[121.468382,31.277784]},"properties":{"j":303,"w":0.664929}},{"type":"Feature","geometry":{"type":"Point","coordinates":[121.468324,31.281392]},"properties":{"j":19,"w":0.348424}},{"type":"Feature","geometry":{"type":"Point","coordinates":[121.468266,31.285]},"properties":{"j":122,"w":0.559689}},{"type":"Feature","geometry":{"type":"Point","coordinates":[121.468149,31.292216]},"properties":{"j":32,"w":0.406667}},{"type":"Feature","geometry":{"type":"Point","coordinates":[121.468091,31.295824]},"properties":{"j":167,"w":0.595952}},{"type":"Feature","geometry":{"type":"Point","coordinates":[121.468032,31.299431]},"properties":{"j":19,"w":0.348424}},{"type":"Feature","geometry":{"type":"Point","coordinates":[121.467974,31.303039]},"properties":{"j":21,"w":0.359509}},{"type":"Feature","geometry":{"type":"Point","coordinates":[121.467915,31.306647]},"properties":{"j":496,"w":0.722101}},{"type":"Feature","geometry":{"type":"Point","coordinates":[121.467857,31.310255]},"properties":{"j":345,"w":0.67998}},{"type":"Feature","geometry":{"type":"Point","coordinates":[121.467799,31.313863]},"properties":{"j":23,"w":0.369629}},{"type":"Feature","geometry":{"type":"Point","coordinates":[121.46774,31.317471]},"properties":{"j":46,"w":0.447798}},{"type":"Feature","geometry":{"type":"Point","coordinates":[121.474843,31.137127]},"properties":{"j":49,"w":0.454995}},{"type":"Feature","geometry":{"type":"Point","coordinates":[121.474785,31.140735]},"properties":{"j":16,"w":0.329522}},{"type":"Feature","geometry":{"type":"Point","coordinates":[121.47467,31.147951]},"properties":{"j":12,"w":0.298321}},{"type":"Feature","geometry":{"type":"Point","coordinates":[121.474612,31.151558]},"properties":{"j":412,"w":0.700568}},{"type":"Feature","geometry":{"type":"Point","coordinates":[121.474554,31.155166]},"properties":{"j":355,"w":0.683294}},{"type":"Feature","geometry":{"type":"Point","coordinates":[121.474496,31.158774]},"properties":{"j":657,"w":0.754738}},{"type":"Feature","geometry":{"type":"Point","coordinates":[121.474439,31.162382]},"properties":{"j":195,"w":0.61388}},{"type":"Feature","geometry":{"type":"Point","coordinates":[121.474323,31.169598]},"properties":{"j":29,"w":0.395582}},{"type":"Feature","geometry":{"type":"Point","coordinates":[121.474207,31.176814]},"properties":{"j":13,"w":0.30694}},{"type":"Feature","geometry":{"type":"Point","coordinates":[121.474149,31.180422]},"properties":{"j":231,"w":0.633492}},{"type":"Feature","geometry":{"type":"Point","coordinates":[121.474092,31.18403]},"properties":{"j":179,"w":0.603976}},{"type":"Feature","geometry":{"type":"Point","coordinates":[121.474034,31.187638]},"properties":{"j":20,"w":0.354098}},{"type":"Feature","geometry":{"type":"Point","coordinates":[121.473918,31.194853]},"properties":{"j":697,"w":0.761602}},{"type":"Feature","geometry":{"type":"Point","coordinates":[121.47386,31.198461]},"properties":{"j":1049,"w":0.809093}},{"type":"Feature","geometry":{"type":"Point","coordinates":[121.473802,31.202069]},"properties":{"j":459,"w":0.713103}},{"type":"Feature","geometry":{"type":"Point","coordinates":[121.473744,31.205677]},"properties":{"j":193,"w":0.612687}},{"type":"Feature","geometry":{"type":"Point","coordinates":[121.473686,31.209285]},"properties":{"j":1459,"w":0.847433}},{"type":"Feature","geometry":{"type":"Point","coordinates":[121.473628,31.212893]},"properties":{"j":6765,"w":1.0}},{"type":"Feature","geometry":{"type":"Point","coordinates":[121.47357,31.216501]},"properties":{"j":108,"w":0.545635}},{"type":"Feature","geometry":{"type":"Point","coordinates":[121.473512,31.220109]},"properties":{"j":2091,"w":0.889267}},{"type":"Feature","geometry":{"type":"Point","coordinates":[121.473454,31.223716]},"properties":{"j":2400,"w":0.90529}},{"type":"Feature","geometry":{"type":"Point","coordinates":[121.473396,31.227324]},"properties":{"j":7485,"w":1.0}},{"type":"Feature","geometry":{"type":"Point","coordinates":[121.473338,31.230932]},"properties":{"j":348,"w":0.680984}},{"type":"Feature","geometry":{"type":"Point","coordinates":[121.47328,31.23454]},"properties":{"j":5952,"w":1.0}},{"type":"Feature","geometry":{"type":"Point","coordinates":[121.473222,31.238148]},"properties":{"j":6100,"w":1.0}},{"type":"Feature","geometry":{"type":"Point","coordinates":[121.473164,31.241756]},"properties":{"j":1424,"w":0.844611}},{"type":"Feature","geometry":{"type":"Point","coordinates":[121.473106,31.245364]},"properties":{"j":7143,"w":1.0}},{"type":"Feature","geometry":{"type":"Point","coordinates":[121.473048,31.248972]},"properties":{"j":117,"w":0.554863}},{"type":"Feature","geometry":{"type":"Point","coordinates":[121.47299,31.252579]},"properties":{"j":860,"w":0.786012}},{"type":"Feature","geometry":{"type":"Point","coordinates":[121.472932,31.256187]},"properties":{"j":362,"w":0.685559}},{"type":"Feature","geometry":{"type":"Point","coordinates":[121.472874,31.259795]},"properties":{"j":1546,"w":0.854165}},{"type":"Feature","geometry":{"type":"Point","coordinates":[121.472816,31.263403]},"properties":{"j":377,"w":0.690268}},{"type":"Feature","geometry":{"type":"Point","coordinates":[121.472757,31.267011]},"properties":{"j":144,"w":0.578828}},{"type":"Feature","geometry":{"type":"Point","coordinates":[121.472699,31.270619]},"properties":{"j":390,"w":0.694201}},{"type":"Feature","geometry":{"type":"Point","coordinates":[121.472641,31.274227]},"properties":{"j":2617,"w":0.915353}},{"type":"Feature","geometry":{"type":"Point","coordinates":[121.472583,31.277834]},"properties":{"j":271,"w":0.651993}},{"type":"Feature","geometry":{"type":"Point","coordinates":[121.472525,31.281442]},"properties":{"j":169,"w":0.597328}},{"type":"Feature","geometry":{"type":"Point","coordinates":[121.472467,31.28505]},"properties":{"j":590,"w":0.742248}},{"type":"Feature","geometry":{"type":"Point","coordinates":[121.47235,31.292266]},"properties":{"j":620,"w":0.748007}},{"type":"Feature","geometry":{"type":"Point","coordinates":[121.472292,31.295874]},"properties":{"j":1943,"w":0.880733}},{"type":"Feature","geometry":{"type":"Point","coordinates":[121.472234,31.299481]},"properties":{"j":30,"w":0.399396}},{"type":"Feature","geometry":{"type":"Point","coordinates":[121.472176,31.303089]},"properties":{"j":12,"w":0.298321}},{"type":"Feature","geometry":{"type":"Point","coordinates":[121.472059,31.310305]},"properties":{"j":53,"w":0.463946}},{"type":"Feature","geometry":{"type":"Point","coordinates":[121.472001,31.313913]},"properties":{"j":118,"w":0.555844}},{"type":"Feature","geometry":{"type":"Point","coordinates":[121.47921,31.126353]},"properties":{"j":31,"w":0.403088}},{"type":"Feature","geometry":{"type":"Point","coordinates":[121.479038,31.137176]},"properties":{"j":7,"w":0.241853}},{"type":"Feature","geometry":{"type":"Point","coordinates":[121.478922,31.144392]},"properties":{"j":143,"w":0.578023}},{"type":"Feature","geometry":{"type":"Point","coordinates":[121.478865,31.148]},"properties":{"j":7,"w":0.241853}},{"type":"Feature","geometry":{"type":"Point","coordinates":[121.478807,31.151608]},"properties":{"j":790,"w":0.776149}},{"type":"Feature","geometry":{"type":"Point","coordinates":[121.47875,31.155216]},"properties":{"j":327,"w":0.673766}},{"type":"Feature","geometry":{"type":"Point","coordinates":[121.478692,31.158824]},"properties":{"j":345,"w":0.67998}},{"type":"Feature","geometry":{"type":"Point","coordinates":[121.478634,31.162432]},"properties":{"j":13,"w":0.30694}},{"type":"Feature","geometry":{"type":"Point","coordinates":[121.478577,31.16604]},"properties":{"j":64,"w":0.485509}},{"type":"Feature","geometry":{"type":"Point","coordinates":[121.478404,31.176864]},"properties":{"j":29,"w":0.395582}},{"type":"Feature","geometry":{"type":"Point","coordinates":[121.478346,31.180471]},"properties":{"j":449,"w":0.710547}},{"type":"Feature","geometry":{"type":"Point","coordinates":[121.478288,31.184079]},"properties":{"j":310,"w":0.667577}},{"type":"Feature","geometry":{"type":"Point","coordinates":[121.47823,31.187687]},"properties":{"j":243,"w":0.639358}},{"type":"Feature","geometry":{"type":"Point","coordinates":[121.478115,31.194903]},"properties":{"j":3317,"w":0.942912}},{"type":"Feature","geometry":{"type":"Point","coordinates":[121.478057,31.198511]},"properties":{"j":2409,"w":0.905725}},{"type":"Feature","geometry":{"type":"Point","coordinates":[121.477999,31.202119]},"properties":{"j":92,"w":0.527172}},{"type":"Feature","geometry":{"type":"Point","coordinates":[121.477942,31.205727]},"properties":{"j":1958,"w":0.881627}},{"type":"Feature","geometry":{"type":"Point","coordinates":[121.477884,31.209335]},"properties":{"j":334,"w":0.676223}},{"type":"Feature","geometry":{"type":"Point","coordinates":[121.477826,31.212943]},"properties":{"j":191,"w":0.611482}},{"type":"Feature","geometry":{"type":"Point","coordinates":[121.477768,31.21655]},"properties":{"j":1119,"w":0.816599}},{"type":"Feature","geometry":{"type":"Point","coordinates":[121.47771,31.220158]},"properties":{"j":4059,"w":0.966385}},{"type":"Feature","geometry":{"type":"Point","coordinates":[121.477653,31.223766]},"properties":{"j":2574,"w":0.913427}},{"type":"Feature","geometry":{"type":"Point","coordinates":[121.477595,31.227374]},"properties":{"j":1185,"w":0.823259}},{"type":"Feature","geometry":{"type":"Point","coordinates":[121.477537,31.230982]},"properties":{"j":2534,"w":0.911606}},{"type":"Feature","geometry":{"type":"Point","coordinates":[121.477479,31.23459]},"properties":{"j":4371,"w":0.974997}},{"type":"Feature","geometry":{"type":"Point","coordinates":[121.477421,31.238198]},"properties":{"j":6549,"w":1.0}},{"type":"Feature","geometry":{"type":"Point","coordinates":[121.477363,31.241806]},"properties":{"j":270,"w":0.651564}},{"type":"Feature","geometry":{"type":"Point","coordinates":[121.477305,31.245414]},"properties":{"j":3662,"w":0.954417}},{"type":"Feature","geometry":{"type":"Point","coordinates":[121.477247,31.249021]},"properties":{"j":563,"w":0.736809}},{"type":"Feature","geometry":{"type":"Point","coordinates":[121.477189,31.252629]},"properties":{"j":1435,"w":0.845505}},{"type":"Feature","geometry":{"type":"Point","coordinates":[121.477132,31.256237]},"properties":{"j":1355,"w":0.838838}},{"type":"Feature","geometry":{"type":"Point","coordinates":[121.477074,31.259845]},"properties":{"j":1172,"w":0.821977}},{"type":"Feature","geometry":{"type":"Point","coordinates":[121.477016,31.263453]},"properties":{"j":1305,"w":0.834469}},{"type":"Feature","geometry":{"type":"Point","coordinates":[121.476958,31.267061]},"properties":{"j":195,"w":0.61388}},{"type":"Feature","geometry":{"type":"Point","coordinates":[121.4769,31.270669]},"properties":{"j":636,"w":0.750966}},{"type":"Feature","geometry":{"type":"Point","coordinates":[121.476842,31.274276]},"properties":{"j":2506,"w":0.910314}},{"type":"Feature","geometry":{"type":"Point","coordinates":[121.476784,31.277884]},"properties":{"j":639,"w":0.751512}},{"type":"Feature","geometry":{"type":"Point","coordinates":[121.476726,31.281492]},"properties":{"j":725,"w":0.766176}},{"type":"Feature","geometry":{"type":"Point","coordinates":[121.476668,31.2851]},"properties":{"j":430,"w":0.705529}},{"type":"Feature","geometry":{"type":"Point","coordinates":[121.47661,31.288708]},"properties":{"j":45,"w":0.445297}},{"type":"Feature","geometry":{"type":"Point","coordinates":[121.476552,31.292316]},"properties":{"j":858,"w":0.785741}},{"type":"Feature","geometry":{"type":"Point","coordinates":[121.476494,31.295924]},"properties":{"j":754,"w":0.770732}},{"type":"Feature","geometry":{"type":"Point","coordinates":[121.476436,31.299531]},"properties":{"j":192,"w":0.612086}},{"type":"Feature","geometry":{"type":"Point","coordinates":[121.476261,31.310355]},"properties":{"j":180,"w":0.60462}},{"type":"Feature","geometry":{"type":"Point","coordinates":[121.476203,31.313963]},"properties":{"j":47,"w":0.450247}},{"type":"Feature","geometry":{"type":"Point","coordinates":[121.483404,31.126402]},"properties":{"j":71,"w":0.497405}},{"type":"Feature","geometry":{"type":"Point","coordinates":[121.483347,31.13001]},"properties":{"j":56,"w":0.470234}},{"type":"Feature","geometry":{"type":"Point","coordinates":[121.483232,31.137226]},"properties":{"j":6,"w":0.226322}},{"type":"Feature","geometry":{"type":"Point","coordinates":[121.483117,31.144442]},"properties":{"j":24,"w":0.374377}},{"type":"Feature","geometry":{"type":"Point","coordinates":[121.483002,31.151658]},"properties":{"j":146,"w":0.580421}},{"type":"Feature","geometry":{"type":"Point","coordinates":[121.482945,31.155266]},"properties":{"j":125,"w":0.562492}},{"type":"Feature","geometry":{"type":"Point","coordinates":[121.482887,31.158873]},"properties":{"j":77,"w":0.506715}},{"type":"Feature","geometry":{"type":"Point","coordinates":[121.482657,31.173305]},"properties":{"j":48,"w":0.452645}},{"type":"Feature","geometry":{"type":"Point","coordinates":[121.4826,31.176913]},"properties":{"j":31,"w":0.403088}},{"type":"Feature","geometry":{"type":"Point","coordinates":[121.482542,31.180521]},"properties":{"j":175,"w":0.601362}},{"type":"Feature","geometry":{"type":"Point","coordinates":[121.482485,31.184129]},"properties":{"j":1865,"w":0.87597}},{"type":"Feature","geometry":{"type":"Point","coordinates":[121.482427,31.187737]},"properties":{"j":1324,"w":0.836149}},{"type":"Feature","geometry":{"type":"Point","coordinates":[121.482312,31.194953]},"properties":{"j":551,"w":0.734308}},{"type":"Feature","geometry":{"type":"Point","coordinates":[121.482254,31.198561]},"properties":{"j":1206,"w":0.8253}},{"type":"Feature","geometry":{"type":"Point","coordinates":[121.482197,31.202168]},"properties":{"j":1040,"w":0.808092}},{"type":"Feature","geometry":{"type":"Point","coordinates":[121.482139,31.205776]},"properties":{"j":501,"w":0.723265}},{"type":"Feature","geometry":{"type":"Point","coordinates":[121.482081,31.209384]},"properties":{"j":595,"w":0.743228}},{"type":"Feature","geometry":{"type":"Point","coordinates":[121.482024,31.212992]},"properties":{"j":429,"w":0.705259}},{"type":"Feature","geometry":{"type":"Point","coordinates":[121.481966,31.2166]},"properties":{"j":74,"w":0.502153}},{"type":"Feature","geometry":{"type":"Point","coordinates":[121.481909,31.220208]},"properties":{"j":2151,"w":0.892556}},{"type":"Feature","geometry":{"type":"Point","coordinates":[121.481851,31.223816]},"properties":{"j":1383,"w":0.841216}},{"type":"Feature","geometry":{"type":"Point","coordinates":[121.481793,31.227424]},"properties":{"j":3466,"w":0.948021}},{"type":"Feature","geometry":{"type":"Point","coordinates":[121.481735,31.231032]},"properties":{"j":2617,"w":0.915353}},{"type":"Feature","geometry":{"type":"Point","coordinates":[121.481678,31.23464]},"properties":{"j":2431,"w":0.906782}},{"type":"Feature","geometry":{"type":"Point","coordinates":[121.48162,31.238247]},"properties":{"j":5897,"w":1.0}},{"type":"Feature","geometry":{"type":"Point","coordinates":[121.481562,31.241855]},"properties":{"j":5189,"w":0.994945}},{"type":"Feature","geometry":{"type":"Point","coordinates":[121.481505,31.245463]},"properties":{"j":366,"w":0.686833}},{"type":"Feature","geometry":{"type":"Point","coordinates":[121.481447,31.249071]},"properties":{"j":2841,"w":0.924902}},{"type":"Feature","geometry":{"type":"Point","coordinates":[121.481389,31.252679]},"properties":{"j":2477,"w":0.908961}},{"type":"Feature","geometry":{"type":"Point","coordinates":[121.481331,31.256287]},"properties":{"j":3026,"w":0.932237}},{"type":"Feature","geometry":{"type":"Point","coordinates":[121.481274,31.259895]},"properties":{"j":101,"w":0.537915}},{"type":"Feature","geometry":{"type":"Point","coordinates":[121.481216,31.263503]},"properties":{"j":146,"w":0.580421}},{"type":"Feature","geometry":{"type":"Point","coordinates":[121.481158,31.26711]},"properties":{"j":269,"w":0.651134}},{"type":"Feature","geometry":{"type":"Point","coordinates":[121.4811,31.270718]},"properties":{"j":100,"w":0.53677}},{"type":"Feature","geometry":{"type":"Point","coordinates":[121.481042,31.274326]},"properties":{"j":412,"w":0.700568}},{"type":"Feature","geometry":{"type":"Point","coordinates":[121.480984,31.277934]},"properties":{"j":89,"w":0.523358}},{"type":"Feature","geometry":{"type":"Point","coordinates":[121.480927,31.281542]},"properties":{"j":922,"w":0.794099}},{"type":"Feature","geometry":{"type":"Point","coordinates":[121.480869,31.28515]},"properties":{"j":307,"w":0.666449}},{"type":"Feature","geometry":{"type":"Point","coordinates":[121.480811,31.288758]},"properties":{"j":31,"w":0.403088}},{"type":"Feature","geometry":{"type":"Point","coordinates":[121.480753,31.292365]},"properties":{"j":1086,"w":0.813121}},{"type":"Feature","geometry":{"type":"Point","coordinates":[121.480695,31.295973]},"properties":{"j":720,"w":0.765373}},{"type":"Feature","geometry":{"type":"Point","coordinates":[121.480579,31.303189]},"properties":{"j":433,"w":0.706336}},{"type":"Feature","geometry":{"type":"Point","coordinates":[121.480521,31.306797]},"properties":{"j":802,"w":0.777901}},{"type":"Feature","geometry":{"type":"Point","coordinates":[121.480464,31.310405]},"properties":{"j":722,"w":0.765695}},{"type":"Feature","geometry":{"type":"Point","coordinates":[121.480406,31.314013]},"properties":{"j":157,"w":0.588814}},{"type":"Feature","geometry":{"type":"Point","coordinates":[121.487598,31.126451]},"properties":{"j":272,"w":0.652419}},{"type":"Feature","geometry":{"type":"Point","coordinates":[121.487541,31.130059]},"properties":{"j":33,"w":0.410139}},{"type":"Feature","geometry":{"type":"Point","coordinates":[121.487427,31.137275]},"properties":{"j":101,"w":0.537915}},{"type":"Feature","geometry":{"type":"Point","coordinates":[121.487369,31.140883]},"properties":{"j":509,"w":0.725104}},{"type":"Feature","geometry":{"type":"Point","coordinates":[121.487198,31.151707]},"properties":{"j":161,"w":0.591722}},{"type":"Feature","geometry":{"type":"Point","coordinates":[121.48714,31.155315]},"properties":{"j":9,"w":0.267806}},{"type":"Feature","geometry":{"type":"Point","coordinates":[121.487026,31.162531]},"properties":{"j":66,"w":0.489034}},{"type":"Feature","geometry":{"type":"Point","coordinates":[121.486853,31.173355]},"properties":{"j":23,"w":0.369629}},{"type":"Feature","geometry":{"type":"Point","coordinates":[121.486796,31.176962]},"properties":{"j":47,"w":0.450247}},{"type":"Feature","geometry":{"type":"Point","coordinates":[121.486739,31.18057]},"properties":{"j":130,"w":0.567018}},{"type":"Feature","geometry":{"type":"Point","coordinates":[121.486681,31.184178]},"properties":{"j":1146,"w":0.81937}},{"type":"Feature","geometry":{"type":"Point","coordinates":[121.486624,31.187786]},"properties":{"j":1692,"w":0.864654}},{"type":"Feature","geometry":{"type":"Point","coordinates":[121.486566,31.191394]},"properties":{"j":102,"w":0.53905}},{"type":"Feature","geometry":{"type":"Point","coordinates":[121.486509,31.195002]},"properties":{"j":294,"w":0.661434}},{"type":"Feature","geometry":{"type":"Point","coordinates":[121.486452,31.19861]},"properties":{"j":122,"w":0.559689}},{"type":"Feature","geometry":{"type":"Point","coordinates":[121.486394,31.202218]},"properties":{"j":85,"w":0.518071}},{"type":"Feature","geometry":{"type":"Point","coordinates":[121.486337,31.205826]},"properties":{"j":322,"w":0.67198}},{"type":"Feature","geometry":{"type":"Point","coordinates":[121.486279,31.209434]},"properties":{"j":58,"w":0.474245}},{"type":"Feature","geometry":{"type":"Point","coordinates":[121.486222,31.213042]},"properties":{"j":114,"w":0.551868}},{"type":"Feature","geometry":{"type":"Point","coordinates":[121.486164,31.21665]},"properties":{"j":160,"w":0.591002}},{"type":"Feature","geometry":{"type":"Point","coordinates":[121.486107,31.220257]},"properties":{"j":270,"w":0.651564}},{"type":"Feature","geometry":{"type":"Point","coordinates":[121.486049,31.223865]},"properties":{"j":596,"w":0.743423}},{"type":"Feature","geometry":{"type":"Point","coordinates":[121.485992,31.227473]},"properties":{"j":559,"w":0.735982}},{"type":"Feature","geometry":{"type":"Point","coordinates":[121.485934,31.231081]},"properties":{"j":1672,"w":0.863272}},{"type":"Feature","geometry":{"type":"Point","coordinates":[121.485877,31.234689]},"properties":{"j":3046,"w":0.933002}},{"type":"Feature","geometry":{"type":"Point","coordinates":[121.485819,31.238297]},"properties":{"j":2668,"w":0.917597}},{"type":"Feature","geometry":{"type":"Point","coordinates":[121.485761,31.241905]},"properties":{"j":3649,"w":0.954004}},{"type":"Feature","geometry":{"type":"Point","coordinates":[121.485704,31.245513]},"properties":{"j":941,"w":0.796469}},{"type":"Feature","geometry":{"type":"Point","coordinates":[121.485646,31.249121]},"properties":{"j":635,"w":0.750783}},{"type":"Feature","geometry":{"type":"Point","coordinates":[121.485589,31.252728]},"properties":{"j":2170,"w":0.893578}},{"type":"Feature","geometry":{"type":"Point","coordinates":[121.485531,31.256336]},"properties":{"j":1085,"w":0.813014}},{"type":"Feature","geometry":{"type":"Point","coordinates":[121.485473,31.259944]},"properties":{"j":663,"w":0.755794}},{"type":"Feature","geometry":{"type":"Point","coordinates":[121.485416,31.263552]},"properties":{"j":1166,"w":0.82138}},{"type":"Feature","geometry":{"type":"Point","coordinates":[121.485358,31.26716]},"properties":{"j":135,"w":0.571375}},{"type":"Feature","geometry":{"type":"Point","coordinates":[121.485301,31.270768]},"properties":{"j":600,"w":0.7442}},{"type":"Feature","geometry":{"type":"Point","coordinates":[121.485243,31.274376]},"properties":{"j":385,"w":0.692704}},{"type":"Feature","geometry":{"type":"Point","coordinates":[121.485185,31.277984]},"properties":{"j":129,"w":0.566127}},{"type":"Feature","geometry":{"type":"Point","coordinates":[121.485128,31.281591]},"properties":{"j":151,"w":0.584311}},{"type":"Feature","geometry":{"type":"Point","coordinates":[121.48507,31.285199]},"properties":{"j":201,"w":0.617387}},{"type":"Feature","geometry":{"type":"Point","coordinates":[121.485012,31.288807]},"properties":{"j":720,"w":0.765373}},{"type":"Feature","geometry":{"type":"Point","coordinates":[121.484954,31.292415]},"properties":{"j":3514,"w":0.949621}},{"type":"Feature","geometry":{"type":"Point","coordinates":[121.484897,31.296023]},"properties":{"j":84,"w":0.51671}},{"type":"Feature","geometry":{"type":"Point","coordinates":[121.484839,31.299631]},"properties":{"j":605,"w":0.745163}},{"type":"Feature","geometry":{"type":"Point","coordinates":[121.484781,31.303239]},"properties":{"j":56,"w":0.470234}},{"type":"Feature","geometry":{"type":"Point","coordinates":[121.484723,31.306847]},"properties":{"j":154,"w":0.586584}},{"type":"Feature","geometry":{"type":"Point","coordinates":[121.484666,31.310454]},"properties":{"j":171,"w":0.598688}},{"type":"Feature","geometry":{"type":"Point","coordinates":[121.484608,31.314062]},"properties":{"j":9,"w":0.267806}},{"type":"Feature","geometry":{"type":"Point","coordinates":[121.49185,31.122892]},"properties":{"j":574,"w":0.739056}},{"type":"Feature","geometry":{"type":"Point","coordinates":[121.491793,31.1265]},"properties":{"j":272,"w":0.652419}},{"type":"Feature","geometry":{"type":"Point","coordinates":[121.491564,31.140932]},"properties":{"j":544,"w":0.732824}},{"type":"Feature","geometry":{"type":"Point","coordinates":[121.491507,31.14454]},"properties":{"j":17,"w":0.33617}},{"type":"Feature","geometry":{"type":"Point","coordinates":[121.49145,31.148148]},"properties":{"j":6,"w":0.226322}},{"type":"Feature","geometry":{"type":"Point","coordinates":[121.491393,31.151756]},"properties":{"j":263,"w":0.64852}},{"type":"Feature","geometry":{"type":"Point","coordinates":[121.491278,31.158972]},"properties":{"j":20,"w":0.354098}},{"type":"Feature","geometry":{"type":"Point","coordinates":[121.491221,31.16258]},"properties":{"j":7,"w":0.241853}},{"type":"Feature","geometry":{"type":"Point","coordinates":[121.491164,31.166188]},"properties":{"j":131,"w":0.567903}},{"type":"Feature","geometry":{"type":"Point","coordinates":[121.49105,31.173404]},"properties":{"j":34,"w":0.413511}},{"type":"Feature","geometry":{"type":"Point","coordinates":[121.490992,31.177012]},"properties":{"j":19,"w":0.348424}},{"type":"Feature","geometry":{"type":"Point","coordinates":[121.490935,31.18062]},"properties":{"j":103,"w":0.540174}},{"type":"Feature","geometry":{"type":"Point","coordinates":[121.490878,31.184228]},"properties":{"j":923,"w":0.794225}},{"type":"Feature","geometry":{"type":"Point","coordinates":[121.490821,31.187836]},"properties":{"j":1057,"w":0.809976}},{"type":"Feature","geometry":{"type":"Point","coordinates":[121.490763,31.191443]},"properties":{"j":477,"w":0.717567}},{"type":"Feature","geometry":{"type":"Point","coordinates":[121.490706,31.195051]},"properties":{"j":22,"w":0.364679}},{"type":"Feature","geometry":{"type":"Point","coordinates":[121.490649,31.198659]},"properties":{"j":1025,"w":0.806404}},{"type":"Feature","geometry":{"type":"Point","coordinates":[121.490592,31.202267]},"properties":{"j":675,"w":0.757877}},{"type":"Feature","geometry":{"type":"Point","coordinates":[121.490534,31.205875]},"properties":{"j":562,"w":0.736603}},{"type":"Feature","geometry":{"type":"Point","coordinates":[121.490477,31.209483]},"properties":{"j":447,"w":0.710029}},{"type":"Feature","geometry":{"type":"Point","coordinates":[121.49042,31.213091]},"properties":{"j":1317,"w":0.835533}},{"type":"Feature","geometry":{"type":"Point","coordinates":[121.490362,31.216699]},"properties":{"j":6713,"w":1.0}},{"type":"Feature","geometry":{"type":"Point","coordinates":[121.490305,31.220307]},"properties":{"j":15,"w":0.322471}},{"type":"Feature","geometry":{"type":"Point","coordinates":[121.490248,31.223915]},"properties":{"j":266,"w":0.649835}},{"type":"Feature","geometry":{"type":"Point","coordinates":[121.49019,31.227523]},"properties":{"j":1366,"w":0.839778}},{"type":"Feature","geometry":{"type":"Point","coordinates":[121.490133,31.231131]},"properties":{"j":564,"w":0.737016}},{"type":"Feature","geometry":{"type":"Point","coordinates":[121.490075,31.234738]},"properties":{"j":255,"w":0.644941}},{"type":"Feature","geometry":{"type":"Point","coordinates":[121.490018,31.238346]},"properties":{"j":56,"w":0.470234}},{"type":"Feature","geometry":{"type":"Point","coordinates":[121.489961,31.241954]},"properties":{"j":69,"w":0.494129}},{"type":"Feature","geometry":{"type":"Point","coordinates":[121.489903,31.245562]},"properties":{"j":92,"w":0.527172}},{"type":"Feature","geometry":{"type":"Point","coordinates":[121.489846,31.24917]},"properties":{"j":497,"w":0.722335}},{"type":"Feature","geometry":{"type":"Point","coordinates":[121.489788,31.252778]},"properties":{"j":546,"w":0.73325}},{"type":"Feature","geometry":{"type":"Point","coordinates":[121.489731,31.256386]},"properties":{"j":298,"w":0.663}},{"type":"Feature","geometry":{"type":"Point","coordinates":[121.489673,31.259994]},"properties":{"j":1342,"w":0.837718}},{"type":"Feature","geometry":{"type":"Point","coordinates":[121.489616,31.263602]},"properties":{"j":95,"w":0.530864}},{"type":"Feature","geometry":{"type":"Point","coordinates":[121.489558,31.267209]},"properties":{"j":16,"w":0.329522}},{"type":"Feature","geometry":{"type":"Point","coordinates":[121.489501,31.270817]},"properties":{"j":102,"w":0.53905}},{"type":"Feature","geometry":{"type":"Point","coordinates":[121.489443,31.274425]},"properties":{"j":262,"w":0.648079}},{"type":"Feature","geometry":{"type":"Point","coordinates":[121.489386,31.278033]},"properties":{"j":67,"w":0.490757}},{"type":"Feature","geometry":{"type":"Point","coordinates":[121.489328,31.281641]},"properties":{"j":350,"w":0.681649}},{"type":"Feature","geometry":{"type":"Point","coordinates":[121.489271,31.285249]},"properties":{"j":59,"w":0.4762}},{"type":"Feature","geometry":{"type":"Point","coordinates":[121.489213,31.288857]},"properties":{"j":1486,"w":0.849564}},{"type":"Feature","geometry":{"type":"Point","coordinates":[121.489156,31.292465]},"properties":{"j":297,"w":0.66261}},{"type":"Feature","geometry":{"type":"Point","coordinates":[121.489098,31.296072]},"properties":{"j":407,"w":0.699151}},{"type":"Feature","geometry":{"type":"Point","coordinates":[121.489041,31.29968]},"properties":{"j":852,"w":0.784926}},{"type":"Feature","geometry":{"type":"Point","coordinates":[121.488983,31.303288]},"properties":{"j":564,"w":0.737016}},{"type":"Feature","geometry":{"type":"Point","coordinates":[121.488925,31.306896]},"properties":{"j":93,"w":0.528416}},{"type":"Feature","geometry":{"type":"Point","coordinates":[121.488868,31.310504]},"properties":{"j":35,"w":0.416787}},{"type":"Feature","geometry":{"type":"Point","coordinates":[121.488522,31.332151]},"properties":{"j":6,"w":0.226322}},{"type":"Feature","geometry":{"type":"Point","coordinates":[121.4961,31.119334]},"properties":{"j":39,"w":0.429042}},{"type":"Feature","geometry":{"type":"Point","coordinates":[121.495987,31.126549]},"properties":{"j":254,"w":0.644486}},{"type":"Feature","geometry":{"type":"Point","coordinates":[121.495816,31.137373]},"properties":{"j":13,"w":0.30694}},{"type":"Feature","geometry":{"type":"Point","coordinates":[121.495759,31.140981]},"properties":{"j":42,"w":0.437453}},{"type":"Feature","geometry":{"type":"Point","coordinates":[121.495702,31.144589]},"properties":{"j":67,"w":0.490757}},{"type":"Feature","geometry":{"type":"Point","coordinates":[121.495645,31.148197]},"properties":{"j":190,"w":0.610875}},{"type":"Feature","geometry":{"type":"Point","coordinates":[121.495588,31.151805]},"properties":{"j":32,"w":0.406667}},{"type":"Feature","geometry":{"type":"Point","coordinates":[121.495531,31.155413]},"properties":{"j":65,"w":0.487285}},{"type":"Feature","geometry":{"type":"Point","coordinates":[121.495474,31.159021]},"properties":{"j":555,"w":0.735148}},{"type":"Feature","geometry":{"type":"Point","coordinates":[121.495417,31.162629]},"properties":{"j":219,"w":0.627315}},{"type":"Feature","geometry":{"type":"Point","coordinates":[121.49536,31.166237]},"properties":{"j":206,"w":0.620231}},{"type":"Feature","geometry":{"type":"Point","coordinates":[121.495303,31.169845]},"properties":{"j":72,"w":0.499009}},{"type":"Feature","geometry":{"type":"Point","coordinates":[121.495246,31.173453]},"properties":{"j":60,"w":0.478122}},{"type":"Feature","geometry":{"type":"Point","coordinates":[121.495132,31.180669]},"properties":{"j":70,"w":0.495778}},{"type":"Feature","geometry":{"type":"Point","coordinates":[121.495074,31.184277]},"properties":{"j":533,"w":0.730452}},{"type":"Feature","geometry":{"type":"Point","coordinates":[121.495017,31.187885]},"properties":{"j":487,"w":0.719975}},{"type":"Feature","geometry":{"type":"Point","coordinates":[121.49496,31.191493]},"properties":{"j":899,"w":0.791164}},{"type":"Feature","geometry":{"type":"Point","coordinates":[121.494903,31.195101]},"properties":{"j":87,"w":0.520744}},{"type":"Feature","geometry":{"type":"Point","coordinates":[121.494846,31.198709]},"properties":{"j":49,"w":0.454995}},{"type":"Feature","geometry":{"type":"Point","coordinates":[121.494789,31.202316]},"properties":{"j":585,"w":0.74126}},{"type":"Feature","geometry":{"type":"Point","coordinates":[121.494732,31.205924]},"properties":{"j":3904,"w":0.961858}},{"type":"Feature","geometry":{"type":"Point","coordinates":[121.494675,31.209532]},"properties":{"j":169,"w":0.597328}},{"type":"Feature","geometry":{"type":"Point","coordinates":[121.494617,31.21314]},"properties":{"j":574,"w":0.739056}},{"type":"Feature","geometry":{"type":"Point","coordinates":[121.49456,31.216748]},"properties":{"j":113,"w":0.550852}},{"type":"Feature","geometry":{"type":"Point","coordinates":[121.494503,31.220356]},"properties":{"j":5521,"w":1.0}},{"type":"Feature","geometry":{"type":"Point","coordinates":[121.494446,31.223964]},"properties":{"j":49,"w":0.454995}},{"type":"Feature","geometry":{"type":"Point","coordinates":[121.494389,31.227572]},"properties":{"j":7966,"w":1.0}},{"type":"Feature","geometry":{"type":"Point","coordinates":[121.494331,31.23118]},"properties":{"j":335,"w":0.676569}},{"type":"Feature","geometry":{"type":"Point","coordinates":[121.494274,31.234788]},"properties":{"j":569,"w":0.73804}},{"type":"Feature","geometry":{"type":"Point","coordinates":[121.494217,31.238396]},"properties":{"j":5415,"w":0.999902}},{"type":"Feature","geometry":{"type":"Point","coordinates":[121.49416,31.242003]},"properties":{"j":328,"w":0.674121}},{"type":"Feature","geometry":{"type":"Point","coordinates":[121.494102,31.245611]},"properties":{"j":9,"w":0.267806}},{"type":"Feature","geometry":{"type":"Point","coordinates":[121.494045,31.249219]},"properties":{"j":3246,"w":0.940397}},{"type":"Feature","geometry":{"type":"Point","coordinates":[121.493988,31.252827]},"properties":{"j":5396,"w":0.999493}},{"type":"Feature","geometry":{"type":"Point","coordinates":[121.493931,31.256435]},"properties":{"j":1633,"w":0.860529}},{"type":"Feature","geometry":{"type":"Point","coordinates":[121.493873,31.260043]},"properties":{"j":207,"w":0.620792}},{"type":"Feature","geometry":{"type":"Point","coordinates":[121.493816,31.263651]},"properties":{"j":608,"w":0.745738}},{"type":"Feature","geometry":{"type":"Point","coordinates":[121.493759,31.267259]},"properties":{"j":2996,"w":0.931078}},{"type":"Feature","geometry":{"type":"Point","coordinates":[121.493701,31.270867]},"properties":{"j":36,"w":0.419974}},{"type":"Feature","geometry":{"type":"Point","coordinates":[121.493644,31.274475]},"properties":{"j":287,"w":0.65864}},{"type":"Feature","geometry":{"type":"Point","coordinates":[121.493587,31.278082]},"properties":{"j":740,"w":0.768555}},{"type":"Feature","geometry":{"type":"Point","coordinates":[121.493529,31.28169]},"properties":{"j":476,"w":0.717324}},{"type":"Feature","geometry":{"type":"Point","coordinates":[121.493472,31.285298]},"properties":{"j":627,"w":0.749311}},{"type":"Feature","geometry":{"type":"Point","coordinates":[121.493415,31.288906]},"properties":{"j":215,"w":0.625181}},{"type":"Feature","geometry":{"type":"Point","coordinates":[121.493357,31.292514]},"properties":{"j":905,"w":0.791937}},{"type":"Feature","geometry":{"type":"Point","coordinates":[121.4933,31.296122]},"properties":{"j":238,"w":0.63695}},{"type":"Feature","geometry":{"type":"Point","coordinates":[121.493242,31.29973]},"properties":{"j":1238,"w":0.828344}},{"type":"Feature","geometry":{"type":"Point","coordinates":[121.493185,31.303338]},"properties":{"j":1677,"w":0.863619}},{"type":"Feature","geometry":{"type":"Point","coordinates":[121.493128,31.306945]},"properties":{"j":83,"w":0.515334}},{"type":"Feature","geometry":{"type":"Point","coordinates":[121.49307,31.310553]},"properties":{"j":386,"w":0.693005}},{"type":"Feature","geometry":{"type":"Point","coordinates":[121.493013,31.314161]},"properties":{"j":515,"w":0.726464}},{"type":"Feature","geometry":{"type":"Point","coordinates":[121.49284,31.324985]},"properties":{"j":15,"w":0.322471}},{"type":"Feature","geometry":{"type":"Point","coordinates":[121.492725,31.3322]},"properties":{"j":9,"w":0.267806}},{"type":"Feature","geometry":{"type":"Point","coordinates":[121.492668,31.335808]},"properties":{"j":98,"w":0.534443}},{"type":"Feature","geometry":{"type":"Point","coordinates":[121.49261,31.339416]},"properties":{"j":9,"w":0.267806}},{"type":"Feature","geometry":{"type":"Point","coordinates":[121.500294,31.119382]},"properties":{"j":7,"w":0.241853}},{"type":"Feature","geometry":{"type":"Point","coordinates":[121.500237,31.12299]},"properties":{"j":215,"w":0.625181}},{"type":"Feature","geometry":{"type":"Point","coordinates":[121.500181,31.126598]},"properties":{"j":128,"w":0.565229}},{"type":"Feature","geometry":{"type":"Point","coordinates":[121.500124,31.130206]},"properties":{"j":236,"w":0.635972}},{"type":"Feature","geometry":{"type":"Point","coordinates":[121.50001,31.137422]},"properties":{"j":84,"w":0.51671}},{"type":"Feature","geometry":{"type":"Point","coordinates":[121.499897,31.144638]},"properties":{"j":14,"w":0.314964}},{"type":"Feature","geometry":{"type":"Point","coordinates":[121.49984,31.148246]},"properties":{"j":157,"w":0.588814}},{"type":"Feature","geometry":{"type":"Point","coordinates":[121.499726,31.155462]},"properties":{"j":476,"w":0.717324}},{"type":"Feature","geometry":{"type":"Point","coordinates":[121.499669,31.15907]},"properties":{"j":634,"w":0.7506}},{"type":"Feature","geometry":{"type":"Point","coordinates":[121.499612,31.162678]},"properties":{"j":172,"w":0.599363}},{"type":"Feature","geometry":{"type":"Point","coordinates":[121.499556,31.166286]},"properties":{"j":42,"w":0.437453}},{"type":"Feature","geometry":{"type":"Point","coordinates":[121.499499,31.169894]},"properties":{"j":69,"w":0.494129}},{"type":"Feature","geometry":{"type":"Point","coordinates":[121.499385,31.17711]},"properties":{"j":51,"w":0.459556}},{"type":"Feature","geometry":{"type":"Point","coordinates":[121.499328,31.180718]},"properties":{"j":526,"w":0.728918}},{"type":"Feature","geometry":{"type":"Point","coordinates":[121.499271,31.184326]},"properties":{"j":206,"w":0.620231}},{"type":"Feature","geometry":{"type":"Point","coordinates":[121.499214,31.187934]},"properties":{"j":931,"w":0.795228}},{"type":"Feature","geometry":{"type":"Point","coordinates":[121.499157,31.191542]},"properties":{"j":1269,"w":0.831218}},{"type":"Feature","geometry":{"type":"Point","coordinates":[121.4991,31.19515]},"properties":{"j":2277,"w":0.899174}},{"type":"Feature","geometry":{"type":"Point","coordinates":[121.499043,31.198758]},"properties":{"j":826,"w":0.781326}},{"type":"Feature","geometry":{"type":"Point","coordinates":[121.498986,31.202365]},"properties":{"j":75,"w":0.503693}},{"type":"Feature","geometry":{"type":"Point","coordinates":[121.498929,31.205973]},"properties":{"j":212,"w":0.623554}},{"type":"Feature","geometry":{"type":"Point","coordinates":[121.498872,31.209581]},"properties":{"j":2834,"w":0.924615}},{"type":"Feature","geometry":{"type":"Point","coordinates":[121.498815,31.213189]},"properties":{"j":122,"w":0.559689}},{"type":"Feature","geometry":{"type":"Point","coordinates":[121.498758,31.216797]},"properties":{"j":312,"w":0.668322}},{"type":"Feature","geometry":{"type":"Point","coordinates":[121.498701,31.220405]},"properties":{"j":205,"w":0.619668}},{"type":"Feature","geometry":{"type":"Point","coordinates":[121.498644,31.224013]},"properties":{"j":696,"w":0.761435}},{"type":"Feature","geometry":{"type":"Point","coordinates":[121.498587,31.227621]},"properties":{"j":415,"w":0.701409}},{"type":"Feature","geometry":{"type":"Point","coordinates":[121.49853,31.231229]},"properties":{"j":8,"w":0.255552}},{"type":"Feature","geometry":{"type":"Point","coordinates":[121.498473,31.234837]},"properties":{"j":1828,"w":0.873641}},{"type":"Feature","geometry":{"type":"Point","coordinates":[121.498416,31.238445]},"properties":{"j":3643,"w":0.953813}},{"type":"Feature","geometry":{"type":"Point","coordinates":[121.498359,31.242053]},"properties":{"j":4305,"w":0.973227}},{"type":"Feature","geometry":{"type":"Point","coordinates":[121.498302,31.245661]},"properties":{"j":525,"w":0.728697}},{"type":"Feature","geometry":{"type":"Point","coordinates":[121.498245,31.249268]},"properties":{"j":1864,"w":0.875908}},{"type":"Feature","geometry":{"type":"Point","coordinates":[121.498188,31.252876]},"properties":{"j":2766,"w":0.921791}},{"type":"Feature","geometry":{"type":"Point","coordinates":[121.49813,31.256484]},"properties":{"j":2181,"w":0.894166}},{"type":"Feature","geometry":{"type":"Point","coordinates":[121.498073,31.260092]},"properties":{"j":171,"w":0.598688}},{"type":"Feature","geometry":{"type":"Point","coordinates":[121.498016,31.2637]},"properties":{"j":255,"w":0.644941}},{"type":"Feature","geometry":{"type":"Point","coordinates":[121.497959,31.267308]},"properties":{"j":675,"w":0.757877}},{"type":"Feature","geometry":{"type":"Point","coordinates":[121.497845,31.274524]},"properties":{"j":78,"w":0.508196}},{"type":"Feature","geometry":{"type":"Point","coordinates":[121.497787,31.278132]},"properties":{"j":1263,"w":0.830667}},{"type":"Feature","geometry":{"type":"Point","coordinates":[121.49773,31.28174]},"properties":{"j":294,"w":0.661434}},{"type":"Feature","geometry":{"type":"Point","coordinates":[121.497673,31.285347]},"properties":{"j":505,"w":0.724188}},{"type":"Feature","geometry":{"type":"Point","coordinates":[121.497616,31.288955]},"properties":{"j":169,"w":0.597328}},{"type":"Feature","geometry":{"type":"Point","coordinates":[121.497559,31.292563]},"properties":{"j":592,"w":0.742641}},{"type":"Feature","geometry":{"type":"Point","coordinates":[121.497501,31.296171]},"properties":{"j":773,"w":0.773623}},{"type":"Feature","geometry":{"type":"Point","coordinates":[121.497444,31.299779]},"properties":{"j":2808,"w":0.923543}},{"type":"Feature","geometry":{"type":"Point","coordinates":[121.497387,31.303387]},"properties":{"j":891,"w":0.790126}},{"type":"Feature","geometry":{"type":"Point","coordinates":[121.49733,31.306995]},"properties":{"j":339,"w":0.677946}},{"type":"Feature","geometry":{"type":"Point","coordinates":[121.497272,31.310603]},"properties":{"j":338,"w":0.677603}},{"type":"Feature","geometry":{"type":"Point","coordinates":[121.497215,31.31421]},"properties":{"j":440,"w":0.708197}},{"type":"Feature","geometry":{"type":"Point","coordinates":[121.497158,31.317818]},"properties":{"j":40,"w":0.431913}},{"type":"Feature","geometry":{"type":"Point","coordinates":[121.496871,31.335858]},"properties":{"j":38,"w":0.426097}},{"type":"Feature","geometry":{"type":"Point","coordinates":[121.496814,31.339465]},"properties":{"j":1071,"w":0.811505}},{"type":"Feature","geometry":{"type":"Point","coordinates":[121.496756,31.343073]},"properties":{"j":833,"w":0.782306}},{"type":"Feature","geometry":{"type":"Point","coordinates":[121.504431,31.123039]},"properties":{"j":27,"w":0.387558}},{"type":"Feature","geometry":{"type":"Point","coordinates":[121.504375,31.126647]},"properties":{"j":30,"w":0.399396}},{"type":"Feature","geometry":{"type":"Point","coordinates":[121.504318,31.130255]},"properties":{"j":38,"w":0.426097}},{"type":"Feature","geometry":{"type":"Point","coordinates":[121.504205,31.137471]},"properties":{"j":291,"w":0.660245}},{"type":"Feature","geometry":{"type":"Point","coordinates":[121.504035,31.148295]},"properties":{"j":168,"w":0.596642}},{"type":"Feature","geometry":{"type":"Point","coordinates":[121.503978,31.151903]},"properties":{"j":80,"w":0.511104}},{"type":"Feature","geometry":{"type":"Point","coordinates":[121.503922,31.155511]},"properties":{"j":36,"w":0.419974}},{"type":"Feature","geometry":{"type":"Point","coordinates":[121.503865,31.159119]},"properties":{"j":148,"w":0.581993}},{"type":"Feature","geometry":{"type":"Point","coordinates":[121.503808,31.162727]},"properties":{"j":95,"w":0.530864}},{"type":"Feature","geometry":{"type":"Point","coordinates":[121.503751,31.166335]},"properties":{"j":776,"w":0.774073}},{"type":"Feature","geometry":{"type":"Point","coordinates":[121.503695,31.169943]},"properties":{"j":219,"w":0.627315}},{"type":"Feature","geometry":{"type":"Point","coordinates":[121.503638,31.173551]},"properties":{"j":74,"w":0.502153}},{"type":"Feature","geometry":{"type":"Point","coordinates":[121.503581,31.177159]},"properties":{"j":8,"w":0.255552}},{"type":"Feature","geometry":{"type":"Point","coordinates":[121.503524,31.180767]},"properties":{"j":71,"w":0.497405}},{"type":"Feature","geometry":{"type":"Point","coordinates":[121.503468,31.184375]},"properties":{"j":408,"w":0.699436}},{"type":"Feature","geometry":{"type":"Point","coordinates":[121.503411,31.187983]},"properties":{"j":392,"w":0.694794}},{"type":"Feature","geometry":{"type":"Point","coordinates":[121.503354,31.191591]},"properties":{"j":343,"w":0.679306}},{"type":"Feature","geometry":{"type":"Point","coordinates":[121.503297,31.195199]},"properties":{"j":734,"w":0.767609}},{"type":"Feature","geometry":{"type":"Point","coordinates":[121.503241,31.198806]},"properties":{"j":69,"w":0.494129}},{"type":"Feature","geometry":{"type":"Point","coordinates":[121.503127,31.206022]},"properties":{"j":128,"w":0.565229}},{"type":"Feature","geometry":{"type":"Point","coordinates":[121.50307,31.20963]},"properties":{"j":43,"w":0.440127}},{"type":"Feature","geometry":{"type":"Point","coordinates":[121.503013,31.213238]},"properties":{"j":467,"w":0.715108}},{"type":"Feature","geometry":{"type":"Point","coordinates":[121.502956,31.216846]},"properties":{"j":8787,"w":1.0}},{"type":"Feature","geometry":{"type":"Point","coordinates":[121.5029,31.220454]},"properties":{"j":2749,"w":0.921074}},{"type":"Feature","geometry":{"type":"Point","coordinates":[121.502843,31.224062]},"properties":{"j":16,"w":0.329522}},{"type":"Feature","geometry":{"type":"Point","coordinates":[121.502729,31.231278]},"properties":{"j":40,"w":0.431913}},{"type":"Feature","geometry":{"type":"Point","coordinates":[121.502672,31.234886]},"properties":{"j":3719,"w":0.956213}},{"type":"Feature","geometry":{"type":"Point","coordinates":[121.502615,31.238494]},"properties":{"j":2186,"w":0.894432}},{"type":"Feature","geometry":{"type":"Point","coordinates":[121.502558,31.242102]},"properties":{"j":3903,"w":0.961828}},{"type":"Feature","geometry":{"type":"Point","coordinates":[121.502501,31.24571]},"properties":{"j":2404,"w":0.905483}},{"type":"Feature","geometry":{"type":"Point","coordinates":[121.502444,31.249317]},"properties":{"j":8,"w":0.255552}},{"type":"Feature","geometry":{"type":"Point","coordinates":[121.502387,31.252925]},"properties":{"j":979,"w":0.801069}},{"type":"Feature","geometry":{"type":"Point","coordinates":[121.50233,31.256533]},"properties":{"j":899,"w":0.791164}},{"type":"Feature","geometry":{"type":"Point","coordinates":[121.502273,31.260141]},"properties":{"j":35,"w":0.416787}},{"type":"Feature","geometry":{"type":"Point","coordinates":[121.502216,31.263749]},"properties":{"j":2549,"w":0.912292}},{"type":"Feature","geometry":{"type":"Point","coordinates":[121.502159,31.267357]},"properties":{"j":1528,"w":0.852804}},{"type":"Feature","geometry":{"type":"Point","coordinates":[121.502102,31.270965]},"properties":{"j":589,"w":0.742051}},{"type":"Feature","geometry":{"type":"Point","coordinates":[121.502045,31.274573]},"properties":{"j":49,"w":0.454995}},{"type":"Feature","geometry":{"type":"Point","coordinates":[121.501988,31.278181]},"properties":{"j":85,"w":0.518071}},{"type":"Feature","geometry":{"type":"Point","coordinates":[121.501931,31.281789]},"properties":{"j":7664,"w":1.0}},{"type":"Feature","geometry":{"type":"Point","coordinates":[121.501874,31.285396]},"properties":{"j":907,"w":0.792194}},{"type":"Feature","geometry":{"type":"Point","coordinates":[121.501817,31.289004]},"properties":{"j":97,"w":0.533263}},{"type":"Feature","geometry":{"type":"Point","coordinates":[121.50176,31.292612]},"properties":{"j":59,"w":0.4762}},{"type":"Feature","geometry":{"type":"Point","coordinates":[121.501703,31.29622]},"properties":{"j":1217,"w":0.826355}},{"type":"Feature","geometry":{"type":"Point","coordinates":[121.501646,31.299828]},"properties":{"j":1123,"w":0.817014}},{"type":"Feature","geometry":{"type":"Point","coordinates":[121.501589,31.303436]},"properties":{"j":1832,"w":0.873895}},{"type":"Feature","geometry":{"type":"Point","coordinates":[121.501532,31.307044]},"properties":{"j":91,"w":0.525914}},{"type":"Feature","geometry":{"type":"Point","coordinates":[121.501474,31.310652]},"properties":{"j":1672,"w":0.863272}},{"type":"Feature","geometry":{"type":"Point","coordinates":[121.501417,31.31426]},"properties":{"j":284,"w":0.657423}},{"type":"Feature","geometry":{"type":"Point","coordinates":[121.50136,31.317867]},"properties":{"j":153,"w":0.585832}},{"type":"Feature","geometry":{"type":"Point","coordinates":[121.501303,31.321475]},"properties":{"j":9,"w":0.267806}},{"type":"Feature","geometry":{"type":"Point","coordinates":[121.501246,31.325083]},"properties":{"j":23,"w":0.369629}},{"type":"Feature","geometry":{"type":"Point","coordinates":[121.501132,31.332299]},"properties":{"j":32,"w":0.406667}},{"type":"Feature","geometry":{"type":"Point","coordinates":[121.501074,31.335907]},"properties":{"j":89,"w":0.523358}},{"type":"Feature","geometry":{"type":"Point","coordinates":[121.501017,31.339515]},"properties":{"j":1173,"w":0.822076}},{"type":"Feature","geometry":{"type":"Point","coordinates":[121.50096,31.343122]},"properties":{"j":1426,"w":0.844774}},{"type":"Feature","geometry":{"type":"Point","coordinates":[121.500903,31.34673]},"properties":{"j":711,"w":0.763912}},{"type":"Feature","geometry":{"type":"Point","coordinates":[121.500502,31.371985]},"properties":{"j":14,"w":0.314964}},{"type":"Feature","geometry":{"type":"Point","coordinates":[121.508682,31.11948]},"properties":{"j":6,"w":0.226322}},{"type":"Feature","geometry":{"type":"Point","coordinates":[121.508569,31.126696]},"properties":{"j":131,"w":0.567903}},{"type":"Feature","geometry":{"type":"Point","coordinates":[121.508456,31.133912]},"properties":{"j":44,"w":0.44274}},{"type":"Feature","geometry":{"type":"Point","coordinates":[121.508399,31.13752]},"properties":{"j":7,"w":0.241853}},{"type":"Feature","geometry":{"type":"Point","coordinates":[121.508343,31.141128]},"properties":{"j":619,"w":0.74782}},{"type":"Feature","geometry":{"type":"Point","coordinates":[121.508286,31.144736]},"properties":{"j":732,"w":0.767292}},{"type":"Feature","geometry":{"type":"Point","coordinates":[121.50823,31.148344]},"properties":{"j":30,"w":0.399396}},{"type":"Feature","geometry":{"type":"Point","coordinates":[121.508173,31.151952]},"properties":{"j":156,"w":0.588075}},{"type":"Feature","geometry":{"type":"Point","coordinates":[121.508117,31.15556]},"properties":{"j":27,"w":0.387558}},{"type":"Feature","geometry":{"type":"Point","coordinates":[121.508004,31.162776]},"properties":{"j":147,"w":0.581209}},{"type":"Feature","geometry":{"type":"Point","coordinates":[121.507947,31.166384]},"properties":{"j":555,"w":0.735148}},{"type":"Feature","geometry":{"type":"Point","coordinates":[121.507891,31.169992]},"properties":{"j":446,"w":0.709769}},{"type":"Feature","geometry":{"type":"Point","coordinates":[121.507834,31.1736]},"properties":{"j":271,"w":0.651993}},{"type":"Feature","geometry":{"type":"Point","coordinates":[121.507778,31.177207]},"properties":{"j":119,"w":0.556818}},{"type":"Feature","geometry":{"type":"Point","coordinates":[121.507721,31.180815]},"properties":{"j":6,"w":0.226322}},{"type":"Feature","geometry":{"type":"Point","coordinates":[121.507664,31.184423]},"properties":{"j":110,"w":0.54775}},{"type":"Feature","geometry":{"type":"Point","coordinates":[121.507608,31.188031]},"properties":{"j":263,"w":0.64852}},{"type":"Feature","geometry":{"type":"Point","coordinates":[121.507551,31.191639]},"properties":{"j":20,"w":0.354098}},{"type":"Feature","geometry":{"type":"Point","coordinates":[121.507494,31.195247]},"properties":{"j":1754,"w":0.868837}},{"type":"Feature","geometry":{"type":"Point","coordinates":[121.507438,31.198855]},"properties":{"j":443,"w":0.708985}},{"type":"Feature","geometry":{"type":"Point","coordinates":[121.507325,31.206071]},"properties":{"j":288,"w":0.659044}},{"type":"Feature","geometry":{"type":"Point","coordinates":[121.507268,31.209679]},"properties":{"j":16,"w":0.329522}},{"type":"Feature","geometry":{"type":"Point","coordinates":[121.507211,31.213287]},"properties":{"j":1836,"w":0.874149}},{"type":"Feature","geometry":{"type":"Point","coordinates":[121.507154,31.216895]},"properties":{"j":49,"w":0.454995}},{"type":"Feature","geometry":{"type":"Point","coordinates":[121.507098,31.220503]},"properties":{"j":917,"w":0.793467}},{"type":"Feature","geometry":{"type":"Point","coordinates":[121.507041,31.224111]},"properties":{"j":50,"w":0.457298}},{"type":"Feature","geometry":{"type":"Point","coordinates":[121.506984,31.227719]},"properties":{"j":537,"w":0.73132}},{"type":"Feature","geometry":{"type":"Point","coordinates":[121.506928,31.231327]},"properties":{"j":213,"w":0.624099}},{"type":"Feature","geometry":{"type":"Point","coordinates":[121.506871,31.234935]},"properties":{"j":310,"w":0.667577}},{"type":"Feature","geometry":{"type":"Point","coordinates":[121.506814,31.238543]},"properties":{"j":4467,"w":0.977523}},{"type":"Feature","geometry":{"type":"Point","coordinates":[121.506757,31.24215]},"properties":{"j":6242,"w":1.0}},{"type":"Feature","geometry":{"type":"Point","coordinates":[121.5067,31.245758]},"properties":{"j":3225,"w":0.939642}},{"type":"Feature","geometry":{"type":"Point","coordinates":[121.506644,31.249366]},"properties":{"j":11,"w":0.289011}},{"type":"Feature","geometry":{"type":"Point","coordinates":[121.506587,31.252974]},"properties":{"j":328,"w":0.674121}},{"type":"Feature","geometry":{"type":"Point","coordinates":[121.50653,31.256582]},"properties":{"j":18,"w":0.342458}},{"type":"Feature","geometry":{"type":"Point","coordinates":[121.506473,31.26019]},"properties":{"j":1089,"w":0.813442}},{"type":"Feature","geometry":{"type":"Point","coordinates":[121.506416,31.263798]},"properties":{"j":4468,"w":0.977549}},{"type":"Feature","geometry":{"type":"Point","coordinates":[121.50636,31.267406]},"properties":{"j":134,"w":0.570516}},{"type":"Feature","geometry":{"type":"Point","coordinates":[121.506303,31.271014]},"properties":{"j":13,"w":0.30694}},{"type":"Feature","geometry":{"type":"Point","coordinates":[121.506246,31.274622]},"properties":{"j":57,"w":0.472257}},{"type":"Feature","geometry":{"type":"Point","coordinates":[121.506189,31.27823]},"properties":{"j":582,"w":0.740663}},{"type":"Feature","geometry":{"type":"Point","coordinates":[121.506132,31.281837]},"properties":{"j":659,"w":0.755091}},{"type":"Feature","geometry":{"type":"Point","coordinates":[121.506075,31.285445]},"properties":{"j":104,"w":0.541287}},{"type":"Feature","geometry":{"type":"Point","coordinates":[121.506018,31.289053]},"properties":{"j":30,"w":0.399396}},{"type":"Feature","geometry":{"type":"Point","coordinates":[121.505961,31.292661]},"properties":{"j":41,"w":0.434716}},{"type":"Feature","geometry":{"type":"Point","coordinates":[121.505905,31.296269]},"properties":{"j":113,"w":0.550852}},{"type":"Feature","geometry":{"type":"Point","coordinates":[121.505848,31.299877]},"properties":{"j":192,"w":0.612086}},{"type":"Feature","geometry":{"type":"Point","coordinates":[121.505791,31.303485]},"properties":{"j":93,"w":0.528416}},{"type":"Feature","geometry":{"type":"Point","coordinates":[121.505734,31.307093]},"properties":{"j":498,"w":0.722568}},{"type":"Feature","geometry":{"type":"Point","coordinates":[121.505677,31.310701]},"properties":{"j":773,"w":0.773623}},{"type":"Feature","geometry":{"type":"Point","coordinates":[121.50562,31.314309]},"properties":{"j":443,"w":0.708985}},{"type":"Feature","geometry":{"type":"Point","coordinates":[121.505563,31.317916]},"properties":{"j":436,"w":0.707137}},{"type":"Feature","geometry":{"type":"Point","coordinates":[121.505506,31.321524]},"properties":{"j":193,"w":0.612687}},{"type":"Feature","geometry":{"type":"Point","coordinates":[121.505392,31.32874]},"properties":{"j":27,"w":0.387558}},{"type":"Feature","geometry":{"type":"Point","coordinates":[121.505335,31.332348]},"properties":{"j":7,"w":0.241853}},{"type":"Feature","geometry":{"type":"Point","coordinates":[121.505221,31.339564]},"properties":{"j":1181,"w":0.822866}},{"type":"Feature","geometry":{"type":"Point","coordinates":[121.505164,31.343172]},"properties":{"j":2543,"w":0.912018}},{"type":"Feature","geometry":{"type":"Point","coordinates":[121.505107,31.346779]},"properties":{"j":412,"w":0.700568}},{"type":"Feature","geometry":{"type":"Point","coordinates":[121.504821,31.364819]},"properties":{"j":11,"w":0.289011}},{"type":"Feature","geometry":{"type":"Point","coordinates":[121.504707,31.372034]},"properties":{"j":16,"w":0.329522}},{"type":"Feature","geometry":{"type":"Point","coordinates":[121.50465,31.375642]},"properties":{"j":16,"w":0.329522}},{"type":"Feature","geometry":{"type":"Point","coordinates":[121.512876,31.119528]},"properties":{"j":59,"w":0.4762}},{"type":"Feature","geometry":{"type":"Point","coordinates":[121.512819,31.123136]},"properties":{"j":51,"w":0.459556}},{"type":"Feature","geometry":{"type":"Point","coordinates":[121.512707,31.130352]},"properties":{"j":213,"w":0.624099}},{"type":"Feature","geometry":{"type":"Point","coordinates":[121.51265,31.13396]},"properties":{"j":153,"w":0.585832}},{"type":"Feature","geometry":{"type":"Point","coordinates":[121.512594,31.137568]},"properties":{"j":26,"w":0.383328}},{"type":"Feature","geometry":{"type":"Point","coordinates":[121.512538,31.141176]},"properties":{"j":6,"w":0.226322}},{"type":"Feature","geometry":{"type":"Point","coordinates":[121.512425,31.148392]},"properties":{"j":44,"w":0.44274}},{"type":"Feature","geometry":{"type":"Point","coordinates":[121.512369,31.152]},"properties":{"j":131,"w":0.567903}},{"type":"Feature","geometry":{"type":"Point","coordinates":[121.512312,31.155608]},"properties":{"j":298,"w":0.663}},{"type":"Feature","geometry":{"type":"Point","coordinates":[121.512256,31.159216]},"properties":{"j":534,"w":0.73067}},{"type":"Feature","geometry":{"type":"Point","coordinates":[121.5122,31.162824]},"properties":{"j":1031,"w":0.807082}},{"type":"Feature","geometry":{"type":"Point","coordinates":[121.512143,31.166432]},"properties":{"j":837,"w":0.782863}},{"type":"Feature","geometry":{"type":"Point","coordinates":[121.512087,31.17004]},"properties":{"j":145,"w":0.579627}},{"type":"Feature","geometry":{"type":"Point","coordinates":[121.51203,31.173648]},"properties":{"j":902,"w":0.791551}},{"type":"Feature","geometry":{"type":"Point","coordinates":[121.511974,31.177256]},"properties":{"j":42,"w":0.437453}},{"type":"Feature","geometry":{"type":"Point","coordinates":[121.511917,31.180864]},"properties":{"j":37,"w":0.423076}},{"type":"Feature","geometry":{"type":"Point","coordinates":[121.511861,31.184472]},"properties":{"j":176,"w":0.602021}},{"type":"Feature","geometry":{"type":"Point","coordinates":[121.511805,31.18808]},"properties":{"j":23,"w":0.369629}},{"type":"Feature","geometry":{"type":"Point","coordinates":[121.511748,31.191688]},"properties":{"j":151,"w":0.584311}},{"type":"Feature","geometry":{"type":"Point","coordinates":[121.511692,31.195296]},"properties":{"j":531,"w":0.730016}},{"type":"Feature","geometry":{"type":"Point","coordinates":[121.511635,31.198904]},"properties":{"j":79,"w":0.509659}},{"type":"Feature","geometry":{"type":"Point","coordinates":[121.511522,31.20612]},"properties":{"j":160,"w":0.591002}},{"type":"Feature","geometry":{"type":"Point","coordinates":[121.511466,31.209728]},"properties":{"j":23,"w":0.369629}},{"type":"Feature","geometry":{"type":"Point","coordinates":[121.511409,31.213336]},"properties":{"j":111,"w":0.548793}},{"type":"Feature","geometry":{"type":"Point","coordinates":[121.511353,31.216944]},"properties":{"j":702,"w":0.762432}},{"type":"Feature","geometry":{"type":"Point","coordinates":[121.511296,31.220552]},"properties":{"j":1587,"w":0.857207}},{"type":"Feature","geometry":{"type":"Point","coordinates":[121.511239,31.224159]},"properties":{"j":867,"w":0.786954}},{"type":"Feature","geometry":{"type":"Point","coordinates":[121.511183,31.227767]},"properties":{"j":2675,"w":0.917902}},{"type":"Feature","geometry":{"type":"Point","coordinates":[121.511126,31.231375]},"properties":{"j":7591,"w":1.0}},{"type":"Feature","geometry":{"type":"Point","coordinates":[121.51107,31.234983]},"properties":{"j":2278,"w":0.899225}},{"type":"Feature","geometry":{"type":"Point","coordinates":[121.511013,31.238591]},"properties":{"j":1098,"w":0.814398}},{"type":"Feature","geometry":{"type":"Point","coordinates":[121.510956,31.242199]},"properties":{"j":1025,"w":0.806404}},{"type":"Feature","geometry":{"type":"Point","coordinates":[121.5109,31.245807]},"properties":{"j":1346,"w":0.838064}},{"type":"Feature","geometry":{"type":"Point","coordinates":[121.510843,31.249415]},"properties":{"j":8,"w":0.255552}},{"type":"Feature","geometry":{"type":"Point","coordinates":[121.510787,31.253023]},"properties":{"j":1482,"w":0.849251}},{"type":"Feature","geometry":{"type":"Point","coordinates":[121.51073,31.256631]},"properties":{"j":1294,"w":0.833485}},{"type":"Feature","geometry":{"type":"Point","coordinates":[121.510673,31.260239]},"properties":{"j":4734,"w":0.984273}},{"type":"Feature","geometry":{"type":"Point","coordinates":[121.510617,31.263847]},"properties":{"j":1034,"w":0.80742}},{"type":"Feature","geometry":{"type":"Point","coordinates":[121.51056,31.267455]},"properties":{"j":236,"w":0.635972}},{"type":"Feature","geometry":{"type":"Point","coordinates":[121.510503,31.271063]},"properties":{"j":348,"w":0.680984}},{"type":"Feature","geometry":{"type":"Point","coordinates":[121.510447,31.27467]},"properties":{"j":200,"w":0.61681}},{"type":"Feature","geometry":{"type":"Point","coordinates":[121.51039,31.278278]},"properties":{"j":138,"w":0.573913}},{"type":"Feature","geometry":{"type":"Point","coordinates":[121.510333,31.281886]},"properties":{"j":678,"w":0.758392}},{"type":"Feature","geometry":{"type":"Point","coordinates":[121.510276,31.285494]},"properties":{"j":1324,"w":0.836149}},{"type":"Feature","geometry":{"type":"Point","coordinates":[121.51022,31.289102]},"properties":{"j":194,"w":0.613285}},{"type":"Feature","geometry":{"type":"Point","coordinates":[121.510163,31.29271]},"properties":{"j":19,"w":0.348424}},{"type":"Feature","geometry":{"type":"Point","coordinates":[121.510106,31.296318]},"properties":{"j":13,"w":0.30694}},{"type":"Feature","geometry":{"type":"Point","coordinates":[121.510049,31.299926]},"properties":{"j":193,"w":0.612687}},{"type":"Feature","geometry":{"type":"Point","coordinates":[121.509993,31.303534]},"properties":{"j":2837,"w":0.924738}},{"type":"Feature","geometry":{"type":"Point","coordinates":[121.509936,31.307142]},"properties":{"j":1620,"w":0.8596}},{"type":"Feature","geometry":{"type":"Point","coordinates":[121.509879,31.310749]},"properties":{"j":1220,"w":0.826641}},{"type":"Feature","geometry":{"type":"Point","coordinates":[121.509822,31.314357]},"properties":{"j":23,"w":0.369629}},{"type":"Feature","geometry":{"type":"Point","coordinates":[121.509765,31.317965]},"properties":{"j":84,"w":0.51671}},{"type":"Feature","geometry":{"type":"Point","coordinates":[121.509708,31.321573]},"properties":{"j":9,"w":0.267806}},{"type":"Feature","geometry":{"type":"Point","coordinates":[121.509652,31.325181]},"properties":{"j":1040,"w":0.808092}},{"type":"Feature","geometry":{"type":"Point","coordinates":[121.509595,31.328789]},"properties":{"j":6,"w":0.226322}},{"type":"Feature","geometry":{"type":"Point","coordinates":[121.509538,31.332397]},"properties":{"j":23,"w":0.369629}},{"type":"Feature","geometry":{"type":"Point","coordinates":[121.509424,31.339613]},"properties":{"j":89,"w":0.523358}},{"type":"Feature","geometry":{"type":"Point","coordinates":[121.509367,31.34322]},"properties":{"j":889,"w":0.789865}},{"type":"Feature","geometry":{"type":"Point","coordinates":[121.50931,31.346828]},"properties":{"j":120,"w":0.557783}},{"type":"Feature","geometry":{"type":"Point","coordinates":[121.517069,31.119577]},"properties":{"j":28,"w":0.391639}},{"type":"Feature","geometry":{"type":"Point","coordinates":[121.517013,31.123185]},"properties":{"j":13,"w":0.30694}},{"type":"Feature","geometry":{"type":"Point","coordinates":[121.516901,31.130401]},"properties":{"j":230,"w":0.63299}},{"type":"Feature","geometry":{"type":"Point","coordinates":[121.516845,31.134009]},"properties":{"j":342,"w":0.678967}},{"type":"Feature","geometry":{"type":"Point","coordinates":[121.516676,31.144833]},"properties":{"j":11,"w":0.289011}},{"type":"Feature","geometry":{"type":"Point","coordinates":[121.51662,31.148441]},"properties":{"j":522,"w":0.728031}},{"type":"Feature","geometry":{"type":"Point","coordinates":[121.516508,31.155657]},"properties":{"j":549,"w":0.733886}},{"type":"Feature","geometry":{"type":"Point","coordinates":[121.516451,31.159265]},"properties":{"j":502,"w":0.723497}},{"type":"Feature","geometry":{"type":"Point","coordinates":[121.516395,31.162873]},"properties":{"j":1515,"w":0.851811}},{"type":"Feature","geometry":{"type":"Point","coordinates":[121.516339,31.166481]},"properties":{"j":839,"w":0.78314}},{"type":"Feature","geometry":{"type":"Point","coordinates":[121.516283,31.170089]},"properties":{"j":657,"w":0.754738}},{"type":"Feature","geometry":{"type":"Point","coordinates":[121.516226,31.173697]},"properties":{"j":2234,"w":0.896957}},{"type":"Feature","geometry":{"type":"Point","coordinates":[121.51617,31.177305]},"properties":{"j":365,"w":0.686516}},{"type":"Feature","geometry":{"type":"Point","coordinates":[121.516114,31.180912]},"properties":{"j":169,"w":0.597328}},{"type":"Feature","geometry":{"type":"Point","coordinates":[121.516058,31.18452]},"properties":{"j":214,"w":0.624641}},{"type":"Feature","geometry":{"type":"Point","coordinates":[121.516001,31.188128]},"properties":{"j":89,"w":0.523358}},{"type":"Feature","geometry":{"type":"Point","coordinates":[121.515945,31.191736]},"properties":{"j":7,"w":0.241853}},{"type":"Feature","geometry":{"type":"Point","coordinates":[121.515889,31.195344]},"properties":{"j":1605,"w":0.858518}},{"type":"Feature","geometry":{"type":"Point","coordinates":[121.515832,31.198952]},"properties":{"j":106,"w":0.543481}},{"type":"Feature","geometry":{"type":"Point","coordinates":[121.515776,31.20256]},"properties":{"j":357,"w":0.683946}},{"type":"Feature","geometry":{"type":"Point","coordinates":[121.51572,31.206168]},"properties":{"j":258,"w":0.646297}},{"type":"Feature","geometry":{"type":"Point","coordinates":[121.515663,31.209776]},"properties":{"j":408,"w":0.699436}},{"type":"Feature","geometry":{"type":"Point","coordinates":[121.515607,31.213384]},"properties":{"j":70,"w":0.495778}},{"type":"Feature","geometry":{"type":"Point","coordinates":[121.515551,31.216992]},"properties":{"j":3551,"w":0.950839}},{"type":"Feature","geometry":{"type":"Point","coordinates":[121.515494,31.2206]},"properties":{"j":628,"w":0.749496}},{"type":"Feature","geometry":{"type":"Point","coordinates":[121.515438,31.224208]},"properties":{"j":366,"w":0.686833}},{"type":"Feature","geometry":{"type":"Point","coordinates":[121.515381,31.227816]},"properties":{"j":2117,"w":0.890703}},{"type":"Feature","geometry":{"type":"Point","coordinates":[121.515325,31.231424]},"properties":{"j":3598,"w":0.952367}},{"type":"Feature","geometry":{"type":"Point","coordinates":[121.515269,31.235032]},"properties":{"j":450,"w":0.710805}},{"type":"Feature","geometry":{"type":"Point","coordinates":[121.515212,31.23864]},"properties":{"j":483,"w":0.719018}},{"type":"Feature","geometry":{"type":"Point","coordinates":[121.515156,31.242248]},"properties":{"j":893,"w":0.790386}},{"type":"Feature","geometry":{"type":"Point","coordinates":[121.515099,31.245856]},"properties":{"j":1562,"w":0.855362}},{"type":"Feature","geometry":{"type":"Point","coordinates":[121.515043,31.249464]},"properties":{"j":280,"w":0.655779}},{"type":"Feature","geometry":{"type":"Point","coordinates":[121.514986,31.253072]},"properties":{"j":1753,"w":0.868771}},{"type":"Feature","geometry":{"type":"Point","coordinates":[121.51493,31.256679]},"properties":{"j":865,"w":0.786685}},{"type":"Feature","geometry":{"type":"Point","coordinates":[121.514873,31.260287]},"properties":{"j":482,"w":0.718778}},{"type":"Feature","geometry":{"type":"Point","coordinates":[121.514817,31.263895]},"properties":{"j":847,"w":0.784242}},{"type":"Feature","geometry":{"type":"Point","coordinates":[121.51476,31.267503]},"properties":{"j":1134,"w":0.818147}},{"type":"Feature","geometry":{"type":"Point","coordinates":[121.514704,31.271111]},"properties":{"j":49,"w":0.454995}},{"type":"Feature","geometry":{"type":"Point","coordinates":[121.514647,31.274719]},"properties":{"j":417,"w":0.701967}},{"type":"Feature","geometry":{"type":"Point","coordinates":[121.514591,31.278327]},"properties":{"j":718,"w":0.76505}},{"type":"Feature","geometry":{"type":"Point","coordinates":[121.514477,31.285543]},"properties":{"j":168,"w":0.596642}},{"type":"Feature","geometry":{"type":"Point","coordinates":[121.514421,31.289151]},"properties":{"j":3774,"w":0.95792}},{"type":"Feature","geometry":{"type":"Point","coordinates":[121.514364,31.292759]},"properties":{"j":1654,"w":0.862014}},{"type":"Feature","geometry":{"type":"Point","coordinates":[121.514308,31.296367]},"properties":{"j":364,"w":0.686198}},{"type":"Feature","geometry":{"type":"Point","coordinates":[121.514251,31.299974]},"properties":{"j":1666,"w":0.862854}},{"type":"Feature","geometry":{"type":"Point","coordinates":[121.514194,31.303582]},"properties":{"j":1954,"w":0.881389}},{"type":"Feature","geometry":{"type":"Point","coordinates":[121.514138,31.30719]},"properties":{"j":90,"w":0.524643}},{"type":"Feature","geometry":{"type":"Point","coordinates":[121.514081,31.310798]},"properties":{"j":31,"w":0.403088}},{"type":"Feature","geometry":{"type":"Point","coordinates":[121.513968,31.318014]},"properties":{"j":125,"w":0.562492}},{"type":"Feature","geometry":{"type":"Point","coordinates":[121.513911,31.321622]},"properties":{"j":189,"w":0.610264}},{"type":"Feature","geometry":{"type":"Point","coordinates":[121.513798,31.328838]},"properties":{"j":489,"w":0.720451}},{"type":"Feature","geometry":{"type":"Point","coordinates":[121.513741,31.332446]},"properties":{"j":76,"w":0.505214}},{"type":"Feature","geometry":{"type":"Point","coordinates":[121.513628,31.339661]},"properties":{"j":56,"w":0.470234}},{"type":"Feature","geometry":{"type":"Point","coordinates":[121.513571,31.343269]},"properties":{"j":169,"w":0.597328}},{"type":"Feature","geometry":{"type":"Point","coordinates":[121.521263,31.119625]},"properties":{"j":60,"w":0.478122}},{"type":"Feature","geometry":{"type":"Point","coordinates":[121.521207,31.123233]},"properties":{"j":317,"w":0.670165}},{"type":"Feature","geometry":{"type":"Point","coordinates":[121.521151,31.126841]},"properties":{"j":309,"w":0.667202}},{"type":"Feature","geometry":{"type":"Point","coordinates":[121.521095,31.130449]},"properties":{"j":21,"w":0.359509}},{"type":"Feature","geometry":{"type":"Point","coordinates":[121.521039,31.134057]},"properties":{"j":45,"w":0.445297}},{"type":"Feature","geometry":{"type":"Point","coordinates":[121.520871,31.144881]},"properties":{"j":229,"w":0.632485}},{"type":"Feature","geometry":{"type":"Point","coordinates":[121.520759,31.152097]},"properties":{"j":11,"w":0.289011}},{"type":"Feature","geometry":{"type":"Point","coordinates":[121.520703,31.155705]},"properties":{"j":726,"w":0.766337}},{"type":"Feature","geometry":{"type":"Point","coordinates":[121.520647,31.159313]},"properties":{"j":177,"w":0.602676}},{"type":"Feature","geometry":{"type":"Point","coordinates":[121.520591,31.162921]},"properties":{"j":730,"w":0.766975}},{"type":"Feature","geometry":{"type":"Point","coordinates":[121.520535,31.166529]},"properties":{"j":642,"w":0.752056}},{"type":"Feature","geometry":{"type":"Point","coordinates":[121.520479,31.170137]},"properties":{"j":731,"w":0.767134}},{"type":"Feature","geometry":{"type":"Point","coordinates":[121.520423,31.173745]},"properties":{"j":335,"w":0.676569}},{"type":"Feature","geometry":{"type":"Point","coordinates":[121.520367,31.177353]},"properties":{"j":284,"w":0.657423}},{"type":"Feature","geometry":{"type":"Point","coordinates":[121.52031,31.180961]},"properties":{"j":109,"w":0.546698}},{"type":"Feature","geometry":{"type":"Point","coordinates":[121.520254,31.184569]},"properties":{"j":80,"w":0.511104}},{"type":"Feature","geometry":{"type":"Point","coordinates":[121.520198,31.188177]},"properties":{"j":86,"w":0.519415}},{"type":"Feature","geometry":{"type":"Point","coordinates":[121.520142,31.191785]},"properties":{"j":330,"w":0.674825}},{"type":"Feature","geometry":{"type":"Point","coordinates":[121.520086,31.195393]},"properties":{"j":2631,"w":0.915974}},{"type":"Feature","geometry":{"type":"Point","coordinates":[121.52003,31.199001]},"properties":{"j":230,"w":0.63299}},{"type":"Feature","geometry":{"type":"Point","coordinates":[121.519974,31.202609]},"properties":{"j":114,"w":0.551868}},{"type":"Feature","geometry":{"type":"Point","coordinates":[121.519917,31.206217]},"properties":{"j":229,"w":0.632485}},{"type":"Feature","geometry":{"type":"Point","coordinates":[121.519861,31.209825]},"properties":{"j":433,"w":0.706336}},{"type":"Feature","geometry":{"type":"Point","coordinates":[121.519805,31.213433]},"properties":{"j":174,"w":0.600699}},{"type":"Feature","geometry":{"type":"Point","coordinates":[121.519749,31.217041]},"properties":{"j":904,"w":0.791809}},{"type":"Feature","geometry":{"type":"Point","coordinates":[121.519692,31.220648]},"properties":{"j":320,"w":0.671257}},{"type":"Feature","geometry":{"type":"Point","coordinates":[121.519636,31.224256]},"properties":{"j":237,"w":0.636462}},{"type":"Feature","geometry":{"type":"Point","coordinates":[121.51958,31.227864]},"properties":{"j":4328,"w":0.973847}},{"type":"Feature","geometry":{"type":"Point","coordinates":[121.519524,31.231472]},"properties":{"j":4078,"w":0.966928}},{"type":"Feature","geometry":{"type":"Point","coordinates":[121.519467,31.23508]},"properties":{"j":186,"w":0.608413}},{"type":"Feature","geometry":{"type":"Point","coordinates":[121.519411,31.238688]},"properties":{"j":362,"w":0.685559}},{"type":"Feature","geometry":{"type":"Point","coordinates":[121.519355,31.242296]},"properties":{"j":1379,"w":0.840879}},{"type":"Feature","geometry":{"type":"Point","coordinates":[121.519299,31.245904]},"properties":{"j":1194,"w":0.824138}},{"type":"Feature","geometry":{"type":"Point","coordinates":[121.519242,31.249512]},"properties":{"j":118,"w":0.555844}},{"type":"Feature","geometry":{"type":"Point","coordinates":[121.519186,31.25312]},"properties":{"j":3465,"w":0.947988}},{"type":"Feature","geometry":{"type":"Point","coordinates":[121.51913,31.256728]},"properties":{"j":414,"w":0.701129}},{"type":"Feature","geometry":{"type":"Point","coordinates":[121.519073,31.260336]},"properties":{"j":29,"w":0.395582}},{"type":"Feature","geometry":{"type":"Point","coordinates":[121.519017,31.263944]},"properties":{"j":140,"w":0.575574}},{"type":"Feature","geometry":{"type":"Point","coordinates":[121.518961,31.267552]},"properties":{"j":271,"w":0.651993}},{"type":"Feature","geometry":{"type":"Point","coordinates":[121.518904,31.27116]},"properties":{"j":258,"w":0.646297}},{"type":"Feature","geometry":{"type":"Point","coordinates":[121.518848,31.274768]},"properties":{"j":1341,"w":0.837631}},{"type":"Feature","geometry":{"type":"Point","coordinates":[121.518622,31.289199]},"properties":{"j":1136,"w":0.818351}},{"type":"Feature","geometry":{"type":"Point","coordinates":[121.518566,31.292807]},"properties":{"j":709,"w":0.763585}},{"type":"Feature","geometry":{"type":"Point","coordinates":[121.518509,31.296415]},"properties":{"j":442,"w":0.708723}},{"type":"Feature","geometry":{"type":"Point","coordinates":[121.518453,31.300023]},"properties":{"j":1822,"w":0.873259}},{"type":"Feature","geometry":{"type":"Point","coordinates":[121.518396,31.303631]},"properties":{"j":473,"w":0.71659}},{"type":"Feature","geometry":{"type":"Point","coordinates":[121.51834,31.307239]},"properties":{"j":68,"w":0.492455}},{"type":"Feature","geometry":{"type":"Point","coordinates":[121.518283,31.310847]},"properties":{"j":668,"w":0.756666}},{"type":"Feature","geometry":{"type":"Point","coordinates":[121.518227,31.314455]},"properties":{"j":210,"w":0.622457}},{"type":"Feature","geometry":{"type":"Point","coordinates":[121.51817,31.318063]},"properties":{"j":22,"w":0.364679}},{"type":"Feature","geometry":{"type":"Point","coordinates":[121.518114,31.32167]},"properties":{"j":168,"w":0.596642}},{"type":"Feature","geometry":{"type":"Point","coordinates":[121.518057,31.325278]},"properties":{"j":57,"w":0.472257}},{"type":"Feature","geometry":{"type":"Point","coordinates":[121.518001,31.328886]},"properties":{"j":1013,"w":0.805035}},{"type":"Feature","geometry":{"type":"Point","coordinates":[121.517944,31.332494]},"properties":{"j":24,"w":0.374377}},{"type":"Feature","geometry":{"type":"Point","coordinates":[121.517888,31.336102]},"properties":{"j":96,"w":0.53207}},{"type":"Feature","geometry":{"type":"Point","coordinates":[121.517718,31.346926]},"properties":{"j":28,"w":0.391639}},{"type":"Feature","geometry":{"type":"Point","coordinates":[121.517152,31.383004]},"properties":{"j":89,"w":0.523358}},{"type":"Feature","geometry":{"type":"Point","coordinates":[121.525401,31.123281]},"properties":{"j":57,"w":0.472257}},{"type":"Feature","geometry":{"type":"Point","coordinates":[121.525345,31.126889]},"properties":{"j":371,"w":0.688407}},{"type":"Feature","geometry":{"type":"Point","coordinates":[121.525066,31.144929]},"properties":{"j":28,"w":0.391639}},{"type":"Feature","geometry":{"type":"Point","coordinates":[121.52501,31.148537]},"properties":{"j":101,"w":0.537915}},{"type":"Feature","geometry":{"type":"Point","coordinates":[121.524787,31.162969]},"properties":{"j":7,"w":0.241853}},{"type":"Feature","geometry":{"type":"Point","coordinates":[121.524731,31.166577]},"properties":{"j":672,"w":0.75736}},{"type":"Feature","geometry":{"type":"Point","coordinates":[121.524675,31.170185]},"properties":{"j":544,"w":0.732824}},{"type":"Feature","geometry":{"type":"Point","coordinates":[121.524619,31.173793]},"properties":{"j":309,"w":0.667202}},{"type":"Feature","geometry":{"type":"Point","coordinates":[121.524563,31.177401]},"properties":{"j":15,"w":0.322471}},{"type":"Feature","geometry":{"type":"Point","coordinates":[121.524507,31.181009]},"properties":{"j":282,"w":0.656603}},{"type":"Feature","geometry":{"type":"Point","coordinates":[121.524451,31.184617]},"properties":{"j":1049,"w":0.809093}},{"type":"Feature","geometry":{"type":"Point","coordinates":[121.524395,31.188225]},"properties":{"j":67,"w":0.490757}},{"type":"Feature","geometry":{"type":"Point","coordinates":[121.524283,31.195441]},"properties":{"j":24,"w":0.374377}},{"type":"Feature","geometry":{"type":"Point","coordinates":[121.524227,31.199049]},"properties":{"j":88,"w":0.522059}},{"type":"Feature","geometry":{"type":"Point","coordinates":[121.524171,31.202657]},"properties":{"j":149,"w":0.582771}},{"type":"Feature","geometry":{"type":"Point","coordinates":[121.524115,31.206265]},"properties":{"j":856,"w":0.78547}},{"type":"Feature","geometry":{"type":"Point","coordinates":[121.524059,31.209873]},"properties":{"j":223,"w":0.629411}},{"type":"Feature","geometry":{"type":"Point","coordinates":[121.524003,31.213481]},"properties":{"j":290,"w":0.659846}},{"type":"Feature","geometry":{"type":"Point","coordinates":[121.523947,31.217089]},"properties":{"j":70,"w":0.495778}},{"type":"Feature","geometry":{"type":"Point","coordinates":[121.523891,31.220697]},"properties":{"j":668,"w":0.756666}},{"type":"Feature","geometry":{"type":"Point","coordinates":[121.523835,31.224305]},"properties":{"j":3652,"w":0.9541}},{"type":"Feature","geometry":{"type":"Point","coordinates":[121.523779,31.227913]},"properties":{"j":6578,"w":1.0}},{"type":"Feature","geometry":{"type":"Point","coordinates":[121.523722,31.231521]},"properties":{"j":3940,"w":0.962926}},{"type":"Feature","geometry":{"type":"Point","coordinates":[121.523666,31.235129]},"properties":{"j":682,"w":0.759075}},{"type":"Feature","geometry":{"type":"Point","coordinates":[121.52361,31.238737]},"properties":{"j":917,"w":0.793467}},{"type":"Feature","geometry":{"type":"Point","coordinates":[121.523554,31.242344]},"properties":{"j":1403,"w":0.842884}},{"type":"Feature","geometry":{"type":"Point","coordinates":[121.523498,31.245952]},"properties":{"j":494,"w":0.721632}},{"type":"Feature","geometry":{"type":"Point","coordinates":[121.523442,31.24956]},"properties":{"j":21,"w":0.359509}},{"type":"Feature","geometry":{"type":"Point","coordinates":[121.523386,31.253168]},"properties":{"j":1108,"w":0.815451}},{"type":"Feature","geometry":{"type":"Point","coordinates":[121.523329,31.256776]},"properties":{"j":586,"w":0.741458}},{"type":"Feature","geometry":{"type":"Point","coordinates":[121.523273,31.260384]},"properties":{"j":1928,"w":0.879832}},{"type":"Feature","geometry":{"type":"Point","coordinates":[121.523217,31.263992]},"properties":{"j":216,"w":0.625718}},{"type":"Feature","geometry":{"type":"Point","coordinates":[121.523161,31.2676]},"properties":{"j":54,"w":0.46608}},{"type":"Feature","geometry":{"type":"Point","coordinates":[121.523105,31.271208]},"properties":{"j":1055,"w":0.809756}},{"type":"Feature","geometry":{"type":"Point","coordinates":[121.523048,31.274816]},"properties":{"j":8081,"w":1.0}},{"type":"Feature","geometry":{"type":"Point","coordinates":[121.522992,31.278424]},"properties":{"j":199,"w":0.61623}},{"type":"Feature","geometry":{"type":"Point","coordinates":[121.522936,31.282032]},"properties":{"j":965,"w":0.799395}},{"type":"Feature","geometry":{"type":"Point","coordinates":[121.522823,31.289248]},"properties":{"j":1300,"w":0.834023}},{"type":"Feature","geometry":{"type":"Point","coordinates":[121.522655,31.300071]},"properties":{"j":27,"w":0.387558}},{"type":"Feature","geometry":{"type":"Point","coordinates":[121.522598,31.303679]},"properties":{"j":83,"w":0.515334}},{"type":"Feature","geometry":{"type":"Point","coordinates":[121.522542,31.307287]},"properties":{"j":205,"w":0.619668}},{"type":"Feature","geometry":{"type":"Point","coordinates":[121.522486,31.310895]},"properties":{"j":86,"w":0.519415}},{"type":"Feature","geometry":{"type":"Point","coordinates":[121.522429,31.314503]},"properties":{"j":64,"w":0.485509}},{"type":"Feature","geometry":{"type":"Point","coordinates":[121.522373,31.318111]},"properties":{"j":70,"w":0.495778}},{"type":"Feature","geometry":{"type":"Point","coordinates":[121.522317,31.321719]},"properties":{"j":66,"w":0.489034}},{"type":"Feature","geometry":{"type":"Point","coordinates":[121.52226,31.325327]},"properties":{"j":200,"w":0.61681}},{"type":"Feature","geometry":{"type":"Point","coordinates":[121.522148,31.332543]},"properties":{"j":87,"w":0.520744}},{"type":"Feature","geometry":{"type":"Point","coordinates":[121.521865,31.350582]},"properties":{"j":7,"w":0.241853}},{"type":"Feature","geometry":{"type":"Point","coordinates":[121.529539,31.126937]},"properties":{"j":75,"w":0.503693}},{"type":"Feature","geometry":{"type":"Point","coordinates":[121.529484,31.130545]},"properties":{"j":271,"w":0.651993}},{"type":"Feature","geometry":{"type":"Point","coordinates":[121.529261,31.144977]},"properties":{"j":6,"w":0.226322}},{"type":"Feature","geometry":{"type":"Point","coordinates":[121.529205,31.148585]},"properties":{"j":191,"w":0.611482}},{"type":"Feature","geometry":{"type":"Point","coordinates":[121.52915,31.152193]},"properties":{"j":203,"w":0.618533}},{"type":"Feature","geometry":{"type":"Point","coordinates":[121.529038,31.159409]},"properties":{"j":22,"w":0.364679}},{"type":"Feature","geometry":{"type":"Point","coordinates":[121.528927,31.166625]},"properties":{"j":16,"w":0.329522}},{"type":"Feature","geometry":{"type":"Point","coordinates":[121.528871,31.170233]},"properties":{"j":177,"w":0.602676}},{"type":"Feature","geometry":{"type":"Point","coordinates":[121.528815,31.173841]},"properties":{"j":148,"w":0.581993}},{"type":"Feature","geometry":{"type":"Point","coordinates":[121.528704,31.181057]},"properties":{"j":784,"w":0.775264}},{"type":"Feature","geometry":{"type":"Point","coordinates":[121.528648,31.184665]},"properties":{"j":189,"w":0.610264}},{"type":"Feature","geometry":{"type":"Point","coordinates":[121.528592,31.188273]},"properties":{"j":109,"w":0.546698}},{"type":"Feature","geometry":{"type":"Point","coordinates":[121.528536,31.191881]},"properties":{"j":7,"w":0.241853}},{"type":"Feature","geometry":{"type":"Point","coordinates":[121.528424,31.199097]},"properties":{"j":8,"w":0.255552}},{"type":"Feature","geometry":{"type":"Point","coordinates":[121.528368,31.202705]},"properties":{"j":130,"w":0.567018}},{"type":"Feature","geometry":{"type":"Point","coordinates":[121.528313,31.206313]},"properties":{"j":85,"w":0.518071}},{"type":"Feature","geometry":{"type":"Point","coordinates":[121.528257,31.209921]},"properties":{"j":177,"w":0.602676}},{"type":"Feature","geometry":{"type":"Point","coordinates":[121.528201,31.213529]},"properties":{"j":619,"w":0.74782}},{"type":"Feature","geometry":{"type":"Point","coordinates":[121.528145,31.217137]},"properties":{"j":4682,"w":0.982989}},{"type":"Feature","geometry":{"type":"Point","coordinates":[121.528089,31.220745]},"properties":{"j":7886,"w":1.0}},{"type":"Feature","geometry":{"type":"Point","coordinates":[121.528033,31.224353]},"properties":{"j":2400,"w":0.90529}},{"type":"Feature","geometry":{"type":"Point","coordinates":[121.527977,31.227961]},"properties":{"j":3033,"w":0.932505}},{"type":"Feature","geometry":{"type":"Point","coordinates":[121.527921,31.231569]},"properties":{"j":231,"w":0.633492}},{"type":"Feature","geometry":{"type":"Point","coordinates":[121.527865,31.235177]},"properties":{"j":235,"w":0.63548}},{"type":"Feature","geometry":{"type":"Point","coordinates":[121.527809,31.238785]},"properties":{"j":658,"w":0.754915}},{"type":"Feature","geometry":{"type":"Point","coordinates":[121.527753,31.242393]},"properties":{"j":189,"w":0.610264}},{"type":"Feature","geometry":{"type":"Point","coordinates":[121.527697,31.246001]},"properties":{"j":156,"w":0.588075}},{"type":"Feature","geometry":{"type":"Point","coordinates":[121.527585,31.253217]},"properties":{"j":806,"w":0.778479}},{"type":"Feature","geometry":{"type":"Point","coordinates":[121.527529,31.256824]},"properties":{"j":72,"w":0.499009}},{"type":"Feature","geometry":{"type":"Point","coordinates":[121.527473,31.260432]},"properties":{"j":98,"w":0.534443}},{"type":"Feature","geometry":{"type":"Point","coordinates":[121.527417,31.26404]},"properties":{"j":1455,"w":0.847114}},{"type":"Feature","geometry":{"type":"Point","coordinates":[121.527361,31.267648]},"properties":{"j":244,"w":0.639833}},{"type":"Feature","geometry":{"type":"Point","coordinates":[121.527305,31.271256]},"properties":{"j":1895,"w":0.877825}},{"type":"Feature","geometry":{"type":"Point","coordinates":[121.527249,31.274864]},"properties":{"j":2861,"w":0.925717}},{"type":"Feature","geometry":{"type":"Point","coordinates":[121.527193,31.278472]},"properties":{"j":169,"w":0.597328}},{"type":"Feature","geometry":{"type":"Point","coordinates":[121.527137,31.28208]},"properties":{"j":439,"w":0.707933}},{"type":"Feature","geometry":{"type":"Point","coordinates":[121.527081,31.285688]},"properties":{"j":23,"w":0.369629}},{"type":"Feature","geometry":{"type":"Point","coordinates":[121.527025,31.289296]},"properties":{"j":13,"w":0.30694}},{"type":"Feature","geometry":{"type":"Point","coordinates":[121.526969,31.292904]},"properties":{"j":15,"w":0.322471}},{"type":"Feature","geometry":{"type":"Point","coordinates":[121.5268,31.303728]},"properties":{"j":88,"w":0.522059}},{"type":"Feature","geometry":{"type":"Point","coordinates":[121.526744,31.307336]},"properties":{"j":152,"w":0.585074}},{"type":"Feature","geometry":{"type":"Point","coordinates":[121.526688,31.310943]},"properties":{"j":8,"w":0.255552}},{"type":"Feature","geometry":{"type":"Point","coordinates":[121.526632,31.314551]},"properties":{"j":201,"w":0.617387}},{"type":"Feature","geometry":{"type":"Point","coordinates":[121.526576,31.318159]},"properties":{"j":107,"w":0.544563}},{"type":"Feature","geometry":{"type":"Point","coordinates":[121.526519,31.321767]},"properties":{"j":238,"w":0.63695}},{"type":"Feature","geometry":{"type":"Point","coordinates":[121.526463,31.325375]},"properties":{"j":106,"w":0.543481}},{"type":"Feature","geometry":{"type":"Point","coordinates":[121.526407,31.328983]},"properties":{"j":62,"w":0.481874}},{"type":"Feature","geometry":{"type":"Point","coordinates":[121.526351,31.332591]},"properties":{"j":242,"w":0.63888}},{"type":"Feature","geometry":{"type":"Point","coordinates":[121.526295,31.336199]},"properties":{"j":81,"w":0.512531}},{"type":"Feature","geometry":{"type":"Point","coordinates":[121.526238,31.339807]},"properties":{"j":69,"w":0.494129}},{"type":"Feature","geometry":{"type":"Point","coordinates":[121.52607,31.35063]},"properties":{"j":24,"w":0.374377}},{"type":"Feature","geometry":{"type":"Point","coordinates":[121.525732,31.372278]},"properties":{"j":7,"w":0.241853}},{"type":"Feature","geometry":{"type":"Point","coordinates":[121.533789,31.123377]},"properties":{"j":9,"w":0.267806}},{"type":"Feature","geometry":{"type":"Point","coordinates":[121.533734,31.126985]},"properties":{"j":452,"w":0.711319}},{"type":"Feature","geometry":{"type":"Point","coordinates":[121.533678,31.130593]},"properties":{"j":333,"w":0.675875}},{"type":"Feature","geometry":{"type":"Point","coordinates":[121.5334,31.148633]},"properties":{"j":43,"w":0.440127}},{"type":"Feature","geometry":{"type":"Point","coordinates":[121.533345,31.152241]},"properties":{"j":763,"w":0.77211}},{"type":"Feature","geometry":{"type":"Point","coordinates":[121.533289,31.155849]},"properties":{"j":570,"w":0.738244}},{"type":"Feature","geometry":{"type":"Point","coordinates":[121.533178,31.163065]},"properties":{"j":61,"w":0.480014}},{"type":"Feature","geometry":{"type":"Point","coordinates":[121.533123,31.166673]},"properties":{"j":219,"w":0.627315}},{"type":"Feature","geometry":{"type":"Point","coordinates":[121.533067,31.170281]},"properties":{"j":246,"w":0.640779}},{"type":"Feature","geometry":{"type":"Point","coordinates":[121.533011,31.173889]},"properties":{"j":26,"w":0.383328}},{"type":"Feature","geometry":{"type":"Point","coordinates":[121.5329,31.181105]},"properties":{"j":568,"w":0.737836}},{"type":"Feature","geometry":{"type":"Point","coordinates":[121.532844,31.184713]},"properties":{"j":72,"w":0.499009}},{"type":"Feature","geometry":{"type":"Point","coordinates":[121.532789,31.188321]},"properties":{"j":39,"w":0.429042}},{"type":"Feature","geometry":{"type":"Point","coordinates":[121.532733,31.191929]},"properties":{"j":56,"w":0.470234}},{"type":"Feature","geometry":{"type":"Point","coordinates":[121.532677,31.195537]},"properties":{"j":59,"w":0.4762}},{"type":"Feature","geometry":{"type":"Point","coordinates":[121.53251,31.206361]},"properties":{"j":8,"w":0.255552}},{"type":"Feature","geometry":{"type":"Point","coordinates":[121.532455,31.209969]},"properties":{"j":233,"w":0.634491}},{"type":"Feature","geometry":{"type":"Point","coordinates":[121.532399,31.213577]},"properties":{"j":860,"w":0.786012}},{"type":"Feature","geometry":{"type":"Point","coordinates":[121.532343,31.217185]},"properties":{"j":1323,"w":0.836061}},{"type":"Feature","geometry":{"type":"Point","coordinates":[121.532287,31.220793]},"properties":{"j":2325,"w":0.901599}},{"type":"Feature","geometry":{"type":"Point","coordinates":[121.532232,31.224401]},"properties":{"j":3621,"w":0.953108}},{"type":"Feature","geometry":{"type":"Point","coordinates":[121.532176,31.228009]},"properties":{"j":3496,"w":0.949023}},{"type":"Feature","geometry":{"type":"Point","coordinates":[121.53212,31.231617]},"properties":{"j":1253,"w":0.829743}},{"type":"Feature","geometry":{"type":"Point","coordinates":[121.532064,31.235225]},"properties":{"j":1399,"w":0.842552}},{"type":"Feature","geometry":{"type":"Point","coordinates":[121.532008,31.238833]},"properties":{"j":52,"w":0.461772}},{"type":"Feature","geometry":{"type":"Point","coordinates":[121.531953,31.242441]},"properties":{"j":33,"w":0.410139}},{"type":"Feature","geometry":{"type":"Point","coordinates":[121.531897,31.246049]},"properties":{"j":183,"w":0.606532}},{"type":"Feature","geometry":{"type":"Point","coordinates":[121.531841,31.249657]},"properties":{"j":15,"w":0.322471}},{"type":"Feature","geometry":{"type":"Point","coordinates":[121.531785,31.253265]},"properties":{"j":78,"w":0.508196}},{"type":"Feature","geometry":{"type":"Point","coordinates":[121.531729,31.256873]},"properties":{"j":666,"w":0.756318}},{"type":"Feature","geometry":{"type":"Point","coordinates":[121.531673,31.26048]},"properties":{"j":338,"w":0.677603}},{"type":"Feature","geometry":{"type":"Point","coordinates":[121.531618,31.264088]},"properties":{"j":1857,"w":0.875471}},{"type":"Feature","geometry":{"type":"Point","coordinates":[121.531562,31.267696]},"properties":{"j":158,"w":0.589548}},{"type":"Feature","geometry":{"type":"Point","coordinates":[121.531506,31.271304]},"properties":{"j":375,"w":0.689651}},{"type":"Feature","geometry":{"type":"Point","coordinates":[121.53145,31.274912]},"properties":{"j":181,"w":0.605261}},{"type":"Feature","geometry":{"type":"Point","coordinates":[121.531282,31.285736]},"properties":{"j":14,"w":0.314964}},{"type":"Feature","geometry":{"type":"Point","coordinates":[121.531226,31.289344]},"properties":{"j":111,"w":0.548793}},{"type":"Feature","geometry":{"type":"Point","coordinates":[121.53117,31.292952]},"properties":{"j":127,"w":0.564324}},{"type":"Feature","geometry":{"type":"Point","coordinates":[121.530946,31.307384]},"properties":{"j":55,"w":0.468176}},{"type":"Feature","geometry":{"type":"Point","coordinates":[121.53089,31.310992]},"properties":{"j":124,"w":0.561565}},{"type":"Feature","geometry":{"type":"Point","coordinates":[121.530834,31.3146]},"properties":{"j":243,"w":0.639358}},{"type":"Feature","geometry":{"type":"Point","coordinates":[121.530778,31.318207]},"properties":{"j":72,"w":0.499009}},{"type":"Feature","geometry":{"type":"Point","coordinates":[121.530722,31.321815]},"properties":{"j":89,"w":0.523358}},{"type":"Feature","geometry":{"type":"Point","coordinates":[121.530666,31.325423]},"properties":{"j":37,"w":0.423076}},{"type":"Feature","geometry":{"type":"Point","coordinates":[121.53061,31.329031]},"properties":{"j":48,"w":0.452645}},{"type":"Feature","geometry":{"type":"Point","coordinates":[121.530554,31.332639]},"properties":{"j":22,"w":0.364679}},{"type":"Feature","geometry":{"type":"Point","coordinates":[121.530498,31.336247]},"properties":{"j":169,"w":0.597328}},{"type":"Feature","geometry":{"type":"Point","coordinates":[121.530442,31.339855]},"properties":{"j":26,"w":0.383328}},{"type":"Feature","geometry":{"type":"Point","coordinates":[121.53033,31.347071]},"properties":{"j":12,"w":0.298321}},{"type":"Feature","geometry":{"type":"Point","coordinates":[121.530274,31.350679]},"properties":{"j":35,"w":0.416787}},{"type":"Feature","geometry":{"type":"Point","coordinates":[121.529937,31.372326]},"properties":{"j":6,"w":0.226322}},{"type":"Feature","geometry":{"type":"Point","coordinates":[121.538094,31.116208]},"properties":{"j":32,"w":0.406667}},{"type":"Feature","geometry":{"type":"Point","coordinates":[121.538038,31.119816]},"properties":{"j":42,"w":0.437453}},{"type":"Feature","geometry":{"type":"Point","coordinates":[121.537983,31.123424]},"properties":{"j":56,"w":0.470234}},{"type":"Feature","geometry":{"type":"Point","coordinates":[121.537928,31.127032]},"properties":{"j":49,"w":0.454995}},{"type":"Feature","geometry":{"type":"Point","coordinates":[121.537872,31.13064]},"properties":{"j":106,"w":0.543481}},{"type":"Feature","geometry":{"type":"Point","coordinates":[121.537817,31.134248]},"properties":{"j":38,"w":0.426097}},{"type":"Feature","geometry":{"type":"Point","coordinates":[121.537596,31.148681]},"properties":{"j":31,"w":0.403088}},{"type":"Feature","geometry":{"type":"Point","coordinates":[121.53754,31.152289]},"properties":{"j":23,"w":0.369629}},{"type":"Feature","geometry":{"type":"Point","coordinates":[121.537485,31.155897]},"properties":{"j":47,"w":0.450247}},{"type":"Feature","geometry":{"type":"Point","coordinates":[121.537429,31.159505]},"properties":{"j":13,"w":0.30694}},{"type":"Feature","geometry":{"type":"Point","coordinates":[121.537374,31.163113]},"properties":{"j":118,"w":0.555844}},{"type":"Feature","geometry":{"type":"Point","coordinates":[121.537318,31.166721]},"properties":{"j":3409,"w":0.946093}},{"type":"Feature","geometry":{"type":"Point","coordinates":[121.537263,31.170329]},"properties":{"j":17,"w":0.33617}},{"type":"Feature","geometry":{"type":"Point","coordinates":[121.537208,31.173937]},"properties":{"j":49,"w":0.454995}},{"type":"Feature","geometry":{"type":"Point","coordinates":[121.537152,31.177545]},"properties":{"j":12,"w":0.298321}},{"type":"Feature","geometry":{"type":"Point","coordinates":[121.537097,31.181153]},"properties":{"j":60,"w":0.478122}},{"type":"Feature","geometry":{"type":"Point","coordinates":[121.537041,31.184761]},"properties":{"j":12,"w":0.298321}},{"type":"Feature","geometry":{"type":"Point","coordinates":[121.536986,31.188369]},"properties":{"j":37,"w":0.423076}},{"type":"Feature","geometry":{"type":"Point","coordinates":[121.536875,31.195585]},"properties":{"j":288,"w":0.659044}},{"type":"Feature","geometry":{"type":"Point","coordinates":[121.536819,31.199193]},"properties":{"j":47,"w":0.450247}},{"type":"Feature","geometry":{"type":"Point","coordinates":[121.536763,31.202801]},"properties":{"j":70,"w":0.495778}},{"type":"Feature","geometry":{"type":"Point","coordinates":[121.536652,31.210017]},"properties":{"j":39,"w":0.429042}},{"type":"Feature","geometry":{"type":"Point","coordinates":[121.536541,31.217233]},"properties":{"j":127,"w":0.564324}},{"type":"Feature","geometry":{"type":"Point","coordinates":[121.536486,31.220841]},"properties":{"j":726,"w":0.766337}},{"type":"Feature","geometry":{"type":"Point","coordinates":[121.53643,31.224449]},"properties":{"j":435,"w":0.706871}},{"type":"Feature","geometry":{"type":"Point","coordinates":[121.536374,31.228057]},"properties":{"j":292,"w":0.660642}},{"type":"Feature","geometry":{"type":"Point","coordinates":[121.536319,31.231665]},"properties":{"j":61,"w":0.480014}},{"type":"Feature","geometry":{"type":"Point","coordinates":[121.536263,31.235273]},"properties":{"j":89,"w":0.523358}},{"type":"Feature","geometry":{"type":"Point","coordinates":[121.536152,31.242489]},"properties":{"j":506,"w":0.724418}},{"type":"Feature","geometry":{"type":"Point","coordinates":[121.536096,31.246097]},"properties":{"j":103,"w":0.540174}},{"type":"Feature","geometry":{"type":"Point","coordinates":[121.536041,31.249704]},"properties":{"j":384,"w":0.692402}},{"type":"Feature","geometry":{"type":"Point","coordinates":[121.535929,31.25692]},"properties":{"j":263,"w":0.64852}},{"type":"Feature","geometry":{"type":"Point","coordinates":[121.535873,31.260528]},"properties":{"j":825,"w":0.781185}},{"type":"Feature","geometry":{"type":"Point","coordinates":[121.535818,31.264136]},"properties":{"j":134,"w":0.570516}},{"type":"Feature","geometry":{"type":"Point","coordinates":[121.535762,31.267744]},"properties":{"j":863,"w":0.786416}},{"type":"Feature","geometry":{"type":"Point","coordinates":[121.535706,31.271352]},"properties":{"j":54,"w":0.46608}},{"type":"Feature","geometry":{"type":"Point","coordinates":[121.535651,31.27496]},"properties":{"j":22,"w":0.364679}},{"type":"Feature","geometry":{"type":"Point","coordinates":[121.535595,31.278568]},"properties":{"j":41,"w":0.434716}},{"type":"Feature","geometry":{"type":"Point","coordinates":[121.535539,31.282176]},"properties":{"j":95,"w":0.530864}},{"type":"Feature","geometry":{"type":"Point","coordinates":[121.535427,31.289392]},"properties":{"j":45,"w":0.445297}},{"type":"Feature","geometry":{"type":"Point","coordinates":[121.535372,31.293]},"properties":{"j":2338,"w":0.902247}},{"type":"Feature","geometry":{"type":"Point","coordinates":[121.535316,31.296608]},"properties":{"j":11,"w":0.289011}},{"type":"Feature","geometry":{"type":"Point","coordinates":[121.535148,31.307432]},"properties":{"j":11,"w":0.289011}},{"type":"Feature","geometry":{"type":"Point","coordinates":[121.535093,31.31104]},"properties":{"j":119,"w":0.556818}},{"type":"Feature","geometry":{"type":"Point","coordinates":[121.535037,31.314648]},"properties":{"j":86,"w":0.519415}},{"type":"Feature","geometry":{"type":"Point","coordinates":[121.534925,31.321863]},"properties":{"j":175,"w":0.601362}},{"type":"Feature","geometry":{"type":"Point","coordinates":[121.534869,31.325471]},"properties":{"j":79,"w":0.509659}},{"type":"Feature","geometry":{"type":"Point","coordinates":[121.534813,31.329079]},"properties":{"j":22,"w":0.364679}},{"type":"Feature","geometry":{"type":"Point","coordinates":[121.534757,31.332687]},"properties":{"j":212,"w":0.623554}},{"type":"Feature","geometry":{"type":"Point","coordinates":[121.534701,31.336295]},"properties":{"j":149,"w":0.582771}},{"type":"Feature","geometry":{"type":"Point","coordinates":[121.534534,31.347119]},"properties":{"j":231,"w":0.633492}},{"type":"Feature","geometry":{"type":"Point","coordinates":[121.534478,31.350727]},"properties":{"j":95,"w":0.530864}},{"type":"Feature","geometry":{"type":"Point","coordinates":[121.534422,31.354335]},"properties":{"j":58,"w":0.474245}},{"type":"Feature","geometry":{"type":"Point","coordinates":[121.534366,31.357943]},"properties":{"j":123,"w":0.560631}},{"type":"Feature","geometry":{"type":"Point","coordinates":[121.53431,31.36155]},"properties":{"j":103,"w":0.540174}},{"type":"Feature","geometry":{"type":"Point","coordinates":[121.534254,31.365158]},"properties":{"j":13,"w":0.30694}},{"type":"Feature","geometry":{"type":"Point","coordinates":[121.542287,31.116256]},"properties":{"j":54,"w":0.46608}},{"type":"Feature","geometry":{"type":"Point","coordinates":[121.542122,31.12708]},"properties":{"j":12,"w":0.298321}},{"type":"Feature","geometry":{"type":"Point","coordinates":[121.542067,31.130688]},"properties":{"j":9,"w":0.267806}},{"type":"Feature","geometry":{"type":"Point","coordinates":[121.542012,31.134296]},"properties":{"j":6,"w":0.226322}},{"type":"Feature","geometry":{"type":"Point","coordinates":[121.541846,31.14512]},"properties":{"j":18,"w":0.342458}},{"type":"Feature","geometry":{"type":"Point","coordinates":[121.541791,31.148728]},"properties":{"j":55,"w":0.468176}},{"type":"Feature","geometry":{"type":"Point","coordinates":[121.541735,31.152336]},"properties":{"j":60,"w":0.478122}},{"type":"Feature","geometry":{"type":"Point","coordinates":[121.54168,31.155944]},"properties":{"j":224,"w":0.629929}},{"type":"Feature","geometry":{"type":"Point","coordinates":[121.541625,31.159552]},"properties":{"j":83,"w":0.515334}},{"type":"Feature","geometry":{"type":"Point","coordinates":[121.541404,31.173984]},"properties":{"j":41,"w":0.434716}},{"type":"Feature","geometry":{"type":"Point","coordinates":[121.541293,31.1812]},"properties":{"j":64,"w":0.485509}},{"type":"Feature","geometry":{"type":"Point","coordinates":[121.541238,31.184808]},"properties":{"j":9,"w":0.267806}},{"type":"Feature","geometry":{"type":"Point","coordinates":[121.541182,31.188416]},"properties":{"j":16,"w":0.329522}},{"type":"Feature","geometry":{"type":"Point","coordinates":[121.541072,31.195632]},"properties":{"j":29,"w":0.395582}},{"type":"Feature","geometry":{"type":"Point","coordinates":[121.541016,31.19924]},"properties":{"j":32,"w":0.406667}},{"type":"Feature","geometry":{"type":"Point","coordinates":[121.540961,31.202848]},"properties":{"j":16,"w":0.329522}},{"type":"Feature","geometry":{"type":"Point","coordinates":[121.540906,31.206456]},"properties":{"j":52,"w":0.461772}},{"type":"Feature","geometry":{"type":"Point","coordinates":[121.54085,31.210064]},"properties":{"j":227,"w":0.631469}},{"type":"Feature","geometry":{"type":"Point","coordinates":[121.540795,31.213672]},"properties":{"j":19,"w":0.348424}},{"type":"Feature","geometry":{"type":"Point","coordinates":[121.540739,31.21728]},"properties":{"j":52,"w":0.461772}},{"type":"Feature","geometry":{"type":"Point","coordinates":[121.540684,31.220888]},"properties":{"j":183,"w":0.606532}},{"type":"Feature","geometry":{"type":"Point","coordinates":[121.540628,31.224496]},"properties":{"j":1062,"w":0.810524}},{"type":"Feature","geometry":{"type":"Point","coordinates":[121.540573,31.228104]},"properties":{"j":1181,"w":0.822866}},{"type":"Feature","geometry":{"type":"Point","coordinates":[121.540518,31.231712]},"properties":{"j":177,"w":0.602676}},{"type":"Feature","geometry":{"type":"Point","coordinates":[121.540462,31.23532]},"properties":{"j":9,"w":0.267806}},{"type":"Feature","geometry":{"type":"Point","coordinates":[121.540407,31.238928]},"properties":{"j":119,"w":0.556818}},{"type":"Feature","geometry":{"type":"Point","coordinates":[121.540351,31.242536]},"properties":{"j":352,"w":0.68231}},{"type":"Feature","geometry":{"type":"Point","coordinates":[121.540296,31.246144]},"properties":{"j":93,"w":0.528416}},{"type":"Feature","geometry":{"type":"Point","coordinates":[121.54024,31.249752]},"properties":{"j":49,"w":0.454995}},{"type":"Feature","geometry":{"type":"Point","coordinates":[121.540185,31.25336]},"properties":{"j":57,"w":0.472257}},{"type":"Feature","geometry":{"type":"Point","coordinates":[121.540074,31.260576]},"properties":{"j":270,"w":0.651564}},{"type":"Feature","geometry":{"type":"Point","coordinates":[121.540018,31.264184]},"properties":{"j":811,"w":0.779197}},{"type":"Feature","geometry":{"type":"Point","coordinates":[121.539962,31.267792]},"properties":{"j":551,"w":0.734308}},{"type":"Feature","geometry":{"type":"Point","coordinates":[121.539907,31.2714]},"properties":{"j":38,"w":0.426097}},{"type":"Feature","geometry":{"type":"Point","coordinates":[121.539851,31.275008]},"properties":{"j":115,"w":0.552875}},{"type":"Feature","geometry":{"type":"Point","coordinates":[121.539796,31.278616]},"properties":{"j":98,"w":0.534443}},{"type":"Feature","geometry":{"type":"Point","coordinates":[121.53974,31.282224]},"properties":{"j":1367,"w":0.839863}},{"type":"Feature","geometry":{"type":"Point","coordinates":[121.539629,31.28944]},"properties":{"j":10,"w":0.278891}},{"type":"Feature","geometry":{"type":"Point","coordinates":[121.539518,31.296656]},"properties":{"j":41,"w":0.434716}},{"type":"Feature","geometry":{"type":"Point","coordinates":[121.539462,31.300264]},"properties":{"j":16,"w":0.329522}},{"type":"Feature","geometry":{"type":"Point","coordinates":[121.539406,31.303872]},"properties":{"j":78,"w":0.508196}},{"type":"Feature","geometry":{"type":"Point","coordinates":[121.539351,31.30748]},"properties":{"j":231,"w":0.633492}},{"type":"Feature","geometry":{"type":"Point","coordinates":[121.539295,31.311088]},"properties":{"j":190,"w":0.610875}},{"type":"Feature","geometry":{"type":"Point","coordinates":[121.539239,31.314695]},"properties":{"j":399,"w":0.696848}},{"type":"Feature","geometry":{"type":"Point","coordinates":[121.539183,31.318303]},"properties":{"j":122,"w":0.559689}},{"type":"Feature","geometry":{"type":"Point","coordinates":[121.539128,31.321911]},"properties":{"j":113,"w":0.550852}},{"type":"Feature","geometry":{"type":"Point","coordinates":[121.539072,31.325519]},"properties":{"j":45,"w":0.445297}},{"type":"Feature","geometry":{"type":"Point","coordinates":[121.539016,31.329127]},"properties":{"j":207,"w":0.620792}},{"type":"Feature","geometry":{"type":"Point","coordinates":[121.538961,31.332735]},"properties":{"j":296,"w":0.662219}},{"type":"Feature","geometry":{"type":"Point","coordinates":[121.538905,31.336343]},"properties":{"j":628,"w":0.749496}},{"type":"Feature","geometry":{"type":"Point","coordinates":[121.538849,31.339951]},"properties":{"j":9,"w":0.267806}},{"type":"Feature","geometry":{"type":"Point","coordinates":[121.538737,31.347167]},"properties":{"j":87,"w":0.520744}},{"type":"Feature","geometry":{"type":"Point","coordinates":[121.538682,31.350775]},"properties":{"j":38,"w":0.426097}},{"type":"Feature","geometry":{"type":"Point","coordinates":[121.538626,31.354383]},"properties":{"j":82,"w":0.513941}},{"type":"Feature","geometry":{"type":"Point","coordinates":[121.53857,31.357991]},"properties":{"j":218,"w":0.626785}},{"type":"Feature","geometry":{"type":"Point","coordinates":[121.538514,31.361598]},"properties":{"j":87,"w":0.520744}},{"type":"Feature","geometry":{"type":"Point","coordinates":[121.546536,31.112695]},"properties":{"j":6,"w":0.226322}},{"type":"Feature","geometry":{"type":"Point","coordinates":[121.546371,31.123519]},"properties":{"j":19,"w":0.348424}},{"type":"Feature","geometry":{"type":"Point","coordinates":[121.546316,31.127127]},"properties":{"j":32,"w":0.406667}},{"type":"Feature","geometry":{"type":"Point","coordinates":[121.546261,31.130735]},"properties":{"j":174,"w":0.600699}},{"type":"Feature","geometry":{"type":"Point","coordinates":[121.546206,31.134343]},"properties":{"j":55,"w":0.468176}},{"type":"Feature","geometry":{"type":"Point","coordinates":[121.546151,31.137951]},"properties":{"j":198,"w":0.615647}},{"type":"Feature","geometry":{"type":"Point","coordinates":[121.546096,31.14156]},"properties":{"j":10,"w":0.278891}},{"type":"Feature","geometry":{"type":"Point","coordinates":[121.546041,31.145168]},"properties":{"j":67,"w":0.490757}},{"type":"Feature","geometry":{"type":"Point","coordinates":[121.545986,31.148776]},"properties":{"j":519,"w":0.727362}},{"type":"Feature","geometry":{"type":"Point","coordinates":[121.545931,31.152384]},"properties":{"j":651,"w":0.753673}},{"type":"Feature","geometry":{"type":"Point","coordinates":[121.545876,31.155992]},"properties":{"j":247,"w":0.641249}},{"type":"Feature","geometry":{"type":"Point","coordinates":[121.545821,31.1596]},"properties":{"j":530,"w":0.729797}},{"type":"Feature","geometry":{"type":"Point","coordinates":[121.545765,31.163208]},"properties":{"j":124,"w":0.561565}},{"type":"Feature","geometry":{"type":"Point","coordinates":[121.54571,31.166816]},"properties":{"j":16,"w":0.329522}},{"type":"Feature","geometry":{"type":"Point","coordinates":[121.545655,31.170424]},"properties":{"j":7,"w":0.241853}},{"type":"Feature","geometry":{"type":"Point","coordinates":[121.5456,31.174032]},"properties":{"j":41,"w":0.434716}},{"type":"Feature","geometry":{"type":"Point","coordinates":[121.54549,31.181248]},"properties":{"j":26,"w":0.383328}},{"type":"Feature","geometry":{"type":"Point","coordinates":[121.545435,31.184856]},"properties":{"j":56,"w":0.470234}},{"type":"Feature","geometry":{"type":"Point","coordinates":[121.545379,31.188464]},"properties":{"j":150,"w":0.583543}},{"type":"Feature","geometry":{"type":"Point","coordinates":[121.545324,31.192072]},"properties":{"j":328,"w":0.674121}},{"type":"Feature","geometry":{"type":"Point","coordinates":[121.545269,31.19568]},"properties":{"j":92,"w":0.527172}},{"type":"Feature","geometry":{"type":"Point","coordinates":[121.545214,31.199288]},"properties":{"j":62,"w":0.481874}},{"type":"Feature","geometry":{"type":"Point","coordinates":[121.545159,31.202896]},"properties":{"j":93,"w":0.528416}},{"type":"Feature","geometry":{"type":"Point","coordinates":[121.545103,31.206504]},"properties":{"j":86,"w":0.519415}},{"type":"Feature","geometry":{"type":"Point","coordinates":[121.545048,31.210112]},"properties":{"j":102,"w":0.53905}},{"type":"Feature","geometry":{"type":"Point","coordinates":[121.544993,31.21372]},"properties":{"j":42,"w":0.437453}},{"type":"Feature","geometry":{"type":"Point","coordinates":[121.544938,31.217328]},"properties":{"j":12,"w":0.298321}},{"type":"Feature","geometry":{"type":"Point","coordinates":[121.544882,31.220936]},"properties":{"j":144,"w":0.578828}},{"type":"Feature","geometry":{"type":"Point","coordinates":[121.544827,31.224544]},"properties":{"j":1610,"w":0.85888}},{"type":"Feature","geometry":{"type":"Point","coordinates":[121.544772,31.228152]},"properties":{"j":1432,"w":0.845262}},{"type":"Feature","geometry":{"type":"Point","coordinates":[121.544716,31.23176]},"properties":{"j":39,"w":0.429042}},{"type":"Feature","geometry":{"type":"Point","coordinates":[121.544661,31.235368]},"properties":{"j":225,"w":0.630445}},{"type":"Feature","geometry":{"type":"Point","coordinates":[121.54455,31.242584]},"properties":{"j":832,"w":0.782167}},{"type":"Feature","geometry":{"type":"Point","coordinates":[121.544495,31.246192]},"properties":{"j":213,"w":0.624099}},{"type":"Feature","geometry":{"type":"Point","coordinates":[121.54444,31.2498]},"properties":{"j":124,"w":0.561565}},{"type":"Feature","geometry":{"type":"Point","coordinates":[121.544384,31.253408]},"properties":{"j":368,"w":0.687465}},{"type":"Feature","geometry":{"type":"Point","coordinates":[121.544274,31.260624]},"properties":{"j":64,"w":0.485509}},{"type":"Feature","geometry":{"type":"Point","coordinates":[121.544218,31.264232]},"properties":{"j":483,"w":0.719018}},{"type":"Feature","geometry":{"type":"Point","coordinates":[121.544163,31.26784]},"properties":{"j":9,"w":0.267806}},{"type":"Feature","geometry":{"type":"Point","coordinates":[121.544107,31.271448]},"properties":{"j":67,"w":0.490757}},{"type":"Feature","geometry":{"type":"Point","coordinates":[121.544052,31.275056]},"properties":{"j":113,"w":0.550852}},{"type":"Feature","geometry":{"type":"Point","coordinates":[121.543997,31.278664]},"properties":{"j":96,"w":0.53207}},{"type":"Feature","geometry":{"type":"Point","coordinates":[121.543941,31.282272]},"properties":{"j":151,"w":0.584311}},{"type":"Feature","geometry":{"type":"Point","coordinates":[121.543886,31.28588]},"properties":{"j":52,"w":0.461772}},{"type":"Feature","geometry":{"type":"Point","coordinates":[121.54383,31.289488]},"properties":{"j":25,"w":0.378939}},{"type":"Feature","geometry":{"type":"Point","coordinates":[121.543775,31.293096]},"properties":{"j":15,"w":0.322471}},{"type":"Feature","geometry":{"type":"Point","coordinates":[121.543719,31.296703]},"properties":{"j":117,"w":0.554863}},{"type":"Feature","geometry":{"type":"Point","coordinates":[121.543664,31.300311]},"properties":{"j":279,"w":0.655364}},{"type":"Feature","geometry":{"type":"Point","coordinates":[121.543608,31.303919]},"properties":{"j":490,"w":0.720688}},{"type":"Feature","geometry":{"type":"Point","coordinates":[121.543553,31.307527]},"properties":{"j":794,"w":0.776736}},{"type":"Feature","geometry":{"type":"Point","coordinates":[121.543497,31.311135]},"properties":{"j":737,"w":0.768083}},{"type":"Feature","geometry":{"type":"Point","coordinates":[121.543442,31.314743]},"properties":{"j":1619,"w":0.859528}},{"type":"Feature","geometry":{"type":"Point","coordinates":[121.543386,31.318351]},"properties":{"j":64,"w":0.485509}},{"type":"Feature","geometry":{"type":"Point","coordinates":[121.543275,31.325567]},"properties":{"j":6,"w":0.226322}},{"type":"Feature","geometry":{"type":"Point","coordinates":[121.543219,31.329175]},"properties":{"j":143,"w":0.578023}},{"type":"Feature","geometry":{"type":"Point","coordinates":[121.543164,31.332783]},"properties":{"j":579,"w":0.740063}},{"type":"Feature","geometry":{"type":"Point","coordinates":[121.543108,31.336391]},"properties":{"j":311,"w":0.66795}},{"type":"Feature","geometry":{"type":"Point","coordinates":[121.542997,31.343607]},"properties":{"j":66,"w":0.489034}},{"type":"Feature","geometry":{"type":"Point","coordinates":[121.542941,31.347215]},"properties":{"j":83,"w":0.515334}},{"type":"Feature","geometry":{"type":"Point","coordinates":[121.542886,31.350823]},"properties":{"j":78,"w":0.508196}},{"type":"Feature","geometry":{"type":"Point","coordinates":[121.54283,31.35443]},"properties":{"j":114,"w":0.551868}},{"type":"Feature","geometry":{"type":"Point","coordinates":[121.542774,31.358038]},"properties":{"j":104,"w":0.541287}},{"type":"Feature","geometry":{"type":"Point","coordinates":[121.542719,31.361646]},"properties":{"j":132,"w":0.568781}},{"type":"Feature","geometry":{"type":"Point","coordinates":[121.542663,31.365254]},"properties":{"j":63,"w":0.483706}},{"type":"Feature","geometry":{"type":"Point","coordinates":[121.55051,31.127175]},"properties":{"j":110,"w":0.54775}},{"type":"Feature","geometry":{"type":"Point","coordinates":[121.550455,31.130783]},"properties":{"j":219,"w":0.627315}},{"type":"Feature","geometry":{"type":"Point","coordinates":[121.550401,31.134391]},"properties":{"j":196,"w":0.614472}},{"type":"Feature","geometry":{"type":"Point","coordinates":[121.550346,31.137999]},"properties":{"j":325,"w":0.673055}},{"type":"Feature","geometry":{"type":"Point","coordinates":[121.550291,31.141607]},"properties":{"j":21,"w":0.359509}},{"type":"Feature","geometry":{"type":"Point","coordinates":[121.550236,31.145215]},"properties":{"j":39,"w":0.429042}},{"type":"Feature","geometry":{"type":"Point","coordinates":[121.550181,31.148823]},"properties":{"j":560,"w":0.736189}},{"type":"Feature","geometry":{"type":"Point","coordinates":[121.550126,31.152431]},"properties":{"j":778,"w":0.774372}},{"type":"Feature","geometry":{"type":"Point","coordinates":[121.550071,31.156039]},"properties":{"j":179,"w":0.603976}},{"type":"Feature","geometry":{"type":"Point","coordinates":[121.550016,31.159647]},"properties":{"j":114,"w":0.551868}},{"type":"Feature","geometry":{"type":"Point","coordinates":[121.549961,31.163255]},"properties":{"j":25,"w":0.378939}},{"type":"Feature","geometry":{"type":"Point","coordinates":[121.549906,31.166863]},"properties":{"j":108,"w":0.545635}},{"type":"Feature","geometry":{"type":"Point","coordinates":[121.549796,31.174079]},"properties":{"j":40,"w":0.431913}},{"type":"Feature","geometry":{"type":"Point","coordinates":[121.549741,31.177687]},"properties":{"j":7,"w":0.241853}},{"type":"Feature","geometry":{"type":"Point","coordinates":[121.549686,31.181295]},"properties":{"j":21,"w":0.359509}},{"type":"Feature","geometry":{"type":"Point","coordinates":[121.549631,31.184903]},"properties":{"j":983,"w":0.801543}},{"type":"Feature","geometry":{"type":"Point","coordinates":[121.549576,31.188511]},"properties":{"j":151,"w":0.584311}},{"type":"Feature","geometry":{"type":"Point","coordinates":[121.549521,31.192119]},"properties":{"j":111,"w":0.548793}},{"type":"Feature","geometry":{"type":"Point","coordinates":[121.549466,31.195727]},"properties":{"j":83,"w":0.515334}},{"type":"Feature","geometry":{"type":"Point","coordinates":[121.549356,31.202943]},"properties":{"j":54,"w":0.46608}},{"type":"Feature","geometry":{"type":"Point","coordinates":[121.549301,31.206551]},"properties":{"j":162,"w":0.592437}},{"type":"Feature","geometry":{"type":"Point","coordinates":[121.549246,31.210159]},"properties":{"j":24,"w":0.374377}},{"type":"Feature","geometry":{"type":"Point","coordinates":[121.549191,31.213767]},"properties":{"j":23,"w":0.369629}},{"type":"Feature","geometry":{"type":"Point","coordinates":[121.549081,31.220983]},"properties":{"j":23,"w":0.369629}},{"type":"Feature","geometry":{"type":"Point","coordinates":[121.549025,31.224591]},"properties":{"j":636,"w":0.750966}},{"type":"Feature","geometry":{"type":"Point","coordinates":[121.54897,31.228199]},"properties":{"j":957,"w":0.798428}},{"type":"Feature","geometry":{"type":"Point","coordinates":[121.548915,31.231807]},"properties":{"j":639,"w":0.751512}},{"type":"Feature","geometry":{"type":"Point","coordinates":[121.54886,31.235415]},"properties":{"j":2249,"w":0.897735}},{"type":"Feature","geometry":{"type":"Point","coordinates":[121.548805,31.239023]},"properties":{"j":12,"w":0.298321}},{"type":"Feature","geometry":{"type":"Point","coordinates":[121.54875,31.242631]},"properties":{"j":830,"w":0.781887}},{"type":"Feature","geometry":{"type":"Point","coordinates":[121.548695,31.246239]},"properties":{"j":649,"w":0.753316}},{"type":"Feature","geometry":{"type":"Point","coordinates":[121.548529,31.257063]},"properties":{"j":68,"w":0.492455}},{"type":"Feature","geometry":{"type":"Point","coordinates":[121.548363,31.267887]},"properties":{"j":66,"w":0.489034}},{"type":"Feature","geometry":{"type":"Point","coordinates":[121.548308,31.271495]},"properties":{"j":28,"w":0.391639}},{"type":"Feature","geometry":{"type":"Point","coordinates":[121.548253,31.275103]},"properties":{"j":185,"w":0.60779}},{"type":"Feature","geometry":{"type":"Point","coordinates":[121.548197,31.278711]},"properties":{"j":18,"w":0.342458}},{"type":"Feature","geometry":{"type":"Point","coordinates":[121.548142,31.282319]},"properties":{"j":23,"w":0.369629}},{"type":"Feature","geometry":{"type":"Point","coordinates":[121.548087,31.285927]},"properties":{"j":453,"w":0.711576}},{"type":"Feature","geometry":{"type":"Point","coordinates":[121.548032,31.289535]},"properties":{"j":1014,"w":0.80515}},{"type":"Feature","geometry":{"type":"Point","coordinates":[121.547976,31.293143]},"properties":{"j":501,"w":0.723265}},{"type":"Feature","geometry":{"type":"Point","coordinates":[121.547921,31.296751]},"properties":{"j":450,"w":0.710805}},{"type":"Feature","geometry":{"type":"Point","coordinates":[121.547866,31.300359]},"properties":{"j":378,"w":0.690575}},{"type":"Feature","geometry":{"type":"Point","coordinates":[121.54781,31.303967]},"properties":{"j":435,"w":0.706871}},{"type":"Feature","geometry":{"type":"Point","coordinates":[121.547755,31.307575]},"properties":{"j":765,"w":0.772414}},{"type":"Feature","geometry":{"type":"Point","coordinates":[121.547699,31.311183]},"properties":{"j":1313,"w":0.835179}},{"type":"Feature","geometry":{"type":"Point","coordinates":[121.547644,31.314791]},"properties":{"j":1368,"w":0.839948}},{"type":"Feature","geometry":{"type":"Point","coordinates":[121.547589,31.318399]},"properties":{"j":25,"w":0.378939}},{"type":"Feature","geometry":{"type":"Point","coordinates":[121.547423,31.329223]},"properties":{"j":77,"w":0.506715}},{"type":"Feature","geometry":{"type":"Point","coordinates":[121.547367,31.332831]},"properties":{"j":341,"w":0.678628}},{"type":"Feature","geometry":{"type":"Point","coordinates":[121.547201,31.343654]},"properties":{"j":120,"w":0.557783}},{"type":"Feature","geometry":{"type":"Point","coordinates":[121.547145,31.347262]},"properties":{"j":174,"w":0.600699}},{"type":"Feature","geometry":{"type":"Point","coordinates":[121.54709,31.35087]},"properties":{"j":49,"w":0.454995}},{"type":"Feature","geometry":{"type":"Point","coordinates":[121.547034,31.354478]},"properties":{"j":107,"w":0.544563}},{"type":"Feature","geometry":{"type":"Point","coordinates":[121.546979,31.358086]},"properties":{"j":128,"w":0.565229}},{"type":"Feature","geometry":{"type":"Point","coordinates":[121.546923,31.361694]},"properties":{"j":33,"w":0.410139}},{"type":"Feature","geometry":{"type":"Point","coordinates":[121.546868,31.365302]},"properties":{"j":13,"w":0.30694}},{"type":"Feature","geometry":{"type":"Point","coordinates":[121.546757,31.372518]},"properties":{"j":6,"w":0.226322}},{"type":"Feature","geometry":{"type":"Point","coordinates":[121.555797,31.05506]},"properties":{"j":1579,"w":0.85662}},{"type":"Feature","geometry":{"type":"Point","coordinates":[121.555579,31.069492]},"properties":{"j":31,"w":0.403088}},{"type":"Feature","geometry":{"type":"Point","coordinates":[121.554978,31.109181]},"properties":{"j":84,"w":0.51671}},{"type":"Feature","geometry":{"type":"Point","coordinates":[121.554923,31.112789]},"properties":{"j":570,"w":0.738244}},{"type":"Feature","geometry":{"type":"Point","coordinates":[121.554814,31.120006]},"properties":{"j":137,"w":0.573073}},{"type":"Feature","geometry":{"type":"Point","coordinates":[121.554759,31.123614]},"properties":{"j":14,"w":0.314964}},{"type":"Feature","geometry":{"type":"Point","coordinates":[121.554705,31.127222]},"properties":{"j":242,"w":0.63888}},{"type":"Feature","geometry":{"type":"Point","coordinates":[121.55465,31.13083]},"properties":{"j":178,"w":0.603328}},{"type":"Feature","geometry":{"type":"Point","coordinates":[121.554595,31.134438]},"properties":{"j":235,"w":0.63548}},{"type":"Feature","geometry":{"type":"Point","coordinates":[121.55454,31.138046]},"properties":{"j":354,"w":0.682967}},{"type":"Feature","geometry":{"type":"Point","coordinates":[121.554486,31.141654]},"properties":{"j":12,"w":0.298321}},{"type":"Feature","geometry":{"type":"Point","coordinates":[121.554376,31.14887]},"properties":{"j":113,"w":0.550852}},{"type":"Feature","geometry":{"type":"Point","coordinates":[121.554321,31.152478]},"properties":{"j":59,"w":0.4762}},{"type":"Feature","geometry":{"type":"Point","coordinates":[121.554267,31.156086]},"properties":{"j":131,"w":0.567903}},{"type":"Feature","geometry":{"type":"Point","coordinates":[121.554212,31.159694]},"properties":{"j":580,"w":0.740263}},{"type":"Feature","geometry":{"type":"Point","coordinates":[121.554157,31.163302]},"properties":{"j":141,"w":0.576396}},{"type":"Feature","geometry":{"type":"Point","coordinates":[121.554102,31.16691]},"properties":{"j":400,"w":0.697138}},{"type":"Feature","geometry":{"type":"Point","coordinates":[121.554047,31.170518]},"properties":{"j":72,"w":0.499009}},{"type":"Feature","geometry":{"type":"Point","coordinates":[121.553993,31.174126]},"properties":{"j":67,"w":0.490757}},{"type":"Feature","geometry":{"type":"Point","coordinates":[121.553938,31.177734]},"properties":{"j":18,"w":0.342458}},{"type":"Feature","geometry":{"type":"Point","coordinates":[121.553883,31.181342]},"properties":{"j":473,"w":0.71659}},{"type":"Feature","geometry":{"type":"Point","coordinates":[121.553828,31.18495]},"properties":{"j":86,"w":0.519415}},{"type":"Feature","geometry":{"type":"Point","coordinates":[121.553773,31.188559]},"properties":{"j":18,"w":0.342458}},{"type":"Feature","geometry":{"type":"Point","coordinates":[121.553718,31.192167]},"properties":{"j":256,"w":0.645395}},{"type":"Feature","geometry":{"type":"Point","coordinates":[121.553663,31.195775]},"properties":{"j":33,"w":0.410139}},{"type":"Feature","geometry":{"type":"Point","coordinates":[121.553609,31.199383]},"properties":{"j":22,"w":0.364679}},{"type":"Feature","geometry":{"type":"Point","coordinates":[121.553554,31.202991]},"properties":{"j":532,"w":0.730234}},{"type":"Feature","geometry":{"type":"Point","coordinates":[121.553499,31.206599]},"properties":{"j":1514,"w":0.851734}},{"type":"Feature","geometry":{"type":"Point","coordinates":[121.553444,31.210207]},"properties":{"j":286,"w":0.658236}},{"type":"Feature","geometry":{"type":"Point","coordinates":[121.553389,31.213815]},"properties":{"j":71,"w":0.497405}},{"type":"Feature","geometry":{"type":"Point","coordinates":[121.553279,31.221031]},"properties":{"j":6,"w":0.226322}},{"type":"Feature","geometry":{"type":"Point","coordinates":[121.553224,31.224639]},"properties":{"j":454,"w":0.711832}},{"type":"Feature","geometry":{"type":"Point","coordinates":[121.553169,31.228247]},"properties":{"j":2191,"w":0.894698}},{"type":"Feature","geometry":{"type":"Point","coordinates":[121.553114,31.231855]},"properties":{"j":550,"w":0.734097}},{"type":"Feature","geometry":{"type":"Point","coordinates":[121.553059,31.235463]},"properties":{"j":1782,"w":0.870678}},{"type":"Feature","geometry":{"type":"Point","coordinates":[121.553004,31.239071]},"properties":{"j":491,"w":0.720925}},{"type":"Feature","geometry":{"type":"Point","coordinates":[121.552949,31.242679]},"properties":{"j":1296,"w":0.833664}},{"type":"Feature","geometry":{"type":"Point","coordinates":[121.552894,31.246287]},"properties":{"j":1271,"w":0.831401}},{"type":"Feature","geometry":{"type":"Point","coordinates":[121.552839,31.249895]},"properties":{"j":19,"w":0.348424}},{"type":"Feature","geometry":{"type":"Point","coordinates":[121.552784,31.253503]},"properties":{"j":38,"w":0.426097}},{"type":"Feature","geometry":{"type":"Point","coordinates":[121.552729,31.257111]},"properties":{"j":923,"w":0.794225}},{"type":"Feature","geometry":{"type":"Point","coordinates":[121.552674,31.260719]},"properties":{"j":1044,"w":0.808538}},{"type":"Feature","geometry":{"type":"Point","coordinates":[121.552564,31.267935]},"properties":{"j":226,"w":0.630958}},{"type":"Feature","geometry":{"type":"Point","coordinates":[121.552509,31.271543]},"properties":{"j":1102,"w":0.81482}},{"type":"Feature","geometry":{"type":"Point","coordinates":[121.552453,31.275151]},"properties":{"j":1458,"w":0.847353}},{"type":"Feature","geometry":{"type":"Point","coordinates":[121.552398,31.278759]},"properties":{"j":33,"w":0.410139}},{"type":"Feature","geometry":{"type":"Point","coordinates":[121.552343,31.282367]},"properties":{"j":41,"w":0.434716}},{"type":"Feature","geometry":{"type":"Point","coordinates":[121.552288,31.285975]},"properties":{"j":17,"w":0.33617}},{"type":"Feature","geometry":{"type":"Point","coordinates":[121.552233,31.289583]},"properties":{"j":832,"w":0.782167}},{"type":"Feature","geometry":{"type":"Point","coordinates":[121.552178,31.293191]},"properties":{"j":428,"w":0.704988}},{"type":"Feature","geometry":{"type":"Point","coordinates":[121.552123,31.296798]},"properties":{"j":385,"w":0.692704}},{"type":"Feature","geometry":{"type":"Point","coordinates":[121.552067,31.300406]},"properties":{"j":279,"w":0.655364}},{"type":"Feature","geometry":{"type":"Point","coordinates":[121.552012,31.304014]},"properties":{"j":311,"w":0.66795}},{"type":"Feature","geometry":{"type":"Point","coordinates":[121.551957,31.307622]},"properties":{"j":60,"w":0.478122}},{"type":"Feature","geometry":{"type":"Point","coordinates":[121.551902,31.31123]},"properties":{"j":616,"w":0.747256}},{"type":"Feature","geometry":{"type":"Point","coordinates":[121.551847,31.314838]},"properties":{"j":746,"w":0.769493}},{"type":"Feature","geometry":{"type":"Point","coordinates":[121.551736,31.322054]},"properties":{"j":13,"w":0.30694}},{"type":"Feature","geometry":{"type":"Point","coordinates":[121.55157,31.332878]},"properties":{"j":16,"w":0.329522}},{"type":"Feature","geometry":{"type":"Point","coordinates":[121.55146,31.340094]},"properties":{"j":91,"w":0.525914}},{"type":"Feature","geometry":{"type":"Point","coordinates":[121.551405,31.343702]},"properties":{"j":127,"w":0.564324}},{"type":"Feature","geometry":{"type":"Point","coordinates":[121.551349,31.34731]},"properties":{"j":210,"w":0.622457}},{"type":"Feature","geometry":{"type":"Point","coordinates":[121.551294,31.350918]},"properties":{"j":129,"w":0.566127}},{"type":"Feature","geometry":{"type":"Point","coordinates":[121.551239,31.354526]},"properties":{"j":48,"w":0.452645}},{"type":"Feature","geometry":{"type":"Point","coordinates":[121.551183,31.358134]},"properties":{"j":49,"w":0.454995}},{"type":"Feature","geometry":{"type":"Point","coordinates":[121.551128,31.361742]},"properties":{"j":7,"w":0.241853}},{"type":"Feature","geometry":{"type":"Point","coordinates":[121.551017,31.368957]},"properties":{"j":41,"w":0.434716}},{"type":"Feature","geometry":{"type":"Point","coordinates":[121.550962,31.372565]},"properties":{"j":205,"w":0.619668}},{"type":"Feature","geometry":{"type":"Point","coordinates":[121.550906,31.376173]},"properties":{"j":90,"w":0.524643}},{"type":"Feature","geometry":{"type":"Point","coordinates":[121.559444,31.091188]},"properties":{"j":22,"w":0.364679}},{"type":"Feature","geometry":{"type":"Point","coordinates":[121.559171,31.109228]},"properties":{"j":37,"w":0.423076}},{"type":"Feature","geometry":{"type":"Point","coordinates":[121.559117,31.112836]},"properties":{"j":93,"w":0.528416}},{"type":"Feature","geometry":{"type":"Point","coordinates":[121.559008,31.120053]},"properties":{"j":109,"w":0.546698}},{"type":"Feature","geometry":{"type":"Point","coordinates":[121.558899,31.127269]},"properties":{"j":95,"w":0.530864}},{"type":"Feature","geometry":{"type":"Point","coordinates":[121.558681,31.141701]},"properties":{"j":13,"w":0.30694}},{"type":"Feature","geometry":{"type":"Point","coordinates":[121.558571,31.148917]},"properties":{"j":32,"w":0.406667}},{"type":"Feature","geometry":{"type":"Point","coordinates":[121.558517,31.152525]},"properties":{"j":155,"w":0.587332}},{"type":"Feature","geometry":{"type":"Point","coordinates":[121.558462,31.156133]},"properties":{"j":548,"w":0.733674}},{"type":"Feature","geometry":{"type":"Point","coordinates":[121.558407,31.159741]},"properties":{"j":669,"w":0.75684}},{"type":"Feature","geometry":{"type":"Point","coordinates":[121.558353,31.163349]},"properties":{"j":317,"w":0.670165}},{"type":"Feature","geometry":{"type":"Point","coordinates":[121.558298,31.166957]},"properties":{"j":126,"w":0.563412}},{"type":"Feature","geometry":{"type":"Point","coordinates":[121.558244,31.170565]},"properties":{"j":339,"w":0.677946}},{"type":"Feature","geometry":{"type":"Point","coordinates":[121.558189,31.174173]},"properties":{"j":48,"w":0.452645}},{"type":"Feature","geometry":{"type":"Point","coordinates":[121.558134,31.177782]},"properties":{"j":48,"w":0.452645}},{"type":"Feature","geometry":{"type":"Point","coordinates":[121.558079,31.18139]},"properties":{"j":32,"w":0.406667}},{"type":"Feature","geometry":{"type":"Point","coordinates":[121.558025,31.184998]},"properties":{"j":23,"w":0.369629}},{"type":"Feature","geometry":{"type":"Point","coordinates":[121.55797,31.188606]},"properties":{"j":53,"w":0.463946}},{"type":"Feature","geometry":{"type":"Point","coordinates":[121.557915,31.192214]},"properties":{"j":144,"w":0.578828}},{"type":"Feature","geometry":{"type":"Point","coordinates":[121.557861,31.195822]},"properties":{"j":155,"w":0.587332}},{"type":"Feature","geometry":{"type":"Point","coordinates":[121.557751,31.203038]},"properties":{"j":15,"w":0.322471}},{"type":"Feature","geometry":{"type":"Point","coordinates":[121.557696,31.206646]},"properties":{"j":593,"w":0.742837}},{"type":"Feature","geometry":{"type":"Point","coordinates":[121.557642,31.210254]},"properties":{"j":435,"w":0.706871}},{"type":"Feature","geometry":{"type":"Point","coordinates":[121.557587,31.213862]},"properties":{"j":1366,"w":0.839778}},{"type":"Feature","geometry":{"type":"Point","coordinates":[121.557532,31.21747]},"properties":{"j":12,"w":0.298321}},{"type":"Feature","geometry":{"type":"Point","coordinates":[121.557477,31.221078]},"properties":{"j":34,"w":0.413511}},{"type":"Feature","geometry":{"type":"Point","coordinates":[121.557422,31.224686]},"properties":{"j":20,"w":0.354098}},{"type":"Feature","geometry":{"type":"Point","coordinates":[121.557368,31.228294]},"properties":{"j":1672,"w":0.863272}},{"type":"Feature","geometry":{"type":"Point","coordinates":[121.557313,31.231902]},"properties":{"j":758,"w":0.771346}},{"type":"Feature","geometry":{"type":"Point","coordinates":[121.557258,31.23551]},"properties":{"j":91,"w":0.525914}},{"type":"Feature","geometry":{"type":"Point","coordinates":[121.557203,31.239118]},"properties":{"j":519,"w":0.727362}},{"type":"Feature","geometry":{"type":"Point","coordinates":[121.557148,31.242726]},"properties":{"j":49,"w":0.454995}},{"type":"Feature","geometry":{"type":"Point","coordinates":[121.557093,31.246334]},"properties":{"j":469,"w":0.715604}},{"type":"Feature","geometry":{"type":"Point","coordinates":[121.557039,31.249942]},"properties":{"j":224,"w":0.629929}},{"type":"Feature","geometry":{"type":"Point","coordinates":[121.556709,31.27159]},"properties":{"j":491,"w":0.720925}},{"type":"Feature","geometry":{"type":"Point","coordinates":[121.556654,31.275198]},"properties":{"j":295,"w":0.661827}},{"type":"Feature","geometry":{"type":"Point","coordinates":[121.556599,31.278806]},"properties":{"j":563,"w":0.736809}},{"type":"Feature","geometry":{"type":"Point","coordinates":[121.556544,31.282414]},"properties":{"j":543,"w":0.73261}},{"type":"Feature","geometry":{"type":"Point","coordinates":[121.556489,31.286022]},"properties":{"j":660,"w":0.755267}},{"type":"Feature","geometry":{"type":"Point","coordinates":[121.556434,31.28963]},"properties":{"j":1383,"w":0.841216}},{"type":"Feature","geometry":{"type":"Point","coordinates":[121.556379,31.293238]},"properties":{"j":601,"w":0.744393}},{"type":"Feature","geometry":{"type":"Point","coordinates":[121.556324,31.296846]},"properties":{"j":129,"w":0.566127}},{"type":"Feature","geometry":{"type":"Point","coordinates":[121.556104,31.311278]},"properties":{"j":68,"w":0.492455}},{"type":"Feature","geometry":{"type":"Point","coordinates":[121.556049,31.314886]},"properties":{"j":41,"w":0.434716}},{"type":"Feature","geometry":{"type":"Point","coordinates":[121.555939,31.322102]},"properties":{"j":73,"w":0.500592}},{"type":"Feature","geometry":{"type":"Point","coordinates":[121.555719,31.336533]},"properties":{"j":84,"w":0.51671}},{"type":"Feature","geometry":{"type":"Point","coordinates":[121.555663,31.340141]},"properties":{"j":259,"w":0.646745}},{"type":"Feature","geometry":{"type":"Point","coordinates":[121.555608,31.343749]},"properties":{"j":588,"w":0.741854}},{"type":"Feature","geometry":{"type":"Point","coordinates":[121.555553,31.347357]},"properties":{"j":259,"w":0.646745}},{"type":"Feature","geometry":{"type":"Point","coordinates":[121.555498,31.350965]},"properties":{"j":84,"w":0.51671}},{"type":"Feature","geometry":{"type":"Point","coordinates":[121.555443,31.354573]},"properties":{"j":65,"w":0.487285}},{"type":"Feature","geometry":{"type":"Point","coordinates":[121.555388,31.358181]},"properties":{"j":28,"w":0.391639}},{"type":"Feature","geometry":{"type":"Point","coordinates":[121.555222,31.369005]},"properties":{"j":138,"w":0.573913}},{"type":"Feature","geometry":{"type":"Point","coordinates":[121.555167,31.372613]},"properties":{"j":530,"w":0.729797}},{"type":"Feature","geometry":{"type":"Point","coordinates":[121.555112,31.376221]},"properties":{"j":149,"w":0.582771}},{"type":"Feature","geometry":{"type":"Point","coordinates":[121.564504,31.033505]},"properties":{"j":49,"w":0.454995}},{"type":"Feature","geometry":{"type":"Point","coordinates":[121.564233,31.051545]},"properties":{"j":41,"w":0.434716}},{"type":"Feature","geometry":{"type":"Point","coordinates":[121.563636,31.091235]},"properties":{"j":18,"w":0.342458}},{"type":"Feature","geometry":{"type":"Point","coordinates":[121.563582,31.094843]},"properties":{"j":98,"w":0.534443}},{"type":"Feature","geometry":{"type":"Point","coordinates":[121.563528,31.098451]},"properties":{"j":92,"w":0.527172}},{"type":"Feature","geometry":{"type":"Point","coordinates":[121.563473,31.102059]},"properties":{"j":266,"w":0.649835}},{"type":"Feature","geometry":{"type":"Point","coordinates":[121.563419,31.105667]},"properties":{"j":404,"w":0.698292}},{"type":"Feature","geometry":{"type":"Point","coordinates":[121.563365,31.109275]},"properties":{"j":208,"w":0.621349}},{"type":"Feature","geometry":{"type":"Point","coordinates":[121.56331,31.112883]},"properties":{"j":14,"w":0.314964}},{"type":"Feature","geometry":{"type":"Point","coordinates":[121.563256,31.116491]},"properties":{"j":116,"w":0.553873}},{"type":"Feature","geometry":{"type":"Point","coordinates":[121.563202,31.120099]},"properties":{"j":26,"w":0.383328}},{"type":"Feature","geometry":{"type":"Point","coordinates":[121.563147,31.123707]},"properties":{"j":15,"w":0.322471}},{"type":"Feature","geometry":{"type":"Point","coordinates":[121.563093,31.127316]},"properties":{"j":84,"w":0.51671}},{"type":"Feature","geometry":{"type":"Point","coordinates":[121.563039,31.130924]},"properties":{"j":30,"w":0.399396}},{"type":"Feature","geometry":{"type":"Point","coordinates":[121.562984,31.134532]},"properties":{"j":85,"w":0.518071}},{"type":"Feature","geometry":{"type":"Point","coordinates":[121.56293,31.13814]},"properties":{"j":16,"w":0.329522}},{"type":"Feature","geometry":{"type":"Point","coordinates":[121.562821,31.145356]},"properties":{"j":57,"w":0.472257}},{"type":"Feature","geometry":{"type":"Point","coordinates":[121.562767,31.148964]},"properties":{"j":128,"w":0.565229}},{"type":"Feature","geometry":{"type":"Point","coordinates":[121.562712,31.152572]},"properties":{"j":914,"w":0.793087}},{"type":"Feature","geometry":{"type":"Point","coordinates":[121.562658,31.15618]},"properties":{"j":69,"w":0.494129}},{"type":"Feature","geometry":{"type":"Point","coordinates":[121.562603,31.159788]},"properties":{"j":669,"w":0.75684}},{"type":"Feature","geometry":{"type":"Point","coordinates":[121.562549,31.163396]},"properties":{"j":25,"w":0.378939}},{"type":"Feature","geometry":{"type":"Point","coordinates":[121.562494,31.167004]},"properties":{"j":55,"w":0.468176}},{"type":"Feature","geometry":{"type":"Point","coordinates":[121.56244,31.170612]},"properties":{"j":328,"w":0.674121}},{"type":"Feature","geometry":{"type":"Point","coordinates":[121.562385,31.17422]},"properties":{"j":157,"w":0.588814}},{"type":"Feature","geometry":{"type":"Point","coordinates":[121.562331,31.177828]},"properties":{"j":97,"w":0.533263}},{"type":"Feature","geometry":{"type":"Point","coordinates":[121.562276,31.181437]},"properties":{"j":96,"w":0.53207}},{"type":"Feature","geometry":{"type":"Point","coordinates":[121.562222,31.185045]},"properties":{"j":16,"w":0.329522}},{"type":"Feature","geometry":{"type":"Point","coordinates":[121.561894,31.206693]},"properties":{"j":54,"w":0.46608}},{"type":"Feature","geometry":{"type":"Point","coordinates":[121.56184,31.210301]},"properties":{"j":1258,"w":0.830206}},{"type":"Feature","geometry":{"type":"Point","coordinates":[121.561785,31.213909]},"properties":{"j":1396,"w":0.842303}},{"type":"Feature","geometry":{"type":"Point","coordinates":[121.56173,31.217517]},"properties":{"j":116,"w":0.553873}},{"type":"Feature","geometry":{"type":"Point","coordinates":[121.561621,31.224733]},"properties":{"j":22,"w":0.364679}},{"type":"Feature","geometry":{"type":"Point","coordinates":[121.561566,31.228341]},"properties":{"j":344,"w":0.679644}},{"type":"Feature","geometry":{"type":"Point","coordinates":[121.561512,31.231949]},"properties":{"j":176,"w":0.602021}},{"type":"Feature","geometry":{"type":"Point","coordinates":[121.561457,31.235557]},"properties":{"j":32,"w":0.406667}},{"type":"Feature","geometry":{"type":"Point","coordinates":[121.561402,31.239165]},"properties":{"j":196,"w":0.614472}},{"type":"Feature","geometry":{"type":"Point","coordinates":[121.561348,31.242773]},"properties":{"j":110,"w":0.54775}},{"type":"Feature","geometry":{"type":"Point","coordinates":[121.561293,31.246381]},"properties":{"j":50,"w":0.457298}},{"type":"Feature","geometry":{"type":"Point","coordinates":[121.561238,31.249989]},"properties":{"j":476,"w":0.717324}},{"type":"Feature","geometry":{"type":"Point","coordinates":[121.561129,31.257205]},"properties":{"j":125,"w":0.562492}},{"type":"Feature","geometry":{"type":"Point","coordinates":[121.561074,31.260813]},"properties":{"j":19,"w":0.348424}},{"type":"Feature","geometry":{"type":"Point","coordinates":[121.561019,31.264421]},"properties":{"j":139,"w":0.574746}},{"type":"Feature","geometry":{"type":"Point","coordinates":[121.5608,31.278853]},"properties":{"j":239,"w":0.637435}},{"type":"Feature","geometry":{"type":"Point","coordinates":[121.560745,31.282461]},"properties":{"j":69,"w":0.494129}},{"type":"Feature","geometry":{"type":"Point","coordinates":[121.56069,31.286069]},"properties":{"j":273,"w":0.652845}},{"type":"Feature","geometry":{"type":"Point","coordinates":[121.560636,31.289677]},"properties":{"j":71,"w":0.497405}},{"type":"Feature","geometry":{"type":"Point","coordinates":[121.560416,31.304109]},"properties":{"j":31,"w":0.403088}},{"type":"Feature","geometry":{"type":"Point","coordinates":[121.560142,31.322149]},"properties":{"j":10,"w":0.278891}},{"type":"Feature","geometry":{"type":"Point","coordinates":[121.560087,31.325757]},"properties":{"j":103,"w":0.540174}},{"type":"Feature","geometry":{"type":"Point","coordinates":[121.560032,31.329365]},"properties":{"j":251,"w":0.64311}},{"type":"Feature","geometry":{"type":"Point","coordinates":[121.559977,31.332973]},"properties":{"j":50,"w":0.457298}},{"type":"Feature","geometry":{"type":"Point","coordinates":[121.559922,31.336581]},"properties":{"j":235,"w":0.63548}},{"type":"Feature","geometry":{"type":"Point","coordinates":[121.559867,31.340189]},"properties":{"j":229,"w":0.632485}},{"type":"Feature","geometry":{"type":"Point","coordinates":[121.559812,31.343797]},"properties":{"j":381,"w":0.691492}},{"type":"Feature","geometry":{"type":"Point","coordinates":[121.559757,31.347404]},"properties":{"j":79,"w":0.509659}},{"type":"Feature","geometry":{"type":"Point","coordinates":[121.559702,31.351012]},"properties":{"j":11,"w":0.289011}},{"type":"Feature","geometry":{"type":"Point","coordinates":[121.559647,31.35462]},"properties":{"j":35,"w":0.416787}},{"type":"Feature","geometry":{"type":"Point","coordinates":[121.559592,31.358228]},"properties":{"j":19,"w":0.348424}},{"type":"Feature","geometry":{"type":"Point","coordinates":[121.559537,31.361836]},"properties":{"j":6,"w":0.226322}},{"type":"Feature","geometry":{"type":"Point","coordinates":[121.559482,31.365444]},"properties":{"j":41,"w":0.434716}},{"type":"Feature","geometry":{"type":"Point","coordinates":[121.559427,31.369052]},"properties":{"j":537,"w":0.73132}},{"type":"Feature","geometry":{"type":"Point","coordinates":[121.559372,31.37266]},"properties":{"j":1404,"w":0.842967}},{"type":"Feature","geometry":{"type":"Point","coordinates":[121.559317,31.376268]},"properties":{"j":129,"w":0.566127}},{"type":"Feature","geometry":{"type":"Point","coordinates":[121.56891,31.019119]},"properties":{"j":207,"w":0.620792}},{"type":"Feature","geometry":{"type":"Point","coordinates":[121.568856,31.022727]},"properties":{"j":17,"w":0.33617}},{"type":"Feature","geometry":{"type":"Point","coordinates":[121.567775,31.094889]},"properties":{"j":44,"w":0.44274}},{"type":"Feature","geometry":{"type":"Point","coordinates":[121.567721,31.098498]},"properties":{"j":192,"w":0.612086}},{"type":"Feature","geometry":{"type":"Point","coordinates":[121.567667,31.102106]},"properties":{"j":235,"w":0.63548}},{"type":"Feature","geometry":{"type":"Point","coordinates":[121.567612,31.105714]},"properties":{"j":57,"w":0.472257}},{"type":"Feature","geometry":{"type":"Point","coordinates":[121.567558,31.109322]},"properties":{"j":97,"w":0.533263}},{"type":"Feature","geometry":{"type":"Point","coordinates":[121.56745,31.116538]},"properties":{"j":594,"w":0.743033}},{"type":"Feature","geometry":{"type":"Point","coordinates":[121.567396,31.120146]},"properties":{"j":270,"w":0.651564}},{"type":"Feature","geometry":{"type":"Point","coordinates":[121.567341,31.123754]},"properties":{"j":44,"w":0.44274}},{"type":"Feature","geometry":{"type":"Point","coordinates":[121.567287,31.127362]},"properties":{"j":40,"w":0.431913}},{"type":"Feature","geometry":{"type":"Point","coordinates":[121.567179,31.134578]},"properties":{"j":37,"w":0.423076}},{"type":"Feature","geometry":{"type":"Point","coordinates":[121.567125,31.138187]},"properties":{"j":83,"w":0.515334}},{"type":"Feature","geometry":{"type":"Point","coordinates":[121.566962,31.149011]},"properties":{"j":722,"w":0.765695}},{"type":"Feature","geometry":{"type":"Point","coordinates":[121.566907,31.152619]},"properties":{"j":8,"w":0.255552}},{"type":"Feature","geometry":{"type":"Point","coordinates":[121.566853,31.156227]},"properties":{"j":72,"w":0.499009}},{"type":"Feature","geometry":{"type":"Point","coordinates":[121.566799,31.159835]},"properties":{"j":110,"w":0.54775}},{"type":"Feature","geometry":{"type":"Point","coordinates":[121.566744,31.163443]},"properties":{"j":52,"w":0.461772}},{"type":"Feature","geometry":{"type":"Point","coordinates":[121.56669,31.167051]},"properties":{"j":57,"w":0.472257}},{"type":"Feature","geometry":{"type":"Point","coordinates":[121.566636,31.170659]},"properties":{"j":89,"w":0.523358}},{"type":"Feature","geometry":{"type":"Point","coordinates":[121.566581,31.174267]},"properties":{"j":33,"w":0.410139}},{"type":"Feature","geometry":{"type":"Point","coordinates":[121.566527,31.177875]},"properties":{"j":152,"w":0.585074}},{"type":"Feature","geometry":{"type":"Point","coordinates":[121.566473,31.181483]},"properties":{"j":114,"w":0.551868}},{"type":"Feature","geometry":{"type":"Point","coordinates":[121.566418,31.185091]},"properties":{"j":207,"w":0.620792}},{"type":"Feature","geometry":{"type":"Point","coordinates":[121.566364,31.188699]},"properties":{"j":123,"w":0.560631}},{"type":"Feature","geometry":{"type":"Point","coordinates":[121.56631,31.192307]},"properties":{"j":55,"w":0.468176}},{"type":"Feature","geometry":{"type":"Point","coordinates":[121.566255,31.195916]},"properties":{"j":117,"w":0.554863}},{"type":"Feature","geometry":{"type":"Point","coordinates":[121.566037,31.210348]},"properties":{"j":589,"w":0.742051}},{"type":"Feature","geometry":{"type":"Point","coordinates":[121.565983,31.213956]},"properties":{"j":962,"w":0.799033}},{"type":"Feature","geometry":{"type":"Point","coordinates":[121.565928,31.217564]},"properties":{"j":128,"w":0.565229}},{"type":"Feature","geometry":{"type":"Point","coordinates":[121.565765,31.228388]},"properties":{"j":217,"w":0.626253}},{"type":"Feature","geometry":{"type":"Point","coordinates":[121.565711,31.231996]},"properties":{"j":275,"w":0.65369}},{"type":"Feature","geometry":{"type":"Point","coordinates":[121.565656,31.235604]},"properties":{"j":49,"w":0.454995}},{"type":"Feature","geometry":{"type":"Point","coordinates":[121.565547,31.24282]},"properties":{"j":165,"w":0.594559}},{"type":"Feature","geometry":{"type":"Point","coordinates":[121.565274,31.26086]},"properties":{"j":637,"w":0.751148}},{"type":"Feature","geometry":{"type":"Point","coordinates":[121.56522,31.264468]},"properties":{"j":32,"w":0.406667}},{"type":"Feature","geometry":{"type":"Point","coordinates":[121.565165,31.268076]},"properties":{"j":102,"w":0.53905}},{"type":"Feature","geometry":{"type":"Point","coordinates":[121.56511,31.271684]},"properties":{"j":180,"w":0.60462}},{"type":"Feature","geometry":{"type":"Point","coordinates":[121.565056,31.275292]},"properties":{"j":393,"w":0.69509}},{"type":"Feature","geometry":{"type":"Point","coordinates":[121.565001,31.2789]},"properties":{"j":64,"w":0.485509}},{"type":"Feature","geometry":{"type":"Point","coordinates":[121.564837,31.289724]},"properties":{"j":8,"w":0.255552}},{"type":"Feature","geometry":{"type":"Point","coordinates":[121.564782,31.293332]},"properties":{"j":41,"w":0.434716}},{"type":"Feature","geometry":{"type":"Point","coordinates":[121.564728,31.29694]},"properties":{"j":28,"w":0.391639}},{"type":"Feature","geometry":{"type":"Point","coordinates":[121.564673,31.300548]},"properties":{"j":94,"w":0.529647}},{"type":"Feature","geometry":{"type":"Point","coordinates":[121.564618,31.304156]},"properties":{"j":57,"w":0.472257}},{"type":"Feature","geometry":{"type":"Point","coordinates":[121.564399,31.318588]},"properties":{"j":64,"w":0.485509}},{"type":"Feature","geometry":{"type":"Point","coordinates":[121.564345,31.322196]},"properties":{"j":204,"w":0.619102}},{"type":"Feature","geometry":{"type":"Point","coordinates":[121.56429,31.325804]},"properties":{"j":197,"w":0.615061}},{"type":"Feature","geometry":{"type":"Point","coordinates":[121.564235,31.329412]},"properties":{"j":214,"w":0.624641}},{"type":"Feature","geometry":{"type":"Point","coordinates":[121.56418,31.33302]},"properties":{"j":13,"w":0.30694}},{"type":"Feature","geometry":{"type":"Point","coordinates":[121.564126,31.336628]},"properties":{"j":159,"w":0.590277}},{"type":"Feature","geometry":{"type":"Point","coordinates":[121.564071,31.340236]},"properties":{"j":30,"w":0.399396}},{"type":"Feature","geometry":{"type":"Point","coordinates":[121.563961,31.347452]},"properties":{"j":10,"w":0.278891}},{"type":"Feature","geometry":{"type":"Point","coordinates":[121.563906,31.35106]},"properties":{"j":23,"w":0.369629}},{"type":"Feature","geometry":{"type":"Point","coordinates":[121.563851,31.354668]},"properties":{"j":65,"w":0.487285}},{"type":"Feature","geometry":{"type":"Point","coordinates":[121.563797,31.358275]},"properties":{"j":9,"w":0.267806}},{"type":"Feature","geometry":{"type":"Point","coordinates":[121.563687,31.365491]},"properties":{"j":322,"w":0.67198}},{"type":"Feature","geometry":{"type":"Point","coordinates":[121.563632,31.369099]},"properties":{"j":1581,"w":0.856767}},{"type":"Feature","geometry":{"type":"Point","coordinates":[121.563577,31.372707]},"properties":{"j":940,"w":0.796346}},{"type":"Feature","geometry":{"type":"Point","coordinates":[121.563522,31.376315]},"properties":{"j":98,"w":0.534443}},{"type":"Feature","geometry":{"type":"Point","coordinates":[121.573207,31.011949]},"properties":{"j":9,"w":0.267806}},{"type":"Feature","geometry":{"type":"Point","coordinates":[121.573099,31.019165]},"properties":{"j":410,"w":0.700003}},{"type":"Feature","geometry":{"type":"Point","coordinates":[121.573045,31.022773]},"properties":{"j":7,"w":0.241853}},{"type":"Feature","geometry":{"type":"Point","coordinates":[121.572992,31.026381]},"properties":{"j":10,"w":0.278891}},{"type":"Feature","geometry":{"type":"Point","coordinates":[121.572938,31.02999]},"properties":{"j":131,"w":0.567903}},{"type":"Feature","geometry":{"type":"Point","coordinates":[121.572884,31.033598]},"properties":{"j":22,"w":0.364679}},{"type":"Feature","geometry":{"type":"Point","coordinates":[121.57186,31.102152]},"properties":{"j":19,"w":0.348424}},{"type":"Feature","geometry":{"type":"Point","coordinates":[121.571806,31.10576]},"properties":{"j":54,"w":0.46608}},{"type":"Feature","geometry":{"type":"Point","coordinates":[121.571752,31.109368]},"properties":{"j":26,"w":0.383328}},{"type":"Feature","geometry":{"type":"Point","coordinates":[121.571698,31.112976]},"properties":{"j":6,"w":0.226322}},{"type":"Feature","geometry":{"type":"Point","coordinates":[121.571644,31.116585]},"properties":{"j":262,"w":0.648079}},{"type":"Feature","geometry":{"type":"Point","coordinates":[121.57159,31.120193]},"properties":{"j":62,"w":0.481874}},{"type":"Feature","geometry":{"type":"Point","coordinates":[121.571536,31.123801]},"properties":{"j":136,"w":0.572227}},{"type":"Feature","geometry":{"type":"Point","coordinates":[121.571481,31.127409]},"properties":{"j":82,"w":0.513941}},{"type":"Feature","geometry":{"type":"Point","coordinates":[121.571427,31.131017]},"properties":{"j":47,"w":0.450247}},{"type":"Feature","geometry":{"type":"Point","coordinates":[121.571157,31.149057]},"properties":{"j":20,"w":0.354098}},{"type":"Feature","geometry":{"type":"Point","coordinates":[121.570994,31.159882]},"properties":{"j":23,"w":0.369629}},{"type":"Feature","geometry":{"type":"Point","coordinates":[121.57094,31.16349]},"properties":{"j":10,"w":0.278891}},{"type":"Feature","geometry":{"type":"Point","coordinates":[121.570886,31.167098]},"properties":{"j":61,"w":0.480014}},{"type":"Feature","geometry":{"type":"Point","coordinates":[121.570832,31.170706]},"properties":{"j":76,"w":0.505214}},{"type":"Feature","geometry":{"type":"Point","coordinates":[121.570778,31.174314]},"properties":{"j":100,"w":0.53677}},{"type":"Feature","geometry":{"type":"Point","coordinates":[121.570724,31.177922]},"properties":{"j":59,"w":0.4762}},{"type":"Feature","geometry":{"type":"Point","coordinates":[121.570669,31.18153]},"properties":{"j":39,"w":0.429042}},{"type":"Feature","geometry":{"type":"Point","coordinates":[121.570615,31.185138]},"properties":{"j":290,"w":0.659846}},{"type":"Feature","geometry":{"type":"Point","coordinates":[121.570507,31.192354]},"properties":{"j":97,"w":0.533263}},{"type":"Feature","geometry":{"type":"Point","coordinates":[121.570452,31.195962]},"properties":{"j":379,"w":0.690882}},{"type":"Feature","geometry":{"type":"Point","coordinates":[121.570398,31.19957]},"properties":{"j":23,"w":0.369629}},{"type":"Feature","geometry":{"type":"Point","coordinates":[121.57029,31.206786]},"properties":{"j":9,"w":0.267806}},{"type":"Feature","geometry":{"type":"Point","coordinates":[121.570235,31.210394]},"properties":{"j":11,"w":0.289011}},{"type":"Feature","geometry":{"type":"Point","coordinates":[121.570181,31.214002]},"properties":{"j":105,"w":0.542389}},{"type":"Feature","geometry":{"type":"Point","coordinates":[121.570127,31.217611]},"properties":{"j":10,"w":0.278891}},{"type":"Feature","geometry":{"type":"Point","coordinates":[121.569964,31.228435]},"properties":{"j":70,"w":0.495778}},{"type":"Feature","geometry":{"type":"Point","coordinates":[121.569855,31.235651]},"properties":{"j":71,"w":0.497405}},{"type":"Feature","geometry":{"type":"Point","coordinates":[121.569801,31.239259]},"properties":{"j":6,"w":0.226322}},{"type":"Feature","geometry":{"type":"Point","coordinates":[121.569746,31.242867]},"properties":{"j":183,"w":0.606532}},{"type":"Feature","geometry":{"type":"Point","coordinates":[121.569692,31.246475]},"properties":{"j":15,"w":0.322471}},{"type":"Feature","geometry":{"type":"Point","coordinates":[121.569583,31.253691]},"properties":{"j":13,"w":0.30694}},{"type":"Feature","geometry":{"type":"Point","coordinates":[121.569529,31.257299]},"properties":{"j":33,"w":0.410139}},{"type":"Feature","geometry":{"type":"Point","coordinates":[121.569474,31.260907]},"properties":{"j":236,"w":0.635972}},{"type":"Feature","geometry":{"type":"Point","coordinates":[121.56942,31.264515]},"properties":{"j":156,"w":0.588075}},{"type":"Feature","geometry":{"type":"Point","coordinates":[121.569365,31.268123]},"properties":{"j":185,"w":0.60779}},{"type":"Feature","geometry":{"type":"Point","coordinates":[121.569311,31.271731]},"properties":{"j":1199,"w":0.824624}},{"type":"Feature","geometry":{"type":"Point","coordinates":[121.569256,31.275339]},"properties":{"j":1010,"w":0.804691}},{"type":"Feature","geometry":{"type":"Point","coordinates":[121.569202,31.278947]},"properties":{"j":490,"w":0.720688}},{"type":"Feature","geometry":{"type":"Point","coordinates":[121.569147,31.282555]},"properties":{"j":98,"w":0.534443}},{"type":"Feature","geometry":{"type":"Point","coordinates":[121.569093,31.286163]},"properties":{"j":302,"w":0.664546}},{"type":"Feature","geometry":{"type":"Point","coordinates":[121.569038,31.289771]},"properties":{"j":41,"w":0.434716}},{"type":"Feature","geometry":{"type":"Point","coordinates":[121.568984,31.293379]},"properties":{"j":23,"w":0.369629}},{"type":"Feature","geometry":{"type":"Point","coordinates":[121.568929,31.296987]},"properties":{"j":143,"w":0.578023}},{"type":"Feature","geometry":{"type":"Point","coordinates":[121.568875,31.300595]},"properties":{"j":248,"w":0.641717}},{"type":"Feature","geometry":{"type":"Point","coordinates":[121.56882,31.304203]},"properties":{"j":6,"w":0.226322}},{"type":"Feature","geometry":{"type":"Point","coordinates":[121.568711,31.311419]},"properties":{"j":77,"w":0.506715}},{"type":"Feature","geometry":{"type":"Point","coordinates":[121.568657,31.315027]},"properties":{"j":52,"w":0.461772}},{"type":"Feature","geometry":{"type":"Point","coordinates":[121.568602,31.318635]},"properties":{"j":138,"w":0.573913}},{"type":"Feature","geometry":{"type":"Point","coordinates":[121.568548,31.322243]},"properties":{"j":274,"w":0.653268}},{"type":"Feature","geometry":{"type":"Point","coordinates":[121.568493,31.325851]},"properties":{"j":103,"w":0.540174}},{"type":"Feature","geometry":{"type":"Point","coordinates":[121.568438,31.329459]},"properties":{"j":10,"w":0.278891}},{"type":"Feature","geometry":{"type":"Point","coordinates":[121.568329,31.336675]},"properties":{"j":12,"w":0.298321}},{"type":"Feature","geometry":{"type":"Point","coordinates":[121.568274,31.340283]},"properties":{"j":44,"w":0.44274}},{"type":"Feature","geometry":{"type":"Point","coordinates":[121.56822,31.343891]},"properties":{"j":189,"w":0.610264}},{"type":"Feature","geometry":{"type":"Point","coordinates":[121.568165,31.347499]},"properties":{"j":216,"w":0.625718}},{"type":"Feature","geometry":{"type":"Point","coordinates":[121.56811,31.351107]},"properties":{"j":14,"w":0.314964}},{"type":"Feature","geometry":{"type":"Point","coordinates":[121.568056,31.354715]},"properties":{"j":48,"w":0.452645}},{"type":"Feature","geometry":{"type":"Point","coordinates":[121.568001,31.358322]},"properties":{"j":40,"w":0.431913}},{"type":"Feature","geometry":{"type":"Point","coordinates":[121.567892,31.365538]},"properties":{"j":162,"w":0.592437}},{"type":"Feature","geometry":{"type":"Point","coordinates":[121.567837,31.369146]},"properties":{"j":331,"w":0.675176}},{"type":"Feature","geometry":{"type":"Point","coordinates":[121.567782,31.372754]},"properties":{"j":133,"w":0.569652}},{"type":"Feature","geometry":{"type":"Point","coordinates":[121.567727,31.376362]},"properties":{"j":25,"w":0.378939}},{"type":"Feature","geometry":{"type":"Point","coordinates":[121.57745,31.008387]},"properties":{"j":8,"w":0.255552}},{"type":"Feature","geometry":{"type":"Point","coordinates":[121.577396,31.011995]},"properties":{"j":59,"w":0.4762}},{"type":"Feature","geometry":{"type":"Point","coordinates":[121.577289,31.019211]},"properties":{"j":28,"w":0.391639}},{"type":"Feature","geometry":{"type":"Point","coordinates":[121.577235,31.02282]},"properties":{"j":49,"w":0.454995}},{"type":"Feature","geometry":{"type":"Point","coordinates":[121.577074,31.033644]},"properties":{"j":441,"w":0.70846}},{"type":"Feature","geometry":{"type":"Point","coordinates":[121.57702,31.037252]},"properties":{"j":304,"w":0.665311}},{"type":"Feature","geometry":{"type":"Point","coordinates":[121.576967,31.04086]},"properties":{"j":78,"w":0.508196}},{"type":"Feature","geometry":{"type":"Point","coordinates":[121.576698,31.058901]},"properties":{"j":118,"w":0.555844}},{"type":"Feature","geometry":{"type":"Point","coordinates":[121.576645,31.062509]},"properties":{"j":135,"w":0.571375}},{"type":"Feature","geometry":{"type":"Point","coordinates":[121.576591,31.066117]},"properties":{"j":6,"w":0.226322}},{"type":"Feature","geometry":{"type":"Point","coordinates":[121.57643,31.076942]},"properties":{"j":12,"w":0.298321}},{"type":"Feature","geometry":{"type":"Point","coordinates":[121.576376,31.08055]},"properties":{"j":49,"w":0.454995}},{"type":"Feature","geometry":{"type":"Point","coordinates":[121.576214,31.091374]},"properties":{"j":411,"w":0.700286}},{"type":"Feature","geometry":{"type":"Point","coordinates":[121.576161,31.094982]},"properties":{"j":297,"w":0.66261}},{"type":"Feature","geometry":{"type":"Point","coordinates":[121.576053,31.102199]},"properties":{"j":22,"w":0.364679}},{"type":"Feature","geometry":{"type":"Point","coordinates":[121.575999,31.105807]},"properties":{"j":14,"w":0.314964}},{"type":"Feature","geometry":{"type":"Point","coordinates":[121.575945,31.109415]},"properties":{"j":6,"w":0.226322}},{"type":"Feature","geometry":{"type":"Point","coordinates":[121.575891,31.113023]},"properties":{"j":14,"w":0.314964}},{"type":"Feature","geometry":{"type":"Point","coordinates":[121.575837,31.116631]},"properties":{"j":624,"w":0.748754}},{"type":"Feature","geometry":{"type":"Point","coordinates":[121.575784,31.120239]},"properties":{"j":37,"w":0.423076}},{"type":"Feature","geometry":{"type":"Point","coordinates":[121.57573,31.123847]},"properties":{"j":554,"w":0.734939}},{"type":"Feature","geometry":{"type":"Point","coordinates":[121.575676,31.127455]},"properties":{"j":171,"w":0.598688}},{"type":"Feature","geometry":{"type":"Point","coordinates":[121.575622,31.131063]},"properties":{"j":12,"w":0.298321}},{"type":"Feature","geometry":{"type":"Point","coordinates":[121.575568,31.134671]},"properties":{"j":495,"w":0.721867}},{"type":"Feature","geometry":{"type":"Point","coordinates":[121.575514,31.13828]},"properties":{"j":248,"w":0.641717}},{"type":"Feature","geometry":{"type":"Point","coordinates":[121.57546,31.141888]},"properties":{"j":47,"w":0.450247}},{"type":"Feature","geometry":{"type":"Point","coordinates":[121.575406,31.145496]},"properties":{"j":10,"w":0.278891}},{"type":"Feature","geometry":{"type":"Point","coordinates":[121.575298,31.152712]},"properties":{"j":7,"w":0.241853}},{"type":"Feature","geometry":{"type":"Point","coordinates":[121.575136,31.163536]},"properties":{"j":33,"w":0.410139}},{"type":"Feature","geometry":{"type":"Point","coordinates":[121.575082,31.167144]},"properties":{"j":27,"w":0.387558}},{"type":"Feature","geometry":{"type":"Point","coordinates":[121.575028,31.170752]},"properties":{"j":307,"w":0.666449}},{"type":"Feature","geometry":{"type":"Point","coordinates":[121.574974,31.17436]},"properties":{"j":13,"w":0.30694}},{"type":"Feature","geometry":{"type":"Point","coordinates":[121.574812,31.185185]},"properties":{"j":40,"w":0.431913}},{"type":"Feature","geometry":{"type":"Point","coordinates":[121.574758,31.188793]},"properties":{"j":77,"w":0.506715}},{"type":"Feature","geometry":{"type":"Point","coordinates":[121.574704,31.192401]},"properties":{"j":8,"w":0.255552}},{"type":"Feature","geometry":{"type":"Point","coordinates":[121.574596,31.199617]},"properties":{"j":607,"w":0.745547}},{"type":"Feature","geometry":{"type":"Point","coordinates":[121.574541,31.203225]},"properties":{"j":1450,"w":0.846714}},{"type":"Feature","geometry":{"type":"Point","coordinates":[121.574487,31.206833]},"properties":{"j":307,"w":0.666449}},{"type":"Feature","geometry":{"type":"Point","coordinates":[121.574433,31.210441]},"properties":{"j":2722,"w":0.919927}},{"type":"Feature","geometry":{"type":"Point","coordinates":[121.574217,31.224873]},"properties":{"j":12,"w":0.298321}},{"type":"Feature","geometry":{"type":"Point","coordinates":[121.574162,31.228481]},"properties":{"j":13,"w":0.30694}},{"type":"Feature","geometry":{"type":"Point","coordinates":[121.574054,31.235697]},"properties":{"j":7,"w":0.241853}},{"type":"Feature","geometry":{"type":"Point","coordinates":[121.573946,31.242913]},"properties":{"j":685,"w":0.759585}},{"type":"Feature","geometry":{"type":"Point","coordinates":[121.573891,31.246521]},"properties":{"j":137,"w":0.573073}},{"type":"Feature","geometry":{"type":"Point","coordinates":[121.573837,31.250129]},"properties":{"j":48,"w":0.452645}},{"type":"Feature","geometry":{"type":"Point","coordinates":[121.573783,31.253737]},"properties":{"j":8,"w":0.255552}},{"type":"Feature","geometry":{"type":"Point","coordinates":[121.573729,31.257346]},"properties":{"j":72,"w":0.499009}},{"type":"Feature","geometry":{"type":"Point","coordinates":[121.573674,31.260954]},"properties":{"j":104,"w":0.541287}},{"type":"Feature","geometry":{"type":"Point","coordinates":[121.57362,31.264562]},"properties":{"j":53,"w":0.463946}},{"type":"Feature","geometry":{"type":"Point","coordinates":[121.573512,31.271778]},"properties":{"j":162,"w":0.592437}},{"type":"Feature","geometry":{"type":"Point","coordinates":[121.573457,31.275386]},"properties":{"j":43,"w":0.440127}},{"type":"Feature","geometry":{"type":"Point","coordinates":[121.573403,31.278994]},"properties":{"j":144,"w":0.578828}},{"type":"Feature","geometry":{"type":"Point","coordinates":[121.573349,31.282602]},"properties":{"j":111,"w":0.548793}},{"type":"Feature","geometry":{"type":"Point","coordinates":[121.573294,31.28621]},"properties":{"j":7,"w":0.241853}},{"type":"Feature","geometry":{"type":"Point","coordinates":[121.57324,31.289818]},"properties":{"j":15,"w":0.322471}},{"type":"Feature","geometry":{"type":"Point","coordinates":[121.573186,31.293426]},"properties":{"j":94,"w":0.529647}},{"type":"Feature","geometry":{"type":"Point","coordinates":[121.573131,31.297034]},"properties":{"j":12,"w":0.298321}},{"type":"Feature","geometry":{"type":"Point","coordinates":[121.573077,31.300642]},"properties":{"j":66,"w":0.489034}},{"type":"Feature","geometry":{"type":"Point","coordinates":[121.573022,31.30425]},"properties":{"j":106,"w":0.543481}},{"type":"Feature","geometry":{"type":"Point","coordinates":[121.572968,31.307858]},"properties":{"j":8,"w":0.255552}},{"type":"Feature","geometry":{"type":"Point","coordinates":[121.572914,31.311466]},"properties":{"j":307,"w":0.666449}},{"type":"Feature","geometry":{"type":"Point","coordinates":[121.572859,31.315074]},"properties":{"j":26,"w":0.383328}},{"type":"Feature","geometry":{"type":"Point","coordinates":[121.572805,31.318682]},"properties":{"j":80,"w":0.511104}},{"type":"Feature","geometry":{"type":"Point","coordinates":[121.57275,31.32229]},"properties":{"j":180,"w":0.60462}},{"type":"Feature","geometry":{"type":"Point","coordinates":[121.572696,31.325898]},"properties":{"j":87,"w":0.520744}},{"type":"Feature","geometry":{"type":"Point","coordinates":[121.572641,31.329506]},"properties":{"j":103,"w":0.540174}},{"type":"Feature","geometry":{"type":"Point","coordinates":[121.572478,31.340329]},"properties":{"j":23,"w":0.369629}},{"type":"Feature","geometry":{"type":"Point","coordinates":[121.572424,31.343937]},"properties":{"j":7,"w":0.241853}},{"type":"Feature","geometry":{"type":"Point","coordinates":[121.572369,31.347545]},"properties":{"j":468,"w":0.715357}},{"type":"Feature","geometry":{"type":"Point","coordinates":[121.572315,31.351153]},"properties":{"j":724,"w":0.766016}},{"type":"Feature","geometry":{"type":"Point","coordinates":[121.57226,31.354761]},"properties":{"j":1002,"w":0.803767}},{"type":"Feature","geometry":{"type":"Point","coordinates":[121.572206,31.358369]},"properties":{"j":699,"w":0.761935}},{"type":"Feature","geometry":{"type":"Point","coordinates":[121.572096,31.365585]},"properties":{"j":125,"w":0.562492}},{"type":"Feature","geometry":{"type":"Point","coordinates":[121.572042,31.369193]},"properties":{"j":99,"w":0.535612}},{"type":"Feature","geometry":{"type":"Point","coordinates":[121.571987,31.372801]},"properties":{"j":75,"w":0.503693}},{"type":"Feature","geometry":{"type":"Point","coordinates":[121.571933,31.376409]},"properties":{"j":13,"w":0.30694}},{"type":"Feature","geometry":{"type":"Point","coordinates":[121.581532,31.015649]},"properties":{"j":9,"w":0.267806}},{"type":"Feature","geometry":{"type":"Point","coordinates":[121.581478,31.019257]},"properties":{"j":20,"w":0.354098}},{"type":"Feature","geometry":{"type":"Point","coordinates":[121.581425,31.022866]},"properties":{"j":21,"w":0.359509}},{"type":"Feature","geometry":{"type":"Point","coordinates":[121.581264,31.03369]},"properties":{"j":118,"w":0.555844}},{"type":"Feature","geometry":{"type":"Point","coordinates":[121.581211,31.037298]},"properties":{"j":12,"w":0.298321}},{"type":"Feature","geometry":{"type":"Point","coordinates":[121.580997,31.051731]},"properties":{"j":83,"w":0.515334}},{"type":"Feature","geometry":{"type":"Point","coordinates":[121.580943,31.055339]},"properties":{"j":91,"w":0.525914}},{"type":"Feature","geometry":{"type":"Point","coordinates":[121.58089,31.058947]},"properties":{"j":413,"w":0.700849}},{"type":"Feature","geometry":{"type":"Point","coordinates":[121.580836,31.062555]},"properties":{"j":127,"w":0.564324}},{"type":"Feature","geometry":{"type":"Point","coordinates":[121.580782,31.066163]},"properties":{"j":260,"w":0.647191}},{"type":"Feature","geometry":{"type":"Point","coordinates":[121.580729,31.069772]},"properties":{"j":55,"w":0.468176}},{"type":"Feature","geometry":{"type":"Point","coordinates":[121.580675,31.07338]},"properties":{"j":84,"w":0.51671}},{"type":"Feature","geometry":{"type":"Point","coordinates":[121.580622,31.076988]},"properties":{"j":15,"w":0.322471}},{"type":"Feature","geometry":{"type":"Point","coordinates":[121.580568,31.080596]},"properties":{"j":43,"w":0.440127}},{"type":"Feature","geometry":{"type":"Point","coordinates":[121.580514,31.084204]},"properties":{"j":46,"w":0.447798}},{"type":"Feature","geometry":{"type":"Point","coordinates":[121.580461,31.087812]},"properties":{"j":37,"w":0.423076}},{"type":"Feature","geometry":{"type":"Point","coordinates":[121.580407,31.09142]},"properties":{"j":137,"w":0.573073}},{"type":"Feature","geometry":{"type":"Point","coordinates":[121.580353,31.095029]},"properties":{"j":41,"w":0.434716}},{"type":"Feature","geometry":{"type":"Point","coordinates":[121.580246,31.102245]},"properties":{"j":86,"w":0.519415}},{"type":"Feature","geometry":{"type":"Point","coordinates":[121.580192,31.105853]},"properties":{"j":95,"w":0.530864}},{"type":"Feature","geometry":{"type":"Point","coordinates":[121.580139,31.109461]},"properties":{"j":182,"w":0.605898}},{"type":"Feature","geometry":{"type":"Point","coordinates":[121.580085,31.113069]},"properties":{"j":8,"w":0.255552}},{"type":"Feature","geometry":{"type":"Point","coordinates":[121.579977,31.120285]},"properties":{"j":39,"w":0.429042}},{"type":"Feature","geometry":{"type":"Point","coordinates":[121.579924,31.123893]},"properties":{"j":13,"w":0.30694}},{"type":"Feature","geometry":{"type":"Point","coordinates":[121.57987,31.127502]},"properties":{"j":110,"w":0.54775}},{"type":"Feature","geometry":{"type":"Point","coordinates":[121.579709,31.138326]},"properties":{"j":49,"w":0.454995}},{"type":"Feature","geometry":{"type":"Point","coordinates":[121.579547,31.14915]},"properties":{"j":251,"w":0.64311}},{"type":"Feature","geometry":{"type":"Point","coordinates":[121.579494,31.152758]},"properties":{"j":332,"w":0.675526}},{"type":"Feature","geometry":{"type":"Point","coordinates":[121.57944,31.156366]},"properties":{"j":22,"w":0.364679}},{"type":"Feature","geometry":{"type":"Point","coordinates":[121.579332,31.163583]},"properties":{"j":75,"w":0.503693}},{"type":"Feature","geometry":{"type":"Point","coordinates":[121.579278,31.167191]},"properties":{"j":7,"w":0.241853}},{"type":"Feature","geometry":{"type":"Point","coordinates":[121.579224,31.170799]},"properties":{"j":133,"w":0.569652}},{"type":"Feature","geometry":{"type":"Point","coordinates":[121.57917,31.174407]},"properties":{"j":31,"w":0.403088}},{"type":"Feature","geometry":{"type":"Point","coordinates":[121.579117,31.178015]},"properties":{"j":20,"w":0.354098}},{"type":"Feature","geometry":{"type":"Point","coordinates":[121.578955,31.188839]},"properties":{"j":107,"w":0.544563}},{"type":"Feature","geometry":{"type":"Point","coordinates":[121.578901,31.192447]},"properties":{"j":1136,"w":0.818351}},{"type":"Feature","geometry":{"type":"Point","coordinates":[121.578847,31.196055]},"properties":{"j":153,"w":0.585832}},{"type":"Feature","geometry":{"type":"Point","coordinates":[121.578793,31.199663]},"properties":{"j":7407,"w":1.0}},{"type":"Feature","geometry":{"type":"Point","coordinates":[121.578739,31.203271]},"properties":{"j":6741,"w":1.0}},{"type":"Feature","geometry":{"type":"Point","coordinates":[121.578685,31.206879]},"properties":{"j":3036,"w":0.93262}},{"type":"Feature","geometry":{"type":"Point","coordinates":[121.578631,31.210487]},"properties":{"j":3007,"w":0.931504}},{"type":"Feature","geometry":{"type":"Point","coordinates":[121.578253,31.235744]},"properties":{"j":110,"w":0.54775}},{"type":"Feature","geometry":{"type":"Point","coordinates":[121.578199,31.239352]},"properties":{"j":448,"w":0.710288}},{"type":"Feature","geometry":{"type":"Point","coordinates":[121.578145,31.24296]},"properties":{"j":1115,"w":0.816183}},{"type":"Feature","geometry":{"type":"Point","coordinates":[121.578091,31.246568]},"properties":{"j":92,"w":0.527172}},{"type":"Feature","geometry":{"type":"Point","coordinates":[121.578037,31.250176]},"properties":{"j":187,"w":0.609033}},{"type":"Feature","geometry":{"type":"Point","coordinates":[121.577983,31.253784]},"properties":{"j":460,"w":0.713355}},{"type":"Feature","geometry":{"type":"Point","coordinates":[121.577929,31.257392]},"properties":{"j":622,"w":0.748381}},{"type":"Feature","geometry":{"type":"Point","coordinates":[121.577712,31.271824]},"properties":{"j":118,"w":0.555844}},{"type":"Feature","geometry":{"type":"Point","coordinates":[121.577658,31.275432]},"properties":{"j":80,"w":0.511104}},{"type":"Feature","geometry":{"type":"Point","coordinates":[121.577441,31.289864]},"properties":{"j":9,"w":0.267806}},{"type":"Feature","geometry":{"type":"Point","coordinates":[121.577387,31.293472]},"properties":{"j":50,"w":0.457298}},{"type":"Feature","geometry":{"type":"Point","coordinates":[121.577333,31.29708]},"properties":{"j":96,"w":0.53207}},{"type":"Feature","geometry":{"type":"Point","coordinates":[121.577225,31.304296]},"properties":{"j":22,"w":0.364679}},{"type":"Feature","geometry":{"type":"Point","coordinates":[121.57717,31.307904]},"properties":{"j":304,"w":0.665311}},{"type":"Feature","geometry":{"type":"Point","coordinates":[121.577116,31.311512]},"properties":{"j":1212,"w":0.825877}},{"type":"Feature","geometry":{"type":"Point","coordinates":[121.577062,31.31512]},"properties":{"j":8,"w":0.255552}},{"type":"Feature","geometry":{"type":"Point","coordinates":[121.577008,31.318728]},"properties":{"j":281,"w":0.656192}},{"type":"Feature","geometry":{"type":"Point","coordinates":[121.576953,31.322336]},"properties":{"j":342,"w":0.678967}},{"type":"Feature","geometry":{"type":"Point","coordinates":[121.576899,31.325944]},"properties":{"j":561,"w":0.736396}},{"type":"Feature","geometry":{"type":"Point","coordinates":[121.576845,31.329552]},"properties":{"j":138,"w":0.573913}},{"type":"Feature","geometry":{"type":"Point","coordinates":[121.576736,31.336768]},"properties":{"j":10,"w":0.278891}},{"type":"Feature","geometry":{"type":"Point","coordinates":[121.576573,31.347592]},"properties":{"j":24,"w":0.374377}},{"type":"Feature","geometry":{"type":"Point","coordinates":[121.576519,31.3512]},"properties":{"j":132,"w":0.568781}},{"type":"Feature","geometry":{"type":"Point","coordinates":[121.576464,31.354808]},"properties":{"j":66,"w":0.489034}},{"type":"Feature","geometry":{"type":"Point","coordinates":[121.57641,31.358416]},"properties":{"j":27,"w":0.387558}},{"type":"Feature","geometry":{"type":"Point","coordinates":[121.576356,31.362024]},"properties":{"j":42,"w":0.437453}},{"type":"Feature","geometry":{"type":"Point","coordinates":[121.576301,31.365632]},"properties":{"j":119,"w":0.556818}},{"type":"Feature","geometry":{"type":"Point","coordinates":[121.576247,31.36924]},"properties":{"j":166,"w":0.595257}},{"type":"Feature","geometry":{"type":"Point","coordinates":[121.576192,31.372848]},"properties":{"j":67,"w":0.490757}},{"type":"Feature","geometry":{"type":"Point","coordinates":[121.585668,31.019303]},"properties":{"j":22,"w":0.364679}},{"type":"Feature","geometry":{"type":"Point","coordinates":[121.585614,31.022912]},"properties":{"j":48,"w":0.452645}},{"type":"Feature","geometry":{"type":"Point","coordinates":[121.585454,31.033736]},"properties":{"j":161,"w":0.591722}},{"type":"Feature","geometry":{"type":"Point","coordinates":[121.585134,31.055385]},"properties":{"j":43,"w":0.440127}},{"type":"Feature","geometry":{"type":"Point","coordinates":[121.585081,31.058993]},"properties":{"j":40,"w":0.431913}},{"type":"Feature","geometry":{"type":"Point","coordinates":[121.585027,31.062601]},"properties":{"j":50,"w":0.457298}},{"type":"Feature","geometry":{"type":"Point","coordinates":[121.584974,31.06621]},"properties":{"j":36,"w":0.419974}},{"type":"Feature","geometry":{"type":"Point","coordinates":[121.584921,31.069818]},"properties":{"j":92,"w":0.527172}},{"type":"Feature","geometry":{"type":"Point","coordinates":[121.584867,31.073426]},"properties":{"j":210,"w":0.622457}},{"type":"Feature","geometry":{"type":"Point","coordinates":[121.58476,31.080642]},"properties":{"j":71,"w":0.497405}},{"type":"Feature","geometry":{"type":"Point","coordinates":[121.584653,31.087858]},"properties":{"j":216,"w":0.625718}},{"type":"Feature","geometry":{"type":"Point","coordinates":[121.5846,31.091467]},"properties":{"j":110,"w":0.54775}},{"type":"Feature","geometry":{"type":"Point","coordinates":[121.584546,31.095075]},"properties":{"j":76,"w":0.505214}},{"type":"Feature","geometry":{"type":"Point","coordinates":[121.584493,31.098683]},"properties":{"j":30,"w":0.399396}},{"type":"Feature","geometry":{"type":"Point","coordinates":[121.584386,31.105899]},"properties":{"j":31,"w":0.403088}},{"type":"Feature","geometry":{"type":"Point","coordinates":[121.584279,31.113115]},"properties":{"j":425,"w":0.704172}},{"type":"Feature","geometry":{"type":"Point","coordinates":[121.584225,31.116723]},"properties":{"j":1209,"w":0.825589}},{"type":"Feature","geometry":{"type":"Point","coordinates":[121.584171,31.120332]},"properties":{"j":10,"w":0.278891}},{"type":"Feature","geometry":{"type":"Point","coordinates":[121.584118,31.12394]},"properties":{"j":51,"w":0.459556}},{"type":"Feature","geometry":{"type":"Point","coordinates":[121.584011,31.131156]},"properties":{"j":42,"w":0.437453}},{"type":"Feature","geometry":{"type":"Point","coordinates":[121.583743,31.149196]},"properties":{"j":288,"w":0.659044}},{"type":"Feature","geometry":{"type":"Point","coordinates":[121.583689,31.152805]},"properties":{"j":137,"w":0.573073}},{"type":"Feature","geometry":{"type":"Point","coordinates":[121.583528,31.163629]},"properties":{"j":30,"w":0.399396}},{"type":"Feature","geometry":{"type":"Point","coordinates":[121.583474,31.167237]},"properties":{"j":22,"w":0.364679}},{"type":"Feature","geometry":{"type":"Point","coordinates":[121.583313,31.178061]},"properties":{"j":32,"w":0.406667}},{"type":"Feature","geometry":{"type":"Point","coordinates":[121.583259,31.181669]},"properties":{"j":705,"w":0.762927}},{"type":"Feature","geometry":{"type":"Point","coordinates":[121.583206,31.185277]},"properties":{"j":10,"w":0.278891}},{"type":"Feature","geometry":{"type":"Point","coordinates":[121.583152,31.188885]},"properties":{"j":3189,"w":0.938337}},{"type":"Feature","geometry":{"type":"Point","coordinates":[121.583098,31.192493]},"properties":{"j":2095,"w":0.889489}},{"type":"Feature","geometry":{"type":"Point","coordinates":[121.583044,31.196102]},"properties":{"j":569,"w":0.73804}},{"type":"Feature","geometry":{"type":"Point","coordinates":[121.58299,31.19971]},"properties":{"j":3107,"w":0.935308}},{"type":"Feature","geometry":{"type":"Point","coordinates":[121.582937,31.203318]},"properties":{"j":1855,"w":0.875345}},{"type":"Feature","geometry":{"type":"Point","coordinates":[121.582883,31.206926]},"properties":{"j":5715,"w":1.0}},{"type":"Feature","geometry":{"type":"Point","coordinates":[121.582829,31.210534]},"properties":{"j":1636,"w":0.860742}},{"type":"Feature","geometry":{"type":"Point","coordinates":[121.582775,31.214142]},"properties":{"j":2226,"w":0.89654}},{"type":"Feature","geometry":{"type":"Point","coordinates":[121.582398,31.239398]},"properties":{"j":168,"w":0.596642}},{"type":"Feature","geometry":{"type":"Point","coordinates":[121.582344,31.243006]},"properties":{"j":297,"w":0.66261}},{"type":"Feature","geometry":{"type":"Point","coordinates":[121.58229,31.246614]},"properties":{"j":27,"w":0.387558}},{"type":"Feature","geometry":{"type":"Point","coordinates":[121.582237,31.250222]},"properties":{"j":15,"w":0.322471}},{"type":"Feature","geometry":{"type":"Point","coordinates":[121.582183,31.25383]},"properties":{"j":401,"w":0.697428}},{"type":"Feature","geometry":{"type":"Point","coordinates":[121.582129,31.257438]},"properties":{"j":124,"w":0.561565}},{"type":"Feature","geometry":{"type":"Point","coordinates":[121.582021,31.264655]},"properties":{"j":42,"w":0.437453}},{"type":"Feature","geometry":{"type":"Point","coordinates":[121.581967,31.268263]},"properties":{"j":38,"w":0.426097}},{"type":"Feature","geometry":{"type":"Point","coordinates":[121.581913,31.271871]},"properties":{"j":314,"w":0.669063}},{"type":"Feature","geometry":{"type":"Point","coordinates":[121.581859,31.275479]},"properties":{"j":280,"w":0.655779}},{"type":"Feature","geometry":{"type":"Point","coordinates":[121.581751,31.282695]},"properties":{"j":74,"w":0.502153}},{"type":"Feature","geometry":{"type":"Point","coordinates":[121.581697,31.286303]},"properties":{"j":60,"w":0.478122}},{"type":"Feature","geometry":{"type":"Point","coordinates":[121.581643,31.289911]},"properties":{"j":37,"w":0.423076}},{"type":"Feature","geometry":{"type":"Point","coordinates":[121.581589,31.293519]},"properties":{"j":6,"w":0.226322}},{"type":"Feature","geometry":{"type":"Point","coordinates":[121.581535,31.297127]},"properties":{"j":11,"w":0.289011}},{"type":"Feature","geometry":{"type":"Point","coordinates":[121.581264,31.315167]},"properties":{"j":35,"w":0.416787}},{"type":"Feature","geometry":{"type":"Point","coordinates":[121.58121,31.318775]},"properties":{"j":327,"w":0.673766}},{"type":"Feature","geometry":{"type":"Point","coordinates":[121.581156,31.322383]},"properties":{"j":502,"w":0.723497}},{"type":"Feature","geometry":{"type":"Point","coordinates":[121.581102,31.325991]},"properties":{"j":644,"w":0.752417}},{"type":"Feature","geometry":{"type":"Point","coordinates":[121.581048,31.329599]},"properties":{"j":448,"w":0.710288}},{"type":"Feature","geometry":{"type":"Point","coordinates":[121.580994,31.333207]},"properties":{"j":25,"w":0.378939}},{"type":"Feature","geometry":{"type":"Point","coordinates":[121.580885,31.340423]},"properties":{"j":50,"w":0.457298}},{"type":"Feature","geometry":{"type":"Point","coordinates":[121.580723,31.351247]},"properties":{"j":101,"w":0.537915}},{"type":"Feature","geometry":{"type":"Point","coordinates":[121.580669,31.354855]},"properties":{"j":140,"w":0.575574}},{"type":"Feature","geometry":{"type":"Point","coordinates":[121.580614,31.358463]},"properties":{"j":107,"w":0.544563}},{"type":"Feature","geometry":{"type":"Point","coordinates":[121.58056,31.362071]},"properties":{"j":214,"w":0.624641}},{"type":"Feature","geometry":{"type":"Point","coordinates":[121.580506,31.365679]},"properties":{"j":272,"w":0.652419}},{"type":"Feature","geometry":{"type":"Point","coordinates":[121.580452,31.369287]},"properties":{"j":53,"w":0.463946}},{"type":"Feature","geometry":{"type":"Point","coordinates":[121.580398,31.372895]},"properties":{"j":102,"w":0.53905}},{"type":"Feature","geometry":{"type":"Point","coordinates":[121.589804,31.022957]},"properties":{"j":193,"w":0.612687}},{"type":"Feature","geometry":{"type":"Point","coordinates":[121.589751,31.026566]},"properties":{"j":6,"w":0.226322}},{"type":"Feature","geometry":{"type":"Point","coordinates":[121.589645,31.033782]},"properties":{"j":189,"w":0.610264}},{"type":"Feature","geometry":{"type":"Point","coordinates":[121.589591,31.03739]},"properties":{"j":414,"w":0.701129}},{"type":"Feature","geometry":{"type":"Point","coordinates":[121.589538,31.040998]},"properties":{"j":454,"w":0.711832}},{"type":"Feature","geometry":{"type":"Point","coordinates":[121.589485,31.044607]},"properties":{"j":48,"w":0.452645}},{"type":"Feature","geometry":{"type":"Point","coordinates":[121.589432,31.048215]},"properties":{"j":47,"w":0.450247}},{"type":"Feature","geometry":{"type":"Point","coordinates":[121.589379,31.051823]},"properties":{"j":19,"w":0.348424}},{"type":"Feature","geometry":{"type":"Point","coordinates":[121.589325,31.055431]},"properties":{"j":72,"w":0.499009}},{"type":"Feature","geometry":{"type":"Point","coordinates":[121.589219,31.062647]},"properties":{"j":10,"w":0.278891}},{"type":"Feature","geometry":{"type":"Point","coordinates":[121.589166,31.066255]},"properties":{"j":79,"w":0.509659}},{"type":"Feature","geometry":{"type":"Point","coordinates":[121.589059,31.073472]},"properties":{"j":54,"w":0.46608}},{"type":"Feature","geometry":{"type":"Point","coordinates":[121.589006,31.07708]},"properties":{"j":6,"w":0.226322}},{"type":"Feature","geometry":{"type":"Point","coordinates":[121.588952,31.080688]},"properties":{"j":105,"w":0.542389}},{"type":"Feature","geometry":{"type":"Point","coordinates":[121.588846,31.087904]},"properties":{"j":47,"w":0.450247}},{"type":"Feature","geometry":{"type":"Point","coordinates":[121.588792,31.091513]},"properties":{"j":111,"w":0.548793}},{"type":"Feature","geometry":{"type":"Point","coordinates":[121.588632,31.102337]},"properties":{"j":9,"w":0.267806}},{"type":"Feature","geometry":{"type":"Point","coordinates":[121.588526,31.109553]},"properties":{"j":200,"w":0.61681}},{"type":"Feature","geometry":{"type":"Point","coordinates":[121.588472,31.113161]},"properties":{"j":79,"w":0.509659}},{"type":"Feature","geometry":{"type":"Point","coordinates":[121.588419,31.116769]},"properties":{"j":164,"w":0.593856}},{"type":"Feature","geometry":{"type":"Point","coordinates":[121.588312,31.123986]},"properties":{"j":74,"w":0.502153}},{"type":"Feature","geometry":{"type":"Point","coordinates":[121.588098,31.138418]},"properties":{"j":226,"w":0.630958}},{"type":"Feature","geometry":{"type":"Point","coordinates":[121.587938,31.149242]},"properties":{"j":67,"w":0.490757}},{"type":"Feature","geometry":{"type":"Point","coordinates":[121.587884,31.152851]},"properties":{"j":139,"w":0.574746}},{"type":"Feature","geometry":{"type":"Point","coordinates":[121.587831,31.156459]},"properties":{"j":20,"w":0.354098}},{"type":"Feature","geometry":{"type":"Point","coordinates":[121.587724,31.163675]},"properties":{"j":70,"w":0.495778}},{"type":"Feature","geometry":{"type":"Point","coordinates":[121.58767,31.167283]},"properties":{"j":19,"w":0.348424}},{"type":"Feature","geometry":{"type":"Point","coordinates":[121.587563,31.174499]},"properties":{"j":89,"w":0.523358}},{"type":"Feature","geometry":{"type":"Point","coordinates":[121.58751,31.178107]},"properties":{"j":1885,"w":0.87721}},{"type":"Feature","geometry":{"type":"Point","coordinates":[121.587456,31.181715]},"properties":{"j":2830,"w":0.924451}},{"type":"Feature","geometry":{"type":"Point","coordinates":[121.587402,31.185323]},"properties":{"j":331,"w":0.675176}},{"type":"Feature","geometry":{"type":"Point","coordinates":[121.587349,31.188932]},"properties":{"j":182,"w":0.605898}},{"type":"Feature","geometry":{"type":"Point","coordinates":[121.587295,31.19254]},"properties":{"j":161,"w":0.591722}},{"type":"Feature","geometry":{"type":"Point","coordinates":[121.587242,31.196148]},"properties":{"j":170,"w":0.59801}},{"type":"Feature","geometry":{"type":"Point","coordinates":[121.587188,31.199756]},"properties":{"j":14,"w":0.314964}},{"type":"Feature","geometry":{"type":"Point","coordinates":[121.587134,31.203364]},"properties":{"j":181,"w":0.605261}},{"type":"Feature","geometry":{"type":"Point","coordinates":[121.587081,31.206972]},"properties":{"j":5041,"w":0.99158}},{"type":"Feature","geometry":{"type":"Point","coordinates":[121.587027,31.21058]},"properties":{"j":4672,"w":0.98274}},{"type":"Feature","geometry":{"type":"Point","coordinates":[121.586973,31.214188]},"properties":{"j":2314,"w":0.901047}},{"type":"Feature","geometry":{"type":"Point","coordinates":[121.58692,31.217796]},"properties":{"j":813,"w":0.779483}},{"type":"Feature","geometry":{"type":"Point","coordinates":[121.586597,31.239444]},"properties":{"j":37,"w":0.423076}},{"type":"Feature","geometry":{"type":"Point","coordinates":[121.586544,31.243053]},"properties":{"j":130,"w":0.567018}},{"type":"Feature","geometry":{"type":"Point","coordinates":[121.58649,31.246661]},"properties":{"j":732,"w":0.767292}},{"type":"Feature","geometry":{"type":"Point","coordinates":[121.586436,31.250269]},"properties":{"j":332,"w":0.675526}},{"type":"Feature","geometry":{"type":"Point","coordinates":[121.586382,31.253877]},"properties":{"j":164,"w":0.593856}},{"type":"Feature","geometry":{"type":"Point","coordinates":[121.586329,31.257485]},"properties":{"j":122,"w":0.559689}},{"type":"Feature","geometry":{"type":"Point","coordinates":[121.586275,31.261093]},"properties":{"j":51,"w":0.459556}},{"type":"Feature","geometry":{"type":"Point","coordinates":[121.586221,31.264701]},"properties":{"j":191,"w":0.611482}},{"type":"Feature","geometry":{"type":"Point","coordinates":[121.586167,31.268309]},"properties":{"j":132,"w":0.568781}},{"type":"Feature","geometry":{"type":"Point","coordinates":[121.586113,31.271917]},"properties":{"j":40,"w":0.431913}},{"type":"Feature","geometry":{"type":"Point","coordinates":[121.58606,31.275525]},"properties":{"j":90,"w":0.524643}},{"type":"Feature","geometry":{"type":"Point","coordinates":[121.586006,31.279133]},"properties":{"j":54,"w":0.46608}},{"type":"Feature","geometry":{"type":"Point","coordinates":[121.585952,31.282741]},"properties":{"j":306,"w":0.666071}},{"type":"Feature","geometry":{"type":"Point","coordinates":[121.585898,31.286349]},"properties":{"j":249,"w":0.642183}},{"type":"Feature","geometry":{"type":"Point","coordinates":[121.585844,31.289957]},"properties":{"j":38,"w":0.426097}},{"type":"Feature","geometry":{"type":"Point","coordinates":[121.58579,31.293565]},"properties":{"j":43,"w":0.440127}},{"type":"Feature","geometry":{"type":"Point","coordinates":[121.585736,31.297173]},"properties":{"j":121,"w":0.55874}},{"type":"Feature","geometry":{"type":"Point","coordinates":[121.585629,31.304389]},"properties":{"j":52,"w":0.461772}},{"type":"Feature","geometry":{"type":"Point","coordinates":[121.585575,31.307997]},"properties":{"j":17,"w":0.33617}},{"type":"Feature","geometry":{"type":"Point","coordinates":[121.585521,31.311605]},"properties":{"j":21,"w":0.359509}},{"type":"Feature","geometry":{"type":"Point","coordinates":[121.585467,31.315213]},"properties":{"j":160,"w":0.591002}},{"type":"Feature","geometry":{"type":"Point","coordinates":[121.585413,31.318821]},"properties":{"j":99,"w":0.535612}},{"type":"Feature","geometry":{"type":"Point","coordinates":[121.585359,31.322429]},"properties":{"j":236,"w":0.635972}},{"type":"Feature","geometry":{"type":"Point","coordinates":[121.585305,31.326037]},"properties":{"j":146,"w":0.580421}},{"type":"Feature","geometry":{"type":"Point","coordinates":[121.585251,31.329645]},"properties":{"j":159,"w":0.590277}},{"type":"Feature","geometry":{"type":"Point","coordinates":[121.585197,31.333253]},"properties":{"j":20,"w":0.354098}},{"type":"Feature","geometry":{"type":"Point","coordinates":[121.585143,31.336861]},"properties":{"j":12,"w":0.298321}},{"type":"Feature","geometry":{"type":"Point","coordinates":[121.585089,31.340469]},"properties":{"j":215,"w":0.625181}},{"type":"Feature","geometry":{"type":"Point","coordinates":[121.585035,31.344077]},"properties":{"j":131,"w":0.567903}},{"type":"Feature","geometry":{"type":"Point","coordinates":[121.584981,31.347685]},"properties":{"j":484,"w":0.719258}},{"type":"Feature","geometry":{"type":"Point","coordinates":[121.584927,31.351293]},"properties":{"j":1049,"w":0.809093}},{"type":"Feature","geometry":{"type":"Point","coordinates":[121.584873,31.354901]},"properties":{"j":217,"w":0.626253}},{"type":"Feature","geometry":{"type":"Point","coordinates":[121.584819,31.358509]},"properties":{"j":227,"w":0.631469}},{"type":"Feature","geometry":{"type":"Point","coordinates":[121.584765,31.362117]},"properties":{"j":417,"w":0.701967}},{"type":"Feature","geometry":{"type":"Point","coordinates":[121.584711,31.365725]},"properties":{"j":107,"w":0.544563}},{"type":"Feature","geometry":{"type":"Point","coordinates":[121.584657,31.369333]},"properties":{"j":56,"w":0.470234}},{"type":"Feature","geometry":{"type":"Point","coordinates":[121.584603,31.372941]},"properties":{"j":6,"w":0.226322}},{"type":"Feature","geometry":{"type":"Point","coordinates":[121.594047,31.019395]},"properties":{"j":82,"w":0.513941}},{"type":"Feature","geometry":{"type":"Point","coordinates":[121.593994,31.023003]},"properties":{"j":108,"w":0.545635}},{"type":"Feature","geometry":{"type":"Point","coordinates":[121.593941,31.026611]},"properties":{"j":58,"w":0.474245}},{"type":"Feature","geometry":{"type":"Point","coordinates":[121.593888,31.03022]},"properties":{"j":27,"w":0.387558}},{"type":"Feature","geometry":{"type":"Point","coordinates":[121.593835,31.033828]},"properties":{"j":32,"w":0.406667}},{"type":"Feature","geometry":{"type":"Point","coordinates":[121.593782,31.037436]},"properties":{"j":751,"w":0.770269}},{"type":"Feature","geometry":{"type":"Point","coordinates":[121.593729,31.041044]},"properties":{"j":267,"w":0.650269}},{"type":"Feature","geometry":{"type":"Point","coordinates":[121.593676,31.044652]},"properties":{"j":142,"w":0.577212}},{"type":"Feature","geometry":{"type":"Point","coordinates":[121.59357,31.051869]},"properties":{"j":6,"w":0.226322}},{"type":"Feature","geometry":{"type":"Point","coordinates":[121.593516,31.055477]},"properties":{"j":13,"w":0.30694}},{"type":"Feature","geometry":{"type":"Point","coordinates":[121.593304,31.069909]},"properties":{"j":45,"w":0.445297}},{"type":"Feature","geometry":{"type":"Point","coordinates":[121.593251,31.073518]},"properties":{"j":51,"w":0.459556}},{"type":"Feature","geometry":{"type":"Point","coordinates":[121.593145,31.080734]},"properties":{"j":93,"w":0.528416}},{"type":"Feature","geometry":{"type":"Point","coordinates":[121.593091,31.084342]},"properties":{"j":107,"w":0.544563}},{"type":"Feature","geometry":{"type":"Point","coordinates":[121.593038,31.08795]},"properties":{"j":25,"w":0.378939}},{"type":"Feature","geometry":{"type":"Point","coordinates":[121.592985,31.091558]},"properties":{"j":64,"w":0.485509}},{"type":"Feature","geometry":{"type":"Point","coordinates":[121.592932,31.095166]},"properties":{"j":116,"w":0.553873}},{"type":"Feature","geometry":{"type":"Point","coordinates":[121.592826,31.102383]},"properties":{"j":54,"w":0.46608}},{"type":"Feature","geometry":{"type":"Point","coordinates":[121.592719,31.109599]},"properties":{"j":24,"w":0.374377}},{"type":"Feature","geometry":{"type":"Point","coordinates":[121.592666,31.113207]},"properties":{"j":26,"w":0.383328}},{"type":"Feature","geometry":{"type":"Point","coordinates":[121.592346,31.134856]},"properties":{"j":57,"w":0.472257}},{"type":"Feature","geometry":{"type":"Point","coordinates":[121.592293,31.138464]},"properties":{"j":190,"w":0.610875}},{"type":"Feature","geometry":{"type":"Point","coordinates":[121.59224,31.142072]},"properties":{"j":15,"w":0.322471}},{"type":"Feature","geometry":{"type":"Point","coordinates":[121.59208,31.152897]},"properties":{"j":72,"w":0.499009}},{"type":"Feature","geometry":{"type":"Point","coordinates":[121.592026,31.156505]},"properties":{"j":6,"w":0.226322}},{"type":"Feature","geometry":{"type":"Point","coordinates":[121.591706,31.178153]},"properties":{"j":1884,"w":0.877149}},{"type":"Feature","geometry":{"type":"Point","coordinates":[121.591653,31.181761]},"properties":{"j":2376,"w":0.904121}},{"type":"Feature","geometry":{"type":"Point","coordinates":[121.591599,31.185369]},"properties":{"j":428,"w":0.704988}},{"type":"Feature","geometry":{"type":"Point","coordinates":[121.591546,31.188978]},"properties":{"j":794,"w":0.776736}},{"type":"Feature","geometry":{"type":"Point","coordinates":[121.591492,31.192586]},"properties":{"j":687,"w":0.759924}},{"type":"Feature","geometry":{"type":"Point","coordinates":[121.591439,31.196194]},"properties":{"j":489,"w":0.720451}},{"type":"Feature","geometry":{"type":"Point","coordinates":[121.591332,31.20341]},"properties":{"j":48,"w":0.452645}},{"type":"Feature","geometry":{"type":"Point","coordinates":[121.591278,31.207018]},"properties":{"j":2948,"w":0.9292}},{"type":"Feature","geometry":{"type":"Point","coordinates":[121.591225,31.210626]},"properties":{"j":5224,"w":0.995726}},{"type":"Feature","geometry":{"type":"Point","coordinates":[121.591171,31.214234]},"properties":{"j":1706,"w":0.865612}},{"type":"Feature","geometry":{"type":"Point","coordinates":[121.591118,31.217842]},"properties":{"j":2538,"w":0.91179}},{"type":"Feature","geometry":{"type":"Point","coordinates":[121.59085,31.235883]},"properties":{"j":16,"w":0.329522}},{"type":"Feature","geometry":{"type":"Point","coordinates":[121.590797,31.239491]},"properties":{"j":43,"w":0.440127}},{"type":"Feature","geometry":{"type":"Point","coordinates":[121.590743,31.243099]},"properties":{"j":613,"w":0.746689}},{"type":"Feature","geometry":{"type":"Point","coordinates":[121.59069,31.246707]},"properties":{"j":418,"w":0.702245}},{"type":"Feature","geometry":{"type":"Point","coordinates":[121.590636,31.250315]},"properties":{"j":498,"w":0.722568}},{"type":"Feature","geometry":{"type":"Point","coordinates":[121.590582,31.253923]},"properties":{"j":61,"w":0.480014}},{"type":"Feature","geometry":{"type":"Point","coordinates":[121.590475,31.261139]},"properties":{"j":10,"w":0.278891}},{"type":"Feature","geometry":{"type":"Point","coordinates":[121.590421,31.264747]},"properties":{"j":103,"w":0.540174}},{"type":"Feature","geometry":{"type":"Point","coordinates":[121.590368,31.268355]},"properties":{"j":237,"w":0.636462}},{"type":"Feature","geometry":{"type":"Point","coordinates":[121.590314,31.271963]},"properties":{"j":80,"w":0.511104}},{"type":"Feature","geometry":{"type":"Point","coordinates":[121.59026,31.275571]},"properties":{"j":90,"w":0.524643}},{"type":"Feature","geometry":{"type":"Point","coordinates":[121.590207,31.279179]},"properties":{"j":397,"w":0.696265}},{"type":"Feature","geometry":{"type":"Point","coordinates":[121.590153,31.282787]},"properties":{"j":366,"w":0.686833}},{"type":"Feature","geometry":{"type":"Point","coordinates":[121.590046,31.290003]},"properties":{"j":10,"w":0.278891}},{"type":"Feature","geometry":{"type":"Point","coordinates":[121.589938,31.297219]},"properties":{"j":10,"w":0.278891}},{"type":"Feature","geometry":{"type":"Point","coordinates":[121.589723,31.311651]},"properties":{"j":37,"w":0.423076}},{"type":"Feature","geometry":{"type":"Point","coordinates":[121.589669,31.315259]},"properties":{"j":11,"w":0.289011}},{"type":"Feature","geometry":{"type":"Point","coordinates":[121.589616,31.318867]},"properties":{"j":140,"w":0.575574}},{"type":"Feature","geometry":{"type":"Point","coordinates":[121.589347,31.336907]},"properties":{"j":692,"w":0.760766}},{"type":"Feature","geometry":{"type":"Point","coordinates":[121.589293,31.340515]},"properties":{"j":860,"w":0.786012}},{"type":"Feature","geometry":{"type":"Point","coordinates":[121.589239,31.344123]},"properties":{"j":1438,"w":0.845748}},{"type":"Feature","geometry":{"type":"Point","coordinates":[121.589185,31.347731]},"properties":{"j":828,"w":0.781607}},{"type":"Feature","geometry":{"type":"Point","coordinates":[121.589131,31.351339]},"properties":{"j":716,"w":0.764726}},{"type":"Feature","geometry":{"type":"Point","coordinates":[121.589023,31.358555]},"properties":{"j":173,"w":0.600033}},{"type":"Feature","geometry":{"type":"Point","coordinates":[121.58897,31.362163]},"properties":{"j":374,"w":0.689341}},{"type":"Feature","geometry":{"type":"Point","coordinates":[121.588916,31.365771]},"properties":{"j":60,"w":0.478122}},{"type":"Feature","geometry":{"type":"Point","coordinates":[121.588862,31.369379]},"properties":{"j":7,"w":0.241853}},{"type":"Feature","geometry":{"type":"Point","coordinates":[121.598289,31.015832]},"properties":{"j":19,"w":0.348424}},{"type":"Feature","geometry":{"type":"Point","coordinates":[121.598236,31.019441]},"properties":{"j":307,"w":0.666449}},{"type":"Feature","geometry":{"type":"Point","coordinates":[121.598184,31.023049]},"properties":{"j":34,"w":0.413511}},{"type":"Feature","geometry":{"type":"Point","coordinates":[121.598078,31.030265]},"properties":{"j":330,"w":0.674825}},{"type":"Feature","geometry":{"type":"Point","coordinates":[121.598025,31.033873]},"properties":{"j":263,"w":0.64852}},{"type":"Feature","geometry":{"type":"Point","coordinates":[121.597972,31.037482]},"properties":{"j":169,"w":0.597328}},{"type":"Feature","geometry":{"type":"Point","coordinates":[121.597919,31.04109]},"properties":{"j":37,"w":0.423076}},{"type":"Feature","geometry":{"type":"Point","coordinates":[121.597866,31.044698]},"properties":{"j":26,"w":0.383328}},{"type":"Feature","geometry":{"type":"Point","coordinates":[121.597761,31.051914]},"properties":{"j":24,"w":0.374377}},{"type":"Feature","geometry":{"type":"Point","coordinates":[121.59739,31.077171]},"properties":{"j":68,"w":0.492455}},{"type":"Feature","geometry":{"type":"Point","coordinates":[121.597178,31.091604]},"properties":{"j":32,"w":0.406667}},{"type":"Feature","geometry":{"type":"Point","coordinates":[121.597125,31.095212]},"properties":{"j":16,"w":0.329522}},{"type":"Feature","geometry":{"type":"Point","coordinates":[121.597072,31.09882]},"properties":{"j":84,"w":0.51671}},{"type":"Feature","geometry":{"type":"Point","coordinates":[121.597019,31.102428]},"properties":{"j":26,"w":0.383328}},{"type":"Feature","geometry":{"type":"Point","coordinates":[121.596913,31.109645]},"properties":{"j":36,"w":0.419974}},{"type":"Feature","geometry":{"type":"Point","coordinates":[121.596488,31.13851]},"properties":{"j":120,"w":0.557783}},{"type":"Feature","geometry":{"type":"Point","coordinates":[121.596435,31.142118]},"properties":{"j":71,"w":0.497405}},{"type":"Feature","geometry":{"type":"Point","coordinates":[121.596275,31.152942]},"properties":{"j":61,"w":0.480014}},{"type":"Feature","geometry":{"type":"Point","coordinates":[121.596222,31.15655]},"properties":{"j":140,"w":0.575574}},{"type":"Feature","geometry":{"type":"Point","coordinates":[121.596009,31.170983]},"properties":{"j":117,"w":0.554863}},{"type":"Feature","geometry":{"type":"Point","coordinates":[121.595956,31.174591]},"properties":{"j":189,"w":0.610264}},{"type":"Feature","geometry":{"type":"Point","coordinates":[121.595903,31.178199]},"properties":{"j":1033,"w":0.807307}},{"type":"Feature","geometry":{"type":"Point","coordinates":[121.595849,31.181807]},"properties":{"j":2224,"w":0.896436}},{"type":"Feature","geometry":{"type":"Point","coordinates":[121.595796,31.185415]},"properties":{"j":1961,"w":0.881805}},{"type":"Feature","geometry":{"type":"Point","coordinates":[121.595743,31.189023]},"properties":{"j":1077,"w":0.812154}},{"type":"Feature","geometry":{"type":"Point","coordinates":[121.595689,31.192631]},"properties":{"j":2091,"w":0.889267}},{"type":"Feature","geometry":{"type":"Point","coordinates":[121.595636,31.19624]},"properties":{"j":996,"w":0.803069}},{"type":"Feature","geometry":{"type":"Point","coordinates":[121.595583,31.199848]},"properties":{"j":52,"w":0.461772}},{"type":"Feature","geometry":{"type":"Point","coordinates":[121.59553,31.203456]},"properties":{"j":1173,"w":0.822076}},{"type":"Feature","geometry":{"type":"Point","coordinates":[121.595476,31.207064]},"properties":{"j":4536,"w":0.979305}},{"type":"Feature","geometry":{"type":"Point","coordinates":[121.595423,31.210672]},"properties":{"j":9295,"w":1.0}},{"type":"Feature","geometry":{"type":"Point","coordinates":[121.59537,31.21428]},"properties":{"j":1960,"w":0.881746}},{"type":"Feature","geometry":{"type":"Point","coordinates":[121.595316,31.217888]},"properties":{"j":430,"w":0.705529}},{"type":"Feature","geometry":{"type":"Point","coordinates":[121.595263,31.221496]},"properties":{"j":9,"w":0.267806}},{"type":"Feature","geometry":{"type":"Point","coordinates":[121.595049,31.235928]},"properties":{"j":16,"w":0.329522}},{"type":"Feature","geometry":{"type":"Point","coordinates":[121.594996,31.239537]},"properties":{"j":265,"w":0.649398}},{"type":"Feature","geometry":{"type":"Point","coordinates":[121.594942,31.243145]},"properties":{"j":570,"w":0.738244}},{"type":"Feature","geometry":{"type":"Point","coordinates":[121.594889,31.246753]},"properties":{"j":632,"w":0.750233}},{"type":"Feature","geometry":{"type":"Point","coordinates":[121.594836,31.250361]},"properties":{"j":649,"w":0.753316}},{"type":"Feature","geometry":{"type":"Point","coordinates":[121.594782,31.253969]},"properties":{"j":331,"w":0.675176}},{"type":"Feature","geometry":{"type":"Point","coordinates":[121.594675,31.261185]},"properties":{"j":12,"w":0.298321}},{"type":"Feature","geometry":{"type":"Point","coordinates":[121.594568,31.268401]},"properties":{"j":205,"w":0.619668}},{"type":"Feature","geometry":{"type":"Point","coordinates":[121.594515,31.272009]},"properties":{"j":28,"w":0.391639}},{"type":"Feature","geometry":{"type":"Point","coordinates":[121.594461,31.275617]},"properties":{"j":519,"w":0.727362}},{"type":"Feature","geometry":{"type":"Point","coordinates":[121.594408,31.279225]},"properties":{"j":291,"w":0.660245}},{"type":"Feature","geometry":{"type":"Point","coordinates":[121.594354,31.282833]},"properties":{"j":62,"w":0.481874}},{"type":"Feature","geometry":{"type":"Point","coordinates":[121.594301,31.286441]},"properties":{"j":278,"w":0.654948}},{"type":"Feature","geometry":{"type":"Point","coordinates":[121.594247,31.290049]},"properties":{"j":241,"w":0.6384}},{"type":"Feature","geometry":{"type":"Point","coordinates":[121.594194,31.293657]},"properties":{"j":68,"w":0.492455}},{"type":"Feature","geometry":{"type":"Point","coordinates":[121.593872,31.315305]},"properties":{"j":21,"w":0.359509}},{"type":"Feature","geometry":{"type":"Point","coordinates":[121.593818,31.318914]},"properties":{"j":11,"w":0.289011}},{"type":"Feature","geometry":{"type":"Point","coordinates":[121.593658,31.329738]},"properties":{"j":188,"w":0.60965}},{"type":"Feature","geometry":{"type":"Point","coordinates":[121.593604,31.333346]},"properties":{"j":267,"w":0.650269}},{"type":"Feature","geometry":{"type":"Point","coordinates":[121.59355,31.336954]},"properties":{"j":919,"w":0.793721}},{"type":"Feature","geometry":{"type":"Point","coordinates":[121.593497,31.340562]},"properties":{"j":1229,"w":0.827496}},{"type":"Feature","geometry":{"type":"Point","coordinates":[121.593443,31.34417]},"properties":{"j":528,"w":0.729358}},{"type":"Feature","geometry":{"type":"Point","coordinates":[121.593389,31.347778]},"properties":{"j":451,"w":0.711062}},{"type":"Feature","geometry":{"type":"Point","coordinates":[121.593121,31.365818]},"properties":{"j":7,"w":0.241853}},{"type":"Feature","geometry":{"type":"Point","coordinates":[121.602426,31.019486]},"properties":{"j":36,"w":0.419974}},{"type":"Feature","geometry":{"type":"Point","coordinates":[121.602268,31.030311]},"properties":{"j":194,"w":0.613285}},{"type":"Feature","geometry":{"type":"Point","coordinates":[121.602215,31.033919]},"properties":{"j":231,"w":0.633492}},{"type":"Feature","geometry":{"type":"Point","coordinates":[121.602162,31.037527]},"properties":{"j":311,"w":0.66795}},{"type":"Feature","geometry":{"type":"Point","coordinates":[121.60211,31.041135]},"properties":{"j":119,"w":0.556818}},{"type":"Feature","geometry":{"type":"Point","coordinates":[121.602057,31.044743]},"properties":{"j":84,"w":0.51671}},{"type":"Feature","geometry":{"type":"Point","coordinates":[121.601635,31.073609]},"properties":{"j":42,"w":0.437453}},{"type":"Feature","geometry":{"type":"Point","coordinates":[121.601529,31.080825]},"properties":{"j":117,"w":0.554863}},{"type":"Feature","geometry":{"type":"Point","coordinates":[121.601106,31.10969]},"properties":{"j":33,"w":0.410139}},{"type":"Feature","geometry":{"type":"Point","coordinates":[121.601053,31.113299]},"properties":{"j":54,"w":0.46608}},{"type":"Feature","geometry":{"type":"Point","coordinates":[121.600947,31.120515]},"properties":{"j":77,"w":0.506715}},{"type":"Feature","geometry":{"type":"Point","coordinates":[121.600894,31.124123]},"properties":{"j":143,"w":0.578023}},{"type":"Feature","geometry":{"type":"Point","coordinates":[121.600841,31.127731]},"properties":{"j":51,"w":0.459556}},{"type":"Feature","geometry":{"type":"Point","coordinates":[121.600789,31.131339]},"properties":{"j":377,"w":0.690268}},{"type":"Feature","geometry":{"type":"Point","coordinates":[121.600736,31.134947]},"properties":{"j":199,"w":0.61623}},{"type":"Feature","geometry":{"type":"Point","coordinates":[121.600683,31.138555]},"properties":{"j":61,"w":0.480014}},{"type":"Feature","geometry":{"type":"Point","coordinates":[121.60063,31.142164]},"properties":{"j":28,"w":0.391639}},{"type":"Feature","geometry":{"type":"Point","coordinates":[121.600471,31.152988]},"properties":{"j":52,"w":0.461772}},{"type":"Feature","geometry":{"type":"Point","coordinates":[121.600311,31.163812]},"properties":{"j":12,"w":0.298321}},{"type":"Feature","geometry":{"type":"Point","coordinates":[121.600205,31.171029]},"properties":{"j":589,"w":0.742051}},{"type":"Feature","geometry":{"type":"Point","coordinates":[121.600152,31.174637]},"properties":{"j":119,"w":0.556818}},{"type":"Feature","geometry":{"type":"Point","coordinates":[121.600099,31.178245]},"properties":{"j":2280,"w":0.899327}},{"type":"Feature","geometry":{"type":"Point","coordinates":[121.600046,31.181853]},"properties":{"j":3567,"w":0.951361}},{"type":"Feature","geometry":{"type":"Point","coordinates":[121.599993,31.185461]},"properties":{"j":83,"w":0.515334}},{"type":"Feature","geometry":{"type":"Point","coordinates":[121.59994,31.189069]},"properties":{"j":1001,"w":0.803651}},{"type":"Feature","geometry":{"type":"Point","coordinates":[121.599887,31.192677]},"properties":{"j":846,"w":0.784105}},{"type":"Feature","geometry":{"type":"Point","coordinates":[121.599834,31.196285]},"properties":{"j":268,"w":0.650703}},{"type":"Feature","geometry":{"type":"Point","coordinates":[121.59978,31.199893]},"properties":{"j":524,"w":0.728475}},{"type":"Feature","geometry":{"type":"Point","coordinates":[121.599727,31.203502]},"properties":{"j":5649,"w":1.0}},{"type":"Feature","geometry":{"type":"Point","coordinates":[121.599674,31.20711]},"properties":{"j":3277,"w":0.941502}},{"type":"Feature","geometry":{"type":"Point","coordinates":[121.599621,31.210718]},"properties":{"j":6532,"w":1.0}},{"type":"Feature","geometry":{"type":"Point","coordinates":[121.599568,31.214326]},"properties":{"j":1582,"w":0.856841}},{"type":"Feature","geometry":{"type":"Point","coordinates":[121.599515,31.217934]},"properties":{"j":2018,"w":0.885136}},{"type":"Feature","geometry":{"type":"Point","coordinates":[121.599461,31.221542]},"properties":{"j":578,"w":0.739862}},{"type":"Feature","geometry":{"type":"Point","coordinates":[121.599248,31.235974]},"properties":{"j":20,"w":0.354098}},{"type":"Feature","geometry":{"type":"Point","coordinates":[121.599195,31.239582]},"properties":{"j":45,"w":0.445297}},{"type":"Feature","geometry":{"type":"Point","coordinates":[121.599142,31.24319]},"properties":{"j":399,"w":0.696848}},{"type":"Feature","geometry":{"type":"Point","coordinates":[121.599089,31.246799]},"properties":{"j":1225,"w":0.827117}},{"type":"Feature","geometry":{"type":"Point","coordinates":[121.599035,31.250407]},"properties":{"j":252,"w":0.64357}},{"type":"Feature","geometry":{"type":"Point","coordinates":[121.598982,31.254015]},"properties":{"j":260,"w":0.647191}},{"type":"Feature","geometry":{"type":"Point","coordinates":[121.598929,31.257623]},"properties":{"j":221,"w":0.628368}},{"type":"Feature","geometry":{"type":"Point","coordinates":[121.598875,31.261231]},"properties":{"j":20,"w":0.354098}},{"type":"Feature","geometry":{"type":"Point","coordinates":[121.598822,31.264839]},"properties":{"j":27,"w":0.387558}},{"type":"Feature","geometry":{"type":"Point","coordinates":[121.598715,31.272055]},"properties":{"j":48,"w":0.452645}},{"type":"Feature","geometry":{"type":"Point","coordinates":[121.598662,31.275663]},"properties":{"j":95,"w":0.530864}},{"type":"Feature","geometry":{"type":"Point","coordinates":[121.598609,31.279271]},"properties":{"j":21,"w":0.359509}},{"type":"Feature","geometry":{"type":"Point","coordinates":[121.598555,31.282879]},"properties":{"j":18,"w":0.342458}},{"type":"Feature","geometry":{"type":"Point","coordinates":[121.598502,31.286487]},"properties":{"j":526,"w":0.728918}},{"type":"Feature","geometry":{"type":"Point","coordinates":[121.598449,31.290095]},"properties":{"j":1065,"w":0.810852}},{"type":"Feature","geometry":{"type":"Point","coordinates":[121.598395,31.293703]},"properties":{"j":99,"w":0.535612}},{"type":"Feature","geometry":{"type":"Point","coordinates":[121.598288,31.300919]},"properties":{"j":11,"w":0.289011}},{"type":"Feature","geometry":{"type":"Point","coordinates":[121.597968,31.322568]},"properties":{"j":537,"w":0.73132}},{"type":"Feature","geometry":{"type":"Point","coordinates":[121.597914,31.326176]},"properties":{"j":551,"w":0.734308}},{"type":"Feature","geometry":{"type":"Point","coordinates":[121.597861,31.329784]},"properties":{"j":505,"w":0.724188}},{"type":"Feature","geometry":{"type":"Point","coordinates":[121.597807,31.333392]},"properties":{"j":583,"w":0.740862}},{"type":"Feature","geometry":{"type":"Point","coordinates":[121.597754,31.337]},"properties":{"j":855,"w":0.785335}},{"type":"Feature","geometry":{"type":"Point","coordinates":[121.5977,31.340608]},"properties":{"j":1101,"w":0.814715}},{"type":"Feature","geometry":{"type":"Point","coordinates":[121.597647,31.344216]},"properties":{"j":418,"w":0.702245}},{"type":"Feature","geometry":{"type":"Point","coordinates":[121.597593,31.347824]},"properties":{"j":8,"w":0.255552}},{"type":"Feature","geometry":{"type":"Point","coordinates":[121.597486,31.35504]},"properties":{"j":40,"w":0.431913}},{"type":"Feature","geometry":{"type":"Point","coordinates":[121.597433,31.358648]},"properties":{"j":12,"w":0.298321}},{"type":"Feature","geometry":{"type":"Point","coordinates":[121.606458,31.030356]},"properties":{"j":130,"w":0.567018}},{"type":"Feature","geometry":{"type":"Point","coordinates":[121.606405,31.033964]},"properties":{"j":142,"w":0.577212}},{"type":"Feature","geometry":{"type":"Point","coordinates":[121.606353,31.037572]},"properties":{"j":139,"w":0.574746}},{"type":"Feature","geometry":{"type":"Point","coordinates":[121.6063,31.04118]},"properties":{"j":165,"w":0.594559}},{"type":"Feature","geometry":{"type":"Point","coordinates":[121.606248,31.044789]},"properties":{"j":292,"w":0.660642}},{"type":"Feature","geometry":{"type":"Point","coordinates":[121.606195,31.048397]},"properties":{"j":10,"w":0.278891}},{"type":"Feature","geometry":{"type":"Point","coordinates":[121.605879,31.070046]},"properties":{"j":18,"w":0.342458}},{"type":"Feature","geometry":{"type":"Point","coordinates":[121.605827,31.073654]},"properties":{"j":48,"w":0.452645}},{"type":"Feature","geometry":{"type":"Point","coordinates":[121.605721,31.080871]},"properties":{"j":66,"w":0.489034}},{"type":"Feature","geometry":{"type":"Point","coordinates":[121.605511,31.095303]},"properties":{"j":8,"w":0.255552}},{"type":"Feature","geometry":{"type":"Point","coordinates":[121.605458,31.098911]},"properties":{"j":97,"w":0.533263}},{"type":"Feature","geometry":{"type":"Point","coordinates":[121.605405,31.10252]},"properties":{"j":116,"w":0.553873}},{"type":"Feature","geometry":{"type":"Point","coordinates":[121.605352,31.106128]},"properties":{"j":159,"w":0.590277}},{"type":"Feature","geometry":{"type":"Point","coordinates":[121.6053,31.109736]},"properties":{"j":137,"w":0.573073}},{"type":"Feature","geometry":{"type":"Point","coordinates":[121.605141,31.12056]},"properties":{"j":99,"w":0.535612}},{"type":"Feature","geometry":{"type":"Point","coordinates":[121.605089,31.124168]},"properties":{"j":267,"w":0.650269}},{"type":"Feature","geometry":{"type":"Point","coordinates":[121.605036,31.127777]},"properties":{"j":48,"w":0.452645}},{"type":"Feature","geometry":{"type":"Point","coordinates":[121.604983,31.131385]},"properties":{"j":177,"w":0.602676}},{"type":"Feature","geometry":{"type":"Point","coordinates":[121.60493,31.134993]},"properties":{"j":107,"w":0.544563}},{"type":"Feature","geometry":{"type":"Point","coordinates":[121.604825,31.142209]},"properties":{"j":82,"w":0.513941}},{"type":"Feature","geometry":{"type":"Point","coordinates":[121.604666,31.153034]},"properties":{"j":13,"w":0.30694}},{"type":"Feature","geometry":{"type":"Point","coordinates":[121.604613,31.156642]},"properties":{"j":6,"w":0.226322}},{"type":"Feature","geometry":{"type":"Point","coordinates":[121.604507,31.163858]},"properties":{"j":11,"w":0.289011}},{"type":"Feature","geometry":{"type":"Point","coordinates":[121.604402,31.171074]},"properties":{"j":420,"w":0.702799}},{"type":"Feature","geometry":{"type":"Point","coordinates":[121.604349,31.174682]},"properties":{"j":113,"w":0.550852}},{"type":"Feature","geometry":{"type":"Point","coordinates":[121.604296,31.17829]},"properties":{"j":385,"w":0.692704}},{"type":"Feature","geometry":{"type":"Point","coordinates":[121.604243,31.181899]},"properties":{"j":1732,"w":0.86737}},{"type":"Feature","geometry":{"type":"Point","coordinates":[121.60419,31.185507]},"properties":{"j":394,"w":0.695385}},{"type":"Feature","geometry":{"type":"Point","coordinates":[121.604137,31.189115]},"properties":{"j":1244,"w":0.828905}},{"type":"Feature","geometry":{"type":"Point","coordinates":[121.604084,31.192723]},"properties":{"j":658,"w":0.754915}},{"type":"Feature","geometry":{"type":"Point","coordinates":[121.604031,31.196331]},"properties":{"j":1338,"w":0.837371}},{"type":"Feature","geometry":{"type":"Point","coordinates":[121.603978,31.199939]},"properties":{"j":753,"w":0.770578}},{"type":"Feature","geometry":{"type":"Point","coordinates":[121.603925,31.203547]},"properties":{"j":180,"w":0.60462}},{"type":"Feature","geometry":{"type":"Point","coordinates":[121.603872,31.207155]},"properties":{"j":253,"w":0.644029}},{"type":"Feature","geometry":{"type":"Point","coordinates":[121.603819,31.210763]},"properties":{"j":1816,"w":0.872875}},{"type":"Feature","geometry":{"type":"Point","coordinates":[121.603766,31.214371]},"properties":{"j":920,"w":0.793847}},{"type":"Feature","geometry":{"type":"Point","coordinates":[121.603713,31.21798]},"properties":{"j":3576,"w":0.951654}},{"type":"Feature","geometry":{"type":"Point","coordinates":[121.60366,31.221588]},"properties":{"j":1113,"w":0.815975}},{"type":"Feature","geometry":{"type":"Point","coordinates":[121.603341,31.243236]},"properties":{"j":447,"w":0.710029}},{"type":"Feature","geometry":{"type":"Point","coordinates":[121.603288,31.246844]},"properties":{"j":1352,"w":0.838581}},{"type":"Feature","geometry":{"type":"Point","coordinates":[121.603235,31.250452]},"properties":{"j":1040,"w":0.808092}},{"type":"Feature","geometry":{"type":"Point","coordinates":[121.603182,31.25406]},"properties":{"j":779,"w":0.774521}},{"type":"Feature","geometry":{"type":"Point","coordinates":[121.603129,31.257668]},"properties":{"j":257,"w":0.645847}},{"type":"Feature","geometry":{"type":"Point","coordinates":[121.603076,31.261277]},"properties":{"j":45,"w":0.445297}},{"type":"Feature","geometry":{"type":"Point","coordinates":[121.603023,31.264885]},"properties":{"j":8,"w":0.255552}},{"type":"Feature","geometry":{"type":"Point","coordinates":[121.602969,31.268493]},"properties":{"j":91,"w":0.525914}},{"type":"Feature","geometry":{"type":"Point","coordinates":[121.602863,31.275709]},"properties":{"j":65,"w":0.487285}},{"type":"Feature","geometry":{"type":"Point","coordinates":[121.60281,31.279317]},"properties":{"j":126,"w":0.563412}},{"type":"Feature","geometry":{"type":"Point","coordinates":[121.602757,31.282925]},"properties":{"j":82,"w":0.513941}},{"type":"Feature","geometry":{"type":"Point","coordinates":[121.602597,31.293749]},"properties":{"j":204,"w":0.619102}},{"type":"Feature","geometry":{"type":"Point","coordinates":[121.602544,31.297357]},"properties":{"j":279,"w":0.655364}},{"type":"Feature","geometry":{"type":"Point","coordinates":[121.60249,31.300965]},"properties":{"j":17,"w":0.33617}},{"type":"Feature","geometry":{"type":"Point","coordinates":[121.602384,31.308181]},"properties":{"j":518,"w":0.727139}},{"type":"Feature","geometry":{"type":"Point","coordinates":[121.602331,31.311789]},"properties":{"j":467,"w":0.715108}},{"type":"Feature","geometry":{"type":"Point","coordinates":[121.602277,31.315397]},"properties":{"j":703,"w":0.762597}},{"type":"Feature","geometry":{"type":"Point","coordinates":[121.602224,31.319005]},"properties":{"j":388,"w":0.693604}},{"type":"Feature","geometry":{"type":"Point","coordinates":[121.602171,31.322613]},"properties":{"j":1133,"w":0.818044}},{"type":"Feature","geometry":{"type":"Point","coordinates":[121.602117,31.326221]},"properties":{"j":1036,"w":0.807644}},{"type":"Feature","geometry":{"type":"Point","coordinates":[121.602064,31.329829]},"properties":{"j":635,"w":0.750783}},{"type":"Feature","geometry":{"type":"Point","coordinates":[121.602011,31.333437]},"properties":{"j":832,"w":0.782167}},{"type":"Feature","geometry":{"type":"Point","coordinates":[121.601957,31.337045]},"properties":{"j":675,"w":0.757877}},{"type":"Feature","geometry":{"type":"Point","coordinates":[121.601904,31.340653]},"properties":{"j":260,"w":0.647191}},{"type":"Feature","geometry":{"type":"Point","coordinates":[121.601851,31.344261]},"properties":{"j":12,"w":0.298321}},{"type":"Feature","geometry":{"type":"Point","coordinates":[121.601797,31.34787]},"properties":{"j":14,"w":0.314964}},{"type":"Feature","geometry":{"type":"Point","coordinates":[121.610648,31.030401]},"properties":{"j":212,"w":0.623554}},{"type":"Feature","geometry":{"type":"Point","coordinates":[121.610596,31.034009]},"properties":{"j":335,"w":0.676569}},{"type":"Feature","geometry":{"type":"Point","coordinates":[121.610543,31.037617]},"properties":{"j":31,"w":0.403088}},{"type":"Feature","geometry":{"type":"Point","coordinates":[121.610071,31.070091]},"properties":{"j":7,"w":0.241853}},{"type":"Feature","geometry":{"type":"Point","coordinates":[121.609966,31.077308]},"properties":{"j":61,"w":0.480014}},{"type":"Feature","geometry":{"type":"Point","coordinates":[121.609914,31.080916]},"properties":{"j":67,"w":0.490757}},{"type":"Feature","geometry":{"type":"Point","coordinates":[121.609704,31.095348]},"properties":{"j":17,"w":0.33617}},{"type":"Feature","geometry":{"type":"Point","coordinates":[121.609651,31.098957]},"properties":{"j":186,"w":0.608413}},{"type":"Feature","geometry":{"type":"Point","coordinates":[121.609598,31.102565]},"properties":{"j":675,"w":0.757877}},{"type":"Feature","geometry":{"type":"Point","coordinates":[121.609546,31.106173]},"properties":{"j":1471,"w":0.848385}},{"type":"Feature","geometry":{"type":"Point","coordinates":[121.609493,31.109781]},"properties":{"j":88,"w":0.522059}},{"type":"Feature","geometry":{"type":"Point","coordinates":[121.609177,31.13143]},"properties":{"j":45,"w":0.445297}},{"type":"Feature","geometry":{"type":"Point","coordinates":[121.609125,31.135038]},"properties":{"j":26,"w":0.383328}},{"type":"Feature","geometry":{"type":"Point","coordinates":[121.609072,31.138646]},"properties":{"j":44,"w":0.44274}},{"type":"Feature","geometry":{"type":"Point","coordinates":[121.609019,31.142255]},"properties":{"j":69,"w":0.494129}},{"type":"Feature","geometry":{"type":"Point","coordinates":[121.608914,31.149471]},"properties":{"j":17,"w":0.33617}},{"type":"Feature","geometry":{"type":"Point","coordinates":[121.608809,31.156687]},"properties":{"j":20,"w":0.354098}},{"type":"Feature","geometry":{"type":"Point","coordinates":[121.608703,31.163903]},"properties":{"j":22,"w":0.364679}},{"type":"Feature","geometry":{"type":"Point","coordinates":[121.608492,31.178336]},"properties":{"j":96,"w":0.53207}},{"type":"Feature","geometry":{"type":"Point","coordinates":[121.608439,31.181944]},"properties":{"j":491,"w":0.720925}},{"type":"Feature","geometry":{"type":"Point","coordinates":[121.608387,31.185552]},"properties":{"j":1537,"w":0.853487}},{"type":"Feature","geometry":{"type":"Point","coordinates":[121.608334,31.18916]},"properties":{"j":578,"w":0.739862}},{"type":"Feature","geometry":{"type":"Point","coordinates":[121.608281,31.192768]},"properties":{"j":150,"w":0.583543}},{"type":"Feature","geometry":{"type":"Point","coordinates":[121.608228,31.196376]},"properties":{"j":755,"w":0.770886}},{"type":"Feature","geometry":{"type":"Point","coordinates":[121.608175,31.199985]},"properties":{"j":732,"w":0.767292}},{"type":"Feature","geometry":{"type":"Point","coordinates":[121.608017,31.210809]},"properties":{"j":92,"w":0.527172}},{"type":"Feature","geometry":{"type":"Point","coordinates":[121.607964,31.214417]},"properties":{"j":23,"w":0.369629}},{"type":"Feature","geometry":{"type":"Point","coordinates":[121.607911,31.218025]},"properties":{"j":53,"w":0.463946}},{"type":"Feature","geometry":{"type":"Point","coordinates":[121.607594,31.239674]},"properties":{"j":44,"w":0.44274}},{"type":"Feature","geometry":{"type":"Point","coordinates":[121.607541,31.243282]},"properties":{"j":135,"w":0.571375}},{"type":"Feature","geometry":{"type":"Point","coordinates":[121.607488,31.24689]},"properties":{"j":683,"w":0.759245}},{"type":"Feature","geometry":{"type":"Point","coordinates":[121.607435,31.250498]},"properties":{"j":872,"w":0.787622}},{"type":"Feature","geometry":{"type":"Point","coordinates":[121.607382,31.254106]},"properties":{"j":1514,"w":0.851734}},{"type":"Feature","geometry":{"type":"Point","coordinates":[121.607329,31.257714]},"properties":{"j":655,"w":0.754384}},{"type":"Feature","geometry":{"type":"Point","coordinates":[121.607276,31.261322]},"properties":{"j":686,"w":0.759754}},{"type":"Feature","geometry":{"type":"Point","coordinates":[121.607223,31.26493]},"properties":{"j":44,"w":0.44274}},{"type":"Feature","geometry":{"type":"Point","coordinates":[121.60717,31.268538]},"properties":{"j":40,"w":0.431913}},{"type":"Feature","geometry":{"type":"Point","coordinates":[121.607117,31.272146]},"properties":{"j":65,"w":0.487285}},{"type":"Feature","geometry":{"type":"Point","coordinates":[121.607064,31.275754]},"properties":{"j":60,"w":0.478122}},{"type":"Feature","geometry":{"type":"Point","coordinates":[121.607011,31.279362]},"properties":{"j":89,"w":0.523358}},{"type":"Feature","geometry":{"type":"Point","coordinates":[121.606958,31.28297]},"properties":{"j":61,"w":0.480014}},{"type":"Feature","geometry":{"type":"Point","coordinates":[121.606799,31.293795]},"properties":{"j":269,"w":0.651134}},{"type":"Feature","geometry":{"type":"Point","coordinates":[121.606745,31.297403]},"properties":{"j":515,"w":0.726464}},{"type":"Feature","geometry":{"type":"Point","coordinates":[121.606586,31.308227]},"properties":{"j":1601,"w":0.858228}},{"type":"Feature","geometry":{"type":"Point","coordinates":[121.606533,31.311835]},"properties":{"j":724,"w":0.766016}},{"type":"Feature","geometry":{"type":"Point","coordinates":[121.60648,31.315443]},"properties":{"j":745,"w":0.769337}},{"type":"Feature","geometry":{"type":"Point","coordinates":[121.606427,31.319051]},"properties":{"j":419,"w":0.702522}},{"type":"Feature","geometry":{"type":"Point","coordinates":[121.606374,31.322659]},"properties":{"j":711,"w":0.763912}},{"type":"Feature","geometry":{"type":"Point","coordinates":[121.60632,31.326267]},"properties":{"j":751,"w":0.770269}},{"type":"Feature","geometry":{"type":"Point","coordinates":[121.606267,31.329875]},"properties":{"j":481,"w":0.718537}},{"type":"Feature","geometry":{"type":"Point","coordinates":[121.606214,31.333483]},"properties":{"j":258,"w":0.646297}},{"type":"Feature","geometry":{"type":"Point","coordinates":[121.606161,31.337091]},"properties":{"j":102,"w":0.53905}},{"type":"Feature","geometry":{"type":"Point","coordinates":[121.606055,31.344307]},"properties":{"j":24,"w":0.374377}},{"type":"Feature","geometry":{"type":"Point","coordinates":[121.606001,31.347915]},"properties":{"j":12,"w":0.298321}},{"type":"Feature","geometry":{"type":"Point","coordinates":[121.605948,31.351523]},"properties":{"j":11,"w":0.289011}},{"type":"Feature","geometry":{"type":"Point","coordinates":[121.615256,31.00158]},"properties":{"j":34,"w":0.413511}},{"type":"Feature","geometry":{"type":"Point","coordinates":[121.614838,31.030446]},"properties":{"j":51,"w":0.459556}},{"type":"Feature","geometry":{"type":"Point","coordinates":[121.614786,31.034054]},"properties":{"j":88,"w":0.522059}},{"type":"Feature","geometry":{"type":"Point","coordinates":[121.614734,31.037663]},"properties":{"j":24,"w":0.374377}},{"type":"Feature","geometry":{"type":"Point","coordinates":[121.614525,31.052095]},"properties":{"j":28,"w":0.391639}},{"type":"Feature","geometry":{"type":"Point","coordinates":[121.614472,31.055704]},"properties":{"j":101,"w":0.537915}},{"type":"Feature","geometry":{"type":"Point","coordinates":[121.61442,31.059312]},"properties":{"j":10,"w":0.278891}},{"type":"Feature","geometry":{"type":"Point","coordinates":[121.614211,31.073745]},"properties":{"j":14,"w":0.314964}},{"type":"Feature","geometry":{"type":"Point","coordinates":[121.614158,31.077353]},"properties":{"j":89,"w":0.523358}},{"type":"Feature","geometry":{"type":"Point","coordinates":[121.614106,31.080961]},"properties":{"j":416,"w":0.701689}},{"type":"Feature","geometry":{"type":"Point","coordinates":[121.613896,31.095394]},"properties":{"j":95,"w":0.530864}},{"type":"Feature","geometry":{"type":"Point","coordinates":[121.613844,31.099002]},"properties":{"j":34,"w":0.413511}},{"type":"Feature","geometry":{"type":"Point","coordinates":[121.613792,31.10261]},"properties":{"j":140,"w":0.575574}},{"type":"Feature","geometry":{"type":"Point","coordinates":[121.613739,31.106218]},"properties":{"j":422,"w":0.70335}},{"type":"Feature","geometry":{"type":"Point","coordinates":[121.613687,31.109826]},"properties":{"j":42,"w":0.437453}},{"type":"Feature","geometry":{"type":"Point","coordinates":[121.613634,31.113434]},"properties":{"j":78,"w":0.508196}},{"type":"Feature","geometry":{"type":"Point","coordinates":[121.613582,31.117043]},"properties":{"j":55,"w":0.468176}},{"type":"Feature","geometry":{"type":"Point","coordinates":[121.613529,31.120651]},"properties":{"j":33,"w":0.410139}},{"type":"Feature","geometry":{"type":"Point","coordinates":[121.613477,31.124259]},"properties":{"j":24,"w":0.374377}},{"type":"Feature","geometry":{"type":"Point","coordinates":[121.613424,31.127867]},"properties":{"j":83,"w":0.515334}},{"type":"Feature","geometry":{"type":"Point","coordinates":[121.613372,31.131475]},"properties":{"j":135,"w":0.571375}},{"type":"Feature","geometry":{"type":"Point","coordinates":[121.613319,31.135083]},"properties":{"j":969,"w":0.799876}},{"type":"Feature","geometry":{"type":"Point","coordinates":[121.613267,31.138692]},"properties":{"j":1548,"w":0.854315}},{"type":"Feature","geometry":{"type":"Point","coordinates":[121.613214,31.1423]},"properties":{"j":54,"w":0.46608}},{"type":"Feature","geometry":{"type":"Point","coordinates":[121.613162,31.145908]},"properties":{"j":12,"w":0.298321}},{"type":"Feature","geometry":{"type":"Point","coordinates":[121.613109,31.149516]},"properties":{"j":20,"w":0.354098}},{"type":"Feature","geometry":{"type":"Point","coordinates":[121.613004,31.156732]},"properties":{"j":244,"w":0.639833}},{"type":"Feature","geometry":{"type":"Point","coordinates":[121.612952,31.16034]},"properties":{"j":25,"w":0.378939}},{"type":"Feature","geometry":{"type":"Point","coordinates":[121.612899,31.163949]},"properties":{"j":20,"w":0.354098}},{"type":"Feature","geometry":{"type":"Point","coordinates":[121.612636,31.181989]},"properties":{"j":73,"w":0.500592}},{"type":"Feature","geometry":{"type":"Point","coordinates":[121.612584,31.185597]},"properties":{"j":540,"w":0.731967}},{"type":"Feature","geometry":{"type":"Point","coordinates":[121.612531,31.189206]},"properties":{"j":81,"w":0.512531}},{"type":"Feature","geometry":{"type":"Point","coordinates":[121.612478,31.192814]},"properties":{"j":67,"w":0.490757}},{"type":"Feature","geometry":{"type":"Point","coordinates":[121.612426,31.196422]},"properties":{"j":266,"w":0.649835}},{"type":"Feature","geometry":{"type":"Point","coordinates":[121.612373,31.20003]},"properties":{"j":74,"w":0.502153}},{"type":"Feature","geometry":{"type":"Point","coordinates":[121.612268,31.207246]},"properties":{"j":23,"w":0.369629}},{"type":"Feature","geometry":{"type":"Point","coordinates":[121.612215,31.210854]},"properties":{"j":21,"w":0.359509}},{"type":"Feature","geometry":{"type":"Point","coordinates":[121.612109,31.21807]},"properties":{"j":151,"w":0.584311}},{"type":"Feature","geometry":{"type":"Point","coordinates":[121.612057,31.221679]},"properties":{"j":172,"w":0.599363}},{"type":"Feature","geometry":{"type":"Point","coordinates":[121.61174,31.243327]},"properties":{"j":282,"w":0.656603}},{"type":"Feature","geometry":{"type":"Point","coordinates":[121.611687,31.246935]},"properties":{"j":976,"w":0.800712}},{"type":"Feature","geometry":{"type":"Point","coordinates":[121.611635,31.250543]},"properties":{"j":618,"w":0.747632}},{"type":"Feature","geometry":{"type":"Point","coordinates":[121.611582,31.254151]},"properties":{"j":1146,"w":0.81937}},{"type":"Feature","geometry":{"type":"Point","coordinates":[121.611529,31.257759]},"properties":{"j":1653,"w":0.861944}},{"type":"Feature","geometry":{"type":"Point","coordinates":[121.611476,31.261368]},"properties":{"j":674,"w":0.757705}},{"type":"Feature","geometry":{"type":"Point","coordinates":[121.611423,31.264976]},"properties":{"j":288,"w":0.659044}},{"type":"Feature","geometry":{"type":"Point","coordinates":[121.61137,31.268584]},"properties":{"j":184,"w":0.607163}},{"type":"Feature","geometry":{"type":"Point","coordinates":[121.611318,31.272192]},"properties":{"j":34,"w":0.413511}},{"type":"Feature","geometry":{"type":"Point","coordinates":[121.611265,31.2758]},"properties":{"j":547,"w":0.733462}},{"type":"Feature","geometry":{"type":"Point","coordinates":[121.611212,31.279408]},"properties":{"j":470,"w":0.715851}},{"type":"Feature","geometry":{"type":"Point","coordinates":[121.611106,31.286624]},"properties":{"j":17,"w":0.33617}},{"type":"Feature","geometry":{"type":"Point","coordinates":[121.611,31.29384]},"properties":{"j":25,"w":0.378939}},{"type":"Feature","geometry":{"type":"Point","coordinates":[121.610947,31.297448]},"properties":{"j":159,"w":0.590277}},{"type":"Feature","geometry":{"type":"Point","coordinates":[121.610894,31.301056]},"properties":{"j":26,"w":0.383328}},{"type":"Feature","geometry":{"type":"Point","coordinates":[121.610788,31.308272]},"properties":{"j":1187,"w":0.823455}},{"type":"Feature","geometry":{"type":"Point","coordinates":[121.610736,31.31188]},"properties":{"j":889,"w":0.789865}},{"type":"Feature","geometry":{"type":"Point","coordinates":[121.610683,31.315489]},"properties":{"j":886,"w":0.789472}},{"type":"Feature","geometry":{"type":"Point","coordinates":[121.61063,31.319097]},"properties":{"j":441,"w":0.70846}},{"type":"Feature","geometry":{"type":"Point","coordinates":[121.610577,31.322705]},"properties":{"j":555,"w":0.735148}},{"type":"Feature","geometry":{"type":"Point","coordinates":[121.610524,31.326313]},"properties":{"j":629,"w":0.749681}},{"type":"Feature","geometry":{"type":"Point","coordinates":[121.610471,31.329921]},"properties":{"j":225,"w":0.630445}},{"type":"Feature","geometry":{"type":"Point","coordinates":[121.610418,31.333529]},"properties":{"j":23,"w":0.369629}},{"type":"Feature","geometry":{"type":"Point","coordinates":[121.610311,31.340745]},"properties":{"j":20,"w":0.354098}},{"type":"Feature","geometry":{"type":"Point","coordinates":[121.61835,31.077398]},"properties":{"j":47,"w":0.450247}},{"type":"Feature","geometry":{"type":"Point","coordinates":[121.618089,31.095439]},"properties":{"j":134,"w":0.570516}},{"type":"Feature","geometry":{"type":"Point","coordinates":[121.618037,31.099047]},"properties":{"j":196,"w":0.614472}},{"type":"Feature","geometry":{"type":"Point","coordinates":[121.617985,31.102655]},"properties":{"j":99,"w":0.535612}},{"type":"Feature","geometry":{"type":"Point","coordinates":[121.617776,31.117088]},"properties":{"j":57,"w":0.472257}},{"type":"Feature","geometry":{"type":"Point","coordinates":[121.617723,31.120696]},"properties":{"j":26,"w":0.383328}},{"type":"Feature","geometry":{"type":"Point","coordinates":[121.617671,31.124304]},"properties":{"j":344,"w":0.679644}},{"type":"Feature","geometry":{"type":"Point","coordinates":[121.617619,31.127912]},"properties":{"j":198,"w":0.615647}},{"type":"Feature","geometry":{"type":"Point","coordinates":[121.617566,31.13152]},"properties":{"j":255,"w":0.644941}},{"type":"Feature","geometry":{"type":"Point","coordinates":[121.617514,31.135129]},"properties":{"j":728,"w":0.766656}},{"type":"Feature","geometry":{"type":"Point","coordinates":[121.617462,31.138737]},"properties":{"j":817,"w":0.780053}},{"type":"Feature","geometry":{"type":"Point","coordinates":[121.617409,31.142345]},"properties":{"j":68,"w":0.492455}},{"type":"Feature","geometry":{"type":"Point","coordinates":[121.617357,31.145953]},"properties":{"j":116,"w":0.553873}},{"type":"Feature","geometry":{"type":"Point","coordinates":[121.617305,31.149561]},"properties":{"j":106,"w":0.543481}},{"type":"Feature","geometry":{"type":"Point","coordinates":[121.6172,31.156777]},"properties":{"j":82,"w":0.513941}},{"type":"Feature","geometry":{"type":"Point","coordinates":[121.617148,31.160386]},"properties":{"j":68,"w":0.492455}},{"type":"Feature","geometry":{"type":"Point","coordinates":[121.617095,31.163994]},"properties":{"j":6,"w":0.226322}},{"type":"Feature","geometry":{"type":"Point","coordinates":[121.61678,31.185643]},"properties":{"j":31,"w":0.403088}},{"type":"Feature","geometry":{"type":"Point","coordinates":[121.616728,31.189251]},"properties":{"j":95,"w":0.530864}},{"type":"Feature","geometry":{"type":"Point","coordinates":[121.616623,31.196467]},"properties":{"j":27,"w":0.387558}},{"type":"Feature","geometry":{"type":"Point","coordinates":[121.61657,31.200075]},"properties":{"j":26,"w":0.383328}},{"type":"Feature","geometry":{"type":"Point","coordinates":[121.616518,31.203683]},"properties":{"j":15,"w":0.322471}},{"type":"Feature","geometry":{"type":"Point","coordinates":[121.616465,31.207291]},"properties":{"j":14,"w":0.314964}},{"type":"Feature","geometry":{"type":"Point","coordinates":[121.616308,31.218116]},"properties":{"j":89,"w":0.523358}},{"type":"Feature","geometry":{"type":"Point","coordinates":[121.616255,31.221724]},"properties":{"j":726,"w":0.766337}},{"type":"Feature","geometry":{"type":"Point","coordinates":[121.616203,31.225332]},"properties":{"j":12,"w":0.298321}},{"type":"Feature","geometry":{"type":"Point","coordinates":[121.61594,31.243372]},"properties":{"j":39,"w":0.429042}},{"type":"Feature","geometry":{"type":"Point","coordinates":[121.615887,31.246981]},"properties":{"j":722,"w":0.765695}},{"type":"Feature","geometry":{"type":"Point","coordinates":[121.615834,31.250589]},"properties":{"j":409,"w":0.69972}},{"type":"Feature","geometry":{"type":"Point","coordinates":[121.615782,31.254197]},"properties":{"j":460,"w":0.713355}},{"type":"Feature","geometry":{"type":"Point","coordinates":[121.615729,31.257805]},"properties":{"j":1776,"w":0.870286}},{"type":"Feature","geometry":{"type":"Point","coordinates":[121.615676,31.261413]},"properties":{"j":397,"w":0.696265}},{"type":"Feature","geometry":{"type":"Point","coordinates":[121.615624,31.265021]},"properties":{"j":319,"w":0.670895}},{"type":"Feature","geometry":{"type":"Point","coordinates":[121.615571,31.268629]},"properties":{"j":921,"w":0.793973}},{"type":"Feature","geometry":{"type":"Point","coordinates":[121.615518,31.272237]},"properties":{"j":1410,"w":0.843463}},{"type":"Feature","geometry":{"type":"Point","coordinates":[121.615466,31.275845]},"properties":{"j":3368,"w":0.944686}},{"type":"Feature","geometry":{"type":"Point","coordinates":[121.615413,31.279453]},"properties":{"j":3522,"w":0.949885}},{"type":"Feature","geometry":{"type":"Point","coordinates":[121.61536,31.283061]},"properties":{"j":320,"w":0.671257}},{"type":"Feature","geometry":{"type":"Point","coordinates":[121.615149,31.297494]},"properties":{"j":178,"w":0.603328}},{"type":"Feature","geometry":{"type":"Point","coordinates":[121.615096,31.301102]},"properties":{"j":22,"w":0.364679}},{"type":"Feature","geometry":{"type":"Point","coordinates":[121.614991,31.308318]},"properties":{"j":803,"w":0.778045}},{"type":"Feature","geometry":{"type":"Point","coordinates":[121.614938,31.311926]},"properties":{"j":1299,"w":0.833933}},{"type":"Feature","geometry":{"type":"Point","coordinates":[121.614885,31.315534]},"properties":{"j":1553,"w":0.85469}},{"type":"Feature","geometry":{"type":"Point","coordinates":[121.614832,31.319142]},"properties":{"j":511,"w":0.725559}},{"type":"Feature","geometry":{"type":"Point","coordinates":[121.61478,31.32275]},"properties":{"j":443,"w":0.708985}},{"type":"Feature","geometry":{"type":"Point","coordinates":[121.614727,31.326358]},"properties":{"j":158,"w":0.589548}},{"type":"Feature","geometry":{"type":"Point","coordinates":[121.614674,31.329966]},"properties":{"j":6,"w":0.226322}},{"type":"Feature","geometry":{"type":"Point","coordinates":[121.614568,31.337182]},"properties":{"j":74,"w":0.502153}},{"type":"Feature","geometry":{"type":"Point","coordinates":[121.614515,31.34079]},"properties":{"j":167,"w":0.595952}},{"type":"Feature","geometry":{"type":"Point","coordinates":[121.614462,31.344398]},"properties":{"j":27,"w":0.387558}},{"type":"Feature","geometry":{"type":"Point","coordinates":[121.622438,31.084659]},"properties":{"j":9,"w":0.267806}},{"type":"Feature","geometry":{"type":"Point","coordinates":[121.622178,31.1027]},"properties":{"j":182,"w":0.605898}},{"type":"Feature","geometry":{"type":"Point","coordinates":[121.622126,31.106308]},"properties":{"j":230,"w":0.63299}},{"type":"Feature","geometry":{"type":"Point","coordinates":[121.62197,31.117133]},"properties":{"j":81,"w":0.512531}},{"type":"Feature","geometry":{"type":"Point","coordinates":[121.621813,31.127957]},"properties":{"j":206,"w":0.620231}},{"type":"Feature","geometry":{"type":"Point","coordinates":[121.621761,31.131565]},"properties":{"j":74,"w":0.502153}},{"type":"Feature","geometry":{"type":"Point","coordinates":[121.621709,31.135174]},"properties":{"j":26,"w":0.383328}},{"type":"Feature","geometry":{"type":"Point","coordinates":[121.621657,31.138782]},"properties":{"j":124,"w":0.561565}},{"type":"Feature","geometry":{"type":"Point","coordinates":[121.621604,31.14239]},"properties":{"j":9,"w":0.267806}},{"type":"Feature","geometry":{"type":"Point","coordinates":[121.621552,31.145998]},"properties":{"j":29,"w":0.395582}},{"type":"Feature","geometry":{"type":"Point","coordinates":[121.6215,31.149606]},"properties":{"j":26,"w":0.383328}},{"type":"Feature","geometry":{"type":"Point","coordinates":[121.621396,31.156822]},"properties":{"j":82,"w":0.513941}},{"type":"Feature","geometry":{"type":"Point","coordinates":[121.621343,31.160431]},"properties":{"j":447,"w":0.710029}},{"type":"Feature","geometry":{"type":"Point","coordinates":[121.621291,31.164039]},"properties":{"j":7,"w":0.241853}},{"type":"Feature","geometry":{"type":"Point","coordinates":[121.620716,31.203728]},"properties":{"j":79,"w":0.509659}},{"type":"Feature","geometry":{"type":"Point","coordinates":[121.620663,31.207336]},"properties":{"j":261,"w":0.647636}},{"type":"Feature","geometry":{"type":"Point","coordinates":[121.620611,31.210945]},"properties":{"j":699,"w":0.761935}},{"type":"Feature","geometry":{"type":"Point","coordinates":[121.620558,31.214553]},"properties":{"j":221,"w":0.628368}},{"type":"Feature","geometry":{"type":"Point","coordinates":[121.620506,31.218161]},"properties":{"j":267,"w":0.650269}},{"type":"Feature","geometry":{"type":"Point","coordinates":[121.620454,31.221769]},"properties":{"j":483,"w":0.719018}},{"type":"Feature","geometry":{"type":"Point","coordinates":[121.620401,31.225377]},"properties":{"j":9,"w":0.267806}},{"type":"Feature","geometry":{"type":"Point","coordinates":[121.620139,31.243418]},"properties":{"j":166,"w":0.595257}},{"type":"Feature","geometry":{"type":"Point","coordinates":[121.620087,31.247026]},"properties":{"j":128,"w":0.565229}},{"type":"Feature","geometry":{"type":"Point","coordinates":[121.620034,31.250634]},"properties":{"j":415,"w":0.701409}},{"type":"Feature","geometry":{"type":"Point","coordinates":[121.619982,31.254242]},"properties":{"j":514,"w":0.726239}},{"type":"Feature","geometry":{"type":"Point","coordinates":[121.619929,31.25785]},"properties":{"j":1048,"w":0.808982}},{"type":"Feature","geometry":{"type":"Point","coordinates":[121.619877,31.261458]},"properties":{"j":565,"w":0.737221}},{"type":"Feature","geometry":{"type":"Point","coordinates":[121.619824,31.265066]},"properties":{"j":455,"w":0.712087}},{"type":"Feature","geometry":{"type":"Point","coordinates":[121.619772,31.268674]},"properties":{"j":1369,"w":0.840033}},{"type":"Feature","geometry":{"type":"Point","coordinates":[121.619719,31.272282]},"properties":{"j":1661,"w":0.862505}},{"type":"Feature","geometry":{"type":"Point","coordinates":[121.619666,31.27589]},"properties":{"j":1121,"w":0.816807}},{"type":"Feature","geometry":{"type":"Point","coordinates":[121.619614,31.279498]},"properties":{"j":2017,"w":0.885078}},{"type":"Feature","geometry":{"type":"Point","coordinates":[121.619561,31.283107]},"properties":{"j":227,"w":0.631469}},{"type":"Feature","geometry":{"type":"Point","coordinates":[121.619351,31.297539]},"properties":{"j":257,"w":0.645847}},{"type":"Feature","geometry":{"type":"Point","coordinates":[121.619298,31.301147]},"properties":{"j":18,"w":0.342458}},{"type":"Feature","geometry":{"type":"Point","coordinates":[121.619246,31.304755]},"properties":{"j":230,"w":0.63299}},{"type":"Feature","geometry":{"type":"Point","coordinates":[121.619193,31.308363]},"properties":{"j":928,"w":0.794853}},{"type":"Feature","geometry":{"type":"Point","coordinates":[121.61914,31.311971]},"properties":{"j":513,"w":0.726013}},{"type":"Feature","geometry":{"type":"Point","coordinates":[121.619088,31.315579]},"properties":{"j":1114,"w":0.816079}},{"type":"Feature","geometry":{"type":"Point","coordinates":[121.619035,31.319187]},"properties":{"j":272,"w":0.652419}},{"type":"Feature","geometry":{"type":"Point","coordinates":[121.618983,31.322795]},"properties":{"j":95,"w":0.530864}},{"type":"Feature","geometry":{"type":"Point","coordinates":[121.618824,31.333619]},"properties":{"j":8,"w":0.255552}},{"type":"Feature","geometry":{"type":"Point","coordinates":[121.618719,31.340836]},"properties":{"j":6,"w":0.226322}},{"type":"Feature","geometry":{"type":"Point","coordinates":[121.618666,31.344444]},"properties":{"j":145,"w":0.579627}},{"type":"Feature","geometry":{"type":"Point","coordinates":[121.618614,31.348052]},"properties":{"j":16,"w":0.329522}},{"type":"Feature","geometry":{"type":"Point","coordinates":[121.62746,31.026972]},"properties":{"j":114,"w":0.551868}},{"type":"Feature","geometry":{"type":"Point","coordinates":[121.627357,31.034189]},"properties":{"j":22,"w":0.364679}},{"type":"Feature","geometry":{"type":"Point","coordinates":[121.626735,31.077487]},"properties":{"j":16,"w":0.329522}},{"type":"Feature","geometry":{"type":"Point","coordinates":[121.626683,31.081095]},"properties":{"j":104,"w":0.541287}},{"type":"Feature","geometry":{"type":"Point","coordinates":[121.626631,31.084704]},"properties":{"j":37,"w":0.423076}},{"type":"Feature","geometry":{"type":"Point","coordinates":[121.626579,31.088312]},"properties":{"j":11,"w":0.289011}},{"type":"Feature","geometry":{"type":"Point","coordinates":[121.62606,31.124394]},"properties":{"j":55,"w":0.468176}},{"type":"Feature","geometry":{"type":"Point","coordinates":[121.626008,31.128002]},"properties":{"j":38,"w":0.426097}},{"type":"Feature","geometry":{"type":"Point","coordinates":[121.625956,31.13161]},"properties":{"j":474,"w":0.716835}},{"type":"Feature","geometry":{"type":"Point","coordinates":[121.625904,31.135218]},"properties":{"j":78,"w":0.508196}},{"type":"Feature","geometry":{"type":"Point","coordinates":[121.625851,31.138826]},"properties":{"j":192,"w":0.612086}},{"type":"Feature","geometry":{"type":"Point","coordinates":[121.625799,31.142435]},"properties":{"j":37,"w":0.423076}},{"type":"Feature","geometry":{"type":"Point","coordinates":[121.625747,31.146043]},"properties":{"j":32,"w":0.406667}},{"type":"Feature","geometry":{"type":"Point","coordinates":[121.625591,31.156867]},"properties":{"j":20,"w":0.354098}},{"type":"Feature","geometry":{"type":"Point","coordinates":[121.625539,31.160475]},"properties":{"j":335,"w":0.676569}},{"type":"Feature","geometry":{"type":"Point","coordinates":[121.625487,31.164084]},"properties":{"j":16,"w":0.329522}},{"type":"Feature","geometry":{"type":"Point","coordinates":[121.625279,31.178516]},"properties":{"j":12,"w":0.298321}},{"type":"Feature","geometry":{"type":"Point","coordinates":[121.62507,31.192949]},"properties":{"j":8,"w":0.255552}},{"type":"Feature","geometry":{"type":"Point","coordinates":[121.624861,31.207381]},"properties":{"j":453,"w":0.711576}},{"type":"Feature","geometry":{"type":"Point","coordinates":[121.624809,31.210989]},"properties":{"j":882,"w":0.788946}},{"type":"Feature","geometry":{"type":"Point","coordinates":[121.624757,31.214598]},"properties":{"j":1672,"w":0.863272}},{"type":"Feature","geometry":{"type":"Point","coordinates":[121.624704,31.218206]},"properties":{"j":1175,"w":0.822274}},{"type":"Feature","geometry":{"type":"Point","coordinates":[121.624652,31.221814]},"properties":{"j":1602,"w":0.858301}},{"type":"Feature","geometry":{"type":"Point","coordinates":[121.6246,31.225422]},"properties":{"j":64,"w":0.485509}},{"type":"Feature","geometry":{"type":"Point","coordinates":[121.624548,31.22903]},"properties":{"j":19,"w":0.348424}},{"type":"Feature","geometry":{"type":"Point","coordinates":[121.624339,31.243463]},"properties":{"j":589,"w":0.742051}},{"type":"Feature","geometry":{"type":"Point","coordinates":[121.624286,31.247071]},"properties":{"j":449,"w":0.710547}},{"type":"Feature","geometry":{"type":"Point","coordinates":[121.624234,31.250679]},"properties":{"j":732,"w":0.767292}},{"type":"Feature","geometry":{"type":"Point","coordinates":[121.624182,31.254287]},"properties":{"j":347,"w":0.680651}},{"type":"Feature","geometry":{"type":"Point","coordinates":[121.624129,31.257895]},"properties":{"j":939,"w":0.796222}},{"type":"Feature","geometry":{"type":"Point","coordinates":[121.624077,31.261503]},"properties":{"j":891,"w":0.790126}},{"type":"Feature","geometry":{"type":"Point","coordinates":[121.624025,31.265111]},"properties":{"j":2955,"w":0.929476}},{"type":"Feature","geometry":{"type":"Point","coordinates":[121.623972,31.268719]},"properties":{"j":1233,"w":0.827873}},{"type":"Feature","geometry":{"type":"Point","coordinates":[121.62392,31.272327]},"properties":{"j":804,"w":0.77819}},{"type":"Feature","geometry":{"type":"Point","coordinates":[121.623867,31.275935]},"properties":{"j":993,"w":0.802719}},{"type":"Feature","geometry":{"type":"Point","coordinates":[121.623815,31.279544]},"properties":{"j":613,"w":0.746689}},{"type":"Feature","geometry":{"type":"Point","coordinates":[121.623763,31.283152]},"properties":{"j":96,"w":0.53207}},{"type":"Feature","geometry":{"type":"Point","coordinates":[121.62371,31.28676]},"properties":{"j":75,"w":0.503693}},{"type":"Feature","geometry":{"type":"Point","coordinates":[121.623658,31.290368]},"properties":{"j":52,"w":0.461772}},{"type":"Feature","geometry":{"type":"Point","coordinates":[121.623553,31.297584]},"properties":{"j":24,"w":0.374377}},{"type":"Feature","geometry":{"type":"Point","coordinates":[121.6235,31.301192]},"properties":{"j":6121,"w":1.0}},{"type":"Feature","geometry":{"type":"Point","coordinates":[121.623448,31.3048]},"properties":{"j":176,"w":0.602021}},{"type":"Feature","geometry":{"type":"Point","coordinates":[121.623395,31.308408]},"properties":{"j":411,"w":0.700286}},{"type":"Feature","geometry":{"type":"Point","coordinates":[121.623343,31.312016]},"properties":{"j":459,"w":0.713103}},{"type":"Feature","geometry":{"type":"Point","coordinates":[121.62329,31.315624]},"properties":{"j":214,"w":0.624641}},{"type":"Feature","geometry":{"type":"Point","coordinates":[121.623238,31.319232]},"properties":{"j":46,"w":0.447798}},{"type":"Feature","geometry":{"type":"Point","coordinates":[121.623185,31.32284]},"properties":{"j":23,"w":0.369629}},{"type":"Feature","geometry":{"type":"Point","coordinates":[121.62308,31.330057]},"properties":{"j":21,"w":0.359509}},{"type":"Feature","geometry":{"type":"Point","coordinates":[121.623028,31.333665]},"properties":{"j":40,"w":0.431913}},{"type":"Feature","geometry":{"type":"Point","coordinates":[121.622975,31.337273]},"properties":{"j":6,"w":0.226322}},{"type":"Feature","geometry":{"type":"Point","coordinates":[121.622923,31.340881]},"properties":{"j":64,"w":0.485509}},{"type":"Feature","geometry":{"type":"Point","coordinates":[121.62287,31.344489]},"properties":{"j":119,"w":0.556818}},{"type":"Feature","geometry":{"type":"Point","coordinates":[121.622818,31.348097]},"properties":{"j":40,"w":0.431913}},{"type":"Feature","geometry":{"type":"Point","coordinates":[121.631753,31.0198]},"properties":{"j":11,"w":0.289011}},{"type":"Feature","geometry":{"type":"Point","coordinates":[121.63165,31.027017]},"properties":{"j":617,"w":0.747444}},{"type":"Feature","geometry":{"type":"Point","coordinates":[121.631598,31.030625]},"properties":{"j":110,"w":0.54775}},{"type":"Feature","geometry":{"type":"Point","coordinates":[121.631547,31.034233]},"properties":{"j":312,"w":0.668322}},{"type":"Feature","geometry":{"type":"Point","coordinates":[121.631495,31.037841]},"properties":{"j":9,"w":0.267806}},{"type":"Feature","geometry":{"type":"Point","coordinates":[121.631185,31.059491]},"properties":{"j":26,"w":0.383328}},{"type":"Feature","geometry":{"type":"Point","coordinates":[121.630927,31.077532]},"properties":{"j":50,"w":0.457298}},{"type":"Feature","geometry":{"type":"Point","coordinates":[121.630875,31.08114]},"properties":{"j":122,"w":0.559689}},{"type":"Feature","geometry":{"type":"Point","coordinates":[121.630823,31.084748]},"properties":{"j":101,"w":0.537915}},{"type":"Feature","geometry":{"type":"Point","coordinates":[121.630772,31.088357]},"properties":{"j":88,"w":0.522059}},{"type":"Feature","geometry":{"type":"Point","coordinates":[121.630254,31.124438]},"properties":{"j":48,"w":0.452645}},{"type":"Feature","geometry":{"type":"Point","coordinates":[121.630202,31.128047]},"properties":{"j":42,"w":0.437453}},{"type":"Feature","geometry":{"type":"Point","coordinates":[121.63015,31.131655]},"properties":{"j":25,"w":0.378939}},{"type":"Feature","geometry":{"type":"Point","coordinates":[121.630098,31.135263]},"properties":{"j":31,"w":0.403088}},{"type":"Feature","geometry":{"type":"Point","coordinates":[121.630046,31.138871]},"properties":{"j":24,"w":0.374377}},{"type":"Feature","geometry":{"type":"Point","coordinates":[121.629787,31.156912]},"properties":{"j":22,"w":0.364679}},{"type":"Feature","geometry":{"type":"Point","coordinates":[121.629735,31.16052]},"properties":{"j":215,"w":0.625181}},{"type":"Feature","geometry":{"type":"Point","coordinates":[121.629683,31.164128]},"properties":{"j":119,"w":0.556818}},{"type":"Feature","geometry":{"type":"Point","coordinates":[121.629475,31.178561]},"properties":{"j":12,"w":0.298321}},{"type":"Feature","geometry":{"type":"Point","coordinates":[121.629423,31.182169]},"properties":{"j":8,"w":0.255552}},{"type":"Feature","geometry":{"type":"Point","coordinates":[121.629267,31.192994]},"properties":{"j":28,"w":0.391639}},{"type":"Feature","geometry":{"type":"Point","coordinates":[121.629215,31.196602]},"properties":{"j":12,"w":0.298321}},{"type":"Feature","geometry":{"type":"Point","coordinates":[121.629111,31.203818]},"properties":{"j":13,"w":0.30694}},{"type":"Feature","geometry":{"type":"Point","coordinates":[121.629059,31.207426]},"properties":{"j":255,"w":0.644941}},{"type":"Feature","geometry":{"type":"Point","coordinates":[121.629007,31.211034]},"properties":{"j":263,"w":0.64852}},{"type":"Feature","geometry":{"type":"Point","coordinates":[121.628955,31.214642]},"properties":{"j":1087,"w":0.813228}},{"type":"Feature","geometry":{"type":"Point","coordinates":[121.628903,31.218251]},"properties":{"j":835,"w":0.782585}},{"type":"Feature","geometry":{"type":"Point","coordinates":[121.628851,31.221859]},"properties":{"j":88,"w":0.522059}},{"type":"Feature","geometry":{"type":"Point","coordinates":[121.628799,31.225467]},"properties":{"j":41,"w":0.434716}},{"type":"Feature","geometry":{"type":"Point","coordinates":[121.628538,31.243507]},"properties":{"j":56,"w":0.470234}},{"type":"Feature","geometry":{"type":"Point","coordinates":[121.628486,31.247116]},"properties":{"j":332,"w":0.675526}},{"type":"Feature","geometry":{"type":"Point","coordinates":[121.628434,31.250724]},"properties":{"j":529,"w":0.729578}},{"type":"Feature","geometry":{"type":"Point","coordinates":[121.628382,31.254332]},"properties":{"j":791,"w":0.776296}},{"type":"Feature","geometry":{"type":"Point","coordinates":[121.628329,31.25794]},"properties":{"j":745,"w":0.769337}},{"type":"Feature","geometry":{"type":"Point","coordinates":[121.628277,31.261548]},"properties":{"j":2158,"w":0.892933}},{"type":"Feature","geometry":{"type":"Point","coordinates":[121.628225,31.265156]},"properties":{"j":2772,"w":0.922043}},{"type":"Feature","geometry":{"type":"Point","coordinates":[121.628173,31.268764]},"properties":{"j":1909,"w":0.878681}},{"type":"Feature","geometry":{"type":"Point","coordinates":[121.628121,31.272372]},"properties":{"j":1040,"w":0.808092}},{"type":"Feature","geometry":{"type":"Point","coordinates":[121.628068,31.27598]},"properties":{"j":843,"w":0.783693}},{"type":"Feature","geometry":{"type":"Point","coordinates":[121.628016,31.279588]},"properties":{"j":443,"w":0.708985}},{"type":"Feature","geometry":{"type":"Point","coordinates":[121.627964,31.283197]},"properties":{"j":767,"w":0.772717}},{"type":"Feature","geometry":{"type":"Point","coordinates":[121.627912,31.286805]},"properties":{"j":1017,"w":0.805493}},{"type":"Feature","geometry":{"type":"Point","coordinates":[121.627859,31.290413]},"properties":{"j":84,"w":0.51671}},{"type":"Feature","geometry":{"type":"Point","coordinates":[121.627807,31.294021]},"properties":{"j":43,"w":0.440127}},{"type":"Feature","geometry":{"type":"Point","coordinates":[121.627702,31.301237]},"properties":{"j":120,"w":0.557783}},{"type":"Feature","geometry":{"type":"Point","coordinates":[121.62765,31.304845]},"properties":{"j":202,"w":0.617962}},{"type":"Feature","geometry":{"type":"Point","coordinates":[121.627545,31.312061]},"properties":{"j":27,"w":0.387558}},{"type":"Feature","geometry":{"type":"Point","coordinates":[121.627441,31.319277]},"properties":{"j":79,"w":0.509659}},{"type":"Feature","geometry":{"type":"Point","coordinates":[121.627388,31.322885]},"properties":{"j":54,"w":0.46608}},{"type":"Feature","geometry":{"type":"Point","coordinates":[121.627336,31.326494]},"properties":{"j":14,"w":0.314964}},{"type":"Feature","geometry":{"type":"Point","coordinates":[121.627284,31.330102]},"properties":{"j":8,"w":0.255552}},{"type":"Feature","geometry":{"type":"Point","coordinates":[121.627231,31.33371]},"properties":{"j":45,"w":0.445297}},{"type":"Feature","geometry":{"type":"Point","coordinates":[121.627179,31.337318]},"properties":{"j":25,"w":0.378939}},{"type":"Feature","geometry":{"type":"Point","coordinates":[121.627127,31.340926]},"properties":{"j":161,"w":0.591722}},{"type":"Feature","geometry":{"type":"Point","coordinates":[121.627074,31.344534]},"properties":{"j":66,"w":0.489034}},{"type":"Feature","geometry":{"type":"Point","coordinates":[121.627022,31.348142]},"properties":{"j":37,"w":0.423076}},{"type":"Feature","geometry":{"type":"Point","coordinates":[121.635994,31.016236]},"properties":{"j":17,"w":0.33617}},{"type":"Feature","geometry":{"type":"Point","coordinates":[121.635943,31.019845]},"properties":{"j":136,"w":0.572227}},{"type":"Feature","geometry":{"type":"Point","coordinates":[121.635891,31.023453]},"properties":{"j":10,"w":0.278891}},{"type":"Feature","geometry":{"type":"Point","coordinates":[121.63584,31.027061]},"properties":{"j":157,"w":0.588814}},{"type":"Feature","geometry":{"type":"Point","coordinates":[121.635789,31.030669]},"properties":{"j":131,"w":0.567903}},{"type":"Feature","geometry":{"type":"Point","coordinates":[121.635737,31.034278]},"properties":{"j":383,"w":0.6921}},{"type":"Feature","geometry":{"type":"Point","coordinates":[121.635634,31.041494]},"properties":{"j":33,"w":0.410139}},{"type":"Feature","geometry":{"type":"Point","coordinates":[121.635377,31.059535]},"properties":{"j":60,"w":0.478122}},{"type":"Feature","geometry":{"type":"Point","coordinates":[121.635325,31.063143]},"properties":{"j":15,"w":0.322471}},{"type":"Feature","geometry":{"type":"Point","coordinates":[121.635171,31.073968]},"properties":{"j":37,"w":0.423076}},{"type":"Feature","geometry":{"type":"Point","coordinates":[121.635119,31.077576]},"properties":{"j":403,"w":0.698005}},{"type":"Feature","geometry":{"type":"Point","coordinates":[121.635068,31.081185]},"properties":{"j":309,"w":0.667202}},{"type":"Feature","geometry":{"type":"Point","coordinates":[121.635016,31.084793]},"properties":{"j":168,"w":0.596642}},{"type":"Feature","geometry":{"type":"Point","coordinates":[121.634964,31.088401]},"properties":{"j":134,"w":0.570516}},{"type":"Feature","geometry":{"type":"Point","coordinates":[121.634861,31.095617]},"properties":{"j":116,"w":0.553873}},{"type":"Feature","geometry":{"type":"Point","coordinates":[121.634758,31.102834]},"properties":{"j":32,"w":0.406667}},{"type":"Feature","geometry":{"type":"Point","coordinates":[121.634706,31.106442]},"properties":{"j":29,"w":0.395582}},{"type":"Feature","geometry":{"type":"Point","coordinates":[121.634655,31.11005]},"properties":{"j":7,"w":0.241853}},{"type":"Feature","geometry":{"type":"Point","coordinates":[121.634396,31.128091]},"properties":{"j":36,"w":0.419974}},{"type":"Feature","geometry":{"type":"Point","coordinates":[121.634293,31.135308]},"properties":{"j":16,"w":0.329522}},{"type":"Feature","geometry":{"type":"Point","coordinates":[121.633931,31.160565]},"properties":{"j":107,"w":0.544563}},{"type":"Feature","geometry":{"type":"Point","coordinates":[121.633568,31.185822]},"properties":{"j":6,"w":0.226322}},{"type":"Feature","geometry":{"type":"Point","coordinates":[121.633413,31.196646]},"properties":{"j":78,"w":0.508196}},{"type":"Feature","geometry":{"type":"Point","coordinates":[121.633309,31.203863]},"properties":{"j":213,"w":0.624099}},{"type":"Feature","geometry":{"type":"Point","coordinates":[121.633257,31.207471]},"properties":{"j":633,"w":0.750417}},{"type":"Feature","geometry":{"type":"Point","coordinates":[121.633205,31.211079]},"properties":{"j":70,"w":0.495778}},{"type":"Feature","geometry":{"type":"Point","coordinates":[121.633101,31.218295]},"properties":{"j":65,"w":0.487285}},{"type":"Feature","geometry":{"type":"Point","coordinates":[121.632997,31.225512]},"properties":{"j":394,"w":0.695385}},{"type":"Feature","geometry":{"type":"Point","coordinates":[121.632737,31.243552]},"properties":{"j":17,"w":0.33617}},{"type":"Feature","geometry":{"type":"Point","coordinates":[121.632685,31.24716]},"properties":{"j":56,"w":0.470234}},{"type":"Feature","geometry":{"type":"Point","coordinates":[121.632633,31.250768]},"properties":{"j":6,"w":0.226322}},{"type":"Feature","geometry":{"type":"Point","coordinates":[121.632581,31.254377]},"properties":{"j":32,"w":0.406667}},{"type":"Feature","geometry":{"type":"Point","coordinates":[121.632529,31.257985]},"properties":{"j":17,"w":0.33617}},{"type":"Feature","geometry":{"type":"Point","coordinates":[121.632477,31.261593]},"properties":{"j":72,"w":0.499009}},{"type":"Feature","geometry":{"type":"Point","coordinates":[121.632425,31.265201]},"properties":{"j":45,"w":0.445297}},{"type":"Feature","geometry":{"type":"Point","coordinates":[121.632373,31.268809]},"properties":{"j":650,"w":0.753494}},{"type":"Feature","geometry":{"type":"Point","coordinates":[121.632321,31.272417]},"properties":{"j":868,"w":0.787088}},{"type":"Feature","geometry":{"type":"Point","coordinates":[121.632269,31.276025]},"properties":{"j":542,"w":0.732396}},{"type":"Feature","geometry":{"type":"Point","coordinates":[121.632217,31.279633]},"properties":{"j":998,"w":0.803302}},{"type":"Feature","geometry":{"type":"Point","coordinates":[121.632165,31.283241]},"properties":{"j":1268,"w":0.831126}},{"type":"Feature","geometry":{"type":"Point","coordinates":[121.632113,31.286849]},"properties":{"j":2056,"w":0.887305}},{"type":"Feature","geometry":{"type":"Point","coordinates":[121.632061,31.290458]},"properties":{"j":1491,"w":0.849955}},{"type":"Feature","geometry":{"type":"Point","coordinates":[121.632009,31.294066]},"properties":{"j":956,"w":0.798307}},{"type":"Feature","geometry":{"type":"Point","coordinates":[121.631904,31.301282]},"properties":{"j":87,"w":0.520744}},{"type":"Feature","geometry":{"type":"Point","coordinates":[121.631852,31.30489]},"properties":{"j":10,"w":0.278891}},{"type":"Feature","geometry":{"type":"Point","coordinates":[121.631539,31.326538]},"properties":{"j":15,"w":0.322471}},{"type":"Feature","geometry":{"type":"Point","coordinates":[121.631487,31.330147]},"properties":{"j":11,"w":0.289011}},{"type":"Feature","geometry":{"type":"Point","coordinates":[121.631383,31.337363]},"properties":{"j":69,"w":0.494129}},{"type":"Feature","geometry":{"type":"Point","coordinates":[121.63133,31.340971]},"properties":{"j":114,"w":0.551868}},{"type":"Feature","geometry":{"type":"Point","coordinates":[121.631278,31.344579]},"properties":{"j":137,"w":0.573073}},{"type":"Feature","geometry":{"type":"Point","coordinates":[121.631226,31.348187]},"properties":{"j":6,"w":0.226322}},{"type":"Feature","geometry":{"type":"Point","coordinates":[121.640184,31.01628]},"properties":{"j":14,"w":0.314964}},{"type":"Feature","geometry":{"type":"Point","coordinates":[121.640132,31.019889]},"properties":{"j":103,"w":0.540174}},{"type":"Feature","geometry":{"type":"Point","coordinates":[121.640081,31.023497]},"properties":{"j":38,"w":0.426097}},{"type":"Feature","geometry":{"type":"Point","coordinates":[121.64003,31.027105]},"properties":{"j":51,"w":0.459556}},{"type":"Feature","geometry":{"type":"Point","coordinates":[121.639979,31.030714]},"properties":{"j":206,"w":0.620231}},{"type":"Feature","geometry":{"type":"Point","coordinates":[121.639927,31.034322]},"properties":{"j":26,"w":0.383328}},{"type":"Feature","geometry":{"type":"Point","coordinates":[121.639876,31.03793]},"properties":{"j":26,"w":0.383328}},{"type":"Feature","geometry":{"type":"Point","coordinates":[121.639825,31.041538]},"properties":{"j":22,"w":0.364679}},{"type":"Feature","geometry":{"type":"Point","coordinates":[121.639568,31.059579]},"properties":{"j":135,"w":0.571375}},{"type":"Feature","geometry":{"type":"Point","coordinates":[121.639517,31.063188]},"properties":{"j":8,"w":0.255552}},{"type":"Feature","geometry":{"type":"Point","coordinates":[121.639465,31.066796]},"properties":{"j":76,"w":0.505214}},{"type":"Feature","geometry":{"type":"Point","coordinates":[121.639363,31.074012]},"properties":{"j":22,"w":0.364679}},{"type":"Feature","geometry":{"type":"Point","coordinates":[121.639311,31.077621]},"properties":{"j":284,"w":0.657423}},{"type":"Feature","geometry":{"type":"Point","coordinates":[121.63926,31.081229]},"properties":{"j":454,"w":0.711832}},{"type":"Feature","geometry":{"type":"Point","coordinates":[121.639208,31.084837]},"properties":{"j":121,"w":0.55874}},{"type":"Feature","geometry":{"type":"Point","coordinates":[121.639157,31.088445]},"properties":{"j":80,"w":0.511104}},{"type":"Feature","geometry":{"type":"Point","coordinates":[121.639054,31.095662]},"properties":{"j":1350,"w":0.838409}},{"type":"Feature","geometry":{"type":"Point","coordinates":[121.639003,31.09927]},"properties":{"j":67,"w":0.490757}},{"type":"Feature","geometry":{"type":"Point","coordinates":[121.638951,31.102878]},"properties":{"j":129,"w":0.566127}},{"type":"Feature","geometry":{"type":"Point","coordinates":[121.6389,31.106486]},"properties":{"j":54,"w":0.46608}},{"type":"Feature","geometry":{"type":"Point","coordinates":[121.638848,31.110095]},"properties":{"j":60,"w":0.478122}},{"type":"Feature","geometry":{"type":"Point","coordinates":[121.63761,31.196691]},"properties":{"j":93,"w":0.528416}},{"type":"Feature","geometry":{"type":"Point","coordinates":[121.636626,31.265246]},"properties":{"j":57,"w":0.472257}},{"type":"Feature","geometry":{"type":"Point","coordinates":[121.636574,31.268854]},"properties":{"j":39,"w":0.429042}},{"type":"Feature","geometry":{"type":"Point","coordinates":[121.63647,31.27607]},"properties":{"j":28,"w":0.391639}},{"type":"Feature","geometry":{"type":"Point","coordinates":[121.636418,31.279678]},"properties":{"j":214,"w":0.624641}},{"type":"Feature","geometry":{"type":"Point","coordinates":[121.636366,31.283286]},"properties":{"j":239,"w":0.637435}},{"type":"Feature","geometry":{"type":"Point","coordinates":[121.636314,31.286894]},"properties":{"j":394,"w":0.695385}},{"type":"Feature","geometry":{"type":"Point","coordinates":[121.636262,31.290502]},"properties":{"j":481,"w":0.718537}},{"type":"Feature","geometry":{"type":"Point","coordinates":[121.63621,31.29411]},"properties":{"j":217,"w":0.626253}},{"type":"Feature","geometry":{"type":"Point","coordinates":[121.636158,31.297718]},"properties":{"j":15,"w":0.322471}},{"type":"Feature","geometry":{"type":"Point","coordinates":[121.635899,31.315759]},"properties":{"j":23,"w":0.369629}},{"type":"Feature","geometry":{"type":"Point","coordinates":[121.635638,31.333799]},"properties":{"j":12,"w":0.298321}},{"type":"Feature","geometry":{"type":"Point","coordinates":[121.635586,31.337407]},"properties":{"j":80,"w":0.511104}},{"type":"Feature","geometry":{"type":"Point","coordinates":[121.635534,31.341015]},"properties":{"j":17,"w":0.33617}},{"type":"Feature","geometry":{"type":"Point","coordinates":[121.635482,31.344624]},"properties":{"j":52,"w":0.461772}},{"type":"Feature","geometry":{"type":"Point","coordinates":[121.644578,31.001891]},"properties":{"j":93,"w":0.528416}},{"type":"Feature","geometry":{"type":"Point","coordinates":[121.644475,31.009108]},"properties":{"j":19,"w":0.348424}},{"type":"Feature","geometry":{"type":"Point","coordinates":[121.644424,31.012716]},"properties":{"j":121,"w":0.55874}},{"type":"Feature","geometry":{"type":"Point","coordinates":[121.644373,31.016325]},"properties":{"j":29,"w":0.395582}},{"type":"Feature","geometry":{"type":"Point","coordinates":[121.644271,31.023541]},"properties":{"j":151,"w":0.584311}},{"type":"Feature","geometry":{"type":"Point","coordinates":[121.64422,31.027149]},"properties":{"j":44,"w":0.44274}},{"type":"Feature","geometry":{"type":"Point","coordinates":[121.644169,31.030758]},"properties":{"j":53,"w":0.463946}},{"type":"Feature","geometry":{"type":"Point","coordinates":[121.643964,31.045191]},"properties":{"j":81,"w":0.512531}},{"type":"Feature","geometry":{"type":"Point","coordinates":[121.643913,31.048799]},"properties":{"j":61,"w":0.480014}},{"type":"Feature","geometry":{"type":"Point","coordinates":[121.643862,31.052407]},"properties":{"j":153,"w":0.585832}},{"type":"Feature","geometry":{"type":"Point","coordinates":[121.643657,31.06684]},"properties":{"j":11,"w":0.289011}},{"type":"Feature","geometry":{"type":"Point","coordinates":[121.643606,31.070448]},"properties":{"j":42,"w":0.437453}},{"type":"Feature","geometry":{"type":"Point","coordinates":[121.643555,31.074057]},"properties":{"j":48,"w":0.452645}},{"type":"Feature","geometry":{"type":"Point","coordinates":[121.643503,31.077665]},"properties":{"j":127,"w":0.564324}},{"type":"Feature","geometry":{"type":"Point","coordinates":[121.643452,31.081273]},"properties":{"j":120,"w":0.557783}},{"type":"Feature","geometry":{"type":"Point","coordinates":[121.643401,31.084881]},"properties":{"j":16,"w":0.329522}},{"type":"Feature","geometry":{"type":"Point","coordinates":[121.643247,31.095706]},"properties":{"j":22,"w":0.364679}},{"type":"Feature","geometry":{"type":"Point","coordinates":[121.643196,31.099314]},"properties":{"j":84,"w":0.51671}},{"type":"Feature","geometry":{"type":"Point","coordinates":[121.641343,31.229209]},"properties":{"j":9,"w":0.267806}},{"type":"Feature","geometry":{"type":"Point","coordinates":[121.640723,31.272506]},"properties":{"j":56,"w":0.470234}},{"type":"Feature","geometry":{"type":"Point","coordinates":[121.640671,31.276114]},"properties":{"j":26,"w":0.383328}},{"type":"Feature","geometry":{"type":"Point","coordinates":[121.640619,31.279722]},"properties":{"j":55,"w":0.468176}},{"type":"Feature","geometry":{"type":"Point","coordinates":[121.640516,31.286939]},"properties":{"j":6,"w":0.226322}},{"type":"Feature","geometry":{"type":"Point","coordinates":[121.639997,31.32302]},"properties":{"j":6,"w":0.226322}},{"type":"Feature","geometry":{"type":"Point","coordinates":[121.639842,31.333844]},"properties":{"j":12,"w":0.298321}},{"type":"Feature","geometry":{"type":"Point","coordinates":[121.63979,31.337452]},"properties":{"j":14,"w":0.314964}},{"type":"Feature","geometry":{"type":"Point","coordinates":[121.639738,31.34106]},"properties":{"j":20,"w":0.354098}},{"type":"Feature","geometry":{"type":"Point","coordinates":[121.648766,31.001935]},"properties":{"j":7,"w":0.241853}},{"type":"Feature","geometry":{"type":"Point","coordinates":[121.648614,31.01276]},"properties":{"j":29,"w":0.395582}},{"type":"Feature","geometry":{"type":"Point","coordinates":[121.648512,31.019977]},"properties":{"j":83,"w":0.515334}},{"type":"Feature","geometry":{"type":"Point","coordinates":[121.648461,31.023585]},"properties":{"j":53,"w":0.463946}},{"type":"Feature","geometry":{"type":"Point","coordinates":[121.64841,31.027193]},"properties":{"j":28,"w":0.391639}},{"type":"Feature","geometry":{"type":"Point","coordinates":[121.648359,31.030802]},"properties":{"j":72,"w":0.499009}},{"type":"Feature","geometry":{"type":"Point","coordinates":[121.648308,31.03441]},"properties":{"j":294,"w":0.661434}},{"type":"Feature","geometry":{"type":"Point","coordinates":[121.648257,31.038018]},"properties":{"j":45,"w":0.445297}},{"type":"Feature","geometry":{"type":"Point","coordinates":[121.648206,31.041626]},"properties":{"j":95,"w":0.530864}},{"type":"Feature","geometry":{"type":"Point","coordinates":[121.648155,31.045235]},"properties":{"j":428,"w":0.704988}},{"type":"Feature","geometry":{"type":"Point","coordinates":[121.647798,31.070492]},"properties":{"j":21,"w":0.359509}},{"type":"Feature","geometry":{"type":"Point","coordinates":[121.647747,31.074101]},"properties":{"j":8,"w":0.255552}},{"type":"Feature","geometry":{"type":"Point","coordinates":[121.647235,31.110183]},"properties":{"j":19,"w":0.348424}},{"type":"Feature","geometry":{"type":"Point","coordinates":[121.647184,31.113791]},"properties":{"j":77,"w":0.506715}},{"type":"Feature","geometry":{"type":"Point","coordinates":[121.646775,31.142657]},"properties":{"j":41,"w":0.434716}},{"type":"Feature","geometry":{"type":"Point","coordinates":[121.646313,31.17513]},"properties":{"j":169,"w":0.597328}},{"type":"Feature","geometry":{"type":"Point","coordinates":[121.646262,31.178739]},"properties":{"j":130,"w":0.567018}},{"type":"Feature","geometry":{"type":"Point","coordinates":[121.645953,31.200388]},"properties":{"j":70,"w":0.495778}},{"type":"Feature","geometry":{"type":"Point","coordinates":[121.645799,31.211212]},"properties":{"j":10,"w":0.278891}},{"type":"Feature","geometry":{"type":"Point","coordinates":[121.645748,31.21482]},"properties":{"j":215,"w":0.625181}},{"type":"Feature","geometry":{"type":"Point","coordinates":[121.645696,31.218429]},"properties":{"j":57,"w":0.472257}},{"type":"Feature","geometry":{"type":"Point","coordinates":[121.64549,31.232861]},"properties":{"j":327,"w":0.673766}},{"type":"Feature","geometry":{"type":"Point","coordinates":[121.645439,31.236469]},"properties":{"j":96,"w":0.53207}},{"type":"Feature","geometry":{"type":"Point","coordinates":[121.645387,31.240077]},"properties":{"j":101,"w":0.537915}},{"type":"Feature","geometry":{"type":"Point","coordinates":[121.645284,31.247294]},"properties":{"j":22,"w":0.364679}},{"type":"Feature","geometry":{"type":"Point","coordinates":[121.645181,31.25451]},"properties":{"j":7,"w":0.241853}},{"type":"Feature","geometry":{"type":"Point","coordinates":[121.645078,31.261726]},"properties":{"j":60,"w":0.478122}},{"type":"Feature","geometry":{"type":"Point","coordinates":[121.645027,31.265334]},"properties":{"j":38,"w":0.426097}},{"type":"Feature","geometry":{"type":"Point","coordinates":[121.644975,31.268942]},"properties":{"j":100,"w":0.53677}},{"type":"Feature","geometry":{"type":"Point","coordinates":[121.644924,31.272551]},"properties":{"j":72,"w":0.499009}},{"type":"Feature","geometry":{"type":"Point","coordinates":[121.644872,31.276159]},"properties":{"j":26,"w":0.383328}},{"type":"Feature","geometry":{"type":"Point","coordinates":[121.64482,31.279767]},"properties":{"j":17,"w":0.33617}},{"type":"Feature","geometry":{"type":"Point","coordinates":[121.644769,31.283375]},"properties":{"j":6,"w":0.226322}},{"type":"Feature","geometry":{"type":"Point","coordinates":[121.644717,31.286983]},"properties":{"j":93,"w":0.528416}},{"type":"Feature","geometry":{"type":"Point","coordinates":[121.644666,31.290591]},"properties":{"j":99,"w":0.535612}},{"type":"Feature","geometry":{"type":"Point","coordinates":[121.644614,31.294199]},"properties":{"j":27,"w":0.387558}},{"type":"Feature","geometry":{"type":"Point","coordinates":[121.644511,31.301416]},"properties":{"j":6,"w":0.226322}},{"type":"Feature","geometry":{"type":"Point","coordinates":[121.644201,31.323064]},"properties":{"j":18,"w":0.342458}},{"type":"Feature","geometry":{"type":"Point","coordinates":[121.644097,31.33028]},"properties":{"j":33,"w":0.410139}},{"type":"Feature","geometry":{"type":"Point","coordinates":[121.652498,31.034454]},"properties":{"j":156,"w":0.588075}},{"type":"Feature","geometry":{"type":"Point","coordinates":[121.652447,31.038062]},"properties":{"j":26,"w":0.383328}},{"type":"Feature","geometry":{"type":"Point","coordinates":[121.652397,31.04167]},"properties":{"j":10,"w":0.278891}},{"type":"Feature","geometry":{"type":"Point","coordinates":[121.652346,31.045278]},"properties":{"j":39,"w":0.429042}},{"type":"Feature","geometry":{"type":"Point","coordinates":[121.651939,31.074144]},"properties":{"j":6,"w":0.226322}},{"type":"Feature","geometry":{"type":"Point","coordinates":[121.651378,31.113835]},"properties":{"j":108,"w":0.545635}},{"type":"Feature","geometry":{"type":"Point","coordinates":[121.65097,31.142701]},"properties":{"j":105,"w":0.542389}},{"type":"Feature","geometry":{"type":"Point","coordinates":[121.650919,31.146309]},"properties":{"j":25,"w":0.378939}},{"type":"Feature","geometry":{"type":"Point","coordinates":[121.650509,31.175175]},"properties":{"j":33,"w":0.410139}},{"type":"Feature","geometry":{"type":"Point","coordinates":[121.650458,31.178783]},"properties":{"j":58,"w":0.474245}},{"type":"Feature","geometry":{"type":"Point","coordinates":[121.650407,31.182391]},"properties":{"j":50,"w":0.457298}},{"type":"Feature","geometry":{"type":"Point","coordinates":[121.650202,31.196824]},"properties":{"j":9,"w":0.267806}},{"type":"Feature","geometry":{"type":"Point","coordinates":[121.650151,31.200432]},"properties":{"j":56,"w":0.470234}},{"type":"Feature","geometry":{"type":"Point","coordinates":[121.649997,31.211256]},"properties":{"j":10,"w":0.278891}},{"type":"Feature","geometry":{"type":"Point","coordinates":[121.649946,31.214864]},"properties":{"j":143,"w":0.578023}},{"type":"Feature","geometry":{"type":"Point","coordinates":[121.649895,31.218473]},"properties":{"j":80,"w":0.511104}},{"type":"Feature","geometry":{"type":"Point","coordinates":[121.649689,31.232905]},"properties":{"j":646,"w":0.752777}},{"type":"Feature","geometry":{"type":"Point","coordinates":[121.649638,31.236513]},"properties":{"j":664,"w":0.755969}},{"type":"Feature","geometry":{"type":"Point","coordinates":[121.649587,31.240122]},"properties":{"j":218,"w":0.626785}},{"type":"Feature","geometry":{"type":"Point","coordinates":[121.64933,31.258162]},"properties":{"j":97,"w":0.533263}},{"type":"Feature","geometry":{"type":"Point","coordinates":[121.649279,31.26177]},"properties":{"j":91,"w":0.525914}},{"type":"Feature","geometry":{"type":"Point","coordinates":[121.649227,31.265379]},"properties":{"j":136,"w":0.572227}},{"type":"Feature","geometry":{"type":"Point","coordinates":[121.649176,31.268987]},"properties":{"j":323,"w":0.672339}},{"type":"Feature","geometry":{"type":"Point","coordinates":[121.649022,31.279811]},"properties":{"j":238,"w":0.63695}},{"type":"Feature","geometry":{"type":"Point","coordinates":[121.64897,31.283419]},"properties":{"j":96,"w":0.53207}},{"type":"Feature","geometry":{"type":"Point","coordinates":[121.648919,31.287027]},"properties":{"j":53,"w":0.463946}},{"type":"Feature","geometry":{"type":"Point","coordinates":[121.648867,31.290635]},"properties":{"j":116,"w":0.553873}},{"type":"Feature","geometry":{"type":"Point","coordinates":[121.648713,31.30146]},"properties":{"j":10,"w":0.278891}},{"type":"Feature","geometry":{"type":"Point","coordinates":[121.648404,31.323108]},"properties":{"j":19,"w":0.348424}},{"type":"Feature","geometry":{"type":"Point","coordinates":[121.656841,31.023673]},"properties":{"j":24,"w":0.374377}},{"type":"Feature","geometry":{"type":"Point","coordinates":[121.65679,31.027281]},"properties":{"j":133,"w":0.569652}},{"type":"Feature","geometry":{"type":"Point","coordinates":[121.656689,31.034497]},"properties":{"j":52,"w":0.461772}},{"type":"Feature","geometry":{"type":"Point","coordinates":[121.656638,31.038106]},"properties":{"j":49,"w":0.454995}},{"type":"Feature","geometry":{"type":"Point","coordinates":[121.656486,31.04893]},"properties":{"j":18,"w":0.342458}},{"type":"Feature","geometry":{"type":"Point","coordinates":[121.655419,31.124704]},"properties":{"j":22,"w":0.364679}},{"type":"Feature","geometry":{"type":"Point","coordinates":[121.655165,31.142745]},"properties":{"j":450,"w":0.710805}},{"type":"Feature","geometry":{"type":"Point","coordinates":[121.655114,31.146353]},"properties":{"j":156,"w":0.588075}},{"type":"Feature","geometry":{"type":"Point","coordinates":[121.655063,31.149961]},"properties":{"j":16,"w":0.329522}},{"type":"Feature","geometry":{"type":"Point","coordinates":[121.655012,31.153569]},"properties":{"j":12,"w":0.298321}},{"type":"Feature","geometry":{"type":"Point","coordinates":[121.654961,31.157178]},"properties":{"j":11,"w":0.289011}},{"type":"Feature","geometry":{"type":"Point","coordinates":[121.654706,31.175218]},"properties":{"j":50,"w":0.457298}},{"type":"Feature","geometry":{"type":"Point","coordinates":[121.654655,31.178827]},"properties":{"j":6,"w":0.226322}},{"type":"Feature","geometry":{"type":"Point","coordinates":[121.654604,31.182435]},"properties":{"j":43,"w":0.440127}},{"type":"Feature","geometry":{"type":"Point","coordinates":[121.6544,31.196868]},"properties":{"j":19,"w":0.348424}},{"type":"Feature","geometry":{"type":"Point","coordinates":[121.654349,31.200476]},"properties":{"j":65,"w":0.487285}},{"type":"Feature","geometry":{"type":"Point","coordinates":[121.654195,31.2113]},"properties":{"j":15,"w":0.322471}},{"type":"Feature","geometry":{"type":"Point","coordinates":[121.654144,31.214908]},"properties":{"j":201,"w":0.617387}},{"type":"Feature","geometry":{"type":"Point","coordinates":[121.654093,31.218517]},"properties":{"j":76,"w":0.505214}},{"type":"Feature","geometry":{"type":"Point","coordinates":[121.65394,31.229341]},"properties":{"j":9,"w":0.267806}},{"type":"Feature","geometry":{"type":"Point","coordinates":[121.653889,31.232949]},"properties":{"j":396,"w":0.695972}},{"type":"Feature","geometry":{"type":"Point","coordinates":[121.653837,31.236557]},"properties":{"j":1060,"w":0.810305}},{"type":"Feature","geometry":{"type":"Point","coordinates":[121.653786,31.240166]},"properties":{"j":731,"w":0.767134}},{"type":"Feature","geometry":{"type":"Point","coordinates":[121.653735,31.243774]},"properties":{"j":8,"w":0.255552}},{"type":"Feature","geometry":{"type":"Point","coordinates":[121.653479,31.261815]},"properties":{"j":11,"w":0.289011}},{"type":"Feature","geometry":{"type":"Point","coordinates":[121.653428,31.265423]},"properties":{"j":500,"w":0.723033}},{"type":"Feature","geometry":{"type":"Point","coordinates":[121.653376,31.269031]},"properties":{"j":363,"w":0.685879}},{"type":"Feature","geometry":{"type":"Point","coordinates":[121.653325,31.272639]},"properties":{"j":1788,"w":0.871069}},{"type":"Feature","geometry":{"type":"Point","coordinates":[121.653274,31.276247]},"properties":{"j":11,"w":0.289011}},{"type":"Feature","geometry":{"type":"Point","coordinates":[121.653223,31.279855]},"properties":{"j":335,"w":0.676569}},{"type":"Feature","geometry":{"type":"Point","coordinates":[121.653171,31.283463]},"properties":{"j":100,"w":0.53677}},{"type":"Feature","geometry":{"type":"Point","coordinates":[121.65312,31.287071]},"properties":{"j":165,"w":0.594559}},{"type":"Feature","geometry":{"type":"Point","coordinates":[121.653069,31.29068]},"properties":{"j":99,"w":0.535612}},{"type":"Feature","geometry":{"type":"Point","coordinates":[121.652915,31.301504]},"properties":{"j":28,"w":0.391639}},{"type":"Feature","geometry":{"type":"Point","coordinates":[121.652863,31.305112]},"properties":{"j":56,"w":0.470234}},{"type":"Feature","geometry":{"type":"Point","coordinates":[121.652658,31.319545]},"properties":{"j":24,"w":0.374377}},{"type":"Feature","geometry":{"type":"Point","coordinates":[121.652452,31.333977]},"properties":{"j":12,"w":0.298321}},{"type":"Feature","geometry":{"type":"Point","coordinates":[121.66103,31.023716]},"properties":{"j":52,"w":0.461772}},{"type":"Feature","geometry":{"type":"Point","coordinates":[121.66098,31.027324]},"properties":{"j":80,"w":0.511104}},{"type":"Feature","geometry":{"type":"Point","coordinates":[121.660929,31.030933]},"properties":{"j":21,"w":0.359509}},{"type":"Feature","geometry":{"type":"Point","coordinates":[121.660879,31.034541]},"properties":{"j":8,"w":0.255552}},{"type":"Feature","geometry":{"type":"Point","coordinates":[121.660828,31.038149]},"properties":{"j":32,"w":0.406667}},{"type":"Feature","geometry":{"type":"Point","coordinates":[121.659766,31.113923]},"properties":{"j":20,"w":0.354098}},{"type":"Feature","geometry":{"type":"Point","coordinates":[121.659461,31.135572]},"properties":{"j":9,"w":0.267806}},{"type":"Feature","geometry":{"type":"Point","coordinates":[121.659411,31.13918]},"properties":{"j":47,"w":0.450247}},{"type":"Feature","geometry":{"type":"Point","coordinates":[121.65936,31.142788]},"properties":{"j":232,"w":0.633992}},{"type":"Feature","geometry":{"type":"Point","coordinates":[121.659309,31.146397]},"properties":{"j":285,"w":0.65783}},{"type":"Feature","geometry":{"type":"Point","coordinates":[121.659258,31.150005]},"properties":{"j":50,"w":0.457298}},{"type":"Feature","geometry":{"type":"Point","coordinates":[121.659207,31.153613]},"properties":{"j":13,"w":0.30694}},{"type":"Feature","geometry":{"type":"Point","coordinates":[121.659106,31.160829]},"properties":{"j":9,"w":0.267806}},{"type":"Feature","geometry":{"type":"Point","coordinates":[121.659055,31.164438]},"properties":{"j":39,"w":0.429042}},{"type":"Feature","geometry":{"type":"Point","coordinates":[121.659004,31.168046]},"properties":{"j":12,"w":0.298321}},{"type":"Feature","geometry":{"type":"Point","coordinates":[121.658953,31.171654]},"properties":{"j":37,"w":0.423076}},{"type":"Feature","geometry":{"type":"Point","coordinates":[121.658597,31.196911]},"properties":{"j":27,"w":0.387558}},{"type":"Feature","geometry":{"type":"Point","coordinates":[121.658546,31.20052]},"properties":{"j":204,"w":0.619102}},{"type":"Feature","geometry":{"type":"Point","coordinates":[121.658495,31.204128]},"properties":{"j":80,"w":0.511104}},{"type":"Feature","geometry":{"type":"Point","coordinates":[121.658343,31.214952]},"properties":{"j":17,"w":0.33617}},{"type":"Feature","geometry":{"type":"Point","coordinates":[121.65819,31.225777]},"properties":{"j":38,"w":0.426097}},{"type":"Feature","geometry":{"type":"Point","coordinates":[121.658139,31.229385]},"properties":{"j":64,"w":0.485509}},{"type":"Feature","geometry":{"type":"Point","coordinates":[121.658088,31.232993]},"properties":{"j":344,"w":0.679644}},{"type":"Feature","geometry":{"type":"Point","coordinates":[121.658037,31.236601]},"properties":{"j":577,"w":0.739661}},{"type":"Feature","geometry":{"type":"Point","coordinates":[121.657986,31.24021]},"properties":{"j":1412,"w":0.843627}},{"type":"Feature","geometry":{"type":"Point","coordinates":[121.657935,31.243818]},"properties":{"j":146,"w":0.580421}},{"type":"Feature","geometry":{"type":"Point","coordinates":[121.657781,31.254642]},"properties":{"j":60,"w":0.478122}},{"type":"Feature","geometry":{"type":"Point","coordinates":[121.65773,31.25825]},"properties":{"j":15,"w":0.322471}},{"type":"Feature","geometry":{"type":"Point","coordinates":[121.657679,31.261858]},"properties":{"j":9,"w":0.267806}},{"type":"Feature","geometry":{"type":"Point","coordinates":[121.657628,31.265467]},"properties":{"j":7,"w":0.241853}},{"type":"Feature","geometry":{"type":"Point","coordinates":[121.657577,31.269075]},"properties":{"j":65,"w":0.487285}},{"type":"Feature","geometry":{"type":"Point","coordinates":[121.657526,31.272683]},"properties":{"j":9,"w":0.267806}},{"type":"Feature","geometry":{"type":"Point","coordinates":[121.657475,31.276291]},"properties":{"j":120,"w":0.557783}},{"type":"Feature","geometry":{"type":"Point","coordinates":[121.657424,31.279899]},"properties":{"j":136,"w":0.572227}},{"type":"Feature","geometry":{"type":"Point","coordinates":[121.657373,31.283507]},"properties":{"j":102,"w":0.53905}},{"type":"Feature","geometry":{"type":"Point","coordinates":[121.657322,31.287115]},"properties":{"j":141,"w":0.576396}},{"type":"Feature","geometry":{"type":"Point","coordinates":[121.65727,31.290724]},"properties":{"j":139,"w":0.574746}},{"type":"Feature","geometry":{"type":"Point","coordinates":[121.657066,31.305156]},"properties":{"j":121,"w":0.55874}},{"type":"Feature","geometry":{"type":"Point","coordinates":[121.656912,31.31598]},"properties":{"j":9,"w":0.267806}},{"type":"Feature","geometry":{"type":"Point","coordinates":[121.656861,31.319589]},"properties":{"j":18,"w":0.342458}},{"type":"Feature","geometry":{"type":"Point","coordinates":[121.665019,31.038193]},"properties":{"j":112,"w":0.549827}},{"type":"Feature","geometry":{"type":"Point","coordinates":[121.664565,31.070667]},"properties":{"j":9,"w":0.267806}},{"type":"Feature","geometry":{"type":"Point","coordinates":[121.66396,31.113966]},"properties":{"j":77,"w":0.506715}},{"type":"Feature","geometry":{"type":"Point","coordinates":[121.663656,31.135616]},"properties":{"j":173,"w":0.600033}},{"type":"Feature","geometry":{"type":"Point","coordinates":[121.663606,31.139224]},"properties":{"j":632,"w":0.750233}},{"type":"Feature","geometry":{"type":"Point","coordinates":[121.663555,31.142832]},"properties":{"j":206,"w":0.620231}},{"type":"Feature","geometry":{"type":"Point","coordinates":[121.663504,31.14644]},"properties":{"j":14,"w":0.314964}},{"type":"Feature","geometry":{"type":"Point","coordinates":[121.663302,31.160873]},"properties":{"j":9,"w":0.267806}},{"type":"Feature","geometry":{"type":"Point","coordinates":[121.663251,31.164481]},"properties":{"j":30,"w":0.399396}},{"type":"Feature","geometry":{"type":"Point","coordinates":[121.6632,31.16809]},"properties":{"j":14,"w":0.314964}},{"type":"Feature","geometry":{"type":"Point","coordinates":[121.66315,31.171698]},"properties":{"j":96,"w":0.53207}},{"type":"Feature","geometry":{"type":"Point","coordinates":[121.662744,31.200563]},"properties":{"j":222,"w":0.62889}},{"type":"Feature","geometry":{"type":"Point","coordinates":[121.662693,31.204172]},"properties":{"j":138,"w":0.573913}},{"type":"Feature","geometry":{"type":"Point","coordinates":[121.662388,31.225821]},"properties":{"j":6,"w":0.226322}},{"type":"Feature","geometry":{"type":"Point","coordinates":[121.662287,31.233037]},"properties":{"j":382,"w":0.691797}},{"type":"Feature","geometry":{"type":"Point","coordinates":[121.662236,31.236645]},"properties":{"j":634,"w":0.7506}},{"type":"Feature","geometry":{"type":"Point","coordinates":[121.662185,31.240253]},"properties":{"j":552,"w":0.734519}},{"type":"Feature","geometry":{"type":"Point","coordinates":[121.662134,31.243861]},"properties":{"j":113,"w":0.550852}},{"type":"Feature","geometry":{"type":"Point","coordinates":[121.661931,31.258294]},"properties":{"j":7,"w":0.241853}},{"type":"Feature","geometry":{"type":"Point","coordinates":[121.661778,31.269119]},"properties":{"j":66,"w":0.489034}},{"type":"Feature","geometry":{"type":"Point","coordinates":[121.661676,31.276335]},"properties":{"j":64,"w":0.485509}},{"type":"Feature","geometry":{"type":"Point","coordinates":[121.661625,31.279943]},"properties":{"j":22,"w":0.364679}},{"type":"Feature","geometry":{"type":"Point","coordinates":[121.661574,31.283551]},"properties":{"j":9,"w":0.267806}},{"type":"Feature","geometry":{"type":"Point","coordinates":[121.661523,31.287159]},"properties":{"j":82,"w":0.513941}},{"type":"Feature","geometry":{"type":"Point","coordinates":[121.661472,31.290767]},"properties":{"j":106,"w":0.543481}},{"type":"Feature","geometry":{"type":"Point","coordinates":[121.661421,31.294376]},"properties":{"j":12,"w":0.298321}},{"type":"Feature","geometry":{"type":"Point","coordinates":[121.66137,31.297984]},"properties":{"j":24,"w":0.374377}},{"type":"Feature","geometry":{"type":"Point","coordinates":[121.661064,31.319633]},"properties":{"j":27,"w":0.387558}},{"type":"Feature","geometry":{"type":"Point","coordinates":[121.661013,31.323241]},"properties":{"j":6,"w":0.226322}},{"type":"Feature","geometry":{"type":"Point","coordinates":[121.668153,31.11401]},"properties":{"j":53,"w":0.463946}},{"type":"Feature","geometry":{"type":"Point","coordinates":[121.667901,31.132051]},"properties":{"j":206,"w":0.620231}},{"type":"Feature","geometry":{"type":"Point","coordinates":[121.6678,31.139267]},"properties":{"j":16,"w":0.329522}},{"type":"Feature","geometry":{"type":"Point","coordinates":[121.66775,31.142875]},"properties":{"j":12,"w":0.298321}},{"type":"Feature","geometry":{"type":"Point","coordinates":[121.667346,31.171741]},"properties":{"j":13,"w":0.30694}},{"type":"Feature","geometry":{"type":"Point","coordinates":[121.666942,31.200607]},"properties":{"j":56,"w":0.470234}},{"type":"Feature","geometry":{"type":"Point","coordinates":[121.666536,31.229472]},"properties":{"j":17,"w":0.33617}},{"type":"Feature","geometry":{"type":"Point","coordinates":[121.666486,31.233081]},"properties":{"j":234,"w":0.634987}},{"type":"Feature","geometry":{"type":"Point","coordinates":[121.666435,31.236689]},"properties":{"j":1217,"w":0.826355}},{"type":"Feature","geometry":{"type":"Point","coordinates":[121.666384,31.240297]},"properties":{"j":306,"w":0.666071}},{"type":"Feature","geometry":{"type":"Point","coordinates":[121.666334,31.243905]},"properties":{"j":177,"w":0.602676}},{"type":"Feature","geometry":{"type":"Point","coordinates":[121.666283,31.247513]},"properties":{"j":27,"w":0.387558}},{"type":"Feature","geometry":{"type":"Point","coordinates":[121.666232,31.251121]},"properties":{"j":19,"w":0.348424}},{"type":"Feature","geometry":{"type":"Point","coordinates":[121.666181,31.25473]},"properties":{"j":213,"w":0.624099}},{"type":"Feature","geometry":{"type":"Point","coordinates":[121.666131,31.258338]},"properties":{"j":17,"w":0.33617}},{"type":"Feature","geometry":{"type":"Point","coordinates":[121.66608,31.261946]},"properties":{"j":10,"w":0.278891}},{"type":"Feature","geometry":{"type":"Point","coordinates":[121.666029,31.265554]},"properties":{"j":20,"w":0.354098}},{"type":"Feature","geometry":{"type":"Point","coordinates":[121.665978,31.269162]},"properties":{"j":264,"w":0.64896}},{"type":"Feature","geometry":{"type":"Point","coordinates":[121.665877,31.276379]},"properties":{"j":31,"w":0.403088}},{"type":"Feature","geometry":{"type":"Point","coordinates":[121.665775,31.283595]},"properties":{"j":23,"w":0.369629}},{"type":"Feature","geometry":{"type":"Point","coordinates":[121.665674,31.290811]},"properties":{"j":30,"w":0.399396}},{"type":"Feature","geometry":{"type":"Point","coordinates":[121.665318,31.316068]},"properties":{"j":14,"w":0.314964}},{"type":"Feature","geometry":{"type":"Point","coordinates":[121.665267,31.319676]},"properties":{"j":60,"w":0.478122}},{"type":"Feature","geometry":{"type":"Point","coordinates":[121.665216,31.323284]},"properties":{"j":39,"w":0.429042}},{"type":"Feature","geometry":{"type":"Point","coordinates":[121.6734,31.038279]},"properties":{"j":79,"w":0.509659}},{"type":"Feature","geometry":{"type":"Point","coordinates":[121.672949,31.070754]},"properties":{"j":10,"w":0.278891}},{"type":"Feature","geometry":{"type":"Point","coordinates":[121.672749,31.085187]},"properties":{"j":35,"w":0.416787}},{"type":"Feature","geometry":{"type":"Point","coordinates":[121.672699,31.088795]},"properties":{"j":9,"w":0.267806}},{"type":"Feature","geometry":{"type":"Point","coordinates":[121.671995,31.139311]},"properties":{"j":40,"w":0.431913}},{"type":"Feature","geometry":{"type":"Point","coordinates":[121.671945,31.142919]},"properties":{"j":83,"w":0.515334}},{"type":"Feature","geometry":{"type":"Point","coordinates":[121.671895,31.146527]},"properties":{"j":26,"w":0.383328}},{"type":"Feature","geometry":{"type":"Point","coordinates":[121.671038,31.207867]},"properties":{"j":52,"w":0.461772}},{"type":"Feature","geometry":{"type":"Point","coordinates":[121.670988,31.211475]},"properties":{"j":43,"w":0.440127}},{"type":"Feature","geometry":{"type":"Point","coordinates":[121.670937,31.215083]},"properties":{"j":91,"w":0.525914}},{"type":"Feature","geometry":{"type":"Point","coordinates":[121.670735,31.229516]},"properties":{"j":6,"w":0.226322}},{"type":"Feature","geometry":{"type":"Point","coordinates":[121.670634,31.236732]},"properties":{"j":124,"w":0.561565}},{"type":"Feature","geometry":{"type":"Point","coordinates":[121.670483,31.247557]},"properties":{"j":265,"w":0.649398}},{"type":"Feature","geometry":{"type":"Point","coordinates":[121.670432,31.251165]},"properties":{"j":498,"w":0.722568}},{"type":"Feature","geometry":{"type":"Point","coordinates":[121.670382,31.254773]},"properties":{"j":17,"w":0.33617}},{"type":"Feature","geometry":{"type":"Point","coordinates":[121.670331,31.258381]},"properties":{"j":28,"w":0.391639}},{"type":"Feature","geometry":{"type":"Point","coordinates":[121.67028,31.261989]},"properties":{"j":273,"w":0.652845}},{"type":"Feature","geometry":{"type":"Point","coordinates":[121.67023,31.265598]},"properties":{"j":203,"w":0.618533}},{"type":"Feature","geometry":{"type":"Point","coordinates":[121.670179,31.269206]},"properties":{"j":16,"w":0.329522}},{"type":"Feature","geometry":{"type":"Point","coordinates":[121.670129,31.272814]},"properties":{"j":26,"w":0.383328}},{"type":"Feature","geometry":{"type":"Point","coordinates":[121.670078,31.276422]},"properties":{"j":91,"w":0.525914}},{"type":"Feature","geometry":{"type":"Point","coordinates":[121.669926,31.287247]},"properties":{"j":78,"w":0.508196}},{"type":"Feature","geometry":{"type":"Point","coordinates":[121.669774,31.298071]},"properties":{"j":16,"w":0.329522}},{"type":"Feature","geometry":{"type":"Point","coordinates":[121.66952,31.316112]},"properties":{"j":6,"w":0.226322}},{"type":"Feature","geometry":{"type":"Point","coordinates":[121.66947,31.31972]},"properties":{"j":21,"w":0.359509}},{"type":"Feature","geometry":{"type":"Point","coordinates":[121.678238,30.991414]},"properties":{"j":10,"w":0.278891}},{"type":"Feature","geometry":{"type":"Point","coordinates":[121.678188,30.995022]},"properties":{"j":27,"w":0.387558}},{"type":"Feature","geometry":{"type":"Point","coordinates":[121.67759,31.038322]},"properties":{"j":484,"w":0.719258}},{"type":"Feature","geometry":{"type":"Point","coordinates":[121.677541,31.04193]},"properties":{"j":15,"w":0.322471}},{"type":"Feature","geometry":{"type":"Point","coordinates":[121.677191,31.067188]},"properties":{"j":84,"w":0.51671}},{"type":"Feature","geometry":{"type":"Point","coordinates":[121.677141,31.070797]},"properties":{"j":64,"w":0.485509}},{"type":"Feature","geometry":{"type":"Point","coordinates":[121.676941,31.08523]},"properties":{"j":52,"w":0.461772}},{"type":"Feature","geometry":{"type":"Point","coordinates":[121.676891,31.088838]},"properties":{"j":14,"w":0.314964}},{"type":"Feature","geometry":{"type":"Point","coordinates":[121.676691,31.103271]},"properties":{"j":179,"w":0.603976}},{"type":"Feature","geometry":{"type":"Point","coordinates":[121.676641,31.106879]},"properties":{"j":106,"w":0.543481}},{"type":"Feature","geometry":{"type":"Point","coordinates":[121.676541,31.114096]},"properties":{"j":12,"w":0.298321}},{"type":"Feature","geometry":{"type":"Point","coordinates":[121.67619,31.139354]},"properties":{"j":610,"w":0.746119}},{"type":"Feature","geometry":{"type":"Point","coordinates":[121.67614,31.142962]},"properties":{"j":997,"w":0.803186}},{"type":"Feature","geometry":{"type":"Point","coordinates":[121.67609,31.14657]},"properties":{"j":48,"w":0.452645}},{"type":"Feature","geometry":{"type":"Point","coordinates":[121.67594,31.157395]},"properties":{"j":121,"w":0.55874}},{"type":"Feature","geometry":{"type":"Point","coordinates":[121.675839,31.164611]},"properties":{"j":6,"w":0.226322}},{"type":"Feature","geometry":{"type":"Point","coordinates":[121.675789,31.16822]},"properties":{"j":58,"w":0.474245}},{"type":"Feature","geometry":{"type":"Point","coordinates":[121.675437,31.193477]},"properties":{"j":6,"w":0.226322}},{"type":"Feature","geometry":{"type":"Point","coordinates":[121.675387,31.197085]},"properties":{"j":20,"w":0.354098}},{"type":"Feature","geometry":{"type":"Point","coordinates":[121.675337,31.200694]},"properties":{"j":144,"w":0.578828}},{"type":"Feature","geometry":{"type":"Point","coordinates":[121.675236,31.20791]},"properties":{"j":14,"w":0.314964}},{"type":"Feature","geometry":{"type":"Point","coordinates":[121.675186,31.211518]},"properties":{"j":16,"w":0.329522}},{"type":"Feature","geometry":{"type":"Point","coordinates":[121.675136,31.215126]},"properties":{"j":41,"w":0.434716}},{"type":"Feature","geometry":{"type":"Point","coordinates":[121.675085,31.218735]},"properties":{"j":62,"w":0.481874}},{"type":"Feature","geometry":{"type":"Point","coordinates":[121.674985,31.225951]},"properties":{"j":201,"w":0.617387}},{"type":"Feature","geometry":{"type":"Point","coordinates":[121.674934,31.229559]},"properties":{"j":190,"w":0.610875}},{"type":"Feature","geometry":{"type":"Point","coordinates":[121.674884,31.233167]},"properties":{"j":17,"w":0.33617}},{"type":"Feature","geometry":{"type":"Point","coordinates":[121.674733,31.243992]},"properties":{"j":92,"w":0.527172}},{"type":"Feature","geometry":{"type":"Point","coordinates":[121.674682,31.2476]},"properties":{"j":15,"w":0.322471}},{"type":"Feature","geometry":{"type":"Point","coordinates":[121.674632,31.251208]},"properties":{"j":152,"w":0.585074}},{"type":"Feature","geometry":{"type":"Point","coordinates":[121.674481,31.262033]},"properties":{"j":93,"w":0.528416}},{"type":"Feature","geometry":{"type":"Point","coordinates":[121.67443,31.265641]},"properties":{"j":55,"w":0.468176}},{"type":"Feature","geometry":{"type":"Point","coordinates":[121.674329,31.272857]},"properties":{"j":24,"w":0.374377}},{"type":"Feature","geometry":{"type":"Point","coordinates":[121.673723,31.316155]},"properties":{"j":6,"w":0.226322}},{"type":"Feature","geometry":{"type":"Point","coordinates":[121.681831,31.034757]},"properties":{"j":520,"w":0.727586}},{"type":"Feature","geometry":{"type":"Point","coordinates":[121.681781,31.038365]},"properties":{"j":326,"w":0.673411}},{"type":"Feature","geometry":{"type":"Point","coordinates":[121.681731,31.041973]},"properties":{"j":19,"w":0.348424}},{"type":"Feature","geometry":{"type":"Point","coordinates":[121.680934,31.099706]},"properties":{"j":22,"w":0.364679}},{"type":"Feature","geometry":{"type":"Point","coordinates":[121.680885,31.103314]},"properties":{"j":717,"w":0.764888}},{"type":"Feature","geometry":{"type":"Point","coordinates":[121.680835,31.106922]},"properties":{"j":583,"w":0.740862}},{"type":"Feature","geometry":{"type":"Point","coordinates":[121.680785,31.110531]},"properties":{"j":53,"w":0.463946}},{"type":"Feature","geometry":{"type":"Point","coordinates":[121.680685,31.117747]},"properties":{"j":212,"w":0.623554}},{"type":"Feature","geometry":{"type":"Point","coordinates":[121.680635,31.121356]},"properties":{"j":32,"w":0.406667}},{"type":"Feature","geometry":{"type":"Point","coordinates":[121.680385,31.139397]},"properties":{"j":125,"w":0.562492}},{"type":"Feature","geometry":{"type":"Point","coordinates":[121.680335,31.143005]},"properties":{"j":6,"w":0.226322}},{"type":"Feature","geometry":{"type":"Point","coordinates":[121.680285,31.146613]},"properties":{"j":53,"w":0.463946}},{"type":"Feature","geometry":{"type":"Point","coordinates":[121.680135,31.157438]},"properties":{"j":11,"w":0.289011}},{"type":"Feature","geometry":{"type":"Point","coordinates":[121.679935,31.171871]},"properties":{"j":421,"w":0.703075}},{"type":"Feature","geometry":{"type":"Point","coordinates":[121.679885,31.175479]},"properties":{"j":63,"w":0.483706}},{"type":"Feature","geometry":{"type":"Point","coordinates":[121.679835,31.179087]},"properties":{"j":34,"w":0.413511}},{"type":"Feature","geometry":{"type":"Point","coordinates":[121.679685,31.189912]},"properties":{"j":18,"w":0.342458}},{"type":"Feature","geometry":{"type":"Point","coordinates":[121.679535,31.200737]},"properties":{"j":20,"w":0.354098}},{"type":"Feature","geometry":{"type":"Point","coordinates":[121.679484,31.204345]},"properties":{"j":7,"w":0.241853}},{"type":"Feature","geometry":{"type":"Point","coordinates":[121.679434,31.207953]},"properties":{"j":114,"w":0.551868}},{"type":"Feature","geometry":{"type":"Point","coordinates":[121.679334,31.21517]},"properties":{"j":88,"w":0.522059}},{"type":"Feature","geometry":{"type":"Point","coordinates":[121.679284,31.218778]},"properties":{"j":64,"w":0.485509}},{"type":"Feature","geometry":{"type":"Point","coordinates":[121.679234,31.222386]},"properties":{"j":149,"w":0.582771}},{"type":"Feature","geometry":{"type":"Point","coordinates":[121.679133,31.229602]},"properties":{"j":81,"w":0.512531}},{"type":"Feature","geometry":{"type":"Point","coordinates":[121.679083,31.233211]},"properties":{"j":117,"w":0.554863}},{"type":"Feature","geometry":{"type":"Point","coordinates":[121.678983,31.240427]},"properties":{"j":63,"w":0.483706}},{"type":"Feature","geometry":{"type":"Point","coordinates":[121.678932,31.244035]},"properties":{"j":90,"w":0.524643}},{"type":"Feature","geometry":{"type":"Point","coordinates":[121.678882,31.247643]},"properties":{"j":122,"w":0.559689}},{"type":"Feature","geometry":{"type":"Point","coordinates":[121.678782,31.25486]},"properties":{"j":7,"w":0.241853}},{"type":"Feature","geometry":{"type":"Point","coordinates":[121.678631,31.265684]},"properties":{"j":9,"w":0.267806}},{"type":"Feature","geometry":{"type":"Point","coordinates":[121.67853,31.272901]},"properties":{"j":20,"w":0.354098}},{"type":"Feature","geometry":{"type":"Point","coordinates":[121.67843,31.280117]},"properties":{"j":9,"w":0.267806}},{"type":"Feature","geometry":{"type":"Point","coordinates":[121.678027,31.308982]},"properties":{"j":60,"w":0.478122}},{"type":"Feature","geometry":{"type":"Point","coordinates":[121.686021,31.034799]},"properties":{"j":435,"w":0.706871}},{"type":"Feature","geometry":{"type":"Point","coordinates":[121.685972,31.038408]},"properties":{"j":230,"w":0.63299}},{"type":"Feature","geometry":{"type":"Point","coordinates":[121.685227,31.092532]},"properties":{"j":9,"w":0.267806}},{"type":"Feature","geometry":{"type":"Point","coordinates":[121.685078,31.103357]},"properties":{"j":406,"w":0.698865}},{"type":"Feature","geometry":{"type":"Point","coordinates":[121.685028,31.106965]},"properties":{"j":551,"w":0.734308}},{"type":"Feature","geometry":{"type":"Point","coordinates":[121.684979,31.110574]},"properties":{"j":68,"w":0.492455}},{"type":"Feature","geometry":{"type":"Point","coordinates":[121.684879,31.11779]},"properties":{"j":61,"w":0.480014}},{"type":"Feature","geometry":{"type":"Point","coordinates":[121.684132,31.171914]},"properties":{"j":17,"w":0.33617}},{"type":"Feature","geometry":{"type":"Point","coordinates":[121.684082,31.175522]},"properties":{"j":16,"w":0.329522}},{"type":"Feature","geometry":{"type":"Point","coordinates":[121.683732,31.20078]},"properties":{"j":92,"w":0.527172}},{"type":"Feature","geometry":{"type":"Point","coordinates":[121.683682,31.204388]},"properties":{"j":553,"w":0.734729}},{"type":"Feature","geometry":{"type":"Point","coordinates":[121.683632,31.207996]},"properties":{"j":423,"w":0.703625}},{"type":"Feature","geometry":{"type":"Point","coordinates":[121.683582,31.211604]},"properties":{"j":82,"w":0.513941}},{"type":"Feature","geometry":{"type":"Point","coordinates":[121.683532,31.215213]},"properties":{"j":111,"w":0.548793}},{"type":"Feature","geometry":{"type":"Point","coordinates":[121.683482,31.218821]},"properties":{"j":31,"w":0.403088}},{"type":"Feature","geometry":{"type":"Point","coordinates":[121.683432,31.222429]},"properties":{"j":58,"w":0.474245}},{"type":"Feature","geometry":{"type":"Point","coordinates":[121.683382,31.226037]},"properties":{"j":75,"w":0.503693}},{"type":"Feature","geometry":{"type":"Point","coordinates":[121.683332,31.229646]},"properties":{"j":93,"w":0.528416}},{"type":"Feature","geometry":{"type":"Point","coordinates":[121.683282,31.233254]},"properties":{"j":42,"w":0.437453}},{"type":"Feature","geometry":{"type":"Point","coordinates":[121.683232,31.236862]},"properties":{"j":58,"w":0.474245}},{"type":"Feature","geometry":{"type":"Point","coordinates":[121.683182,31.24047]},"properties":{"j":59,"w":0.4762}},{"type":"Feature","geometry":{"type":"Point","coordinates":[121.683132,31.244078]},"properties":{"j":84,"w":0.51671}},{"type":"Feature","geometry":{"type":"Point","coordinates":[121.682831,31.265727]},"properties":{"j":34,"w":0.413511}},{"type":"Feature","geometry":{"type":"Point","coordinates":[121.68243,31.294593]},"properties":{"j":22,"w":0.364679}},{"type":"Feature","geometry":{"type":"Point","coordinates":[121.68233,31.301809]},"properties":{"j":33,"w":0.410139}},{"type":"Feature","geometry":{"type":"Point","coordinates":[121.682279,31.305417]},"properties":{"j":217,"w":0.626253}},{"type":"Feature","geometry":{"type":"Point","coordinates":[121.682229,31.309026]},"properties":{"j":68,"w":0.492455}},{"type":"Feature","geometry":{"type":"Point","coordinates":[121.690261,31.031234]},"properties":{"j":11,"w":0.289011}},{"type":"Feature","geometry":{"type":"Point","coordinates":[121.690212,31.034842]},"properties":{"j":48,"w":0.452645}},{"type":"Feature","geometry":{"type":"Point","coordinates":[121.690162,31.03845]},"properties":{"j":1776,"w":0.870286}},{"type":"Feature","geometry":{"type":"Point","coordinates":[121.690113,31.042059]},"properties":{"j":129,"w":0.566127}},{"type":"Feature","geometry":{"type":"Point","coordinates":[121.689271,31.1034]},"properties":{"j":420,"w":0.702799}},{"type":"Feature","geometry":{"type":"Point","coordinates":[121.689222,31.107008]},"properties":{"j":746,"w":0.769493}},{"type":"Feature","geometry":{"type":"Point","coordinates":[121.689172,31.110616]},"properties":{"j":249,"w":0.642183}},{"type":"Feature","geometry":{"type":"Point","coordinates":[121.689123,31.114225]},"properties":{"j":105,"w":0.542389}},{"type":"Feature","geometry":{"type":"Point","coordinates":[121.689073,31.117833]},"properties":{"j":141,"w":0.576396}},{"type":"Feature","geometry":{"type":"Point","coordinates":[121.688427,31.16474]},"properties":{"j":96,"w":0.53207}},{"type":"Feature","geometry":{"type":"Point","coordinates":[121.688378,31.168349]},"properties":{"j":30,"w":0.399396}},{"type":"Feature","geometry":{"type":"Point","coordinates":[121.688179,31.182782]},"properties":{"j":1085,"w":0.813014}},{"type":"Feature","geometry":{"type":"Point","coordinates":[121.688129,31.18639]},"properties":{"j":37,"w":0.423076}},{"type":"Feature","geometry":{"type":"Point","coordinates":[121.688079,31.189998]},"properties":{"j":9,"w":0.267806}},{"type":"Feature","geometry":{"type":"Point","coordinates":[121.68793,31.200823]},"properties":{"j":33,"w":0.410139}},{"type":"Feature","geometry":{"type":"Point","coordinates":[121.68788,31.204431]},"properties":{"j":161,"w":0.591722}},{"type":"Feature","geometry":{"type":"Point","coordinates":[121.68783,31.208039]},"properties":{"j":730,"w":0.766975}},{"type":"Feature","geometry":{"type":"Point","coordinates":[121.68778,31.211647]},"properties":{"j":286,"w":0.658236}},{"type":"Feature","geometry":{"type":"Point","coordinates":[121.687731,31.215256]},"properties":{"j":493,"w":0.721397}},{"type":"Feature","geometry":{"type":"Point","coordinates":[121.687681,31.218864]},"properties":{"j":34,"w":0.413511}},{"type":"Feature","geometry":{"type":"Point","coordinates":[121.687631,31.222472]},"properties":{"j":49,"w":0.454995}},{"type":"Feature","geometry":{"type":"Point","coordinates":[121.687581,31.22608]},"properties":{"j":27,"w":0.387558}},{"type":"Feature","geometry":{"type":"Point","coordinates":[121.687531,31.229688]},"properties":{"j":18,"w":0.342458}},{"type":"Feature","geometry":{"type":"Point","coordinates":[121.687481,31.233297]},"properties":{"j":20,"w":0.354098}},{"type":"Feature","geometry":{"type":"Point","coordinates":[121.687431,31.236905]},"properties":{"j":89,"w":0.523358}},{"type":"Feature","geometry":{"type":"Point","coordinates":[121.687381,31.240513]},"properties":{"j":272,"w":0.652419}},{"type":"Feature","geometry":{"type":"Point","coordinates":[121.687332,31.244121]},"properties":{"j":635,"w":0.750783}},{"type":"Feature","geometry":{"type":"Point","coordinates":[121.687282,31.247729]},"properties":{"j":87,"w":0.520744}},{"type":"Feature","geometry":{"type":"Point","coordinates":[121.687232,31.251338]},"properties":{"j":32,"w":0.406667}},{"type":"Feature","geometry":{"type":"Point","coordinates":[121.687132,31.258554]},"properties":{"j":131,"w":0.567903}},{"type":"Feature","geometry":{"type":"Point","coordinates":[121.687032,31.26577]},"properties":{"j":9,"w":0.267806}},{"type":"Feature","geometry":{"type":"Point","coordinates":[121.686532,31.301852]},"properties":{"j":156,"w":0.588075}},{"type":"Feature","geometry":{"type":"Point","coordinates":[121.686482,31.30546]},"properties":{"j":181,"w":0.605261}},{"type":"Feature","geometry":{"type":"Point","coordinates":[121.686432,31.309069]},"properties":{"j":110,"w":0.54775}},{"type":"Feature","geometry":{"type":"Point","coordinates":[121.694746,31.009626]},"properties":{"j":8,"w":0.255552}},{"type":"Feature","geometry":{"type":"Point","coordinates":[121.694599,31.020451]},"properties":{"j":11,"w":0.289011}},{"type":"Feature","geometry":{"type":"Point","coordinates":[121.69455,31.024059]},"properties":{"j":22,"w":0.364679}},{"type":"Feature","geometry":{"type":"Point","coordinates":[121.6945,31.027668]},"properties":{"j":194,"w":0.613285}},{"type":"Feature","geometry":{"type":"Point","coordinates":[121.694451,31.031276]},"properties":{"j":342,"w":0.678967}},{"type":"Feature","geometry":{"type":"Point","coordinates":[121.694402,31.034884]},"properties":{"j":273,"w":0.652845}},{"type":"Feature","geometry":{"type":"Point","coordinates":[121.694353,31.038493]},"properties":{"j":194,"w":0.613285}},{"type":"Feature","geometry":{"type":"Point","coordinates":[121.694303,31.042101]},"properties":{"j":69,"w":0.494129}},{"type":"Feature","geometry":{"type":"Point","coordinates":[121.694156,31.052926]},"properties":{"j":70,"w":0.495778}},{"type":"Feature","geometry":{"type":"Point","coordinates":[121.693465,31.103442]},"properties":{"j":169,"w":0.597328}},{"type":"Feature","geometry":{"type":"Point","coordinates":[121.693415,31.107051]},"properties":{"j":762,"w":0.771958}},{"type":"Feature","geometry":{"type":"Point","coordinates":[121.693366,31.110659]},"properties":{"j":272,"w":0.652419}},{"type":"Feature","geometry":{"type":"Point","coordinates":[121.693317,31.114267]},"properties":{"j":140,"w":0.575574}},{"type":"Feature","geometry":{"type":"Point","coordinates":[121.693267,31.117875]},"properties":{"j":31,"w":0.403088}},{"type":"Feature","geometry":{"type":"Point","coordinates":[121.693218,31.121484]},"properties":{"j":48,"w":0.452645}},{"type":"Feature","geometry":{"type":"Point","coordinates":[121.692673,31.161175]},"properties":{"j":14,"w":0.314964}},{"type":"Feature","geometry":{"type":"Point","coordinates":[121.692624,31.164783]},"properties":{"j":40,"w":0.431913}},{"type":"Feature","geometry":{"type":"Point","coordinates":[121.692425,31.179216]},"properties":{"j":8,"w":0.255552}},{"type":"Feature","geometry":{"type":"Point","coordinates":[121.692376,31.182824]},"properties":{"j":27,"w":0.387558}},{"type":"Feature","geometry":{"type":"Point","coordinates":[121.692326,31.186432]},"properties":{"j":929,"w":0.794978}},{"type":"Feature","geometry":{"type":"Point","coordinates":[121.692276,31.190041]},"properties":{"j":44,"w":0.44274}},{"type":"Feature","geometry":{"type":"Point","coordinates":[121.692227,31.193649]},"properties":{"j":609,"w":0.745928}},{"type":"Feature","geometry":{"type":"Point","coordinates":[121.692177,31.197257]},"properties":{"j":601,"w":0.744393}},{"type":"Feature","geometry":{"type":"Point","coordinates":[121.692128,31.200865]},"properties":{"j":628,"w":0.749496}},{"type":"Feature","geometry":{"type":"Point","coordinates":[121.692078,31.204474]},"properties":{"j":177,"w":0.602676}},{"type":"Feature","geometry":{"type":"Point","coordinates":[121.692028,31.208082]},"properties":{"j":761,"w":0.771805}},{"type":"Feature","geometry":{"type":"Point","coordinates":[121.691979,31.21169]},"properties":{"j":512,"w":0.725786}},{"type":"Feature","geometry":{"type":"Point","coordinates":[121.691929,31.215298]},"properties":{"j":494,"w":0.721632}},{"type":"Feature","geometry":{"type":"Point","coordinates":[121.691631,31.236948]},"properties":{"j":56,"w":0.470234}},{"type":"Feature","geometry":{"type":"Point","coordinates":[121.691581,31.240556]},"properties":{"j":281,"w":0.656192}},{"type":"Feature","geometry":{"type":"Point","coordinates":[121.691531,31.244164]},"properties":{"j":237,"w":0.636462}},{"type":"Feature","geometry":{"type":"Point","coordinates":[121.691481,31.247772]},"properties":{"j":477,"w":0.717567}},{"type":"Feature","geometry":{"type":"Point","coordinates":[121.691432,31.25138]},"properties":{"j":141,"w":0.576396}},{"type":"Feature","geometry":{"type":"Point","coordinates":[121.690734,31.301895]},"properties":{"j":44,"w":0.44274}},{"type":"Feature","geometry":{"type":"Point","coordinates":[121.690684,31.305503]},"properties":{"j":36,"w":0.419974}},{"type":"Feature","geometry":{"type":"Point","coordinates":[121.690634,31.309111]},"properties":{"j":61,"w":0.480014}},{"type":"Feature","geometry":{"type":"Point","coordinates":[121.698936,31.009668]},"properties":{"j":46,"w":0.447798}},{"type":"Feature","geometry":{"type":"Point","coordinates":[121.69874,31.024102]},"properties":{"j":101,"w":0.537915}},{"type":"Feature","geometry":{"type":"Point","coordinates":[121.69869,31.02771]},"properties":{"j":145,"w":0.579627}},{"type":"Feature","geometry":{"type":"Point","coordinates":[121.698641,31.031318]},"properties":{"j":532,"w":0.730234}},{"type":"Feature","geometry":{"type":"Point","coordinates":[121.698592,31.034927]},"properties":{"j":384,"w":0.692402}},{"type":"Feature","geometry":{"type":"Point","coordinates":[121.698543,31.038535]},"properties":{"j":145,"w":0.579627}},{"type":"Feature","geometry":{"type":"Point","coordinates":[121.698494,31.042143]},"properties":{"j":71,"w":0.497405}},{"type":"Feature","geometry":{"type":"Point","coordinates":[121.698445,31.045752]},"properties":{"j":44,"w":0.44274}},{"type":"Feature","geometry":{"type":"Point","coordinates":[121.697855,31.089052]},"properties":{"j":24,"w":0.374377}},{"type":"Feature","geometry":{"type":"Point","coordinates":[121.697658,31.103485]},"properties":{"j":202,"w":0.617962}},{"type":"Feature","geometry":{"type":"Point","coordinates":[121.697609,31.107093]},"properties":{"j":980,"w":0.801187}},{"type":"Feature","geometry":{"type":"Point","coordinates":[121.69756,31.110701]},"properties":{"j":907,"w":0.792194}},{"type":"Feature","geometry":{"type":"Point","coordinates":[121.69751,31.11431]},"properties":{"j":8,"w":0.255552}},{"type":"Feature","geometry":{"type":"Point","coordinates":[121.697461,31.117918]},"properties":{"j":37,"w":0.423076}},{"type":"Feature","geometry":{"type":"Point","coordinates":[121.69682,31.164826]},"properties":{"j":10,"w":0.278891}},{"type":"Feature","geometry":{"type":"Point","coordinates":[121.69677,31.168434]},"properties":{"j":576,"w":0.73946}},{"type":"Feature","geometry":{"type":"Point","coordinates":[121.696721,31.172042]},"properties":{"j":18,"w":0.342458}},{"type":"Feature","geometry":{"type":"Point","coordinates":[121.696622,31.179259]},"properties":{"j":76,"w":0.505214}},{"type":"Feature","geometry":{"type":"Point","coordinates":[121.696573,31.182867]},"properties":{"j":32,"w":0.406667}},{"type":"Feature","geometry":{"type":"Point","coordinates":[121.696523,31.186475]},"properties":{"j":473,"w":0.71659}},{"type":"Feature","geometry":{"type":"Point","coordinates":[121.696474,31.190083]},"properties":{"j":3377,"w":0.944997}},{"type":"Feature","geometry":{"type":"Point","coordinates":[121.696424,31.193692]},"properties":{"j":89,"w":0.523358}},{"type":"Feature","geometry":{"type":"Point","coordinates":[121.696375,31.1973]},"properties":{"j":71,"w":0.497405}},{"type":"Feature","geometry":{"type":"Point","coordinates":[121.696325,31.200908]},"properties":{"j":18,"w":0.342458}},{"type":"Feature","geometry":{"type":"Point","coordinates":[121.696276,31.204516]},"properties":{"j":21,"w":0.359509}},{"type":"Feature","geometry":{"type":"Point","coordinates":[121.696226,31.208125]},"properties":{"j":524,"w":0.728475}},{"type":"Feature","geometry":{"type":"Point","coordinates":[121.696177,31.211733]},"properties":{"j":567,"w":0.737631}},{"type":"Feature","geometry":{"type":"Point","coordinates":[121.69583,31.23699]},"properties":{"j":13,"w":0.30694}},{"type":"Feature","geometry":{"type":"Point","coordinates":[121.69578,31.240599]},"properties":{"j":293,"w":0.661039}},{"type":"Feature","geometry":{"type":"Point","coordinates":[121.695731,31.244207]},"properties":{"j":593,"w":0.742837}},{"type":"Feature","geometry":{"type":"Point","coordinates":[121.695681,31.247815]},"properties":{"j":272,"w":0.652419}},{"type":"Feature","geometry":{"type":"Point","coordinates":[121.695632,31.251423]},"properties":{"j":331,"w":0.675176}},{"type":"Feature","geometry":{"type":"Point","coordinates":[121.695433,31.265856]},"properties":{"j":19,"w":0.348424}},{"type":"Feature","geometry":{"type":"Point","coordinates":[121.695383,31.269464]},"properties":{"j":19,"w":0.348424}},{"type":"Feature","geometry":{"type":"Point","coordinates":[121.702978,31.020536]},"properties":{"j":131,"w":0.567903}},{"type":"Feature","geometry":{"type":"Point","coordinates":[121.702929,31.024144]},"properties":{"j":52,"w":0.461772}},{"type":"Feature","geometry":{"type":"Point","coordinates":[121.702881,31.027752]},"properties":{"j":90,"w":0.524643}},{"type":"Feature","geometry":{"type":"Point","coordinates":[121.702832,31.031361]},"properties":{"j":793,"w":0.77659}},{"type":"Feature","geometry":{"type":"Point","coordinates":[121.702783,31.034969]},"properties":{"j":254,"w":0.644486}},{"type":"Feature","geometry":{"type":"Point","coordinates":[121.702734,31.038577]},"properties":{"j":349,"w":0.681317}},{"type":"Feature","geometry":{"type":"Point","coordinates":[121.702685,31.042186]},"properties":{"j":60,"w":0.478122}},{"type":"Feature","geometry":{"type":"Point","coordinates":[121.702293,31.071052]},"properties":{"j":11,"w":0.289011}},{"type":"Feature","geometry":{"type":"Point","coordinates":[121.702244,31.074661]},"properties":{"j":109,"w":0.546698}},{"type":"Feature","geometry":{"type":"Point","coordinates":[121.702195,31.078269]},"properties":{"j":17,"w":0.33617}},{"type":"Feature","geometry":{"type":"Point","coordinates":[121.702146,31.081877]},"properties":{"j":16,"w":0.329522}},{"type":"Feature","geometry":{"type":"Point","coordinates":[121.702048,31.089094]},"properties":{"j":17,"w":0.33617}},{"type":"Feature","geometry":{"type":"Point","coordinates":[121.701852,31.103527]},"properties":{"j":39,"w":0.429042}},{"type":"Feature","geometry":{"type":"Point","coordinates":[121.701803,31.107135]},"properties":{"j":304,"w":0.665311}},{"type":"Feature","geometry":{"type":"Point","coordinates":[121.701753,31.110744]},"properties":{"j":46,"w":0.447798}},{"type":"Feature","geometry":{"type":"Point","coordinates":[121.701213,31.150435]},"properties":{"j":74,"w":0.502153}},{"type":"Feature","geometry":{"type":"Point","coordinates":[121.701065,31.16126]},"properties":{"j":215,"w":0.625181}},{"type":"Feature","geometry":{"type":"Point","coordinates":[121.700967,31.168476]},"properties":{"j":517,"w":0.726914}},{"type":"Feature","geometry":{"type":"Point","coordinates":[121.700917,31.172084]},"properties":{"j":92,"w":0.527172}},{"type":"Feature","geometry":{"type":"Point","coordinates":[121.700868,31.175693]},"properties":{"j":10,"w":0.278891}},{"type":"Feature","geometry":{"type":"Point","coordinates":[121.700819,31.179301]},"properties":{"j":19,"w":0.348424}},{"type":"Feature","geometry":{"type":"Point","coordinates":[121.70072,31.186517]},"properties":{"j":70,"w":0.495778}},{"type":"Feature","geometry":{"type":"Point","coordinates":[121.700671,31.190126]},"properties":{"j":225,"w":0.630445}},{"type":"Feature","geometry":{"type":"Point","coordinates":[121.700622,31.193734]},"properties":{"j":44,"w":0.44274}},{"type":"Feature","geometry":{"type":"Point","coordinates":[121.700572,31.197342]},"properties":{"j":48,"w":0.452645}},{"type":"Feature","geometry":{"type":"Point","coordinates":[121.700523,31.20095]},"properties":{"j":102,"w":0.53905}},{"type":"Feature","geometry":{"type":"Point","coordinates":[121.700474,31.204559]},"properties":{"j":193,"w":0.612687}},{"type":"Feature","geometry":{"type":"Point","coordinates":[121.700424,31.208167]},"properties":{"j":161,"w":0.591722}},{"type":"Feature","geometry":{"type":"Point","coordinates":[121.700375,31.211775]},"properties":{"j":43,"w":0.440127}},{"type":"Feature","geometry":{"type":"Point","coordinates":[121.700029,31.237033]},"properties":{"j":49,"w":0.454995}},{"type":"Feature","geometry":{"type":"Point","coordinates":[121.69998,31.240641]},"properties":{"j":37,"w":0.423076}},{"type":"Feature","geometry":{"type":"Point","coordinates":[121.69993,31.244249]},"properties":{"j":103,"w":0.540174}},{"type":"Feature","geometry":{"type":"Point","coordinates":[121.699881,31.247858]},"properties":{"j":511,"w":0.725559}},{"type":"Feature","geometry":{"type":"Point","coordinates":[121.699832,31.251466]},"properties":{"j":313,"w":0.668693}},{"type":"Feature","geometry":{"type":"Point","coordinates":[121.699782,31.255074]},"properties":{"j":15,"w":0.322471}},{"type":"Feature","geometry":{"type":"Point","coordinates":[121.699683,31.26229]},"properties":{"j":302,"w":0.664546}},{"type":"Feature","geometry":{"type":"Point","coordinates":[121.699634,31.265899]},"properties":{"j":571,"w":0.738448}},{"type":"Feature","geometry":{"type":"Point","coordinates":[121.699584,31.269507]},"properties":{"j":210,"w":0.622457}},{"type":"Feature","geometry":{"type":"Point","coordinates":[121.699535,31.273115]},"properties":{"j":55,"w":0.468176}},{"type":"Feature","geometry":{"type":"Point","coordinates":[121.699237,31.294764]},"properties":{"j":125,"w":0.562492}},{"type":"Feature","geometry":{"type":"Point","coordinates":[121.707266,31.013361]},"properties":{"j":45,"w":0.445297}},{"type":"Feature","geometry":{"type":"Point","coordinates":[121.707217,31.016969]},"properties":{"j":71,"w":0.497405}},{"type":"Feature","geometry":{"type":"Point","coordinates":[121.707168,31.020578]},"properties":{"j":409,"w":0.69972}},{"type":"Feature","geometry":{"type":"Point","coordinates":[121.707119,31.024186]},"properties":{"j":114,"w":0.551868}},{"type":"Feature","geometry":{"type":"Point","coordinates":[121.707071,31.027794]},"properties":{"j":8,"w":0.255552}},{"type":"Feature","geometry":{"type":"Point","coordinates":[121.707022,31.031403]},"properties":{"j":199,"w":0.61623}},{"type":"Feature","geometry":{"type":"Point","coordinates":[121.706973,31.035011]},"properties":{"j":98,"w":0.534443}},{"type":"Feature","geometry":{"type":"Point","coordinates":[121.706924,31.038619]},"properties":{"j":275,"w":0.65369}},{"type":"Feature","geometry":{"type":"Point","coordinates":[121.706632,31.060269]},"properties":{"j":25,"w":0.378939}},{"type":"Feature","geometry":{"type":"Point","coordinates":[121.706583,31.063878]},"properties":{"j":218,"w":0.626785}},{"type":"Feature","geometry":{"type":"Point","coordinates":[121.706485,31.071094]},"properties":{"j":137,"w":0.573073}},{"type":"Feature","geometry":{"type":"Point","coordinates":[121.706436,31.074703]},"properties":{"j":188,"w":0.60965}},{"type":"Feature","geometry":{"type":"Point","coordinates":[121.706387,31.078311]},"properties":{"j":53,"w":0.463946}},{"type":"Feature","geometry":{"type":"Point","coordinates":[121.70629,31.085528]},"properties":{"j":68,"w":0.492455}},{"type":"Feature","geometry":{"type":"Point","coordinates":[121.706143,31.096353]},"properties":{"j":13,"w":0.30694}},{"type":"Feature","geometry":{"type":"Point","coordinates":[121.705359,31.154085]},"properties":{"j":55,"w":0.468176}},{"type":"Feature","geometry":{"type":"Point","coordinates":[121.705261,31.161302]},"properties":{"j":157,"w":0.588814}},{"type":"Feature","geometry":{"type":"Point","coordinates":[121.705212,31.16491]},"properties":{"j":44,"w":0.44274}},{"type":"Feature","geometry":{"type":"Point","coordinates":[121.705163,31.168518]},"properties":{"j":60,"w":0.478122}},{"type":"Feature","geometry":{"type":"Point","coordinates":[121.705114,31.172127]},"properties":{"j":111,"w":0.548793}},{"type":"Feature","geometry":{"type":"Point","coordinates":[121.705016,31.179343]},"properties":{"j":7,"w":0.241853}},{"type":"Feature","geometry":{"type":"Point","coordinates":[121.704917,31.18656]},"properties":{"j":103,"w":0.540174}},{"type":"Feature","geometry":{"type":"Point","coordinates":[121.704819,31.193776]},"properties":{"j":30,"w":0.399396}},{"type":"Feature","geometry":{"type":"Point","coordinates":[121.70477,31.197385]},"properties":{"j":298,"w":0.663}},{"type":"Feature","geometry":{"type":"Point","coordinates":[121.704721,31.200993]},"properties":{"j":48,"w":0.452645}},{"type":"Feature","geometry":{"type":"Point","coordinates":[121.704672,31.204601]},"properties":{"j":34,"w":0.413511}},{"type":"Feature","geometry":{"type":"Point","coordinates":[121.704622,31.208209]},"properties":{"j":24,"w":0.374377}},{"type":"Feature","geometry":{"type":"Point","coordinates":[121.704475,31.219034]},"properties":{"j":10,"w":0.278891}},{"type":"Feature","geometry":{"type":"Point","coordinates":[121.704426,31.222642]},"properties":{"j":8,"w":0.255552}},{"type":"Feature","geometry":{"type":"Point","coordinates":[121.704376,31.226251]},"properties":{"j":45,"w":0.445297}},{"type":"Feature","geometry":{"type":"Point","coordinates":[121.704229,31.237075]},"properties":{"j":67,"w":0.490757}},{"type":"Feature","geometry":{"type":"Point","coordinates":[121.704179,31.240683]},"properties":{"j":382,"w":0.691797}},{"type":"Feature","geometry":{"type":"Point","coordinates":[121.70413,31.244292]},"properties":{"j":363,"w":0.685879}},{"type":"Feature","geometry":{"type":"Point","coordinates":[121.704081,31.2479]},"properties":{"j":47,"w":0.450247}},{"type":"Feature","geometry":{"type":"Point","coordinates":[121.704031,31.251508]},"properties":{"j":509,"w":0.725104}},{"type":"Feature","geometry":{"type":"Point","coordinates":[121.703982,31.255116]},"properties":{"j":24,"w":0.374377}},{"type":"Feature","geometry":{"type":"Point","coordinates":[121.703884,31.262333]},"properties":{"j":200,"w":0.61681}},{"type":"Feature","geometry":{"type":"Point","coordinates":[121.703834,31.265941]},"properties":{"j":606,"w":0.745355}},{"type":"Feature","geometry":{"type":"Point","coordinates":[121.703785,31.269549]},"properties":{"j":196,"w":0.614472}},{"type":"Feature","geometry":{"type":"Point","coordinates":[121.703439,31.294807]},"properties":{"j":100,"w":0.53677}},{"type":"Feature","geometry":{"type":"Point","coordinates":[121.711504,31.009794]},"properties":{"j":36,"w":0.419974}},{"type":"Feature","geometry":{"type":"Point","coordinates":[121.711358,31.02062]},"properties":{"j":152,"w":0.585074}},{"type":"Feature","geometry":{"type":"Point","coordinates":[121.711309,31.024228]},"properties":{"j":686,"w":0.759754}},{"type":"Feature","geometry":{"type":"Point","coordinates":[121.711261,31.027836]},"properties":{"j":112,"w":0.549827}},{"type":"Feature","geometry":{"type":"Point","coordinates":[121.711212,31.031445]},"properties":{"j":313,"w":0.668693}},{"type":"Feature","geometry":{"type":"Point","coordinates":[121.711164,31.035053]},"properties":{"j":83,"w":0.515334}},{"type":"Feature","geometry":{"type":"Point","coordinates":[121.711115,31.038661]},"properties":{"j":208,"w":0.621349}},{"type":"Feature","geometry":{"type":"Point","coordinates":[121.711066,31.04227]},"properties":{"j":23,"w":0.369629}},{"type":"Feature","geometry":{"type":"Point","coordinates":[121.710872,31.056703]},"properties":{"j":15,"w":0.322471}},{"type":"Feature","geometry":{"type":"Point","coordinates":[121.710823,31.060311]},"properties":{"j":42,"w":0.437453}},{"type":"Feature","geometry":{"type":"Point","coordinates":[121.710628,31.074745]},"properties":{"j":34,"w":0.413511}},{"type":"Feature","geometry":{"type":"Point","coordinates":[121.710531,31.081961]},"properties":{"j":23,"w":0.369629}},{"type":"Feature","geometry":{"type":"Point","coordinates":[121.710482,31.08557]},"properties":{"j":477,"w":0.717567}},{"type":"Feature","geometry":{"type":"Point","coordinates":[121.710434,31.089178]},"properties":{"j":104,"w":0.541287}},{"type":"Feature","geometry":{"type":"Point","coordinates":[121.710385,31.092786]},"properties":{"j":125,"w":0.562492}},{"type":"Feature","geometry":{"type":"Point","coordinates":[121.710141,31.110828]},"properties":{"j":14,"w":0.314964}},{"type":"Feature","geometry":{"type":"Point","coordinates":[121.709555,31.154127]},"properties":{"j":86,"w":0.519415}},{"type":"Feature","geometry":{"type":"Point","coordinates":[121.709506,31.157736]},"properties":{"j":107,"w":0.544563}},{"type":"Feature","geometry":{"type":"Point","coordinates":[121.709457,31.161344]},"properties":{"j":54,"w":0.46608}},{"type":"Feature","geometry":{"type":"Point","coordinates":[121.709408,31.164952]},"properties":{"j":143,"w":0.578023}},{"type":"Feature","geometry":{"type":"Point","coordinates":[121.709359,31.168561]},"properties":{"j":86,"w":0.519415}},{"type":"Feature","geometry":{"type":"Point","coordinates":[121.70931,31.172169]},"properties":{"j":11,"w":0.289011}},{"type":"Feature","geometry":{"type":"Point","coordinates":[121.709114,31.186602]},"properties":{"j":114,"w":0.551868}},{"type":"Feature","geometry":{"type":"Point","coordinates":[121.708918,31.201035]},"properties":{"j":81,"w":0.512531}},{"type":"Feature","geometry":{"type":"Point","coordinates":[121.708869,31.204643]},"properties":{"j":112,"w":0.549827}},{"type":"Feature","geometry":{"type":"Point","coordinates":[121.708722,31.215468]},"properties":{"j":6,"w":0.226322}},{"type":"Feature","geometry":{"type":"Point","coordinates":[121.708575,31.226293]},"properties":{"j":58,"w":0.474245}},{"type":"Feature","geometry":{"type":"Point","coordinates":[121.708428,31.237118]},"properties":{"j":23,"w":0.369629}},{"type":"Feature","geometry":{"type":"Point","coordinates":[121.708379,31.240726]},"properties":{"j":426,"w":0.704445}},{"type":"Feature","geometry":{"type":"Point","coordinates":[121.70833,31.244334]},"properties":{"j":10,"w":0.278891}},{"type":"Feature","geometry":{"type":"Point","coordinates":[121.708281,31.247942]},"properties":{"j":30,"w":0.399396}},{"type":"Feature","geometry":{"type":"Point","coordinates":[121.708231,31.25155]},"properties":{"j":187,"w":0.609033}},{"type":"Feature","geometry":{"type":"Point","coordinates":[121.708182,31.255159]},"properties":{"j":25,"w":0.378939}},{"type":"Feature","geometry":{"type":"Point","coordinates":[121.708084,31.262375]},"properties":{"j":11,"w":0.289011}},{"type":"Feature","geometry":{"type":"Point","coordinates":[121.708035,31.265983]},"properties":{"j":42,"w":0.437453}},{"type":"Feature","geometry":{"type":"Point","coordinates":[121.707789,31.284024]},"properties":{"j":6,"w":0.226322}},{"type":"Feature","geometry":{"type":"Point","coordinates":[121.70774,31.287633]},"properties":{"j":7,"w":0.241853}},{"type":"Feature","geometry":{"type":"Point","coordinates":[121.715548,31.020661]},"properties":{"j":259,"w":0.646745}},{"type":"Feature","geometry":{"type":"Point","coordinates":[121.715499,31.02427]},"properties":{"j":262,"w":0.648079}},{"type":"Feature","geometry":{"type":"Point","coordinates":[121.715451,31.027878]},"properties":{"j":392,"w":0.694794}},{"type":"Feature","geometry":{"type":"Point","coordinates":[121.715402,31.031486]},"properties":{"j":655,"w":0.754384}},{"type":"Feature","geometry":{"type":"Point","coordinates":[121.715354,31.035095]},"properties":{"j":514,"w":0.726239}},{"type":"Feature","geometry":{"type":"Point","coordinates":[121.715306,31.038703]},"properties":{"j":532,"w":0.730234}},{"type":"Feature","geometry":{"type":"Point","coordinates":[121.715257,31.042311]},"properties":{"j":13,"w":0.30694}},{"type":"Feature","geometry":{"type":"Point","coordinates":[121.715209,31.04592]},"properties":{"j":47,"w":0.450247}},{"type":"Feature","geometry":{"type":"Point","coordinates":[121.715112,31.053137]},"properties":{"j":25,"w":0.378939}},{"type":"Feature","geometry":{"type":"Point","coordinates":[121.715015,31.060353]},"properties":{"j":12,"w":0.298321}},{"type":"Feature","geometry":{"type":"Point","coordinates":[121.714675,31.085612]},"properties":{"j":344,"w":0.679644}},{"type":"Feature","geometry":{"type":"Point","coordinates":[121.714626,31.08922]},"properties":{"j":169,"w":0.597328}},{"type":"Feature","geometry":{"type":"Point","coordinates":[121.714578,31.092828]},"properties":{"j":6,"w":0.226322}},{"type":"Feature","geometry":{"type":"Point","coordinates":[121.713994,31.136128]},"properties":{"j":22,"w":0.364679}},{"type":"Feature","geometry":{"type":"Point","coordinates":[121.713751,31.154169]},"properties":{"j":12,"w":0.298321}},{"type":"Feature","geometry":{"type":"Point","coordinates":[121.713702,31.157778]},"properties":{"j":13,"w":0.30694}},{"type":"Feature","geometry":{"type":"Point","coordinates":[121.713653,31.161386]},"properties":{"j":36,"w":0.419974}},{"type":"Feature","geometry":{"type":"Point","coordinates":[121.713604,31.164994]},"properties":{"j":310,"w":0.667577}},{"type":"Feature","geometry":{"type":"Point","coordinates":[121.71336,31.183036]},"properties":{"j":22,"w":0.364679}},{"type":"Feature","geometry":{"type":"Point","coordinates":[121.713312,31.186644]},"properties":{"j":89,"w":0.523358}},{"type":"Feature","geometry":{"type":"Point","coordinates":[121.713018,31.208294]},"properties":{"j":31,"w":0.403088}},{"type":"Feature","geometry":{"type":"Point","coordinates":[121.712627,31.23716]},"properties":{"j":16,"w":0.329522}},{"type":"Feature","geometry":{"type":"Point","coordinates":[121.712578,31.240768]},"properties":{"j":470,"w":0.715851}},{"type":"Feature","geometry":{"type":"Point","coordinates":[121.712529,31.244376]},"properties":{"j":149,"w":0.582771}},{"type":"Feature","geometry":{"type":"Point","coordinates":[121.71248,31.247984]},"properties":{"j":144,"w":0.578828}},{"type":"Feature","geometry":{"type":"Point","coordinates":[121.712431,31.251593]},"properties":{"j":80,"w":0.511104}},{"type":"Feature","geometry":{"type":"Point","coordinates":[121.712382,31.255201]},"properties":{"j":32,"w":0.406667}},{"type":"Feature","geometry":{"type":"Point","coordinates":[121.71199,31.284067]},"properties":{"j":12,"w":0.298321}},{"type":"Feature","geometry":{"type":"Point","coordinates":[121.711941,31.287675]},"properties":{"j":6,"w":0.226322}},{"type":"Feature","geometry":{"type":"Point","coordinates":[121.719786,31.017095]},"properties":{"j":27,"w":0.387558}},{"type":"Feature","geometry":{"type":"Point","coordinates":[121.719738,31.020703]},"properties":{"j":496,"w":0.722101}},{"type":"Feature","geometry":{"type":"Point","coordinates":[121.719689,31.024311]},"properties":{"j":702,"w":0.762432}},{"type":"Feature","geometry":{"type":"Point","coordinates":[121.719641,31.02792]},"properties":{"j":278,"w":0.654948}},{"type":"Feature","geometry":{"type":"Point","coordinates":[121.719593,31.031528]},"properties":{"j":1598,"w":0.85801}},{"type":"Feature","geometry":{"type":"Point","coordinates":[121.719544,31.035136]},"properties":{"j":827,"w":0.781466}},{"type":"Feature","geometry":{"type":"Point","coordinates":[121.719496,31.038745]},"properties":{"j":336,"w":0.676915}},{"type":"Feature","geometry":{"type":"Point","coordinates":[121.719448,31.042353]},"properties":{"j":68,"w":0.492455}},{"type":"Feature","geometry":{"type":"Point","coordinates":[121.7194,31.045961]},"properties":{"j":12,"w":0.298321}},{"type":"Feature","geometry":{"type":"Point","coordinates":[121.718868,31.085653]},"properties":{"j":326,"w":0.673411}},{"type":"Feature","geometry":{"type":"Point","coordinates":[121.718819,31.089262]},"properties":{"j":262,"w":0.648079}},{"type":"Feature","geometry":{"type":"Point","coordinates":[121.718771,31.09287]},"properties":{"j":48,"w":0.452645}},{"type":"Feature","geometry":{"type":"Point","coordinates":[121.718722,31.096478]},"properties":{"j":77,"w":0.506715}},{"type":"Feature","geometry":{"type":"Point","coordinates":[121.718383,31.121737]},"properties":{"j":56,"w":0.470234}},{"type":"Feature","geometry":{"type":"Point","coordinates":[121.718335,31.125345]},"properties":{"j":6,"w":0.226322}},{"type":"Feature","geometry":{"type":"Point","coordinates":[121.718286,31.128953]},"properties":{"j":11,"w":0.289011}},{"type":"Feature","geometry":{"type":"Point","coordinates":[121.718092,31.143386]},"properties":{"j":22,"w":0.364679}},{"type":"Feature","geometry":{"type":"Point","coordinates":[121.717946,31.154211]},"properties":{"j":48,"w":0.452645}},{"type":"Feature","geometry":{"type":"Point","coordinates":[121.717217,31.208336]},"properties":{"j":85,"w":0.518071}},{"type":"Feature","geometry":{"type":"Point","coordinates":[121.717168,31.211944]},"properties":{"j":16,"w":0.329522}},{"type":"Feature","geometry":{"type":"Point","coordinates":[121.717119,31.215552]},"properties":{"j":39,"w":0.429042}},{"type":"Feature","geometry":{"type":"Point","coordinates":[121.716875,31.233593]},"properties":{"j":10,"w":0.278891}},{"type":"Feature","geometry":{"type":"Point","coordinates":[121.716827,31.237202]},"properties":{"j":214,"w":0.624641}},{"type":"Feature","geometry":{"type":"Point","coordinates":[121.716778,31.24081]},"properties":{"j":705,"w":0.762927}},{"type":"Feature","geometry":{"type":"Point","coordinates":[121.716729,31.244418]},"properties":{"j":28,"w":0.391639}},{"type":"Feature","geometry":{"type":"Point","coordinates":[121.71668,31.248026]},"properties":{"j":111,"w":0.548793}},{"type":"Feature","geometry":{"type":"Point","coordinates":[121.716387,31.269676]},"properties":{"j":9,"w":0.267806}},{"type":"Feature","geometry":{"type":"Point","coordinates":[121.716289,31.276892]},"properties":{"j":20,"w":0.354098}},{"type":"Feature","geometry":{"type":"Point","coordinates":[121.724552,30.973835]},"properties":{"j":111,"w":0.548793}},{"type":"Feature","geometry":{"type":"Point","coordinates":[121.724504,30.977444]},"properties":{"j":18,"w":0.342458}},{"type":"Feature","geometry":{"type":"Point","coordinates":[121.72412,31.006311]},"properties":{"j":8,"w":0.255552}},{"type":"Feature","geometry":{"type":"Point","coordinates":[121.724072,31.009919]},"properties":{"j":35,"w":0.416787}},{"type":"Feature","geometry":{"type":"Point","coordinates":[121.724024,31.013528]},"properties":{"j":17,"w":0.33617}},{"type":"Feature","geometry":{"type":"Point","coordinates":[121.723976,31.017136]},"properties":{"j":859,"w":0.785877}},{"type":"Feature","geometry":{"type":"Point","coordinates":[121.723927,31.020744]},"properties":{"j":177,"w":0.602676}},{"type":"Feature","geometry":{"type":"Point","coordinates":[121.723831,31.027961]},"properties":{"j":226,"w":0.630958}},{"type":"Feature","geometry":{"type":"Point","coordinates":[121.723783,31.03157]},"properties":{"j":446,"w":0.709769}},{"type":"Feature","geometry":{"type":"Point","coordinates":[121.723735,31.035178]},"properties":{"j":425,"w":0.704172}},{"type":"Feature","geometry":{"type":"Point","coordinates":[121.723687,31.038786]},"properties":{"j":217,"w":0.626253}},{"type":"Feature","geometry":{"type":"Point","coordinates":[121.723639,31.042395]},"properties":{"j":196,"w":0.614472}},{"type":"Feature","geometry":{"type":"Point","coordinates":[121.723542,31.049611]},"properties":{"j":227,"w":0.631469}},{"type":"Feature","geometry":{"type":"Point","coordinates":[121.723109,31.082087]},"properties":{"j":8,"w":0.255552}},{"type":"Feature","geometry":{"type":"Point","coordinates":[121.72306,31.085695]},"properties":{"j":92,"w":0.527172}},{"type":"Feature","geometry":{"type":"Point","coordinates":[121.723012,31.089303]},"properties":{"j":289,"w":0.659445}},{"type":"Feature","geometry":{"type":"Point","coordinates":[121.722771,31.107345]},"properties":{"j":7,"w":0.241853}},{"type":"Feature","geometry":{"type":"Point","coordinates":[121.722722,31.110953]},"properties":{"j":16,"w":0.329522}},{"type":"Feature","geometry":{"type":"Point","coordinates":[121.722287,31.143428]},"properties":{"j":8,"w":0.255552}},{"type":"Feature","geometry":{"type":"Point","coordinates":[121.722142,31.154253]},"properties":{"j":172,"w":0.599363}},{"type":"Feature","geometry":{"type":"Point","coordinates":[121.722093,31.157861]},"properties":{"j":20,"w":0.354098}},{"type":"Feature","geometry":{"type":"Point","coordinates":[121.721512,31.201161]},"properties":{"j":6,"w":0.226322}},{"type":"Feature","geometry":{"type":"Point","coordinates":[121.721317,31.215594]},"properties":{"j":13,"w":0.30694}},{"type":"Feature","geometry":{"type":"Point","coordinates":[121.721123,31.230027]},"properties":{"j":13,"w":0.30694}},{"type":"Feature","geometry":{"type":"Point","coordinates":[121.721075,31.233635]},"properties":{"j":12,"w":0.298321}},{"type":"Feature","geometry":{"type":"Point","coordinates":[121.721026,31.237243]},"properties":{"j":443,"w":0.708985}},{"type":"Feature","geometry":{"type":"Point","coordinates":[121.720977,31.240852]},"properties":{"j":669,"w":0.75684}},{"type":"Feature","geometry":{"type":"Point","coordinates":[121.720588,31.269718]},"properties":{"j":71,"w":0.497405}},{"type":"Feature","geometry":{"type":"Point","coordinates":[121.728788,30.970268]},"properties":{"j":6,"w":0.226322}},{"type":"Feature","geometry":{"type":"Point","coordinates":[121.72874,30.973877]},"properties":{"j":46,"w":0.447798}},{"type":"Feature","geometry":{"type":"Point","coordinates":[121.728692,30.977485]},"properties":{"j":63,"w":0.483706}},{"type":"Feature","geometry":{"type":"Point","coordinates":[121.728117,31.020786]},"properties":{"j":13,"w":0.30694}},{"type":"Feature","geometry":{"type":"Point","coordinates":[121.727973,31.031611]},"properties":{"j":102,"w":0.53905}},{"type":"Feature","geometry":{"type":"Point","coordinates":[121.727925,31.035219]},"properties":{"j":114,"w":0.551868}},{"type":"Feature","geometry":{"type":"Point","coordinates":[121.727877,31.038828]},"properties":{"j":149,"w":0.582771}},{"type":"Feature","geometry":{"type":"Point","coordinates":[121.727829,31.042436]},"properties":{"j":12,"w":0.298321}},{"type":"Feature","geometry":{"type":"Point","coordinates":[121.727733,31.049653]},"properties":{"j":52,"w":0.461772}},{"type":"Feature","geometry":{"type":"Point","coordinates":[121.727253,31.085736]},"properties":{"j":199,"w":0.61623}},{"type":"Feature","geometry":{"type":"Point","coordinates":[121.727205,31.089345]},"properties":{"j":66,"w":0.489034}},{"type":"Feature","geometry":{"type":"Point","coordinates":[121.725564,31.212027]},"properties":{"j":38,"w":0.426097}},{"type":"Feature","geometry":{"type":"Point","coordinates":[121.725467,31.219244]},"properties":{"j":40,"w":0.431913}},{"type":"Feature","geometry":{"type":"Point","coordinates":[121.725419,31.222852]},"properties":{"j":18,"w":0.342458}},{"type":"Feature","geometry":{"type":"Point","coordinates":[121.725371,31.22646]},"properties":{"j":15,"w":0.322471}},{"type":"Feature","geometry":{"type":"Point","coordinates":[121.725322,31.230069]},"properties":{"j":95,"w":0.530864}},{"type":"Feature","geometry":{"type":"Point","coordinates":[121.733023,30.966701]},"properties":{"j":54,"w":0.46608}},{"type":"Feature","geometry":{"type":"Point","coordinates":[121.732975,30.970309]},"properties":{"j":712,"w":0.764075}},{"type":"Feature","geometry":{"type":"Point","coordinates":[121.732212,31.028044]},"properties":{"j":22,"w":0.364679}},{"type":"Feature","geometry":{"type":"Point","coordinates":[121.732164,31.031652]},"properties":{"j":19,"w":0.348424}},{"type":"Feature","geometry":{"type":"Point","coordinates":[121.732116,31.035261]},"properties":{"j":42,"w":0.437453}},{"type":"Feature","geometry":{"type":"Point","coordinates":[121.732068,31.038869]},"properties":{"j":91,"w":0.525914}},{"type":"Feature","geometry":{"type":"Point","coordinates":[121.73202,31.042477]},"properties":{"j":111,"w":0.548793}},{"type":"Feature","geometry":{"type":"Point","coordinates":[121.731925,31.049694]},"properties":{"j":66,"w":0.489034}},{"type":"Feature","geometry":{"type":"Point","coordinates":[121.731877,31.053302]},"properties":{"j":27,"w":0.387558}},{"type":"Feature","geometry":{"type":"Point","coordinates":[121.731781,31.060519]},"properties":{"j":97,"w":0.533263}},{"type":"Feature","geometry":{"type":"Point","coordinates":[121.731733,31.064128]},"properties":{"j":158,"w":0.589548}},{"type":"Feature","geometry":{"type":"Point","coordinates":[121.730918,31.125469]},"properties":{"j":164,"w":0.593856}},{"type":"Feature","geometry":{"type":"Point","coordinates":[121.73087,31.129078]},"properties":{"j":131,"w":0.567903}},{"type":"Feature","geometry":{"type":"Point","coordinates":[121.730485,31.157944]},"properties":{"j":7,"w":0.241853}},{"type":"Feature","geometry":{"type":"Point","coordinates":[121.730437,31.161553]},"properties":{"j":10,"w":0.278891}},{"type":"Feature","geometry":{"type":"Point","coordinates":[121.729955,31.197636]},"properties":{"j":39,"w":0.429042}},{"type":"Feature","geometry":{"type":"Point","coordinates":[121.729859,31.204852]},"properties":{"j":127,"w":0.564324}},{"type":"Feature","geometry":{"type":"Point","coordinates":[121.729811,31.208461]},"properties":{"j":7,"w":0.241853}},{"type":"Feature","geometry":{"type":"Point","coordinates":[121.729666,31.219285]},"properties":{"j":22,"w":0.364679}},{"type":"Feature","geometry":{"type":"Point","coordinates":[121.72957,31.226502]},"properties":{"j":19,"w":0.348424}},{"type":"Feature","geometry":{"type":"Point","coordinates":[121.729473,31.233718]},"properties":{"j":45,"w":0.445297}},{"type":"Feature","geometry":{"type":"Point","coordinates":[121.729086,31.262585]},"properties":{"j":9,"w":0.267806}},{"type":"Feature","geometry":{"type":"Point","coordinates":[121.737163,30.97035]},"properties":{"j":34,"w":0.413511}},{"type":"Feature","geometry":{"type":"Point","coordinates":[121.737115,30.973959]},"properties":{"j":19,"w":0.348424}},{"type":"Feature","geometry":{"type":"Point","coordinates":[121.736402,31.028085]},"properties":{"j":84,"w":0.51671}},{"type":"Feature","geometry":{"type":"Point","coordinates":[121.736306,31.035302]},"properties":{"j":14,"w":0.314964}},{"type":"Feature","geometry":{"type":"Point","coordinates":[121.736259,31.03891]},"properties":{"j":183,"w":0.606532}},{"type":"Feature","geometry":{"type":"Point","coordinates":[121.736211,31.042518]},"properties":{"j":91,"w":0.525914}},{"type":"Feature","geometry":{"type":"Point","coordinates":[121.736116,31.049735]},"properties":{"j":852,"w":0.784926}},{"type":"Feature","geometry":{"type":"Point","coordinates":[121.736068,31.053344]},"properties":{"j":50,"w":0.457298}},{"type":"Feature","geometry":{"type":"Point","coordinates":[121.73602,31.056952]},"properties":{"j":68,"w":0.492455}},{"type":"Feature","geometry":{"type":"Point","coordinates":[121.735973,31.06056]},"properties":{"j":66,"w":0.489034}},{"type":"Feature","geometry":{"type":"Point","coordinates":[121.735925,31.064169]},"properties":{"j":323,"w":0.672339}},{"type":"Feature","geometry":{"type":"Point","coordinates":[121.735877,31.067777]},"properties":{"j":18,"w":0.342458}},{"type":"Feature","geometry":{"type":"Point","coordinates":[121.735829,31.071385]},"properties":{"j":98,"w":0.534443}},{"type":"Feature","geometry":{"type":"Point","coordinates":[121.735782,31.074994]},"properties":{"j":30,"w":0.399396}},{"type":"Feature","geometry":{"type":"Point","coordinates":[121.73516,31.121902]},"properties":{"j":34,"w":0.413511}},{"type":"Feature","geometry":{"type":"Point","coordinates":[121.735112,31.125511]},"properties":{"j":102,"w":0.53905}},{"type":"Feature","geometry":{"type":"Point","coordinates":[121.734729,31.154377]},"properties":{"j":141,"w":0.576396}},{"type":"Feature","geometry":{"type":"Point","coordinates":[121.734681,31.157986]},"properties":{"j":8,"w":0.255552}},{"type":"Feature","geometry":{"type":"Point","coordinates":[121.734441,31.176027]},"properties":{"j":16,"w":0.329522}},{"type":"Feature","geometry":{"type":"Point","coordinates":[121.734249,31.19046]},"properties":{"j":122,"w":0.559689}},{"type":"Feature","geometry":{"type":"Point","coordinates":[121.734201,31.194069]},"properties":{"j":174,"w":0.600699}},{"type":"Feature","geometry":{"type":"Point","coordinates":[121.734153,31.197677]},"properties":{"j":93,"w":0.528416}},{"type":"Feature","geometry":{"type":"Point","coordinates":[121.734105,31.201285]},"properties":{"j":25,"w":0.378939}},{"type":"Feature","geometry":{"type":"Point","coordinates":[121.734057,31.204894]},"properties":{"j":71,"w":0.497405}},{"type":"Feature","geometry":{"type":"Point","coordinates":[121.733961,31.21211]},"properties":{"j":18,"w":0.342458}},{"type":"Feature","geometry":{"type":"Point","coordinates":[121.73372,31.230152]},"properties":{"j":11,"w":0.289011}},{"type":"Feature","geometry":{"type":"Point","coordinates":[121.733672,31.23376]},"properties":{"j":44,"w":0.44274}},{"type":"Feature","geometry":{"type":"Point","coordinates":[121.733287,31.262626]},"properties":{"j":168,"w":0.596642}},{"type":"Feature","geometry":{"type":"Point","coordinates":[121.733239,31.266234]},"properties":{"j":125,"w":0.562492}},{"type":"Feature","geometry":{"type":"Point","coordinates":[121.73319,31.269843]},"properties":{"j":10,"w":0.278891}},{"type":"Feature","geometry":{"type":"Point","coordinates":[121.741398,30.966783]},"properties":{"j":53,"w":0.463946}},{"type":"Feature","geometry":{"type":"Point","coordinates":[121.741351,30.970391]},"properties":{"j":40,"w":0.431913}},{"type":"Feature","geometry":{"type":"Point","coordinates":[121.741303,30.974]},"properties":{"j":91,"w":0.525914}},{"type":"Feature","geometry":{"type":"Point","coordinates":[121.741256,30.977608]},"properties":{"j":16,"w":0.329522}},{"type":"Feature","geometry":{"type":"Point","coordinates":[121.741208,30.981216]},"properties":{"j":12,"w":0.298321}},{"type":"Feature","geometry":{"type":"Point","coordinates":[121.740592,31.028126]},"properties":{"j":44,"w":0.44274}},{"type":"Feature","geometry":{"type":"Point","coordinates":[121.740402,31.042559]},"properties":{"j":23,"w":0.369629}},{"type":"Feature","geometry":{"type":"Point","coordinates":[121.740354,31.046168]},"properties":{"j":26,"w":0.383328}},{"type":"Feature","geometry":{"type":"Point","coordinates":[121.740307,31.049776]},"properties":{"j":37,"w":0.423076}},{"type":"Feature","geometry":{"type":"Point","coordinates":[121.740259,31.053385]},"properties":{"j":12,"w":0.298321}},{"type":"Feature","geometry":{"type":"Point","coordinates":[121.740212,31.056993]},"properties":{"j":28,"w":0.391639}},{"type":"Feature","geometry":{"type":"Point","coordinates":[121.740164,31.060601]},"properties":{"j":17,"w":0.33617}},{"type":"Feature","geometry":{"type":"Point","coordinates":[121.740117,31.06421]},"properties":{"j":233,"w":0.634491}},{"type":"Feature","geometry":{"type":"Point","coordinates":[121.740069,31.067818]},"properties":{"j":177,"w":0.602676}},{"type":"Feature","geometry":{"type":"Point","coordinates":[121.740021,31.071426]},"properties":{"j":111,"w":0.548793}},{"type":"Feature","geometry":{"type":"Point","coordinates":[121.739974,31.075035]},"properties":{"j":39,"w":0.429042}},{"type":"Feature","geometry":{"type":"Point","coordinates":[121.73945,31.114727]},"properties":{"j":10,"w":0.278891}},{"type":"Feature","geometry":{"type":"Point","coordinates":[121.739354,31.121943]},"properties":{"j":6,"w":0.226322}},{"type":"Feature","geometry":{"type":"Point","coordinates":[121.739307,31.125552]},"properties":{"j":29,"w":0.395582}},{"type":"Feature","geometry":{"type":"Point","coordinates":[121.739259,31.12916]},"properties":{"j":35,"w":0.416787}},{"type":"Feature","geometry":{"type":"Point","coordinates":[121.738686,31.17246]},"properties":{"j":22,"w":0.364679}},{"type":"Feature","geometry":{"type":"Point","coordinates":[121.738638,31.176068]},"properties":{"j":15,"w":0.322471}},{"type":"Feature","geometry":{"type":"Point","coordinates":[121.738542,31.183285]},"properties":{"j":12,"w":0.298321}},{"type":"Feature","geometry":{"type":"Point","coordinates":[121.738446,31.190502]},"properties":{"j":307,"w":0.666449}},{"type":"Feature","geometry":{"type":"Point","coordinates":[121.738399,31.19411]},"properties":{"j":218,"w":0.626785}},{"type":"Feature","geometry":{"type":"Point","coordinates":[121.738303,31.201327]},"properties":{"j":15,"w":0.322471}},{"type":"Feature","geometry":{"type":"Point","coordinates":[121.737535,31.259059]},"properties":{"j":36,"w":0.419974}},{"type":"Feature","geometry":{"type":"Point","coordinates":[121.737487,31.262667]},"properties":{"j":54,"w":0.46608}},{"type":"Feature","geometry":{"type":"Point","coordinates":[121.737439,31.266276]},"properties":{"j":128,"w":0.565229}},{"type":"Feature","geometry":{"type":"Point","coordinates":[121.737391,31.269884]},"properties":{"j":24,"w":0.374377}},{"type":"Feature","geometry":{"type":"Point","coordinates":[121.745633,30.963215]},"properties":{"j":173,"w":0.600033}},{"type":"Feature","geometry":{"type":"Point","coordinates":[121.745585,30.966823]},"properties":{"j":36,"w":0.419974}},{"type":"Feature","geometry":{"type":"Point","coordinates":[121.745491,30.97404]},"properties":{"j":172,"w":0.599363}},{"type":"Feature","geometry":{"type":"Point","coordinates":[121.745444,30.977649]},"properties":{"j":16,"w":0.329522}},{"type":"Feature","geometry":{"type":"Point","coordinates":[121.745208,30.995691]},"properties":{"j":17,"w":0.33617}},{"type":"Feature","geometry":{"type":"Point","coordinates":[121.74464,31.038992]},"properties":{"j":75,"w":0.503693}},{"type":"Feature","geometry":{"type":"Point","coordinates":[121.744593,31.0426]},"properties":{"j":95,"w":0.530864}},{"type":"Feature","geometry":{"type":"Point","coordinates":[121.744545,31.046209]},"properties":{"j":15,"w":0.322471}},{"type":"Feature","geometry":{"type":"Point","coordinates":[121.744498,31.049817]},"properties":{"j":1051,"w":0.809314}},{"type":"Feature","geometry":{"type":"Point","coordinates":[121.744403,31.057034]},"properties":{"j":35,"w":0.416787}},{"type":"Feature","geometry":{"type":"Point","coordinates":[121.744308,31.064251]},"properties":{"j":121,"w":0.55874}},{"type":"Feature","geometry":{"type":"Point","coordinates":[121.744261,31.067859]},"properties":{"j":162,"w":0.592437}},{"type":"Feature","geometry":{"type":"Point","coordinates":[121.744119,31.078684]},"properties":{"j":6,"w":0.226322}},{"type":"Feature","geometry":{"type":"Point","coordinates":[121.743549,31.121984]},"properties":{"j":7,"w":0.241853}},{"type":"Feature","geometry":{"type":"Point","coordinates":[121.743216,31.147243]},"properties":{"j":128,"w":0.565229}},{"type":"Feature","geometry":{"type":"Point","coordinates":[121.742787,31.179718]},"properties":{"j":12,"w":0.298321}},{"type":"Feature","geometry":{"type":"Point","coordinates":[121.742691,31.186934]},"properties":{"j":143,"w":0.578023}},{"type":"Feature","geometry":{"type":"Point","coordinates":[121.742596,31.194151]},"properties":{"j":221,"w":0.628368}},{"type":"Feature","geometry":{"type":"Point","coordinates":[121.742214,31.223017]},"properties":{"j":92,"w":0.527172}},{"type":"Feature","geometry":{"type":"Point","coordinates":[121.742166,31.226626]},"properties":{"j":18,"w":0.342458}},{"type":"Feature","geometry":{"type":"Point","coordinates":[121.741927,31.244667]},"properties":{"j":13,"w":0.30694}},{"type":"Feature","geometry":{"type":"Point","coordinates":[121.741784,31.255492]},"properties":{"j":22,"w":0.364679}},{"type":"Feature","geometry":{"type":"Point","coordinates":[121.741736,31.2591]},"properties":{"j":122,"w":0.559689}},{"type":"Feature","geometry":{"type":"Point","coordinates":[121.741688,31.262709]},"properties":{"j":64,"w":0.485509}},{"type":"Feature","geometry":{"type":"Point","coordinates":[121.749632,30.977689]},"properties":{"j":18,"w":0.342458}},{"type":"Feature","geometry":{"type":"Point","coordinates":[121.749396,30.995732]},"properties":{"j":9,"w":0.267806}},{"type":"Feature","geometry":{"type":"Point","coordinates":[121.748784,31.042641]},"properties":{"j":189,"w":0.610264}},{"type":"Feature","geometry":{"type":"Point","coordinates":[121.748736,31.046249]},"properties":{"j":42,"w":0.437453}},{"type":"Feature","geometry":{"type":"Point","coordinates":[121.748689,31.049858]},"properties":{"j":12,"w":0.298321}},{"type":"Feature","geometry":{"type":"Point","coordinates":[121.748642,31.053466]},"properties":{"j":83,"w":0.515334}},{"type":"Feature","geometry":{"type":"Point","coordinates":[121.748595,31.057075]},"properties":{"j":28,"w":0.391639}},{"type":"Feature","geometry":{"type":"Point","coordinates":[121.748453,31.0679]},"properties":{"j":91,"w":0.525914}},{"type":"Feature","geometry":{"type":"Point","coordinates":[121.748406,31.071508]},"properties":{"j":63,"w":0.483706}},{"type":"Feature","geometry":{"type":"Point","coordinates":[121.748358,31.075116]},"properties":{"j":19,"w":0.348424}},{"type":"Feature","geometry":{"type":"Point","coordinates":[121.748169,31.08955]},"properties":{"j":16,"w":0.329522}},{"type":"Feature","geometry":{"type":"Point","coordinates":[121.748027,31.100375]},"properties":{"j":12,"w":0.298321}},{"type":"Feature","geometry":{"type":"Point","coordinates":[121.747933,31.107592]},"properties":{"j":47,"w":0.450247}},{"type":"Feature","geometry":{"type":"Point","coordinates":[121.747743,31.122025]},"properties":{"j":23,"w":0.369629}},{"type":"Feature","geometry":{"type":"Point","coordinates":[121.747696,31.125634]},"properties":{"j":88,"w":0.522059}},{"type":"Feature","geometry":{"type":"Point","coordinates":[121.747459,31.143675]},"properties":{"j":8,"w":0.255552}},{"type":"Feature","geometry":{"type":"Point","coordinates":[121.747411,31.147284]},"properties":{"j":77,"w":0.506715}},{"type":"Feature","geometry":{"type":"Point","coordinates":[121.747364,31.150892]},"properties":{"j":25,"w":0.378939}},{"type":"Feature","geometry":{"type":"Point","coordinates":[121.747221,31.161717]},"properties":{"j":12,"w":0.298321}},{"type":"Feature","geometry":{"type":"Point","coordinates":[121.747079,31.172542]},"properties":{"j":53,"w":0.463946}},{"type":"Feature","geometry":{"type":"Point","coordinates":[121.747031,31.17615]},"properties":{"j":38,"w":0.426097}},{"type":"Feature","geometry":{"type":"Point","coordinates":[121.746984,31.179759]},"properties":{"j":9,"w":0.267806}},{"type":"Feature","geometry":{"type":"Point","coordinates":[121.746889,31.186975]},"properties":{"j":30,"w":0.399396}},{"type":"Feature","geometry":{"type":"Point","coordinates":[121.746794,31.194192]},"properties":{"j":37,"w":0.423076}},{"type":"Feature","geometry":{"type":"Point","coordinates":[121.74646,31.21945]},"properties":{"j":6,"w":0.226322}},{"type":"Feature","geometry":{"type":"Point","coordinates":[121.746413,31.223058]},"properties":{"j":162,"w":0.592437}},{"type":"Feature","geometry":{"type":"Point","coordinates":[121.746365,31.226667]},"properties":{"j":59,"w":0.4762}},{"type":"Feature","geometry":{"type":"Point","coordinates":[121.746127,31.244708]},"properties":{"j":20,"w":0.354098}},{"type":"Feature","geometry":{"type":"Point","coordinates":[121.753679,30.988555]},"properties":{"j":19,"w":0.348424}},{"type":"Feature","geometry":{"type":"Point","coordinates":[121.753632,30.992164]},"properties":{"j":24,"w":0.374377}},{"type":"Feature","geometry":{"type":"Point","coordinates":[121.75335,31.013814]},"properties":{"j":33,"w":0.410139}},{"type":"Feature","geometry":{"type":"Point","coordinates":[121.752974,31.042682]},"properties":{"j":775,"w":0.773923}},{"type":"Feature","geometry":{"type":"Point","coordinates":[121.752927,31.04629]},"properties":{"j":313,"w":0.668693}},{"type":"Feature","geometry":{"type":"Point","coordinates":[121.75288,31.049898]},"properties":{"j":52,"w":0.461772}},{"type":"Feature","geometry":{"type":"Point","coordinates":[121.752833,31.053507]},"properties":{"j":24,"w":0.374377}},{"type":"Feature","geometry":{"type":"Point","coordinates":[121.752598,31.071549]},"properties":{"j":17,"w":0.33617}},{"type":"Feature","geometry":{"type":"Point","coordinates":[121.752362,31.089591]},"properties":{"j":27,"w":0.387558}},{"type":"Feature","geometry":{"type":"Point","coordinates":[121.752315,31.093199]},"properties":{"j":28,"w":0.391639}},{"type":"Feature","geometry":{"type":"Point","coordinates":[121.752221,31.100416]},"properties":{"j":46,"w":0.447798}},{"type":"Feature","geometry":{"type":"Point","coordinates":[121.752173,31.104024]},"properties":{"j":67,"w":0.490757}},{"type":"Feature","geometry":{"type":"Point","coordinates":[121.752126,31.107633]},"properties":{"j":52,"w":0.461772}},{"type":"Feature","geometry":{"type":"Point","coordinates":[121.752079,31.111241]},"properties":{"j":60,"w":0.478122}},{"type":"Feature","geometry":{"type":"Point","coordinates":[121.752032,31.114849]},"properties":{"j":26,"w":0.383328}},{"type":"Feature","geometry":{"type":"Point","coordinates":[121.751985,31.118458]},"properties":{"j":30,"w":0.399396}},{"type":"Feature","geometry":{"type":"Point","coordinates":[121.751937,31.122066]},"properties":{"j":48,"w":0.452645}},{"type":"Feature","geometry":{"type":"Point","coordinates":[121.75189,31.125674]},"properties":{"j":134,"w":0.570516}},{"type":"Feature","geometry":{"type":"Point","coordinates":[121.751843,31.129283]},"properties":{"j":16,"w":0.329522}},{"type":"Feature","geometry":{"type":"Point","coordinates":[121.751654,31.143716]},"properties":{"j":16,"w":0.329522}},{"type":"Feature","geometry":{"type":"Point","coordinates":[121.751607,31.147324]},"properties":{"j":47,"w":0.450247}},{"type":"Feature","geometry":{"type":"Point","coordinates":[121.751559,31.150933]},"properties":{"j":30,"w":0.399396}},{"type":"Feature","geometry":{"type":"Point","coordinates":[121.751417,31.161758]},"properties":{"j":16,"w":0.329522}},{"type":"Feature","geometry":{"type":"Point","coordinates":[121.751275,31.172583]},"properties":{"j":25,"w":0.378939}},{"type":"Feature","geometry":{"type":"Point","coordinates":[121.750896,31.201449]},"properties":{"j":60,"w":0.478122}},{"type":"Feature","geometry":{"type":"Point","coordinates":[121.750849,31.205058]},"properties":{"j":6,"w":0.226322}},{"type":"Feature","geometry":{"type":"Point","coordinates":[121.750801,31.208666]},"properties":{"j":13,"w":0.30694}},{"type":"Feature","geometry":{"type":"Point","coordinates":[121.757306,31.031897]},"properties":{"j":28,"w":0.391639}},{"type":"Feature","geometry":{"type":"Point","coordinates":[121.757165,31.042722]},"properties":{"j":13,"w":0.30694}},{"type":"Feature","geometry":{"type":"Point","coordinates":[121.757118,31.04633]},"properties":{"j":134,"w":0.570516}},{"type":"Feature","geometry":{"type":"Point","coordinates":[121.757071,31.049939]},"properties":{"j":28,"w":0.391639}},{"type":"Feature","geometry":{"type":"Point","coordinates":[121.757025,31.053547]},"properties":{"j":80,"w":0.511104}},{"type":"Feature","geometry":{"type":"Point","coordinates":[121.756978,31.057156]},"properties":{"j":44,"w":0.44274}},{"type":"Feature","geometry":{"type":"Point","coordinates":[121.75679,31.071589]},"properties":{"j":219,"w":0.627315}},{"type":"Feature","geometry":{"type":"Point","coordinates":[121.756743,31.075198]},"properties":{"j":81,"w":0.512531}},{"type":"Feature","geometry":{"type":"Point","coordinates":[121.756555,31.089631]},"properties":{"j":54,"w":0.46608}},{"type":"Feature","geometry":{"type":"Point","coordinates":[121.756508,31.09324]},"properties":{"j":89,"w":0.523358}},{"type":"Feature","geometry":{"type":"Point","coordinates":[121.756367,31.104065]},"properties":{"j":24,"w":0.374377}},{"type":"Feature","geometry":{"type":"Point","coordinates":[121.75632,31.107673]},"properties":{"j":60,"w":0.478122}},{"type":"Feature","geometry":{"type":"Point","coordinates":[121.756273,31.111281]},"properties":{"j":103,"w":0.540174}},{"type":"Feature","geometry":{"type":"Point","coordinates":[121.756226,31.11489]},"properties":{"j":36,"w":0.419974}},{"type":"Feature","geometry":{"type":"Point","coordinates":[121.756179,31.118498]},"properties":{"j":89,"w":0.523358}},{"type":"Feature","geometry":{"type":"Point","coordinates":[121.756132,31.122107]},"properties":{"j":16,"w":0.329522}},{"type":"Feature","geometry":{"type":"Point","coordinates":[121.756085,31.125715]},"properties":{"j":53,"w":0.463946}},{"type":"Feature","geometry":{"type":"Point","coordinates":[121.755896,31.140148]},"properties":{"j":6,"w":0.226322}},{"type":"Feature","geometry":{"type":"Point","coordinates":[121.755755,31.150973]},"properties":{"j":141,"w":0.576396}},{"type":"Feature","geometry":{"type":"Point","coordinates":[121.755708,31.154582]},"properties":{"j":210,"w":0.622457}},{"type":"Feature","geometry":{"type":"Point","coordinates":[121.755661,31.15819]},"properties":{"j":39,"w":0.429042}},{"type":"Feature","geometry":{"type":"Point","coordinates":[121.755566,31.165407]},"properties":{"j":15,"w":0.322471}},{"type":"Feature","geometry":{"type":"Point","coordinates":[121.755519,31.169015]},"properties":{"j":8,"w":0.255552}},{"type":"Feature","geometry":{"type":"Point","coordinates":[121.755472,31.172624]},"properties":{"j":58,"w":0.474245}},{"type":"Feature","geometry":{"type":"Point","coordinates":[121.75533,31.183449]},"properties":{"j":16,"w":0.329522}},{"type":"Feature","geometry":{"type":"Point","coordinates":[121.755,31.208707]},"properties":{"j":11,"w":0.289011}},{"type":"Feature","geometry":{"type":"Point","coordinates":[121.754668,31.233965]},"properties":{"j":431,"w":0.705799}},{"type":"Feature","geometry":{"type":"Point","coordinates":[121.762242,30.974202]},"properties":{"j":52,"w":0.461772}},{"type":"Feature","geometry":{"type":"Point","coordinates":[121.762196,30.97781]},"properties":{"j":6,"w":0.226322}},{"type":"Feature","geometry":{"type":"Point","coordinates":[121.761776,31.010286]},"properties":{"j":47,"w":0.450247}},{"type":"Feature","geometry":{"type":"Point","coordinates":[121.76173,31.013895]},"properties":{"j":6,"w":0.226322}},{"type":"Feature","geometry":{"type":"Point","coordinates":[121.761496,31.031937]},"properties":{"j":21,"w":0.359509}},{"type":"Feature","geometry":{"type":"Point","coordinates":[121.761356,31.042762]},"properties":{"j":29,"w":0.395582}},{"type":"Feature","geometry":{"type":"Point","coordinates":[121.761309,31.046371]},"properties":{"j":185,"w":0.60779}},{"type":"Feature","geometry":{"type":"Point","coordinates":[121.761263,31.049979]},"properties":{"j":62,"w":0.481874}},{"type":"Feature","geometry":{"type":"Point","coordinates":[121.761216,31.053588]},"properties":{"j":863,"w":0.786416}},{"type":"Feature","geometry":{"type":"Point","coordinates":[121.761169,31.057196]},"properties":{"j":122,"w":0.559689}},{"type":"Feature","geometry":{"type":"Point","coordinates":[121.761076,31.064413]},"properties":{"j":62,"w":0.481874}},{"type":"Feature","geometry":{"type":"Point","coordinates":[121.760982,31.07163]},"properties":{"j":304,"w":0.665311}},{"type":"Feature","geometry":{"type":"Point","coordinates":[121.760935,31.075238]},"properties":{"j":284,"w":0.657423}},{"type":"Feature","geometry":{"type":"Point","coordinates":[121.760888,31.078846]},"properties":{"j":52,"w":0.461772}},{"type":"Feature","geometry":{"type":"Point","coordinates":[121.760748,31.089672]},"properties":{"j":47,"w":0.450247}},{"type":"Feature","geometry":{"type":"Point","coordinates":[121.760701,31.09328]},"properties":{"j":42,"w":0.437453}},{"type":"Feature","geometry":{"type":"Point","coordinates":[121.760607,31.100497]},"properties":{"j":61,"w":0.480014}},{"type":"Feature","geometry":{"type":"Point","coordinates":[121.76042,31.11493]},"properties":{"j":22,"w":0.364679}},{"type":"Feature","geometry":{"type":"Point","coordinates":[121.760373,31.118539]},"properties":{"j":89,"w":0.523358}},{"type":"Feature","geometry":{"type":"Point","coordinates":[121.760326,31.122147]},"properties":{"j":20,"w":0.354098}},{"type":"Feature","geometry":{"type":"Point","coordinates":[121.760279,31.125755]},"properties":{"j":24,"w":0.374377}},{"type":"Feature","geometry":{"type":"Point","coordinates":[121.760232,31.129364]},"properties":{"j":117,"w":0.554863}},{"type":"Feature","geometry":{"type":"Point","coordinates":[121.760091,31.140189]},"properties":{"j":264,"w":0.64896}},{"type":"Feature","geometry":{"type":"Point","coordinates":[121.760044,31.143797]},"properties":{"j":59,"w":0.4762}},{"type":"Feature","geometry":{"type":"Point","coordinates":[121.759997,31.147406]},"properties":{"j":74,"w":0.502153}},{"type":"Feature","geometry":{"type":"Point","coordinates":[121.75995,31.151014]},"properties":{"j":301,"w":0.664161}},{"type":"Feature","geometry":{"type":"Point","coordinates":[121.759903,31.154622]},"properties":{"j":6,"w":0.226322}},{"type":"Feature","geometry":{"type":"Point","coordinates":[121.759809,31.161839]},"properties":{"j":48,"w":0.452645}},{"type":"Feature","geometry":{"type":"Point","coordinates":[121.759762,31.165447]},"properties":{"j":222,"w":0.62889}},{"type":"Feature","geometry":{"type":"Point","coordinates":[121.759715,31.169056]},"properties":{"j":273,"w":0.652845}},{"type":"Feature","geometry":{"type":"Point","coordinates":[121.759621,31.176272]},"properties":{"j":8,"w":0.255552}},{"type":"Feature","geometry":{"type":"Point","coordinates":[121.759574,31.179881]},"properties":{"j":10,"w":0.278891}},{"type":"Feature","geometry":{"type":"Point","coordinates":[121.759527,31.183489]},"properties":{"j":19,"w":0.348424}},{"type":"Feature","geometry":{"type":"Point","coordinates":[121.759386,31.194314]},"properties":{"j":33,"w":0.410139}},{"type":"Feature","geometry":{"type":"Point","coordinates":[121.759339,31.197922]},"properties":{"j":249,"w":0.642183}},{"type":"Feature","geometry":{"type":"Point","coordinates":[121.759292,31.201531]},"properties":{"j":7,"w":0.241853}},{"type":"Feature","geometry":{"type":"Point","coordinates":[121.759198,31.208747]},"properties":{"j":17,"w":0.33617}},{"type":"Feature","geometry":{"type":"Point","coordinates":[121.759056,31.219572]},"properties":{"j":80,"w":0.511104}},{"type":"Feature","geometry":{"type":"Point","coordinates":[121.759009,31.223181]},"properties":{"j":1331,"w":0.836761}},{"type":"Feature","geometry":{"type":"Point","coordinates":[121.767726,30.873204]},"properties":{"j":411,"w":0.700286}},{"type":"Feature","geometry":{"type":"Point","coordinates":[121.76768,30.876813]},"properties":{"j":553,"w":0.734729}},{"type":"Feature","geometry":{"type":"Point","coordinates":[121.767634,30.880421]},"properties":{"j":28,"w":0.391639}},{"type":"Feature","geometry":{"type":"Point","coordinates":[121.766569,30.963417]},"properties":{"j":94,"w":0.529647}},{"type":"Feature","geometry":{"type":"Point","coordinates":[121.765966,31.010327]},"properties":{"j":77,"w":0.506715}},{"type":"Feature","geometry":{"type":"Point","coordinates":[121.76564,31.035586]},"properties":{"j":6,"w":0.226322}},{"type":"Feature","geometry":{"type":"Point","coordinates":[121.765593,31.039194]},"properties":{"j":19,"w":0.348424}},{"type":"Feature","geometry":{"type":"Point","coordinates":[121.7655,31.046411]},"properties":{"j":40,"w":0.431913}},{"type":"Feature","geometry":{"type":"Point","coordinates":[121.765454,31.050019]},"properties":{"j":35,"w":0.416787}},{"type":"Feature","geometry":{"type":"Point","coordinates":[121.765407,31.053628]},"properties":{"j":21,"w":0.359509}},{"type":"Feature","geometry":{"type":"Point","coordinates":[121.765174,31.07167]},"properties":{"j":71,"w":0.497405}},{"type":"Feature","geometry":{"type":"Point","coordinates":[121.765127,31.075278]},"properties":{"j":64,"w":0.485509}},{"type":"Feature","geometry":{"type":"Point","coordinates":[121.764707,31.107754]},"properties":{"j":25,"w":0.378939}},{"type":"Feature","geometry":{"type":"Point","coordinates":[121.764661,31.111362]},"properties":{"j":32,"w":0.406667}},{"type":"Feature","geometry":{"type":"Point","coordinates":[121.764614,31.114971]},"properties":{"j":11,"w":0.289011}},{"type":"Feature","geometry":{"type":"Point","coordinates":[121.764567,31.118579]},"properties":{"j":11,"w":0.289011}},{"type":"Feature","geometry":{"type":"Point","coordinates":[121.76452,31.122187]},"properties":{"j":79,"w":0.509659}},{"type":"Feature","geometry":{"type":"Point","coordinates":[121.764474,31.125796]},"properties":{"j":68,"w":0.492455}},{"type":"Feature","geometry":{"type":"Point","coordinates":[121.764427,31.129404]},"properties":{"j":236,"w":0.635972}},{"type":"Feature","geometry":{"type":"Point","coordinates":[121.76438,31.133012]},"properties":{"j":121,"w":0.55874}},{"type":"Feature","geometry":{"type":"Point","coordinates":[121.764333,31.136621]},"properties":{"j":9,"w":0.267806}},{"type":"Feature","geometry":{"type":"Point","coordinates":[121.764286,31.140229]},"properties":{"j":98,"w":0.534443}},{"type":"Feature","geometry":{"type":"Point","coordinates":[121.764146,31.151054]},"properties":{"j":93,"w":0.528416}},{"type":"Feature","geometry":{"type":"Point","coordinates":[121.764099,31.154663]},"properties":{"j":80,"w":0.511104}},{"type":"Feature","geometry":{"type":"Point","coordinates":[121.764052,31.158271]},"properties":{"j":180,"w":0.60462}},{"type":"Feature","geometry":{"type":"Point","coordinates":[121.764006,31.161879]},"properties":{"j":1221,"w":0.826737}},{"type":"Feature","geometry":{"type":"Point","coordinates":[121.763959,31.165488]},"properties":{"j":1368,"w":0.839948}},{"type":"Feature","geometry":{"type":"Point","coordinates":[121.763912,31.169096]},"properties":{"j":212,"w":0.623554}},{"type":"Feature","geometry":{"type":"Point","coordinates":[121.763818,31.176313]},"properties":{"j":44,"w":0.44274}},{"type":"Feature","geometry":{"type":"Point","coordinates":[121.763771,31.179921]},"properties":{"j":22,"w":0.364679}},{"type":"Feature","geometry":{"type":"Point","coordinates":[121.763677,31.187138]},"properties":{"j":89,"w":0.523358}},{"type":"Feature","geometry":{"type":"Point","coordinates":[121.763584,31.194354]},"properties":{"j":69,"w":0.494129}},{"type":"Feature","geometry":{"type":"Point","coordinates":[121.763537,31.197963]},"properties":{"j":76,"w":0.505214}},{"type":"Feature","geometry":{"type":"Point","coordinates":[121.763443,31.205179]},"properties":{"j":10,"w":0.278891}},{"type":"Feature","geometry":{"type":"Point","coordinates":[121.763349,31.212396]},"properties":{"j":13,"w":0.30694}},{"type":"Feature","geometry":{"type":"Point","coordinates":[121.763302,31.216004]},"properties":{"j":22,"w":0.364679}},{"type":"Feature","geometry":{"type":"Point","coordinates":[121.771864,30.876852]},"properties":{"j":31,"w":0.403088}},{"type":"Feature","geometry":{"type":"Point","coordinates":[121.771818,30.880461]},"properties":{"j":10,"w":0.278891}},{"type":"Feature","geometry":{"type":"Point","coordinates":[121.770757,30.963456]},"properties":{"j":14,"w":0.314964}},{"type":"Feature","geometry":{"type":"Point","coordinates":[121.770711,30.967065]},"properties":{"j":11,"w":0.289011}},{"type":"Feature","geometry":{"type":"Point","coordinates":[121.770202,31.006758]},"properties":{"j":107,"w":0.544563}},{"type":"Feature","geometry":{"type":"Point","coordinates":[121.770155,31.010366]},"properties":{"j":9,"w":0.267806}},{"type":"Feature","geometry":{"type":"Point","coordinates":[121.770109,31.013975]},"properties":{"j":99,"w":0.535612}},{"type":"Feature","geometry":{"type":"Point","coordinates":[121.770062,31.017583]},"properties":{"j":7,"w":0.241853}},{"type":"Feature","geometry":{"type":"Point","coordinates":[121.769923,31.028409]},"properties":{"j":21,"w":0.359509}},{"type":"Feature","geometry":{"type":"Point","coordinates":[121.769784,31.039234]},"properties":{"j":214,"w":0.624641}},{"type":"Feature","geometry":{"type":"Point","coordinates":[121.769691,31.046451]},"properties":{"j":13,"w":0.30694}},{"type":"Feature","geometry":{"type":"Point","coordinates":[121.769645,31.050059]},"properties":{"j":82,"w":0.513941}},{"type":"Feature","geometry":{"type":"Point","coordinates":[121.769552,31.057276]},"properties":{"j":184,"w":0.607163}},{"type":"Feature","geometry":{"type":"Point","coordinates":[121.769506,31.060885]},"properties":{"j":10,"w":0.278891}},{"type":"Feature","geometry":{"type":"Point","coordinates":[121.769459,31.064493]},"properties":{"j":91,"w":0.525914}},{"type":"Feature","geometry":{"type":"Point","coordinates":[121.768854,31.111402]},"properties":{"j":98,"w":0.534443}},{"type":"Feature","geometry":{"type":"Point","coordinates":[121.768808,31.115011]},"properties":{"j":106,"w":0.543481}},{"type":"Feature","geometry":{"type":"Point","coordinates":[121.768761,31.118619]},"properties":{"j":372,"w":0.688719}},{"type":"Feature","geometry":{"type":"Point","coordinates":[121.768715,31.122227]},"properties":{"j":547,"w":0.733462}},{"type":"Feature","geometry":{"type":"Point","coordinates":[121.768668,31.125836]},"properties":{"j":301,"w":0.664161}},{"type":"Feature","geometry":{"type":"Point","coordinates":[121.768622,31.129444]},"properties":{"j":424,"w":0.703899}},{"type":"Feature","geometry":{"type":"Point","coordinates":[121.768575,31.133053]},"properties":{"j":375,"w":0.689651}},{"type":"Feature","geometry":{"type":"Point","coordinates":[121.768528,31.136661]},"properties":{"j":36,"w":0.419974}},{"type":"Feature","geometry":{"type":"Point","coordinates":[121.768482,31.140269]},"properties":{"j":141,"w":0.576396}},{"type":"Feature","geometry":{"type":"Point","coordinates":[121.768388,31.147486]},"properties":{"j":10,"w":0.278891}},{"type":"Feature","geometry":{"type":"Point","coordinates":[121.768342,31.151094]},"properties":{"j":178,"w":0.603328}},{"type":"Feature","geometry":{"type":"Point","coordinates":[121.768295,31.154703]},"properties":{"j":16,"w":0.329522}},{"type":"Feature","geometry":{"type":"Point","coordinates":[121.768248,31.158311]},"properties":{"j":21,"w":0.359509}},{"type":"Feature","geometry":{"type":"Point","coordinates":[121.768202,31.16192]},"properties":{"j":141,"w":0.576396}},{"type":"Feature","geometry":{"type":"Point","coordinates":[121.768155,31.165528]},"properties":{"j":712,"w":0.764075}},{"type":"Feature","geometry":{"type":"Point","coordinates":[121.768108,31.169136]},"properties":{"j":196,"w":0.614472}},{"type":"Feature","geometry":{"type":"Point","coordinates":[121.768062,31.172745]},"properties":{"j":63,"w":0.483706}},{"type":"Feature","geometry":{"type":"Point","coordinates":[121.767875,31.187178]},"properties":{"j":43,"w":0.440127}},{"type":"Feature","geometry":{"type":"Point","coordinates":[121.767828,31.190786]},"properties":{"j":28,"w":0.391639}},{"type":"Feature","geometry":{"type":"Point","coordinates":[121.767781,31.194395]},"properties":{"j":228,"w":0.631978}},{"type":"Feature","geometry":{"type":"Point","coordinates":[121.767734,31.198003]},"properties":{"j":71,"w":0.497405}},{"type":"Feature","geometry":{"type":"Point","coordinates":[121.774391,31.006798]},"properties":{"j":40,"w":0.431913}},{"type":"Feature","geometry":{"type":"Point","coordinates":[121.774345,31.010406]},"properties":{"j":53,"w":0.463946}},{"type":"Feature","geometry":{"type":"Point","coordinates":[121.77416,31.02484]},"properties":{"j":8,"w":0.255552}},{"type":"Feature","geometry":{"type":"Point","coordinates":[121.774114,31.028449]},"properties":{"j":215,"w":0.625181}},{"type":"Feature","geometry":{"type":"Point","coordinates":[121.774067,31.032057]},"properties":{"j":43,"w":0.440127}},{"type":"Feature","geometry":{"type":"Point","coordinates":[121.774021,31.035665]},"properties":{"j":26,"w":0.383328}},{"type":"Feature","geometry":{"type":"Point","coordinates":[121.773975,31.039274]},"properties":{"j":537,"w":0.73132}},{"type":"Feature","geometry":{"type":"Point","coordinates":[121.773929,31.042882]},"properties":{"j":58,"w":0.474245}},{"type":"Feature","geometry":{"type":"Point","coordinates":[121.773882,31.046491]},"properties":{"j":51,"w":0.459556}},{"type":"Feature","geometry":{"type":"Point","coordinates":[121.773836,31.050099]},"properties":{"j":29,"w":0.395582}},{"type":"Feature","geometry":{"type":"Point","coordinates":[121.77379,31.053708]},"properties":{"j":104,"w":0.541287}},{"type":"Feature","geometry":{"type":"Point","coordinates":[121.773512,31.075358]},"properties":{"j":75,"w":0.503693}},{"type":"Feature","geometry":{"type":"Point","coordinates":[121.773188,31.100617]},"properties":{"j":158,"w":0.589548}},{"type":"Feature","geometry":{"type":"Point","coordinates":[121.773141,31.104225]},"properties":{"j":64,"w":0.485509}},{"type":"Feature","geometry":{"type":"Point","coordinates":[121.773095,31.107834]},"properties":{"j":93,"w":0.528416}},{"type":"Feature","geometry":{"type":"Point","coordinates":[121.773048,31.111442]},"properties":{"j":333,"w":0.675875}},{"type":"Feature","geometry":{"type":"Point","coordinates":[121.773002,31.115051]},"properties":{"j":339,"w":0.677946}},{"type":"Feature","geometry":{"type":"Point","coordinates":[121.772956,31.118659]},"properties":{"j":535,"w":0.730887}},{"type":"Feature","geometry":{"type":"Point","coordinates":[121.772909,31.122267]},"properties":{"j":200,"w":0.61681}},{"type":"Feature","geometry":{"type":"Point","coordinates":[121.772863,31.125876]},"properties":{"j":20,"w":0.354098}},{"type":"Feature","geometry":{"type":"Point","coordinates":[121.772816,31.129484]},"properties":{"j":1675,"w":0.86348}},{"type":"Feature","geometry":{"type":"Point","coordinates":[121.77277,31.133093]},"properties":{"j":2051,"w":0.887021}},{"type":"Feature","geometry":{"type":"Point","coordinates":[121.772723,31.136701]},"properties":{"j":84,"w":0.51671}},{"type":"Feature","geometry":{"type":"Point","coordinates":[121.772677,31.140309]},"properties":{"j":481,"w":0.718537}},{"type":"Feature","geometry":{"type":"Point","coordinates":[121.77263,31.143918]},"properties":{"j":15,"w":0.322471}},{"type":"Feature","geometry":{"type":"Point","coordinates":[121.772305,31.169176]},"properties":{"j":2883,"w":0.926608}},{"type":"Feature","geometry":{"type":"Point","coordinates":[121.772258,31.172785]},"properties":{"j":35,"w":0.416787}},{"type":"Feature","geometry":{"type":"Point","coordinates":[121.772025,31.190826]},"properties":{"j":10,"w":0.278891}},{"type":"Feature","geometry":{"type":"Point","coordinates":[121.771979,31.194435]},"properties":{"j":111,"w":0.548793}},{"type":"Feature","geometry":{"type":"Point","coordinates":[121.771885,31.201652]},"properties":{"j":8,"w":0.255552}},{"type":"Feature","geometry":{"type":"Point","coordinates":[121.771746,31.212477]},"properties":{"j":14,"w":0.314964}},{"type":"Feature","geometry":{"type":"Point","coordinates":[121.780505,30.85528]},"properties":{"j":75,"w":0.503693}},{"type":"Feature","geometry":{"type":"Point","coordinates":[121.780277,30.873323]},"properties":{"j":218,"w":0.626785}},{"type":"Feature","geometry":{"type":"Point","coordinates":[121.780231,30.876932]},"properties":{"j":10,"w":0.278891}},{"type":"Feature","geometry":{"type":"Point","coordinates":[121.779407,30.941885]},"properties":{"j":34,"w":0.413511}},{"type":"Feature","geometry":{"type":"Point","coordinates":[121.778304,31.028488]},"properties":{"j":91,"w":0.525914}},{"type":"Feature","geometry":{"type":"Point","coordinates":[121.778166,31.039314]},"properties":{"j":142,"w":0.577212}},{"type":"Feature","geometry":{"type":"Point","coordinates":[121.77812,31.042922]},"properties":{"j":8,"w":0.255552}},{"type":"Feature","geometry":{"type":"Point","coordinates":[121.778073,31.046531]},"properties":{"j":261,"w":0.647636}},{"type":"Feature","geometry":{"type":"Point","coordinates":[121.778027,31.050139]},"properties":{"j":111,"w":0.548793}},{"type":"Feature","geometry":{"type":"Point","coordinates":[121.777981,31.053747]},"properties":{"j":413,"w":0.700849}},{"type":"Feature","geometry":{"type":"Point","coordinates":[121.777935,31.057356]},"properties":{"j":74,"w":0.502153}},{"type":"Feature","geometry":{"type":"Point","coordinates":[121.777473,31.09344]},"properties":{"j":7,"w":0.241853}},{"type":"Feature","geometry":{"type":"Point","coordinates":[121.777427,31.097049]},"properties":{"j":9,"w":0.267806}},{"type":"Feature","geometry":{"type":"Point","coordinates":[121.777381,31.100657]},"properties":{"j":17,"w":0.33617}},{"type":"Feature","geometry":{"type":"Point","coordinates":[121.777335,31.104265]},"properties":{"j":14,"w":0.314964}},{"type":"Feature","geometry":{"type":"Point","coordinates":[121.777289,31.107874]},"properties":{"j":104,"w":0.541287}},{"type":"Feature","geometry":{"type":"Point","coordinates":[121.777242,31.111482]},"properties":{"j":366,"w":0.686833}},{"type":"Feature","geometry":{"type":"Point","coordinates":[121.777196,31.115091]},"properties":{"j":207,"w":0.620792}},{"type":"Feature","geometry":{"type":"Point","coordinates":[121.77715,31.118699]},"properties":{"j":31,"w":0.403088}},{"type":"Feature","geometry":{"type":"Point","coordinates":[121.777057,31.125916]},"properties":{"j":125,"w":0.562492}},{"type":"Feature","geometry":{"type":"Point","coordinates":[121.777011,31.129524]},"properties":{"j":2704,"w":0.919156}},{"type":"Feature","geometry":{"type":"Point","coordinates":[121.776965,31.133133]},"properties":{"j":1365,"w":0.839693}},{"type":"Feature","geometry":{"type":"Point","coordinates":[121.776918,31.136741]},"properties":{"j":144,"w":0.578828}},{"type":"Feature","geometry":{"type":"Point","coordinates":[121.776872,31.140349]},"properties":{"j":173,"w":0.600033}},{"type":"Feature","geometry":{"type":"Point","coordinates":[121.776826,31.143958]},"properties":{"j":270,"w":0.651564}},{"type":"Feature","geometry":{"type":"Point","coordinates":[121.776779,31.147566]},"properties":{"j":736,"w":0.767925}},{"type":"Feature","geometry":{"type":"Point","coordinates":[121.776733,31.151174]},"properties":{"j":454,"w":0.711832}},{"type":"Feature","geometry":{"type":"Point","coordinates":[121.776455,31.172825]},"properties":{"j":42,"w":0.437453}},{"type":"Feature","geometry":{"type":"Point","coordinates":[121.776408,31.176433]},"properties":{"j":150,"w":0.583543}},{"type":"Feature","geometry":{"type":"Point","coordinates":[121.784552,30.866145]},"properties":{"j":12,"w":0.298321}},{"type":"Feature","geometry":{"type":"Point","coordinates":[121.784506,30.869754]},"properties":{"j":245,"w":0.640307}},{"type":"Feature","geometry":{"type":"Point","coordinates":[121.78446,30.873362]},"properties":{"j":287,"w":0.65864}},{"type":"Feature","geometry":{"type":"Point","coordinates":[121.784415,30.876971]},"properties":{"j":516,"w":0.726689}},{"type":"Feature","geometry":{"type":"Point","coordinates":[121.783959,30.913056]},"properties":{"j":6,"w":0.226322}},{"type":"Feature","geometry":{"type":"Point","coordinates":[121.783593,30.941924]},"properties":{"j":8,"w":0.255552}},{"type":"Feature","geometry":{"type":"Point","coordinates":[121.782265,31.04657]},"properties":{"j":181,"w":0.605261}},{"type":"Feature","geometry":{"type":"Point","coordinates":[121.782219,31.050179]},"properties":{"j":322,"w":0.67198}},{"type":"Feature","geometry":{"type":"Point","coordinates":[121.782173,31.053787]},"properties":{"j":371,"w":0.688407}},{"type":"Feature","geometry":{"type":"Point","coordinates":[121.782127,31.057395]},"properties":{"j":95,"w":0.530864}},{"type":"Feature","geometry":{"type":"Point","coordinates":[121.782081,31.061004]},"properties":{"j":102,"w":0.53905}},{"type":"Feature","geometry":{"type":"Point","coordinates":[121.781667,31.09348]},"properties":{"j":20,"w":0.354098}},{"type":"Feature","geometry":{"type":"Point","coordinates":[121.78162,31.097088]},"properties":{"j":21,"w":0.359509}},{"type":"Feature","geometry":{"type":"Point","coordinates":[121.781436,31.111522]},"properties":{"j":61,"w":0.480014}},{"type":"Feature","geometry":{"type":"Point","coordinates":[121.781206,31.129564]},"properties":{"j":30,"w":0.399396}},{"type":"Feature","geometry":{"type":"Point","coordinates":[121.781159,31.133172]},"properties":{"j":56,"w":0.470234}},{"type":"Feature","geometry":{"type":"Point","coordinates":[121.781113,31.136781]},"properties":{"j":34,"w":0.413511}},{"type":"Feature","geometry":{"type":"Point","coordinates":[121.781067,31.140389]},"properties":{"j":140,"w":0.575574}},{"type":"Feature","geometry":{"type":"Point","coordinates":[121.781021,31.143997]},"properties":{"j":173,"w":0.600033}},{"type":"Feature","geometry":{"type":"Point","coordinates":[121.780975,31.147606]},"properties":{"j":540,"w":0.731967}},{"type":"Feature","geometry":{"type":"Point","coordinates":[121.780929,31.151214]},"properties":{"j":68,"w":0.492455}},{"type":"Feature","geometry":{"type":"Point","coordinates":[121.780651,31.172865]},"properties":{"j":43,"w":0.440127}},{"type":"Feature","geometry":{"type":"Point","coordinates":[121.780605,31.176473]},"properties":{"j":132,"w":0.568781}},{"type":"Feature","geometry":{"type":"Point","coordinates":[121.780559,31.180081]},"properties":{"j":50,"w":0.457298}},{"type":"Feature","geometry":{"type":"Point","coordinates":[121.780513,31.18369]},"properties":{"j":46,"w":0.447798}},{"type":"Feature","geometry":{"type":"Point","coordinates":[121.780374,31.194515]},"properties":{"j":19,"w":0.348424}},{"type":"Feature","geometry":{"type":"Point","coordinates":[121.788916,30.85175]},"properties":{"j":181,"w":0.605261}},{"type":"Feature","geometry":{"type":"Point","coordinates":[121.788871,30.855359]},"properties":{"j":231,"w":0.633492}},{"type":"Feature","geometry":{"type":"Point","coordinates":[121.788689,30.869793]},"properties":{"j":255,"w":0.644941}},{"type":"Feature","geometry":{"type":"Point","coordinates":[121.788644,30.873402]},"properties":{"j":46,"w":0.447798}},{"type":"Feature","geometry":{"type":"Point","coordinates":[121.788599,30.87701]},"properties":{"j":607,"w":0.745547}},{"type":"Feature","geometry":{"type":"Point","coordinates":[121.788144,30.913096]},"properties":{"j":106,"w":0.543481}},{"type":"Feature","geometry":{"type":"Point","coordinates":[121.788099,30.916704]},"properties":{"j":78,"w":0.508196}},{"type":"Feature","geometry":{"type":"Point","coordinates":[121.788053,30.920313]},"properties":{"j":12,"w":0.298321}},{"type":"Feature","geometry":{"type":"Point","coordinates":[121.78778,30.941964]},"properties":{"j":12,"w":0.298321}},{"type":"Feature","geometry":{"type":"Point","coordinates":[121.786456,31.04661]},"properties":{"j":31,"w":0.403088}},{"type":"Feature","geometry":{"type":"Point","coordinates":[121.78641,31.050218]},"properties":{"j":108,"w":0.545635}},{"type":"Feature","geometry":{"type":"Point","coordinates":[121.786364,31.053827]},"properties":{"j":140,"w":0.575574}},{"type":"Feature","geometry":{"type":"Point","coordinates":[121.786318,31.057435]},"properties":{"j":85,"w":0.518071}},{"type":"Feature","geometry":{"type":"Point","coordinates":[121.786272,31.061043]},"properties":{"j":76,"w":0.505214}},{"type":"Feature","geometry":{"type":"Point","coordinates":[121.78563,31.111561]},"properties":{"j":50,"w":0.457298}},{"type":"Feature","geometry":{"type":"Point","coordinates":[121.785446,31.125995]},"properties":{"j":26,"w":0.383328}},{"type":"Feature","geometry":{"type":"Point","coordinates":[121.7854,31.129603]},"properties":{"j":161,"w":0.591722}},{"type":"Feature","geometry":{"type":"Point","coordinates":[121.785354,31.133212]},"properties":{"j":6,"w":0.226322}},{"type":"Feature","geometry":{"type":"Point","coordinates":[121.78494,31.165687]},"properties":{"j":6,"w":0.226322}},{"type":"Feature","geometry":{"type":"Point","coordinates":[121.784756,31.180121]},"properties":{"j":59,"w":0.4762}},{"type":"Feature","geometry":{"type":"Point","coordinates":[121.793144,30.848181]},"properties":{"j":11,"w":0.289011}},{"type":"Feature","geometry":{"type":"Point","coordinates":[121.793099,30.851789]},"properties":{"j":186,"w":0.608413}},{"type":"Feature","geometry":{"type":"Point","coordinates":[121.793054,30.855398]},"properties":{"j":723,"w":0.765856}},{"type":"Feature","geometry":{"type":"Point","coordinates":[121.792873,30.869832]},"properties":{"j":505,"w":0.724188}},{"type":"Feature","geometry":{"type":"Point","coordinates":[121.792827,30.873441]},"properties":{"j":49,"w":0.454995}},{"type":"Feature","geometry":{"type":"Point","coordinates":[121.792375,30.909526]},"properties":{"j":12,"w":0.298321}},{"type":"Feature","geometry":{"type":"Point","coordinates":[121.792329,30.913135]},"properties":{"j":209,"w":0.621905}},{"type":"Feature","geometry":{"type":"Point","coordinates":[121.792284,30.916743]},"properties":{"j":193,"w":0.612687}},{"type":"Feature","geometry":{"type":"Point","coordinates":[121.792239,30.920352]},"properties":{"j":12,"w":0.298321}},{"type":"Feature","geometry":{"type":"Point","coordinates":[121.792012,30.938394]},"properties":{"j":17,"w":0.33617}},{"type":"Feature","geometry":{"type":"Point","coordinates":[121.79183,30.952828]},"properties":{"j":6,"w":0.226322}},{"type":"Feature","geometry":{"type":"Point","coordinates":[121.790875,31.028607]},"properties":{"j":78,"w":0.508196}},{"type":"Feature","geometry":{"type":"Point","coordinates":[121.790601,31.050257]},"properties":{"j":58,"w":0.474245}},{"type":"Feature","geometry":{"type":"Point","coordinates":[121.790555,31.053866]},"properties":{"j":151,"w":0.584311}},{"type":"Feature","geometry":{"type":"Point","coordinates":[121.79019,31.082733]},"properties":{"j":13,"w":0.30694}},{"type":"Feature","geometry":{"type":"Point","coordinates":[121.789595,31.129643]},"properties":{"j":31,"w":0.403088}},{"type":"Feature","geometry":{"type":"Point","coordinates":[121.789182,31.162119]},"properties":{"j":36,"w":0.419974}},{"type":"Feature","geometry":{"type":"Point","coordinates":[121.789136,31.165727]},"properties":{"j":30,"w":0.399396}},{"type":"Feature","geometry":{"type":"Point","coordinates":[121.78909,31.169335]},"properties":{"j":14,"w":0.314964}},{"type":"Feature","geometry":{"type":"Point","coordinates":[121.797326,30.84822]},"properties":{"j":8,"w":0.255552}},{"type":"Feature","geometry":{"type":"Point","coordinates":[121.797281,30.851828]},"properties":{"j":10,"w":0.278891}},{"type":"Feature","geometry":{"type":"Point","coordinates":[121.797236,30.855437]},"properties":{"j":264,"w":0.64896}},{"type":"Feature","geometry":{"type":"Point","coordinates":[121.797056,30.869871]},"properties":{"j":124,"w":0.561565}},{"type":"Feature","geometry":{"type":"Point","coordinates":[121.797011,30.87348]},"properties":{"j":73,"w":0.500592}},{"type":"Feature","geometry":{"type":"Point","coordinates":[121.79665,30.902348]},"properties":{"j":71,"w":0.497405}},{"type":"Feature","geometry":{"type":"Point","coordinates":[121.796515,30.913174]},"properties":{"j":96,"w":0.53207}},{"type":"Feature","geometry":{"type":"Point","coordinates":[121.796243,30.934825]},"properties":{"j":57,"w":0.472257}},{"type":"Feature","geometry":{"type":"Point","coordinates":[121.796198,30.938433]},"properties":{"j":16,"w":0.329522}},{"type":"Feature","geometry":{"type":"Point","coordinates":[121.794747,31.053905]},"properties":{"j":18,"w":0.342458}},{"type":"Feature","geometry":{"type":"Point","coordinates":[121.794701,31.057514]},"properties":{"j":38,"w":0.426097}},{"type":"Feature","geometry":{"type":"Point","coordinates":[121.793561,31.147724]},"properties":{"j":10,"w":0.278891}},{"type":"Feature","geometry":{"type":"Point","coordinates":[121.793424,31.15855]},"properties":{"j":17,"w":0.33617}},{"type":"Feature","geometry":{"type":"Point","coordinates":[121.793378,31.162158]},"properties":{"j":285,"w":0.65783}},{"type":"Feature","geometry":{"type":"Point","coordinates":[121.793333,31.165766]},"properties":{"j":6,"w":0.226322}},{"type":"Feature","geometry":{"type":"Point","coordinates":[121.793287,31.169375]},"properties":{"j":34,"w":0.413511}},{"type":"Feature","geometry":{"type":"Point","coordinates":[121.793195,31.176592]},"properties":{"j":8,"w":0.255552}},{"type":"Feature","geometry":{"type":"Point","coordinates":[121.801509,30.848258]},"properties":{"j":14,"w":0.314964}},{"type":"Feature","geometry":{"type":"Point","coordinates":[121.801464,30.851867]},"properties":{"j":27,"w":0.387558}},{"type":"Feature","geometry":{"type":"Point","coordinates":[121.801419,30.855476]},"properties":{"j":160,"w":0.591002}},{"type":"Feature","geometry":{"type":"Point","coordinates":[121.801374,30.859084]},"properties":{"j":20,"w":0.354098}},{"type":"Feature","geometry":{"type":"Point","coordinates":[121.801329,30.862693]},"properties":{"j":42,"w":0.437453}},{"type":"Feature","geometry":{"type":"Point","coordinates":[121.801284,30.866301]},"properties":{"j":29,"w":0.395582}},{"type":"Feature","geometry":{"type":"Point","coordinates":[121.801195,30.873518]},"properties":{"j":29,"w":0.395582}},{"type":"Feature","geometry":{"type":"Point","coordinates":[121.80115,30.877127]},"properties":{"j":6,"w":0.226322}},{"type":"Feature","geometry":{"type":"Point","coordinates":[121.801105,30.880736]},"properties":{"j":23,"w":0.369629}},{"type":"Feature","geometry":{"type":"Point","coordinates":[121.8007,30.913213]},"properties":{"j":119,"w":0.556818}},{"type":"Feature","geometry":{"type":"Point","coordinates":[121.799753,30.988992]},"properties":{"j":338,"w":0.677603}},{"type":"Feature","geometry":{"type":"Point","coordinates":[121.799708,30.9926]},"properties":{"j":355,"w":0.683294}},{"type":"Feature","geometry":{"type":"Point","coordinates":[121.799074,31.043119]},"properties":{"j":52,"w":0.461772}},{"type":"Feature","geometry":{"type":"Point","coordinates":[121.798938,31.053944]},"properties":{"j":7,"w":0.241853}},{"type":"Feature","geometry":{"type":"Point","coordinates":[121.798893,31.057553]},"properties":{"j":6,"w":0.226322}},{"type":"Feature","geometry":{"type":"Point","coordinates":[121.798439,31.093637]},"properties":{"j":7,"w":0.241853}},{"type":"Feature","geometry":{"type":"Point","coordinates":[121.797984,31.129722]},"properties":{"j":11,"w":0.289011}},{"type":"Feature","geometry":{"type":"Point","coordinates":[121.797939,31.13333]},"properties":{"j":12,"w":0.298321}},{"type":"Feature","geometry":{"type":"Point","coordinates":[121.797757,31.147764]},"properties":{"j":74,"w":0.502153}},{"type":"Feature","geometry":{"type":"Point","coordinates":[121.797711,31.151372]},"properties":{"j":371,"w":0.688407}},{"type":"Feature","geometry":{"type":"Point","coordinates":[121.797666,31.15498]},"properties":{"j":22,"w":0.364679}},{"type":"Feature","geometry":{"type":"Point","coordinates":[121.79762,31.158589]},"properties":{"j":54,"w":0.46608}},{"type":"Feature","geometry":{"type":"Point","coordinates":[121.797575,31.162197]},"properties":{"j":70,"w":0.495778}},{"type":"Feature","geometry":{"type":"Point","coordinates":[121.797529,31.165806]},"properties":{"j":21,"w":0.359509}},{"type":"Feature","geometry":{"type":"Point","coordinates":[121.797438,31.173022]},"properties":{"j":13,"w":0.30694}},{"type":"Feature","geometry":{"type":"Point","coordinates":[121.797392,31.176631]},"properties":{"j":14,"w":0.314964}},{"type":"Feature","geometry":{"type":"Point","coordinates":[121.805691,30.848297]},"properties":{"j":155,"w":0.587332}},{"type":"Feature","geometry":{"type":"Point","coordinates":[121.805647,30.851906]},"properties":{"j":41,"w":0.434716}},{"type":"Feature","geometry":{"type":"Point","coordinates":[121.805602,30.855514]},"properties":{"j":75,"w":0.503693}},{"type":"Feature","geometry":{"type":"Point","coordinates":[121.805557,30.859123]},"properties":{"j":61,"w":0.480014}},{"type":"Feature","geometry":{"type":"Point","coordinates":[121.805512,30.862731]},"properties":{"j":529,"w":0.729578}},{"type":"Feature","geometry":{"type":"Point","coordinates":[121.805468,30.86634]},"properties":{"j":302,"w":0.664546}},{"type":"Feature","geometry":{"type":"Point","coordinates":[121.805423,30.869949]},"properties":{"j":18,"w":0.342458}},{"type":"Feature","geometry":{"type":"Point","coordinates":[121.805378,30.873557]},"properties":{"j":12,"w":0.298321}},{"type":"Feature","geometry":{"type":"Point","coordinates":[121.805289,30.880774]},"properties":{"j":26,"w":0.383328}},{"type":"Feature","geometry":{"type":"Point","coordinates":[121.805244,30.884383]},"properties":{"j":18,"w":0.342458}},{"type":"Feature","geometry":{"type":"Point","coordinates":[121.80502,30.902426]},"properties":{"j":18,"w":0.342458}},{"type":"Feature","geometry":{"type":"Point","coordinates":[121.804885,30.913251]},"properties":{"j":42,"w":0.437453}},{"type":"Feature","geometry":{"type":"Point","coordinates":[121.804346,30.956554]},"properties":{"j":74,"w":0.502153}},{"type":"Feature","geometry":{"type":"Point","coordinates":[121.803941,30.98903]},"properties":{"j":252,"w":0.64357}},{"type":"Feature","geometry":{"type":"Point","coordinates":[121.803896,30.992639]},"properties":{"j":799,"w":0.777465}},{"type":"Feature","geometry":{"type":"Point","coordinates":[121.803851,30.996247]},"properties":{"j":8,"w":0.255552}},{"type":"Feature","geometry":{"type":"Point","coordinates":[121.803265,31.043158]},"properties":{"j":11,"w":0.289011}},{"type":"Feature","geometry":{"type":"Point","coordinates":[121.802632,31.093676]},"properties":{"j":12,"w":0.298321}},{"type":"Feature","geometry":{"type":"Point","coordinates":[121.802088,31.136977]},"properties":{"j":26,"w":0.383328}},{"type":"Feature","geometry":{"type":"Point","coordinates":[121.801952,31.147803]},"properties":{"j":70,"w":0.495778}},{"type":"Feature","geometry":{"type":"Point","coordinates":[121.801907,31.151411]},"properties":{"j":736,"w":0.767925}},{"type":"Feature","geometry":{"type":"Point","coordinates":[121.801862,31.15502]},"properties":{"j":225,"w":0.630445}},{"type":"Feature","geometry":{"type":"Point","coordinates":[121.801816,31.158628]},"properties":{"j":20,"w":0.354098}},{"type":"Feature","geometry":{"type":"Point","coordinates":[121.801771,31.162236]},"properties":{"j":8,"w":0.255552}},{"type":"Feature","geometry":{"type":"Point","coordinates":[121.801725,31.165845]},"properties":{"j":304,"w":0.665311}},{"type":"Feature","geometry":{"type":"Point","coordinates":[121.80168,31.169453]},"properties":{"j":7,"w":0.241853}},{"type":"Feature","geometry":{"type":"Point","coordinates":[121.801634,31.173062]},"properties":{"j":20,"w":0.354098}},{"type":"Feature","geometry":{"type":"Point","coordinates":[121.801544,31.180278]},"properties":{"j":13,"w":0.30694}},{"type":"Feature","geometry":{"type":"Point","coordinates":[121.809874,30.848336]},"properties":{"j":328,"w":0.674121}},{"type":"Feature","geometry":{"type":"Point","coordinates":[121.809829,30.851944]},"properties":{"j":54,"w":0.46608}},{"type":"Feature","geometry":{"type":"Point","coordinates":[121.809785,30.855553]},"properties":{"j":11,"w":0.289011}},{"type":"Feature","geometry":{"type":"Point","coordinates":[121.80974,30.859161]},"properties":{"j":131,"w":0.567903}},{"type":"Feature","geometry":{"type":"Point","coordinates":[121.809695,30.86277]},"properties":{"j":744,"w":0.769181}},{"type":"Feature","geometry":{"type":"Point","coordinates":[121.809651,30.866379]},"properties":{"j":81,"w":0.512531}},{"type":"Feature","geometry":{"type":"Point","coordinates":[121.809606,30.869987]},"properties":{"j":127,"w":0.564324}},{"type":"Feature","geometry":{"type":"Point","coordinates":[121.809517,30.877204]},"properties":{"j":91,"w":0.525914}},{"type":"Feature","geometry":{"type":"Point","coordinates":[121.809472,30.880813]},"properties":{"j":18,"w":0.342458}},{"type":"Feature","geometry":{"type":"Point","coordinates":[121.809428,30.884421]},"properties":{"j":55,"w":0.468176}},{"type":"Feature","geometry":{"type":"Point","coordinates":[121.80916,30.906073]},"properties":{"j":137,"w":0.573073}},{"type":"Feature","geometry":{"type":"Point","coordinates":[121.809115,30.909681]},"properties":{"j":130,"w":0.567018}},{"type":"Feature","geometry":{"type":"Point","coordinates":[121.80907,30.91329]},"properties":{"j":19,"w":0.348424}},{"type":"Feature","geometry":{"type":"Point","coordinates":[121.808533,30.956592]},"properties":{"j":431,"w":0.705799}},{"type":"Feature","geometry":{"type":"Point","coordinates":[121.808175,30.985461]},"properties":{"j":120,"w":0.557783}},{"type":"Feature","geometry":{"type":"Point","coordinates":[121.80813,30.989069]},"properties":{"j":476,"w":0.717324}},{"type":"Feature","geometry":{"type":"Point","coordinates":[121.808085,30.992678]},"properties":{"j":1037,"w":0.807756}},{"type":"Feature","geometry":{"type":"Point","coordinates":[121.80804,30.996286]},"properties":{"j":27,"w":0.387558}},{"type":"Feature","geometry":{"type":"Point","coordinates":[121.806419,31.126191]},"properties":{"j":10,"w":0.278891}},{"type":"Feature","geometry":{"type":"Point","coordinates":[121.806329,31.133408]},"properties":{"j":16,"w":0.329522}},{"type":"Feature","geometry":{"type":"Point","coordinates":[121.806193,31.144233]},"properties":{"j":25,"w":0.378939}},{"type":"Feature","geometry":{"type":"Point","coordinates":[121.806148,31.147842]},"properties":{"j":25,"w":0.378939}},{"type":"Feature","geometry":{"type":"Point","coordinates":[121.806103,31.15145]},"properties":{"j":122,"w":0.559689}},{"type":"Feature","geometry":{"type":"Point","coordinates":[121.806057,31.155059]},"properties":{"j":144,"w":0.578828}},{"type":"Feature","geometry":{"type":"Point","coordinates":[121.806012,31.158667]},"properties":{"j":45,"w":0.445297}},{"type":"Feature","geometry":{"type":"Point","coordinates":[121.805922,31.165884]},"properties":{"j":7,"w":0.241853}},{"type":"Feature","geometry":{"type":"Point","coordinates":[121.814056,30.848374]},"properties":{"j":492,"w":0.721161}},{"type":"Feature","geometry":{"type":"Point","coordinates":[121.814012,30.851983]},"properties":{"j":637,"w":0.751148}},{"type":"Feature","geometry":{"type":"Point","coordinates":[121.813967,30.855591]},"properties":{"j":142,"w":0.577212}},{"type":"Feature","geometry":{"type":"Point","coordinates":[121.813745,30.873634]},"properties":{"j":40,"w":0.431913}},{"type":"Feature","geometry":{"type":"Point","coordinates":[121.813656,30.880851]},"properties":{"j":24,"w":0.374377}},{"type":"Feature","geometry":{"type":"Point","coordinates":[121.813523,30.891677]},"properties":{"j":50,"w":0.457298}},{"type":"Feature","geometry":{"type":"Point","coordinates":[121.813345,30.906111]},"properties":{"j":1494,"w":0.850188}},{"type":"Feature","geometry":{"type":"Point","coordinates":[121.8133,30.90972]},"properties":{"j":515,"w":0.726464}},{"type":"Feature","geometry":{"type":"Point","coordinates":[121.813256,30.913328]},"properties":{"j":407,"w":0.699151}},{"type":"Feature","geometry":{"type":"Point","coordinates":[121.812721,30.956631]},"properties":{"j":291,"w":0.660245}},{"type":"Feature","geometry":{"type":"Point","coordinates":[121.812497,30.974674]},"properties":{"j":14,"w":0.314964}},{"type":"Feature","geometry":{"type":"Point","coordinates":[121.812363,30.985499]},"properties":{"j":101,"w":0.537915}},{"type":"Feature","geometry":{"type":"Point","coordinates":[121.812319,30.989108]},"properties":{"j":443,"w":0.708985}},{"type":"Feature","geometry":{"type":"Point","coordinates":[121.812274,30.992716]},"properties":{"j":447,"w":0.710029}},{"type":"Feature","geometry":{"type":"Point","coordinates":[121.810794,31.111796]},"properties":{"j":52,"w":0.461772}},{"type":"Feature","geometry":{"type":"Point","coordinates":[121.810704,31.119013]},"properties":{"j":68,"w":0.492455}},{"type":"Feature","geometry":{"type":"Point","coordinates":[121.810479,31.137055]},"properties":{"j":15,"w":0.322471}},{"type":"Feature","geometry":{"type":"Point","coordinates":[121.810343,31.147881]},"properties":{"j":43,"w":0.440127}},{"type":"Feature","geometry":{"type":"Point","coordinates":[121.818283,30.844804]},"properties":{"j":6,"w":0.226322}},{"type":"Feature","geometry":{"type":"Point","coordinates":[121.818239,30.848412]},"properties":{"j":73,"w":0.500592}},{"type":"Feature","geometry":{"type":"Point","coordinates":[121.818194,30.852021]},"properties":{"j":95,"w":0.530864}},{"type":"Feature","geometry":{"type":"Point","coordinates":[121.81815,30.855629]},"properties":{"j":63,"w":0.483706}},{"type":"Feature","geometry":{"type":"Point","coordinates":[121.818106,30.859238]},"properties":{"j":111,"w":0.548793}},{"type":"Feature","geometry":{"type":"Point","coordinates":[121.818017,30.866455]},"properties":{"j":53,"w":0.463946}},{"type":"Feature","geometry":{"type":"Point","coordinates":[121.817973,30.870064]},"properties":{"j":221,"w":0.628368}},{"type":"Feature","geometry":{"type":"Point","coordinates":[121.817929,30.873672]},"properties":{"j":245,"w":0.640307}},{"type":"Feature","geometry":{"type":"Point","coordinates":[121.817884,30.877281]},"properties":{"j":221,"w":0.628368}},{"type":"Feature","geometry":{"type":"Point","coordinates":[121.817751,30.888107]},"properties":{"j":17,"w":0.33617}},{"type":"Feature","geometry":{"type":"Point","coordinates":[121.81753,30.90615]},"properties":{"j":24,"w":0.374377}},{"type":"Feature","geometry":{"type":"Point","coordinates":[121.817485,30.909758]},"properties":{"j":27,"w":0.387558}},{"type":"Feature","geometry":{"type":"Point","coordinates":[121.81673,30.971104]},"properties":{"j":6,"w":0.226322}},{"type":"Feature","geometry":{"type":"Point","coordinates":[121.816685,30.974712]},"properties":{"j":207,"w":0.620792}},{"type":"Feature","geometry":{"type":"Point","coordinates":[121.815346,31.082967]},"properties":{"j":6,"w":0.226322}},{"type":"Feature","geometry":{"type":"Point","coordinates":[121.815301,31.086576]},"properties":{"j":46,"w":0.447798}},{"type":"Feature","geometry":{"type":"Point","coordinates":[121.815167,31.097401]},"properties":{"j":6,"w":0.226322}},{"type":"Feature","geometry":{"type":"Point","coordinates":[121.814853,31.12266]},"properties":{"j":9,"w":0.267806}},{"type":"Feature","geometry":{"type":"Point","coordinates":[121.814808,31.126269]},"properties":{"j":32,"w":0.406667}},{"type":"Feature","geometry":{"type":"Point","coordinates":[121.822465,30.844842]},"properties":{"j":9,"w":0.267806}},{"type":"Feature","geometry":{"type":"Point","coordinates":[121.822421,30.84845]},"properties":{"j":183,"w":0.606532}},{"type":"Feature","geometry":{"type":"Point","coordinates":[121.822377,30.852059]},"properties":{"j":115,"w":0.552875}},{"type":"Feature","geometry":{"type":"Point","coordinates":[121.822333,30.855668]},"properties":{"j":15,"w":0.322471}},{"type":"Feature","geometry":{"type":"Point","coordinates":[121.822289,30.859276]},"properties":{"j":405,"w":0.698579}},{"type":"Feature","geometry":{"type":"Point","coordinates":[121.822245,30.862885]},"properties":{"j":127,"w":0.564324}},{"type":"Feature","geometry":{"type":"Point","coordinates":[121.822201,30.866493]},"properties":{"j":296,"w":0.662219}},{"type":"Feature","geometry":{"type":"Point","coordinates":[121.822156,30.870102]},"properties":{"j":171,"w":0.598688}},{"type":"Feature","geometry":{"type":"Point","coordinates":[121.822112,30.873711]},"properties":{"j":234,"w":0.634987}},{"type":"Feature","geometry":{"type":"Point","coordinates":[121.822068,30.877319]},"properties":{"j":345,"w":0.67998}},{"type":"Feature","geometry":{"type":"Point","coordinates":[121.82198,30.884536]},"properties":{"j":204,"w":0.619102}},{"type":"Feature","geometry":{"type":"Point","coordinates":[121.821936,30.888145]},"properties":{"j":171,"w":0.598688}},{"type":"Feature","geometry":{"type":"Point","coordinates":[121.821892,30.891753]},"properties":{"j":93,"w":0.528416}},{"type":"Feature","geometry":{"type":"Point","coordinates":[121.821847,30.895362]},"properties":{"j":38,"w":0.426097}},{"type":"Feature","geometry":{"type":"Point","coordinates":[121.821759,30.902579]},"properties":{"j":19,"w":0.348424}},{"type":"Feature","geometry":{"type":"Point","coordinates":[121.821715,30.906188]},"properties":{"j":7,"w":0.241853}},{"type":"Feature","geometry":{"type":"Point","coordinates":[121.821671,30.909796]},"properties":{"j":89,"w":0.523358}},{"type":"Feature","geometry":{"type":"Point","coordinates":[121.821626,30.913405]},"properties":{"j":57,"w":0.472257}},{"type":"Feature","geometry":{"type":"Point","coordinates":[121.821184,30.949491]},"properties":{"j":441,"w":0.70846}},{"type":"Feature","geometry":{"type":"Point","coordinates":[121.81994,31.050529]},"properties":{"j":8,"w":0.255552}},{"type":"Feature","geometry":{"type":"Point","coordinates":[121.81869,31.151566]},"properties":{"j":10,"w":0.278891}},{"type":"Feature","geometry":{"type":"Point","coordinates":[121.826604,30.848488]},"properties":{"j":227,"w":0.631469}},{"type":"Feature","geometry":{"type":"Point","coordinates":[121.82656,30.852097]},"properties":{"j":58,"w":0.474245}},{"type":"Feature","geometry":{"type":"Point","coordinates":[121.826472,30.859314]},"properties":{"j":114,"w":0.551868}},{"type":"Feature","geometry":{"type":"Point","coordinates":[121.826428,30.862923]},"properties":{"j":208,"w":0.621349}},{"type":"Feature","geometry":{"type":"Point","coordinates":[121.826384,30.866531]},"properties":{"j":243,"w":0.639358}},{"type":"Feature","geometry":{"type":"Point","coordinates":[121.82634,30.87014]},"properties":{"j":255,"w":0.644941}},{"type":"Feature","geometry":{"type":"Point","coordinates":[121.826296,30.873749]},"properties":{"j":267,"w":0.650269}},{"type":"Feature","geometry":{"type":"Point","coordinates":[121.826252,30.877357]},"properties":{"j":275,"w":0.65369}},{"type":"Feature","geometry":{"type":"Point","coordinates":[121.826208,30.880966]},"properties":{"j":12,"w":0.298321}},{"type":"Feature","geometry":{"type":"Point","coordinates":[121.826164,30.884574]},"properties":{"j":541,"w":0.732182}},{"type":"Feature","geometry":{"type":"Point","coordinates":[121.82612,30.888183]},"properties":{"j":377,"w":0.690268}},{"type":"Feature","geometry":{"type":"Point","coordinates":[121.826076,30.891791]},"properties":{"j":69,"w":0.494129}},{"type":"Feature","geometry":{"type":"Point","coordinates":[121.825944,30.902617]},"properties":{"j":62,"w":0.481874}},{"type":"Feature","geometry":{"type":"Point","coordinates":[121.8259,30.906226]},"properties":{"j":6,"w":0.226322}},{"type":"Feature","geometry":{"type":"Point","coordinates":[121.825856,30.909834]},"properties":{"j":22,"w":0.364679}},{"type":"Feature","geometry":{"type":"Point","coordinates":[121.825812,30.913443]},"properties":{"j":23,"w":0.369629}},{"type":"Feature","geometry":{"type":"Point","coordinates":[121.830786,30.848526]},"properties":{"j":28,"w":0.391639}},{"type":"Feature","geometry":{"type":"Point","coordinates":[121.830742,30.852135]},"properties":{"j":35,"w":0.416787}},{"type":"Feature","geometry":{"type":"Point","coordinates":[121.830611,30.862961]},"properties":{"j":16,"w":0.329522}},{"type":"Feature","geometry":{"type":"Point","coordinates":[121.830567,30.866569]},"properties":{"j":159,"w":0.590277}},{"type":"Feature","geometry":{"type":"Point","coordinates":[121.830523,30.870178]},"properties":{"j":88,"w":0.522059}},{"type":"Feature","geometry":{"type":"Point","coordinates":[121.830479,30.873786]},"properties":{"j":176,"w":0.602021}},{"type":"Feature","geometry":{"type":"Point","coordinates":[121.830436,30.877395]},"properties":{"j":529,"w":0.729578}},{"type":"Feature","geometry":{"type":"Point","coordinates":[121.830392,30.881004]},"properties":{"j":52,"w":0.461772}},{"type":"Feature","geometry":{"type":"Point","coordinates":[121.830348,30.884612]},"properties":{"j":219,"w":0.627315}},{"type":"Feature","geometry":{"type":"Point","coordinates":[121.830304,30.888221]},"properties":{"j":148,"w":0.581993}},{"type":"Feature","geometry":{"type":"Point","coordinates":[121.83026,30.891829]},"properties":{"j":19,"w":0.348424}},{"type":"Feature","geometry":{"type":"Point","coordinates":[121.830216,30.895438]},"properties":{"j":7,"w":0.241853}},{"type":"Feature","geometry":{"type":"Point","coordinates":[121.830173,30.899047]},"properties":{"j":20,"w":0.354098}},{"type":"Feature","geometry":{"type":"Point","coordinates":[121.830129,30.902655]},"properties":{"j":238,"w":0.63695}},{"type":"Feature","geometry":{"type":"Point","coordinates":[121.828455,31.03978]},"properties":{"j":13,"w":0.30694}},{"type":"Feature","geometry":{"type":"Point","coordinates":[121.828411,31.043389]},"properties":{"j":11,"w":0.289011}},{"type":"Feature","geometry":{"type":"Point","coordinates":[121.828367,31.046997]},"properties":{"j":20,"w":0.354098}},{"type":"Feature","geometry":{"type":"Point","coordinates":[121.827658,31.104733]},"properties":{"j":30,"w":0.399396}},{"type":"Feature","geometry":{"type":"Point","coordinates":[121.82757,31.11195]},"properties":{"j":9,"w":0.267806}},{"type":"Feature","geometry":{"type":"Point","coordinates":[121.835012,30.844955]},"properties":{"j":11,"w":0.289011}},{"type":"Feature","geometry":{"type":"Point","coordinates":[121.834969,30.848564]},"properties":{"j":57,"w":0.472257}},{"type":"Feature","geometry":{"type":"Point","coordinates":[121.834925,30.852172]},"properties":{"j":82,"w":0.513941}},{"type":"Feature","geometry":{"type":"Point","coordinates":[121.834794,30.862998]},"properties":{"j":12,"w":0.298321}},{"type":"Feature","geometry":{"type":"Point","coordinates":[121.83475,30.866607]},"properties":{"j":264,"w":0.64896}},{"type":"Feature","geometry":{"type":"Point","coordinates":[121.834707,30.870216]},"properties":{"j":50,"w":0.457298}},{"type":"Feature","geometry":{"type":"Point","coordinates":[121.834663,30.873824]},"properties":{"j":313,"w":0.668693}},{"type":"Feature","geometry":{"type":"Point","coordinates":[121.834619,30.877433]},"properties":{"j":219,"w":0.627315}},{"type":"Feature","geometry":{"type":"Point","coordinates":[121.834576,30.881041]},"properties":{"j":82,"w":0.513941}},{"type":"Feature","geometry":{"type":"Point","coordinates":[121.834532,30.88465]},"properties":{"j":90,"w":0.524643}},{"type":"Feature","geometry":{"type":"Point","coordinates":[121.834401,30.895476]},"properties":{"j":49,"w":0.454995}},{"type":"Feature","geometry":{"type":"Point","coordinates":[121.834357,30.899084]},"properties":{"j":46,"w":0.447798}},{"type":"Feature","geometry":{"type":"Point","coordinates":[121.834313,30.902693]},"properties":{"j":72,"w":0.499009}},{"type":"Feature","geometry":{"type":"Point","coordinates":[121.83427,30.906302]},"properties":{"j":30,"w":0.399396}},{"type":"Feature","geometry":{"type":"Point","coordinates":[121.833744,30.949604]},"properties":{"j":20,"w":0.354098}},{"type":"Feature","geometry":{"type":"Point","coordinates":[121.833525,30.967647]},"properties":{"j":17,"w":0.33617}},{"type":"Feature","geometry":{"type":"Point","coordinates":[121.832866,31.021775]},"properties":{"j":40,"w":0.431913}},{"type":"Feature","geometry":{"type":"Point","coordinates":[121.832646,31.039818]},"properties":{"j":51,"w":0.459556}},{"type":"Feature","geometry":{"type":"Point","coordinates":[121.83247,31.054252]},"properties":{"j":10,"w":0.278891}},{"type":"Feature","geometry":{"type":"Point","coordinates":[121.832426,31.057861]},"properties":{"j":62,"w":0.481874}},{"type":"Feature","geometry":{"type":"Point","coordinates":[121.832337,31.065078]},"properties":{"j":44,"w":0.44274}},{"type":"Feature","geometry":{"type":"Point","coordinates":[121.831985,31.093946]},"properties":{"j":55,"w":0.468176}},{"type":"Feature","geometry":{"type":"Point","coordinates":[121.831896,31.101163]},"properties":{"j":18,"w":0.342458}},{"type":"Feature","geometry":{"type":"Point","coordinates":[121.831852,31.104771]},"properties":{"j":74,"w":0.502153}},{"type":"Feature","geometry":{"type":"Point","coordinates":[121.831808,31.108379]},"properties":{"j":71,"w":0.497405}},{"type":"Feature","geometry":{"type":"Point","coordinates":[121.831764,31.111988]},"properties":{"j":12,"w":0.298321}},{"type":"Feature","geometry":{"type":"Point","coordinates":[121.838977,30.863036]},"properties":{"j":22,"w":0.364679}},{"type":"Feature","geometry":{"type":"Point","coordinates":[121.838934,30.866644]},"properties":{"j":544,"w":0.732824}},{"type":"Feature","geometry":{"type":"Point","coordinates":[121.83889,30.870253]},"properties":{"j":84,"w":0.51671}},{"type":"Feature","geometry":{"type":"Point","coordinates":[121.838847,30.873862]},"properties":{"j":456,"w":0.712342}},{"type":"Feature","geometry":{"type":"Point","coordinates":[121.838803,30.87747]},"properties":{"j":271,"w":0.651993}},{"type":"Feature","geometry":{"type":"Point","coordinates":[121.838542,30.899122]},"properties":{"j":404,"w":0.698292}},{"type":"Feature","geometry":{"type":"Point","coordinates":[121.838498,30.902731]},"properties":{"j":457,"w":0.712596}},{"type":"Feature","geometry":{"type":"Point","coordinates":[121.838455,30.906339]},"properties":{"j":62,"w":0.481874}},{"type":"Feature","geometry":{"type":"Point","coordinates":[121.836881,31.036247]},"properties":{"j":570,"w":0.738244}},{"type":"Feature","geometry":{"type":"Point","coordinates":[121.836837,31.039856]},"properties":{"j":279,"w":0.655364}},{"type":"Feature","geometry":{"type":"Point","coordinates":[121.836793,31.043464]},"properties":{"j":42,"w":0.437453}},{"type":"Feature","geometry":{"type":"Point","coordinates":[121.836705,31.050681]},"properties":{"j":47,"w":0.450247}},{"type":"Feature","geometry":{"type":"Point","coordinates":[121.836661,31.05429]},"properties":{"j":222,"w":0.62889}},{"type":"Feature","geometry":{"type":"Point","coordinates":[121.836617,31.057898]},"properties":{"j":266,"w":0.649835}},{"type":"Feature","geometry":{"type":"Point","coordinates":[121.836573,31.061507]},"properties":{"j":288,"w":0.659044}},{"type":"Feature","geometry":{"type":"Point","coordinates":[121.836529,31.065115]},"properties":{"j":50,"w":0.457298}},{"type":"Feature","geometry":{"type":"Point","coordinates":[121.836178,31.093983]},"properties":{"j":92,"w":0.527172}},{"type":"Feature","geometry":{"type":"Point","coordinates":[121.84316,30.863073]},"properties":{"j":20,"w":0.354098}},{"type":"Feature","geometry":{"type":"Point","coordinates":[121.843117,30.866682]},"properties":{"j":15,"w":0.322471}},{"type":"Feature","geometry":{"type":"Point","coordinates":[121.842944,30.881116]},"properties":{"j":7,"w":0.241853}},{"type":"Feature","geometry":{"type":"Point","coordinates":[121.84277,30.895551]},"properties":{"j":29,"w":0.395582}},{"type":"Feature","geometry":{"type":"Point","coordinates":[121.842727,30.899159]},"properties":{"j":271,"w":0.651993}},{"type":"Feature","geometry":{"type":"Point","coordinates":[121.842683,30.902768]},"properties":{"j":325,"w":0.673055}},{"type":"Feature","geometry":{"type":"Point","coordinates":[121.84264,30.906377]},"properties":{"j":151,"w":0.584311}},{"type":"Feature","geometry":{"type":"Point","coordinates":[121.841071,31.036285]},"properties":{"j":41,"w":0.434716}},{"type":"Feature","geometry":{"type":"Point","coordinates":[121.840984,31.043502]},"properties":{"j":64,"w":0.485509}},{"type":"Feature","geometry":{"type":"Point","coordinates":[121.84094,31.047111]},"properties":{"j":225,"w":0.630445}},{"type":"Feature","geometry":{"type":"Point","coordinates":[121.840896,31.050719]},"properties":{"j":96,"w":0.53207}},{"type":"Feature","geometry":{"type":"Point","coordinates":[121.840853,31.054328]},"properties":{"j":50,"w":0.457298}},{"type":"Feature","geometry":{"type":"Point","coordinates":[121.840809,31.057936]},"properties":{"j":298,"w":0.663}},{"type":"Feature","geometry":{"type":"Point","coordinates":[121.840765,31.061545]},"properties":{"j":88,"w":0.522059}},{"type":"Feature","geometry":{"type":"Point","coordinates":[121.840721,31.065153]},"properties":{"j":286,"w":0.658236}},{"type":"Feature","geometry":{"type":"Point","coordinates":[121.840064,31.119281]},"properties":{"j":6,"w":0.226322}},{"type":"Feature","geometry":{"type":"Point","coordinates":[121.847343,30.863111]},"properties":{"j":12,"w":0.298321}},{"type":"Feature","geometry":{"type":"Point","coordinates":[121.847257,30.870328]},"properties":{"j":26,"w":0.383328}},{"type":"Feature","geometry":{"type":"Point","coordinates":[121.847171,30.877545]},"properties":{"j":142,"w":0.577212}},{"type":"Feature","geometry":{"type":"Point","coordinates":[121.847128,30.881154]},"properties":{"j":135,"w":0.571375}},{"type":"Feature","geometry":{"type":"Point","coordinates":[121.847041,30.888371]},"properties":{"j":114,"w":0.551868}},{"type":"Feature","geometry":{"type":"Point","coordinates":[121.846998,30.89198]},"properties":{"j":40,"w":0.431913}},{"type":"Feature","geometry":{"type":"Point","coordinates":[121.846955,30.895588]},"properties":{"j":277,"w":0.65453}},{"type":"Feature","geometry":{"type":"Point","coordinates":[121.846911,30.899197]},"properties":{"j":153,"w":0.585832}},{"type":"Feature","geometry":{"type":"Point","coordinates":[121.846868,30.902805]},"properties":{"j":23,"w":0.369629}},{"type":"Feature","geometry":{"type":"Point","coordinates":[121.846825,30.906414]},"properties":{"j":91,"w":0.525914}},{"type":"Feature","geometry":{"type":"Point","coordinates":[121.846175,30.960543]},"properties":{"j":35,"w":0.416787}},{"type":"Feature","geometry":{"type":"Point","coordinates":[121.845958,30.978586]},"properties":{"j":6,"w":0.226322}},{"type":"Feature","geometry":{"type":"Point","coordinates":[121.845914,30.982194]},"properties":{"j":218,"w":0.626785}},{"type":"Feature","geometry":{"type":"Point","coordinates":[121.845871,30.985803]},"properties":{"j":307,"w":0.666449}},{"type":"Feature","geometry":{"type":"Point","coordinates":[121.845828,30.989412]},"properties":{"j":143,"w":0.578023}},{"type":"Feature","geometry":{"type":"Point","coordinates":[121.845262,31.036323]},"properties":{"j":75,"w":0.503693}},{"type":"Feature","geometry":{"type":"Point","coordinates":[121.845131,31.047148]},"properties":{"j":15,"w":0.322471}},{"type":"Feature","geometry":{"type":"Point","coordinates":[121.845088,31.050757]},"properties":{"j":65,"w":0.487285}},{"type":"Feature","geometry":{"type":"Point","coordinates":[121.845044,31.054365]},"properties":{"j":12,"w":0.298321}},{"type":"Feature","geometry":{"type":"Point","coordinates":[121.845001,31.057974]},"properties":{"j":41,"w":0.434716}},{"type":"Feature","geometry":{"type":"Point","coordinates":[121.844957,31.061582]},"properties":{"j":167,"w":0.595952}},{"type":"Feature","geometry":{"type":"Point","coordinates":[121.844913,31.065191]},"properties":{"j":31,"w":0.403088}},{"type":"Feature","geometry":{"type":"Point","coordinates":[121.851441,30.870365]},"properties":{"j":220,"w":0.627843}},{"type":"Feature","geometry":{"type":"Point","coordinates":[121.851355,30.877582]},"properties":{"j":6,"w":0.226322}},{"type":"Feature","geometry":{"type":"Point","coordinates":[121.851225,30.888408]},"properties":{"j":495,"w":0.721867}},{"type":"Feature","geometry":{"type":"Point","coordinates":[121.851182,30.892017]},"properties":{"j":197,"w":0.615061}},{"type":"Feature","geometry":{"type":"Point","coordinates":[121.850146,30.978623]},"properties":{"j":10,"w":0.278891}},{"type":"Feature","geometry":{"type":"Point","coordinates":[121.850103,30.982232]},"properties":{"j":227,"w":0.631469}},{"type":"Feature","geometry":{"type":"Point","coordinates":[121.850059,30.98584]},"properties":{"j":82,"w":0.513941}},{"type":"Feature","geometry":{"type":"Point","coordinates":[121.850016,30.989449]},"properties":{"j":77,"w":0.506715}},{"type":"Feature","geometry":{"type":"Point","coordinates":[121.849279,31.050794]},"properties":{"j":130,"w":0.567018}},{"type":"Feature","geometry":{"type":"Point","coordinates":[121.848801,31.090488]},"properties":{"j":10,"w":0.278891}},{"type":"Feature","geometry":{"type":"Point","coordinates":[121.848757,31.094096]},"properties":{"j":27,"w":0.387558}},{"type":"Feature","geometry":{"type":"Point","coordinates":[121.848714,31.097705]},"properties":{"j":106,"w":0.543481}},{"type":"Feature","geometry":{"type":"Point","coordinates":[121.84867,31.101313]},"properties":{"j":50,"w":0.457298}},{"type":"Feature","geometry":{"type":"Point","coordinates":[121.848583,31.10853]},"properties":{"j":110,"w":0.54775}},{"type":"Feature","geometry":{"type":"Point","coordinates":[121.855624,30.870402]},"properties":{"j":201,"w":0.617387}},{"type":"Feature","geometry":{"type":"Point","coordinates":[121.855581,30.874011]},"properties":{"j":23,"w":0.369629}},{"type":"Feature","geometry":{"type":"Point","coordinates":[121.855452,30.884837]},"properties":{"j":23,"w":0.369629}},{"type":"Feature","geometry":{"type":"Point","coordinates":[121.85541,30.888445]},"properties":{"j":34,"w":0.413511}},{"type":"Feature","geometry":{"type":"Point","coordinates":[121.855367,30.892054]},"properties":{"j":303,"w":0.664929}},{"type":"Feature","geometry":{"type":"Point","coordinates":[121.855324,30.895663]},"properties":{"j":12,"w":0.298321}},{"type":"Feature","geometry":{"type":"Point","coordinates":[121.854291,30.982269]},"properties":{"j":42,"w":0.437453}},{"type":"Feature","geometry":{"type":"Point","coordinates":[121.854248,30.985878]},"properties":{"j":152,"w":0.585074}},{"type":"Feature","geometry":{"type":"Point","coordinates":[121.854205,30.989486]},"properties":{"j":48,"w":0.452645}},{"type":"Feature","geometry":{"type":"Point","coordinates":[121.854162,30.993095]},"properties":{"j":33,"w":0.410139}},{"type":"Feature","geometry":{"type":"Point","coordinates":[121.853167,31.076091]},"properties":{"j":10,"w":0.278891}},{"type":"Feature","geometry":{"type":"Point","coordinates":[121.853037,31.086917]},"properties":{"j":108,"w":0.545635}},{"type":"Feature","geometry":{"type":"Point","coordinates":[121.852994,31.090525]},"properties":{"j":313,"w":0.668693}},{"type":"Feature","geometry":{"type":"Point","coordinates":[121.852951,31.094134]},"properties":{"j":207,"w":0.620792}},{"type":"Feature","geometry":{"type":"Point","coordinates":[121.852907,31.097742]},"properties":{"j":361,"w":0.685238}},{"type":"Feature","geometry":{"type":"Point","coordinates":[121.852864,31.101351]},"properties":{"j":107,"w":0.544563}},{"type":"Feature","geometry":{"type":"Point","coordinates":[121.852821,31.104959]},"properties":{"j":12,"w":0.298321}},{"type":"Feature","geometry":{"type":"Point","coordinates":[121.852777,31.108568]},"properties":{"j":6,"w":0.226322}},{"type":"Feature","geometry":{"type":"Point","coordinates":[121.859679,30.881265]},"properties":{"j":15,"w":0.322471}},{"type":"Feature","geometry":{"type":"Point","coordinates":[121.859637,30.884874]},"properties":{"j":637,"w":0.751148}},{"type":"Feature","geometry":{"type":"Point","coordinates":[121.859594,30.888482]},"properties":{"j":110,"w":0.54775}},{"type":"Feature","geometry":{"type":"Point","coordinates":[121.859551,30.892091]},"properties":{"j":632,"w":0.750233}},{"type":"Feature","geometry":{"type":"Point","coordinates":[121.859508,30.8957]},"properties":{"j":325,"w":0.673055}},{"type":"Feature","geometry":{"type":"Point","coordinates":[121.858909,30.94622]},"properties":{"j":7,"w":0.241853}},{"type":"Feature","geometry":{"type":"Point","coordinates":[121.858866,30.949829]},"properties":{"j":13,"w":0.30694}},{"type":"Feature","geometry":{"type":"Point","coordinates":[121.858479,30.982306]},"properties":{"j":46,"w":0.447798}},{"type":"Feature","geometry":{"type":"Point","coordinates":[121.858437,30.985915]},"properties":{"j":91,"w":0.525914}},{"type":"Feature","geometry":{"type":"Point","coordinates":[121.858351,30.993132]},"properties":{"j":50,"w":0.457298}},{"type":"Feature","geometry":{"type":"Point","coordinates":[121.858222,31.003958]},"properties":{"j":186,"w":0.608413}},{"type":"Feature","geometry":{"type":"Point","coordinates":[121.85723,31.086954]},"properties":{"j":141,"w":0.576396}},{"type":"Feature","geometry":{"type":"Point","coordinates":[121.857187,31.090563]},"properties":{"j":286,"w":0.658236}},{"type":"Feature","geometry":{"type":"Point","coordinates":[121.863906,30.877693]},"properties":{"j":14,"w":0.314964}},{"type":"Feature","geometry":{"type":"Point","coordinates":[121.863863,30.881302]},"properties":{"j":464,"w":0.71436}},{"type":"Feature","geometry":{"type":"Point","coordinates":[121.863821,30.88491]},"properties":{"j":575,"w":0.739258}},{"type":"Feature","geometry":{"type":"Point","coordinates":[121.863778,30.888519]},"properties":{"j":1031,"w":0.807082}},{"type":"Feature","geometry":{"type":"Point","coordinates":[121.863736,30.892128]},"properties":{"j":51,"w":0.459556}},{"type":"Feature","geometry":{"type":"Point","coordinates":[121.862711,30.978734]},"properties":{"j":140,"w":0.575574}},{"type":"Feature","geometry":{"type":"Point","coordinates":[121.862668,30.982343]},"properties":{"j":111,"w":0.548793}},{"type":"Feature","geometry":{"type":"Point","coordinates":[121.862625,30.985952]},"properties":{"j":113,"w":0.550852}},{"type":"Feature","geometry":{"type":"Point","coordinates":[121.862582,30.98956]},"properties":{"j":17,"w":0.33617}},{"type":"Feature","geometry":{"type":"Point","coordinates":[121.862411,31.003994]},"properties":{"j":37,"w":0.423076}},{"type":"Feature","geometry":{"type":"Point","coordinates":[121.862368,31.007603]},"properties":{"j":44,"w":0.44274}},{"type":"Feature","geometry":{"type":"Point","coordinates":[121.862111,31.029254]},"properties":{"j":12,"w":0.298321}},{"type":"Feature","geometry":{"type":"Point","coordinates":[121.862068,31.032863]},"properties":{"j":14,"w":0.314964}},{"type":"Feature","geometry":{"type":"Point","coordinates":[121.861939,31.043689]},"properties":{"j":18,"w":0.342458}},{"type":"Feature","geometry":{"type":"Point","coordinates":[121.868217,30.866904]},"properties":{"j":126,"w":0.563412}},{"type":"Feature","geometry":{"type":"Point","coordinates":[121.868175,30.870512]},"properties":{"j":615,"w":0.747067}},{"type":"Feature","geometry":{"type":"Point","coordinates":[121.868132,30.874121]},"properties":{"j":123,"w":0.560631}},{"type":"Feature","geometry":{"type":"Point","coordinates":[121.86809,30.87773]},"properties":{"j":405,"w":0.698579}},{"type":"Feature","geometry":{"type":"Point","coordinates":[121.868047,30.881338]},"properties":{"j":118,"w":0.555844}},{"type":"Feature","geometry":{"type":"Point","coordinates":[121.868005,30.884947]},"properties":{"j":1020,"w":0.805836}},{"type":"Feature","geometry":{"type":"Point","coordinates":[121.867962,30.888556]},"properties":{"j":798,"w":0.77732}},{"type":"Feature","geometry":{"type":"Point","coordinates":[121.86792,30.892164]},"properties":{"j":302,"w":0.664546}},{"type":"Feature","geometry":{"type":"Point","coordinates":[121.866899,30.978771]},"properties":{"j":39,"w":0.429042}},{"type":"Feature","geometry":{"type":"Point","coordinates":[121.866814,30.985988]},"properties":{"j":51,"w":0.459556}},{"type":"Feature","geometry":{"type":"Point","coordinates":[121.866557,31.00764]},"properties":{"j":18,"w":0.342458}},{"type":"Feature","geometry":{"type":"Point","coordinates":[121.866387,31.022074]},"properties":{"j":27,"w":0.387558}},{"type":"Feature","geometry":{"type":"Point","coordinates":[121.866344,31.025683]},"properties":{"j":20,"w":0.354098}},{"type":"Feature","geometry":{"type":"Point","coordinates":[121.872443,30.863332]},"properties":{"j":225,"w":0.630445}},{"type":"Feature","geometry":{"type":"Point","coordinates":[121.8724,30.86694]},"properties":{"j":534,"w":0.73067}},{"type":"Feature","geometry":{"type":"Point","coordinates":[121.872358,30.870549]},"properties":{"j":1592,"w":0.857573}},{"type":"Feature","geometry":{"type":"Point","coordinates":[121.872316,30.874158]},"properties":{"j":199,"w":0.61623}},{"type":"Feature","geometry":{"type":"Point","coordinates":[121.872274,30.877766]},"properties":{"j":466,"w":0.714859}},{"type":"Feature","geometry":{"type":"Point","coordinates":[121.872231,30.881375]},"properties":{"j":247,"w":0.641249}},{"type":"Feature","geometry":{"type":"Point","coordinates":[121.872189,30.884984]},"properties":{"j":25,"w":0.378939}},{"type":"Feature","geometry":{"type":"Point","coordinates":[121.872147,30.888592]},"properties":{"j":212,"w":0.623554}},{"type":"Feature","geometry":{"type":"Point","coordinates":[121.871299,30.960765]},"properties":{"j":43,"w":0.440127}},{"type":"Feature","geometry":{"type":"Point","coordinates":[121.870534,31.02572]},"properties":{"j":20,"w":0.354098}},{"type":"Feature","geometry":{"type":"Point","coordinates":[121.870193,31.054588]},"properties":{"j":63,"w":0.483706}},{"type":"Feature","geometry":{"type":"Point","coordinates":[121.870108,31.061805]},"properties":{"j":65,"w":0.487285}},{"type":"Feature","geometry":{"type":"Point","coordinates":[121.870065,31.065414]},"properties":{"j":249,"w":0.642183}},{"type":"Feature","geometry":{"type":"Point","coordinates":[121.876752,30.852542]},"properties":{"j":6,"w":0.226322}},{"type":"Feature","geometry":{"type":"Point","coordinates":[121.876668,30.859759]},"properties":{"j":53,"w":0.463946}},{"type":"Feature","geometry":{"type":"Point","coordinates":[121.876626,30.863368]},"properties":{"j":1523,"w":0.852423}},{"type":"Feature","geometry":{"type":"Point","coordinates":[121.876584,30.866977]},"properties":{"j":1817,"w":0.872939}},{"type":"Feature","geometry":{"type":"Point","coordinates":[121.876542,30.870585]},"properties":{"j":678,"w":0.758392}},{"type":"Feature","geometry":{"type":"Point","coordinates":[121.876499,30.874194]},"properties":{"j":180,"w":0.60462}},{"type":"Feature","geometry":{"type":"Point","coordinates":[121.876457,30.877803]},"properties":{"j":290,"w":0.659846}},{"type":"Feature","geometry":{"type":"Point","coordinates":[121.876415,30.881411]},"properties":{"j":126,"w":0.563412}},{"type":"Feature","geometry":{"type":"Point","coordinates":[121.876331,30.888629]},"properties":{"j":136,"w":0.572227}},{"type":"Feature","geometry":{"type":"Point","coordinates":[121.874894,31.011322]},"properties":{"j":59,"w":0.4762}},{"type":"Feature","geometry":{"type":"Point","coordinates":[121.874257,31.06545]},"properties":{"j":46,"w":0.447798}},{"type":"Feature","geometry":{"type":"Point","coordinates":[121.880893,30.856187]},"properties":{"j":51,"w":0.459556}},{"type":"Feature","geometry":{"type":"Point","coordinates":[121.880851,30.859796]},"properties":{"j":169,"w":0.597328}},{"type":"Feature","geometry":{"type":"Point","coordinates":[121.880809,30.863404]},"properties":{"j":420,"w":0.702799}},{"type":"Feature","geometry":{"type":"Point","coordinates":[121.880767,30.867013]},"properties":{"j":816,"w":0.779911}},{"type":"Feature","geometry":{"type":"Point","coordinates":[121.880725,30.870622]},"properties":{"j":648,"w":0.753136}},{"type":"Feature","geometry":{"type":"Point","coordinates":[121.880683,30.87423]},"properties":{"j":584,"w":0.741061}},{"type":"Feature","geometry":{"type":"Point","coordinates":[121.880641,30.877839]},"properties":{"j":369,"w":0.68778}},{"type":"Feature","geometry":{"type":"Point","coordinates":[121.880599,30.881448]},"properties":{"j":150,"w":0.583543}},{"type":"Feature","geometry":{"type":"Point","coordinates":[121.880515,30.888665]},"properties":{"j":89,"w":0.523358}},{"type":"Feature","geometry":{"type":"Point","coordinates":[121.880473,30.892274]},"properties":{"j":127,"w":0.564324}},{"type":"Feature","geometry":{"type":"Point","coordinates":[121.880431,30.895882]},"properties":{"j":10,"w":0.278891}},{"type":"Feature","geometry":{"type":"Point","coordinates":[121.879168,31.004141]},"properties":{"j":19,"w":0.348424}},{"type":"Feature","geometry":{"type":"Point","coordinates":[121.879084,31.011358]},"properties":{"j":19,"w":0.348424}},{"type":"Feature","geometry":{"type":"Point","coordinates":[121.878449,31.065487]},"properties":{"j":47,"w":0.450247}},{"type":"Feature","geometry":{"type":"Point","coordinates":[121.878407,31.069095]},"properties":{"j":42,"w":0.437453}},{"type":"Feature","geometry":{"type":"Point","coordinates":[121.885076,30.856223]},"properties":{"j":358,"w":0.68427}},{"type":"Feature","geometry":{"type":"Point","coordinates":[121.885034,30.859832]},"properties":{"j":791,"w":0.776296}},{"type":"Feature","geometry":{"type":"Point","coordinates":[121.884992,30.86344]},"properties":{"j":1648,"w":0.861591}},{"type":"Feature","geometry":{"type":"Point","coordinates":[121.88495,30.867049]},"properties":{"j":433,"w":0.706336}},{"type":"Feature","geometry":{"type":"Point","coordinates":[121.884909,30.870658]},"properties":{"j":421,"w":0.703075}},{"type":"Feature","geometry":{"type":"Point","coordinates":[121.884867,30.874266]},"properties":{"j":732,"w":0.767292}},{"type":"Feature","geometry":{"type":"Point","coordinates":[121.884825,30.877875]},"properties":{"j":468,"w":0.715357}},{"type":"Feature","geometry":{"type":"Point","coordinates":[121.884783,30.881484]},"properties":{"j":42,"w":0.437453}},{"type":"Feature","geometry":{"type":"Point","coordinates":[121.884741,30.885092]},"properties":{"j":95,"w":0.530864}},{"type":"Feature","geometry":{"type":"Point","coordinates":[121.8847,30.888701]},"properties":{"j":349,"w":0.681317}},{"type":"Feature","geometry":{"type":"Point","coordinates":[121.884658,30.89231]},"properties":{"j":66,"w":0.489034}},{"type":"Feature","geometry":{"type":"Point","coordinates":[121.884616,30.895918]},"properties":{"j":132,"w":0.568781}},{"type":"Feature","geometry":{"type":"Point","coordinates":[121.884532,30.903136]},"properties":{"j":24,"w":0.374377}},{"type":"Feature","geometry":{"type":"Point","coordinates":[121.883988,30.950048]},"properties":{"j":6,"w":0.226322}},{"type":"Feature","geometry":{"type":"Point","coordinates":[121.883652,30.978917]},"properties":{"j":6,"w":0.226322}},{"type":"Feature","geometry":{"type":"Point","coordinates":[121.889259,30.856259]},"properties":{"j":244,"w":0.639833}},{"type":"Feature","geometry":{"type":"Point","coordinates":[121.889217,30.859868]},"properties":{"j":347,"w":0.680651}},{"type":"Feature","geometry":{"type":"Point","coordinates":[121.889175,30.863476]},"properties":{"j":763,"w":0.77211}},{"type":"Feature","geometry":{"type":"Point","coordinates":[121.889134,30.867085]},"properties":{"j":601,"w":0.744393}},{"type":"Feature","geometry":{"type":"Point","coordinates":[121.889092,30.870694]},"properties":{"j":950,"w":0.797575}},{"type":"Feature","geometry":{"type":"Point","coordinates":[121.889051,30.874302]},"properties":{"j":271,"w":0.651993}},{"type":"Feature","geometry":{"type":"Point","coordinates":[121.889009,30.877911]},"properties":{"j":45,"w":0.445297}},{"type":"Feature","geometry":{"type":"Point","coordinates":[121.888967,30.88152]},"properties":{"j":20,"w":0.354098}},{"type":"Feature","geometry":{"type":"Point","coordinates":[121.888926,30.885128]},"properties":{"j":61,"w":0.480014}},{"type":"Feature","geometry":{"type":"Point","coordinates":[121.888884,30.888737]},"properties":{"j":129,"w":0.566127}},{"type":"Feature","geometry":{"type":"Point","coordinates":[121.888842,30.892346]},"properties":{"j":314,"w":0.669063}},{"type":"Feature","geometry":{"type":"Point","coordinates":[121.888801,30.895954]},"properties":{"j":327,"w":0.673766}},{"type":"Feature","geometry":{"type":"Point","coordinates":[121.888717,30.903172]},"properties":{"j":271,"w":0.651993}},{"type":"Feature","geometry":{"type":"Point","coordinates":[121.888676,30.90678]},"properties":{"j":117,"w":0.554863}},{"type":"Feature","geometry":{"type":"Point","coordinates":[121.888258,30.942867]},"properties":{"j":235,"w":0.63548}},{"type":"Feature","geometry":{"type":"Point","coordinates":[121.888216,30.946476]},"properties":{"j":44,"w":0.44274}},{"type":"Feature","geometry":{"type":"Point","coordinates":[121.888175,30.950084]},"properties":{"j":61,"w":0.480014}},{"type":"Feature","geometry":{"type":"Point","coordinates":[121.888091,30.957301]},"properties":{"j":26,"w":0.383328}},{"type":"Feature","geometry":{"type":"Point","coordinates":[121.893442,30.856295]},"properties":{"j":393,"w":0.69509}},{"type":"Feature","geometry":{"type":"Point","coordinates":[121.8934,30.859903]},"properties":{"j":59,"w":0.4762}},{"type":"Feature","geometry":{"type":"Point","coordinates":[121.893359,30.863512]},"properties":{"j":313,"w":0.668693}},{"type":"Feature","geometry":{"type":"Point","coordinates":[121.893317,30.867121]},"properties":{"j":1167,"w":0.82148}},{"type":"Feature","geometry":{"type":"Point","coordinates":[121.893276,30.87073]},"properties":{"j":748,"w":0.769804}},{"type":"Feature","geometry":{"type":"Point","coordinates":[121.893193,30.877947]},"properties":{"j":37,"w":0.423076}},{"type":"Feature","geometry":{"type":"Point","coordinates":[121.893151,30.881556]},"properties":{"j":93,"w":0.528416}},{"type":"Feature","geometry":{"type":"Point","coordinates":[121.89311,30.885164]},"properties":{"j":457,"w":0.712596}},{"type":"Feature","geometry":{"type":"Point","coordinates":[121.893027,30.892382]},"properties":{"j":95,"w":0.530864}},{"type":"Feature","geometry":{"type":"Point","coordinates":[121.892985,30.89599]},"properties":{"j":182,"w":0.605898}},{"type":"Feature","geometry":{"type":"Point","coordinates":[121.892944,30.899599]},"properties":{"j":105,"w":0.542389}},{"type":"Feature","geometry":{"type":"Point","coordinates":[121.892902,30.903208]},"properties":{"j":71,"w":0.497405}},{"type":"Feature","geometry":{"type":"Point","coordinates":[121.892736,30.917642]},"properties":{"j":13,"w":0.30694}},{"type":"Feature","geometry":{"type":"Point","coordinates":[121.892611,30.928468]},"properties":{"j":21,"w":0.359509}},{"type":"Feature","geometry":{"type":"Point","coordinates":[121.892445,30.942903]},"properties":{"j":15,"w":0.322471}},{"type":"Feature","geometry":{"type":"Point","coordinates":[121.892403,30.946511]},"properties":{"j":125,"w":0.562492}},{"type":"Feature","geometry":{"type":"Point","coordinates":[121.892278,30.957337]},"properties":{"j":66,"w":0.489034}},{"type":"Feature","geometry":{"type":"Point","coordinates":[121.892237,30.960946]},"properties":{"j":215,"w":0.625181}},{"type":"Feature","geometry":{"type":"Point","coordinates":[121.892195,30.964555]},"properties":{"j":73,"w":0.500592}},{"type":"Feature","geometry":{"type":"Point","coordinates":[121.897624,30.85633]},"properties":{"j":25,"w":0.378939}},{"type":"Feature","geometry":{"type":"Point","coordinates":[121.897583,30.859939]},"properties":{"j":468,"w":0.715357}},{"type":"Feature","geometry":{"type":"Point","coordinates":[121.897459,30.870765]},"properties":{"j":36,"w":0.419974}},{"type":"Feature","geometry":{"type":"Point","coordinates":[121.897377,30.877983]},"properties":{"j":73,"w":0.500592}},{"type":"Feature","geometry":{"type":"Point","coordinates":[121.897335,30.881591]},"properties":{"j":26,"w":0.383328}},{"type":"Feature","geometry":{"type":"Point","coordinates":[121.897294,30.8852]},"properties":{"j":39,"w":0.429042}},{"type":"Feature","geometry":{"type":"Point","coordinates":[121.89717,30.896026]},"properties":{"j":44,"w":0.44274}},{"type":"Feature","geometry":{"type":"Point","coordinates":[121.89659,30.946547]},"properties":{"j":23,"w":0.369629}},{"type":"Feature","geometry":{"type":"Point","coordinates":[121.896549,30.950156]},"properties":{"j":71,"w":0.497405}},{"type":"Feature","geometry":{"type":"Point","coordinates":[121.896466,30.957373]},"properties":{"j":60,"w":0.478122}},{"type":"Feature","geometry":{"type":"Point","coordinates":[121.896424,30.960982]},"properties":{"j":544,"w":0.732824}},{"type":"Feature","geometry":{"type":"Point","coordinates":[121.896383,30.964591]},"properties":{"j":455,"w":0.712087}},{"type":"Feature","geometry":{"type":"Point","coordinates":[121.901766,30.859975]},"properties":{"j":242,"w":0.63888}},{"type":"Feature","geometry":{"type":"Point","coordinates":[121.901725,30.863583]},"properties":{"j":10,"w":0.278891}},{"type":"Feature","geometry":{"type":"Point","coordinates":[121.901643,30.870801]},"properties":{"j":206,"w":0.620231}},{"type":"Feature","geometry":{"type":"Point","coordinates":[121.901602,30.87441]},"properties":{"j":485,"w":0.719498}},{"type":"Feature","geometry":{"type":"Point","coordinates":[121.901561,30.878018]},"properties":{"j":18,"w":0.342458}},{"type":"Feature","geometry":{"type":"Point","coordinates":[121.901519,30.881627]},"properties":{"j":30,"w":0.399396}},{"type":"Feature","geometry":{"type":"Point","coordinates":[121.901355,30.896062]},"properties":{"j":398,"w":0.696557}},{"type":"Feature","geometry":{"type":"Point","coordinates":[121.901231,30.906888]},"properties":{"j":11,"w":0.289011}},{"type":"Feature","geometry":{"type":"Point","coordinates":[121.901107,30.917714]},"properties":{"j":2484,"w":0.909289}},{"type":"Feature","geometry":{"type":"Point","coordinates":[121.900777,30.946583]},"properties":{"j":18,"w":0.342458}},{"type":"Feature","geometry":{"type":"Point","coordinates":[121.900694,30.9538]},"properties":{"j":17,"w":0.33617}},{"type":"Feature","geometry":{"type":"Point","coordinates":[121.900653,30.957409]},"properties":{"j":832,"w":0.782167}},{"type":"Feature","geometry":{"type":"Point","coordinates":[121.905826,30.870836]},"properties":{"j":18,"w":0.342458}},{"type":"Feature","geometry":{"type":"Point","coordinates":[121.905785,30.874445]},"properties":{"j":329,"w":0.674474}},{"type":"Feature","geometry":{"type":"Point","coordinates":[121.905744,30.878054]},"properties":{"j":100,"w":0.53677}},{"type":"Feature","geometry":{"type":"Point","coordinates":[121.90558,30.892488]},"properties":{"j":19,"w":0.348424}},{"type":"Feature","geometry":{"type":"Point","coordinates":[121.905539,30.896097]},"properties":{"j":43,"w":0.440127}},{"type":"Feature","geometry":{"type":"Point","coordinates":[121.905416,30.906923]},"properties":{"j":51,"w":0.459556}},{"type":"Feature","geometry":{"type":"Point","coordinates":[121.905334,30.914141]},"properties":{"j":22,"w":0.364679}},{"type":"Feature","geometry":{"type":"Point","coordinates":[121.905293,30.917749]},"properties":{"j":22,"w":0.364679}},{"type":"Feature","geometry":{"type":"Point","coordinates":[121.905252,30.921358]},"properties":{"j":78,"w":0.508196}},{"type":"Feature","geometry":{"type":"Point","coordinates":[121.904964,30.946619]},"properties":{"j":17,"w":0.33617}},{"type":"Feature","geometry":{"type":"Point","coordinates":[121.90385,31.044052]},"properties":{"j":316,"w":0.669799}},{"type":"Feature","geometry":{"type":"Point","coordinates":[121.903809,31.04766]},"properties":{"j":107,"w":0.544563}},{"type":"Feature","geometry":{"type":"Point","coordinates":[121.910133,30.860045]},"properties":{"j":43,"w":0.440127}},{"type":"Feature","geometry":{"type":"Point","coordinates":[121.91001,30.870872]},"properties":{"j":20,"w":0.354098}},{"type":"Feature","geometry":{"type":"Point","coordinates":[121.909887,30.881698]},"properties":{"j":33,"w":0.410139}},{"type":"Feature","geometry":{"type":"Point","coordinates":[121.909847,30.885306]},"properties":{"j":59,"w":0.4762}},{"type":"Feature","geometry":{"type":"Point","coordinates":[121.909683,30.899741]},"properties":{"j":20,"w":0.354098}},{"type":"Feature","geometry":{"type":"Point","coordinates":[121.909478,30.917785]},"properties":{"j":44,"w":0.44274}},{"type":"Feature","geometry":{"type":"Point","coordinates":[121.914112,30.878124]},"properties":{"j":19,"w":0.348424}},{"type":"Feature","geometry":{"type":"Point","coordinates":[121.913949,30.892559]},"properties":{"j":11,"w":0.289011}},{"type":"Feature","geometry":{"type":"Point","coordinates":[121.913909,30.896168]},"properties":{"j":23,"w":0.369629}},{"type":"Feature","geometry":{"type":"Point","coordinates":[121.913868,30.899776]},"properties":{"j":572,"w":0.738651}},{"type":"Feature","geometry":{"type":"Point","coordinates":[121.913827,30.903385]},"properties":{"j":315,"w":0.669432}},{"type":"Feature","geometry":{"type":"Point","coordinates":[121.918256,30.881768]},"properties":{"j":591,"w":0.742445}},{"type":"Feature","geometry":{"type":"Point","coordinates":[121.918215,30.885377]},"properties":{"j":136,"w":0.572227}},{"type":"Feature","geometry":{"type":"Point","coordinates":[121.918174,30.888985]},"properties":{"j":21,"w":0.359509}},{"type":"Feature","geometry":{"type":"Point","coordinates":[121.918053,30.899811]},"properties":{"j":2840,"w":0.924861}},{"type":"Feature","geometry":{"type":"Point","coordinates":[121.918012,30.90342]},"properties":{"j":233,"w":0.634491}},{"type":"Feature","geometry":{"type":"Point","coordinates":[121.91789,30.914246]},"properties":{"j":20,"w":0.354098}},{"type":"Feature","geometry":{"type":"Point","coordinates":[121.922642,30.863759]},"properties":{"j":107,"w":0.544563}},{"type":"Feature","geometry":{"type":"Point","coordinates":[121.92248,30.878194]},"properties":{"j":20,"w":0.354098}},{"type":"Feature","geometry":{"type":"Point","coordinates":[121.92244,30.881803]},"properties":{"j":222,"w":0.62889}},{"type":"Feature","geometry":{"type":"Point","coordinates":[121.922278,30.896238]},"properties":{"j":44,"w":0.44274}},{"type":"Feature","geometry":{"type":"Point","coordinates":[121.922238,30.899846]},"properties":{"j":41,"w":0.434716}},{"type":"Feature","geometry":{"type":"Point","coordinates":[121.922197,30.903455]},"properties":{"j":61,"w":0.480014}},{"type":"Feature","geometry":{"type":"Point","coordinates":[121.922157,30.907064]},"properties":{"j":442,"w":0.708723}},{"type":"Feature","geometry":{"type":"Point","coordinates":[121.926543,30.889055]},"properties":{"j":40,"w":0.431913}},{"type":"Feature","geometry":{"type":"Point","coordinates":[121.926463,30.896272]},"properties":{"j":20,"w":0.354098}},{"type":"Feature","geometry":{"type":"Point","coordinates":[121.926342,30.907099]},"properties":{"j":151,"w":0.584311}},{"type":"Feature","geometry":{"type":"Point","coordinates":[121.926302,30.910707]},"properties":{"j":736,"w":0.767925}},{"type":"Feature","geometry":{"type":"Point","coordinates":[121.926261,30.914316]},"properties":{"j":68,"w":0.492455}},{"type":"Feature","geometry":{"type":"Point","coordinates":[121.925858,30.950403]},"properties":{"j":20,"w":0.354098}},{"type":"Feature","geometry":{"type":"Point","coordinates":[121.930527,30.907133]},"properties":{"j":38,"w":0.426097}},{"type":"Feature","geometry":{"type":"Point","coordinates":[121.930487,30.910742]},"properties":{"j":31,"w":0.403088}},{"type":"Feature","geometry":{"type":"Point","coordinates":[121.930447,30.914351]},"properties":{"j":36,"w":0.419974}},{"type":"Feature","geometry":{"type":"Point","coordinates":[121.934912,30.889124]},"properties":{"j":20,"w":0.354098}},{"type":"Feature","geometry":{"type":"Point","coordinates":[121.934872,30.892733]},"properties":{"j":32,"w":0.406667}},{"type":"Feature","geometry":{"type":"Point","coordinates":[121.934792,30.89995]},"properties":{"j":8,"w":0.255552}},{"type":"Feature","geometry":{"type":"Point","coordinates":[121.934592,30.917994]},"properties":{"j":20,"w":0.354098}},{"type":"Feature","geometry":{"type":"Point","coordinates":[121.939136,30.88555]},"properties":{"j":20,"w":0.354098}},{"type":"Feature","geometry":{"type":"Point","coordinates":[121.939096,30.889159]},"properties":{"j":21,"w":0.359509}},{"type":"Feature","geometry":{"type":"Point","coordinates":[121.951099,30.939783]},"properties":{"j":16,"w":0.329522}},{"type":"Feature","geometry":{"type":"Point","coordinates":[121.960019,30.889328]},"properties":{"j":21,"w":0.359509}}]}
