{
"type": "FeatureCollection",
"name": "osm-priority-controls-2026-08-19",
"crs": { "type": "name", "properties": { "name": "urn:ogc:def:crs:OGC:1.3:CRS84" } },
"features": [
{ "type": "Feature", "properties": { "district": "黄浦区", "official_control_code_2023": "310101002000", "official_control_name_2023": "南京东路街道", "osm_name": "南京东路街道", "osm_relation_id_source": "12236005", "admin_level": "8", "boundary": "administrative", "geometry_is_approximate": true, "source_snapshot_date": "2026-08-19", "source_pbf_sha256": "cba608c2e67cbd2ee7616dcee6833e575e818237048faabf4c0e447acd6c0b6f", "source_url": "https://download.openstreetmap.fr/extracts/asia/china/shanghai.osm.pbf", "license": "OpenStreetMap contributors, Open Database License 1.0" }, "geometry": { "type": "MultiPolygon", "coordinates": [ [ [ [ 121.4743186, 31.2422672 ], [ 121.4743227, 31.2421022 ], [ 121.4743388, 31.2417674 ], [ 121.4743629, 31.2416321 ], [ 121.4744353, 31.2414326 ], [ 121.4745341, 31.241195 ], [ 121.4745708, 31.2410813 ], [ 121.4748484, 31.2402756 ], [ 121.4758324, 31.237798 ], [ 121.4758864, 31.2377197 ], [ 121.4766093, 31.2365168 ], [ 121.4758073, 31.2362325 ], [ 121.4764296, 31.2352687 ], [ 121.4772969, 31.2355649 ], [ 121.4785139, 31.2332681 ], [ 121.478696, 31.2328841 ], [ 121.4779437, 31.2326925 ], [ 121.4777425, 31.2326169 ], [ 121.4773509, 31.2324265 ], [ 121.4770262, 31.2322574 ], [ 121.4763424, 31.2319013 ], [ 121.4747384, 31.231071 ], [ 121.4738493, 31.2305986 ], [ 121.4747813, 31.2291789 ], [ 121.4751475, 31.2286112 ], [ 121.475223, 31.228531 ], [ 121.4752484, 31.2284985 ], [ 121.47351, 31.2277982 ], [ 121.4725658, 31.2273394 ], [ 121.471729, 31.2269633 ], [ 121.4707902, 31.2265688 ], [ 121.4697736, 31.2262477 ], [ 121.469028, 31.2260275 ], [ 121.4683601, 31.2257981 ], [ 121.4681053, 31.225727 ], [ 121.4676842, 31.2256605 ], [ 121.4665014, 31.2254885 ], [ 121.4661902, 31.2253279 ], [ 121.4659827, 31.2250639 ], [ 121.4646453, 31.2263302 ], [ 121.4642483, 31.2261422 ], [ 121.4637548, 31.2259678 ], [ 121.4629041, 31.225769 ], [ 121.462922, 31.2260681 ], [ 121.4630257, 31.2275698 ], [ 121.4633916, 31.2276125 ], [ 121.4631248, 31.2280168 ], [ 121.4630148, 31.2282048 ], [ 121.4629218, 31.2284594 ], [ 121.462828, 31.2287896 ], [ 121.4626608, 31.2293837 ], [ 121.4626506, 31.2294507 ], [ 121.4626286, 31.2295947 ], [ 121.4626179, 31.2297599 ], [ 121.4625964, 31.2305122 ], [ 121.4624469, 31.2326763 ], [ 121.4624371, 31.2327564 ], [ 121.4624287, 31.232825 ], [ 121.4623429, 31.2335281 ], [ 121.462051, 31.2349136 ], [ 121.462017, 31.235075 ], [ 121.4618065, 31.2361219 ], [ 121.4617381, 31.236388 ], [ 121.4616773, 31.2365841 ], [ 121.461663, 31.23663 ], [ 121.4615503, 31.2368708 ], [ 121.4610675, 31.2377927 ], [ 121.4597318, 31.2401812 ], [ 121.4597175, 31.2402144 ], [ 121.4592383, 31.2413278 ], [ 121.4583679, 31.2432881 ], [ 121.4586418, 31.2433096 ], [ 121.4590609, 31.2433245 ], [ 121.4595035, 31.2432351 ], [ 121.4599541, 31.2431617 ], [ 121.4614561, 31.242726 ], [ 121.4615462, 31.2427012 ], [ 121.4617565, 31.2426434 ], [ 121.4621776, 31.242437 ], [ 121.4640377, 31.2413477 ], [ 121.4647458, 31.2411608 ], [ 121.4652032, 31.2411574 ], [ 121.4656149, 31.2411803 ], [ 121.4661182, 31.2413211 ], [ 121.4662546, 31.2413592 ], [ 121.4665738, 31.2414647 ], [ 121.4676889, 31.2420775 ], [ 121.4688054, 31.2427328 ], [ 121.4692533, 31.2430287 ], [ 121.4703718, 31.2433669 ], [ 121.4711818, 31.2433944 ], [ 121.4720039, 31.2433394 ], [ 121.4722721, 31.2432603 ], [ 121.4727965, 31.243055 ], [ 121.4741886, 31.2423327 ], [ 121.4743186, 31.2422672 ] ] ] ] } },
{ "type": "Feature", "properties": { "district": "黄浦区", "official_control_code_2023": "310101013000", "official_control_name_2023": "外滩街道", "osm_name": "外滩街道", "osm_relation_id_source": "12235857", "admin_level": "8", "boundary": "administrative", "geometry_is_approximate": true, "source_snapshot_date": "2026-08-19", "source_pbf_sha256": "cba608c2e67cbd2ee7616dcee6833e575e818237048faabf4c0e447acd6c0b6f", "source_url": "https://download.openstreetmap.fr/extracts/asia/china/shanghai.osm.pbf", "license": "OpenStreetMap contributors, Open Database License 1.0" }, "geometry": { "type": "MultiPolygon", "coordinates": [ [ [ [ 121.4902829, 31.2441073 ], [ 121.4896255, 31.2431441 ], [ 121.4891892, 31.2421349 ], [ 121.4889903, 31.2413211 ], [ 121.4888963, 31.2404365 ], [ 121.4889214, 31.2399218 ], [ 121.4890969, 31.238887 ], [ 121.4893478, 31.2382276 ], [ 121.4897616, 31.2373912 ], [ 121.4901002, 31.236855 ], [ 121.4918497, 31.235134 ], [ 121.4930411, 31.2343136 ], [ 121.4936267, 31.2338598 ], [ 121.4909144, 31.2320162 ], [ 121.4895821, 31.2314196 ], [ 121.4891246, 31.2313981 ], [ 121.4868902, 31.2314677 ], [ 121.4862164, 31.2314572 ], [ 121.4854887, 31.2314449 ], [ 121.4834395, 31.2311077 ], [ 121.4828655, 31.2309793 ], [ 121.4824927, 31.2308692 ], [ 121.4819133, 31.2305825 ], [ 121.4804998, 31.2300298 ], [ 121.4800867, 31.2298303 ], [ 121.4798427, 31.2296353 ], [ 121.4795798, 31.2293142 ], [ 121.4792821, 31.2290726 ], [ 121.4791507, 31.2289553 ], [ 121.4783998, 31.2286524 ], [ 121.4758183, 31.2276121 ], [ 121.4755377, 31.2281468 ], [ 121.4752484, 31.2284985 ], [ 121.475223, 31.228531 ], [ 121.4751475, 31.2286112 ], [ 121.4747813, 31.2291789 ], [ 121.4738493, 31.2305986 ], [ 121.4747384, 31.231071 ], [ 121.4763424, 31.2319013 ], [ 121.4770262, 31.2322574 ], [ 121.4773509, 31.2324265 ], [ 121.4777425, 31.2326169 ], [ 121.4779437, 31.2326925 ], [ 121.478696, 31.2328841 ], [ 121.4785139, 31.2332681 ], [ 121.4772969, 31.2355649 ], [ 121.4764296, 31.2352687 ], [ 121.4758073, 31.2362325 ], [ 121.4766093, 31.2365168 ], [ 121.4758864, 31.2377197 ], [ 121.4758324, 31.237798 ], [ 121.4748484, 31.2402756 ], [ 121.4745708, 31.2410813 ], [ 121.4745341, 31.241195 ], [ 121.4744353, 31.2414326 ], [ 121.4743629, 31.2416321 ], [ 121.4743388, 31.2417674 ], [ 121.4743227, 31.2421022 ], [ 121.4743186, 31.2422672 ], [ 121.474894, 31.2420976 ], [ 121.4752722, 31.2420242 ], [ 121.4755163, 31.2420242 ], [ 121.476388, 31.2421848 ], [ 121.4769486, 31.2425012 ], [ 121.4772704, 31.2427351 ], [ 121.477654, 31.2430539 ], [ 121.4780349, 31.2434139 ], [ 121.47847, 31.2439326 ], [ 121.4795175, 31.2450107 ], [ 121.4797715, 31.2452138 ], [ 121.4801706, 31.2454865 ], [ 121.4806364, 31.245754 ], [ 121.4811299, 31.2460083 ], [ 121.4816328, 31.2461651 ], [ 121.4822001, 31.2462738 ], [ 121.4827488, 31.2463061 ], [ 121.4832024, 31.2462352 ], [ 121.4837055, 31.2461219 ], [ 121.4841555, 31.2459753 ], [ 121.4846339, 31.2458106 ], [ 121.4860398, 31.2452887 ], [ 121.487419, 31.2448508 ], [ 121.4902829, 31.2441073 ] ] ] ] } },
{ "type": "Feature", "properties": { "district": "黄浦区", "official_control_code_2023": "310101015000", "official_control_name_2023": "半淞园路街道", "osm_name": "半淞园路街道", "osm_relation_id_source": "12235902", "admin_level": "8", "boundary": "administrative", "geometry_is_approximate": true, "source_snapshot_date": "2026-08-19", "source_pbf_sha256": "cba608c2e67cbd2ee7616dcee6833e575e818237048faabf4c0e447acd6c0b6f", "source_url": "https://download.openstreetmap.fr/extracts/asia/china/shanghai.osm.pbf", "license": "OpenStreetMap contributors, Open Database License 1.0" }, "geometry": { "type": "MultiPolygon", "coordinates": [ [ [ [ 121.4912957, 31.214979 ], [ 121.4915585, 31.2150403 ], [ 121.4918429, 31.2150816 ], [ 121.4920735, 31.2150816 ], [ 121.4923283, 31.2150426 ], [ 121.4925429, 31.2149463 ], [ 121.4927655, 31.2147972 ], [ 121.4929184, 31.2146343 ], [ 121.4932349, 31.2141526 ], [ 121.4934415, 31.2138911 ], [ 121.4937741, 31.2136479 ], [ 121.4940423, 31.213508 ], [ 121.49445, 31.2134277 ], [ 121.4954156, 31.2132855 ], [ 121.4957455, 31.2131823 ], [ 121.4959976, 31.2130354 ], [ 121.4961934, 31.2128611 ], [ 121.4966413, 31.2122349 ], [ 121.4969337, 31.2116453 ], [ 121.4970893, 31.2112347 ], [ 121.4973602, 31.2104754 ], [ 121.4974809, 31.2102276 ], [ 121.4978135, 31.209817 ], [ 121.499109, 31.2084038 ], [ 121.4992619, 31.208241 ], [ 121.5009527, 31.2076117 ], [ 121.5001143, 31.2063055 ], [ 121.4964899, 31.200808 ], [ 121.4955619, 31.199746 ], [ 121.4939127, 31.1979277 ], [ 121.4918058, 31.1958894 ], [ 121.4898693, 31.1978318 ], [ 121.4897078, 31.1980536 ], [ 121.4892612, 31.1986857 ], [ 121.4888884, 31.1991354 ], [ 121.488529, 31.1993614 ], [ 121.4883976, 31.199444 ], [ 121.4881119, 31.1996596 ], [ 121.4879952, 31.1997353 ], [ 121.4878812, 31.1996872 ], [ 121.487668, 31.1997743 ], [ 121.4872228, 31.2004534 ], [ 121.4867024, 31.2011027 ], [ 121.4865173, 31.2011899 ], [ 121.4864677, 31.2012037 ], [ 121.4860694, 31.2011027 ], [ 121.4856684, 31.2010844 ], [ 121.4855088, 31.2010041 ], [ 121.4853144, 31.2008079 ], [ 121.48514, 31.2006083 ], [ 121.4847618, 31.2003146 ], [ 121.4844775, 31.2000955 ], [ 121.4839786, 31.1996791 ], [ 121.4836876, 31.199569 ], [ 121.4831686, 31.199499 ], [ 121.4827891, 31.1994658 ], [ 121.4825463, 31.1995965 ], [ 121.4824471, 31.1996952 ], [ 121.4817215, 31.2005877 ], [ 121.4812535, 31.2018587 ], [ 121.4811301, 31.2023909 ], [ 121.4809316, 31.2039991 ], [ 121.4809008, 31.204162 ], [ 121.4804971, 31.2053068 ], [ 121.4799955, 31.206619 ], [ 121.4797676, 31.2073738 ], [ 121.4797716, 31.2077604 ], [ 121.4798132, 31.2078865 ], [ 121.4801323, 31.2080838 ], [ 121.4803348, 31.208179 ], [ 121.4804073, 31.2082605 ], [ 121.4804113, 31.2084211 ], [ 121.4802866, 31.2087388 ], [ 121.4802155, 31.2088451 ], [ 121.4800559, 31.209084 ], [ 121.4799459, 31.2093719 ], [ 121.4799499, 31.2095555 ], [ 121.4799406, 31.209661 ], [ 121.4798748, 31.2098663 ], [ 121.4797153, 31.2100051 ], [ 121.4792633, 31.2103412 ], [ 121.478604, 31.2109925 ], [ 121.4781468, 31.2116874 ], [ 121.4778498, 31.2122555 ], [ 121.4774957, 31.2130871 ], [ 121.4774226, 31.2132734 ], [ 121.4787805, 31.2134736 ], [ 121.4818919, 31.2138842 ], [ 121.4849764, 31.2142466 ], [ 121.4874494, 31.2145632 ], [ 121.4885545, 31.2146871 ], [ 121.4893645, 31.2146963 ], [ 121.4900726, 31.214733 ], [ 121.4905018, 31.2147972 ], [ 121.4909309, 31.2148889 ], [ 121.4912957, 31.214979 ] ] ] ] } },
{ "type": "Feature", "properties": { "district": "黄浦区", "official_control_code_2023": "310101017000", "official_control_name_2023": "小东门街道", "osm_name": "小东门街道", "osm_relation_id_source": "12235905", "admin_level": "8", "boundary": "administrative", "geometry_is_approximate": true, "source_snapshot_date": "2026-08-19", "source_pbf_sha256": "cba608c2e67cbd2ee7616dcee6833e575e818237048faabf4c0e447acd6c0b6f", "source_url": "https://download.openstreetmap.fr/extracts/asia/china/shanghai.osm.pbf", "license": "OpenStreetMap contributors, Open Database License 1.0" }, "geometry": { "type": "MultiPolygon", "coordinates": [ [ [ [ 121.4912957, 31.214979 ], [ 121.4912984, 31.2150415 ], [ 121.4913359, 31.21599 ], [ 121.491344, 31.2160703 ], [ 121.4912944, 31.2162033 ], [ 121.4912501, 31.2162561 ], [ 121.4911938, 31.2163341 ], [ 121.4911804, 31.216419 ], [ 121.49112, 31.2167894 ], [ 121.4906533, 31.2189009 ], [ 121.4905608, 31.2195569 ], [ 121.4904293, 31.2204916 ], [ 121.4903033, 31.221213 ], [ 121.4900136, 31.2223874 ], [ 121.4898017, 31.2236352 ], [ 121.489681, 31.2240687 ], [ 121.4909644, 31.2239357 ], [ 121.4910557, 31.2251978 ], [ 121.4908433, 31.2265446 ], [ 121.490884, 31.2269594 ], [ 121.4909669, 31.227377 ], [ 121.4918691, 31.2272315 ], [ 121.4921201, 31.2272252 ], [ 121.4928151, 31.2273042 ], [ 121.4928206, 31.2273094 ], [ 121.4926359, 31.2277756 ], [ 121.4922868, 31.2288624 ], [ 121.492154, 31.2291766 ], [ 121.4919636, 31.2294289 ], [ 121.4915317, 31.2297018 ], [ 121.4911348, 31.229961 ], [ 121.4909765, 31.230172 ], [ 121.4908853, 31.2303257 ], [ 121.4906841, 31.2306743 ], [ 121.4905179, 31.2308876 ], [ 121.4903529, 31.2310344 ], [ 121.4900431, 31.2311926 ], [ 121.4895821, 31.2314196 ], [ 121.4909144, 31.2320162 ], [ 121.4936267, 31.2338598 ], [ 121.4956497, 31.2322923 ], [ 121.4975308, 31.2306944 ], [ 121.4998321, 31.2284531 ], [ 121.500917, 31.2272949 ], [ 121.5022212, 31.225874 ], [ 121.5025807, 31.2254751 ], [ 121.5028044, 31.2251501 ], [ 121.5041588, 31.2230427 ], [ 121.504905, 31.2214984 ], [ 121.505739, 31.2188386 ], [ 121.5059334, 31.2177071 ], [ 121.5059457, 31.2175022 ], [ 121.5059585, 31.2172888 ], [ 121.5058331, 31.2162592 ], [ 121.5052413, 31.2148401 ], [ 121.5052248, 31.2148005 ], [ 121.5041714, 31.2128645 ], [ 121.5016945, 31.2087672 ], [ 121.5009527, 31.2076117 ], [ 121.4992619, 31.208241 ], [ 121.499109, 31.2084038 ], [ 121.4978135, 31.209817 ], [ 121.4974809, 31.2102276 ], [ 121.4973602, 31.2104754 ], [ 121.4970893, 31.2112347 ], [ 121.4969337, 31.2116453 ], [ 121.4966413, 31.2122349 ], [ 121.4961934, 31.2128611 ], [ 121.4959976, 31.2130354 ], [ 121.4957455, 31.2131823 ], [ 121.4954156, 31.2132855 ], [ 121.49445, 31.2134277 ], [ 121.4940423, 31.213508 ], [ 121.4937741, 31.2136479 ], [ 121.4934415, 31.2138911 ], [ 121.4932349, 31.2141526 ], [ 121.4929184, 31.2146343 ], [ 121.4927655, 31.2147972 ], [ 121.4925429, 31.2149463 ], [ 121.4923283, 31.2150426 ], [ 121.4920735, 31.2150816 ], [ 121.4918429, 31.2150816 ], [ 121.4915585, 31.2150403 ], [ 121.4912957, 31.214979 ] ] ] ] } },
{ "type": "Feature", "properties": { "district": "黄浦区", "official_control_code_2023": "310101018000", "official_control_name_2023": "豫园街道", "osm_name": "豫园街道", "osm_relation_id_source": "12235904", "admin_level": "8", "boundary": "administrative", "geometry_is_approximate": true, "source_snapshot_date": "2026-08-19", "source_pbf_sha256": "cba608c2e67cbd2ee7616dcee6833e575e818237048faabf4c0e447acd6c0b6f", "source_url": "https://download.openstreetmap.fr/extracts/asia/china/shanghai.osm.pbf", "license": "OpenStreetMap contributors, Open Database License 1.0" }, "geometry": { "type": "MultiPolygon", "coordinates": [ [ [ [ 121.489681, 31.2240687 ], [ 121.4909644, 31.2239357 ], [ 121.4910557, 31.2251978 ], [ 121.4908433, 31.2265446 ], [ 121.490884, 31.2269594 ], [ 121.4909669, 31.227377 ], [ 121.4918691, 31.2272315 ], [ 121.4921201, 31.2272252 ], [ 121.4928151, 31.2273042 ], [ 121.4928206, 31.2273094 ], [ 121.4926359, 31.2277756 ], [ 121.4922868, 31.2288624 ], [ 121.492154, 31.2291766 ], [ 121.4919636, 31.2294289 ], [ 121.4915317, 31.2297018 ], [ 121.4911348, 31.229961 ], [ 121.4909765, 31.230172 ], [ 121.4908853, 31.2303257 ], [ 121.4906841, 31.2306743 ], [ 121.4905179, 31.2308876 ], [ 121.4903529, 31.2310344 ], [ 121.4900431, 31.2311926 ], [ 121.4895821, 31.2314196 ], [ 121.4891246, 31.2313981 ], [ 121.4868902, 31.2314677 ], [ 121.4862164, 31.2314572 ], [ 121.4854887, 31.2314449 ], [ 121.4834395, 31.2311077 ], [ 121.4828655, 31.2309793 ], [ 121.4824927, 31.2308692 ], [ 121.4819133, 31.2305825 ], [ 121.4804998, 31.2300298 ], [ 121.4800867, 31.2298303 ], [ 121.4798427, 31.2296353 ], [ 121.4795798, 31.2293142 ], [ 121.4792821, 31.2290726 ], [ 121.4791507, 31.2289553 ], [ 121.4783998, 31.2286524 ], [ 121.4758183, 31.2276121 ], [ 121.4759427, 31.2273624 ], [ 121.476679, 31.225586 ], [ 121.4767541, 31.2253749 ], [ 121.4768922, 31.2244288 ], [ 121.4769868, 31.2238181 ], [ 121.4772027, 31.2228645 ], [ 121.4773267, 31.2226099 ], [ 121.4784405, 31.2208345 ], [ 121.4791895, 31.2209401 ], [ 121.4801994, 31.2210754 ], [ 121.4805883, 31.2211993 ], [ 121.481055, 31.2214195 ], [ 121.481621, 31.2217383 ], [ 121.4822727, 31.2222314 ], [ 121.4832464, 31.222853 ], [ 121.4839786, 31.2233232 ], [ 121.4843488, 31.2234953 ], [ 121.484668, 31.2236031 ], [ 121.4851937, 31.2237109 ], [ 121.4854538, 31.223759 ], [ 121.4865455, 31.2238302 ], [ 121.4880744, 31.2239403 ], [ 121.489681, 31.2240687 ] ] ] ] } },
{ "type": "Feature", "properties": { "district": "黄浦区", "official_control_code_2023": "310101019000", "official_control_name_2023": "老西门街道", "osm_name": "老西门街道", "osm_relation_id_source": "12235903", "admin_level": "8", "boundary": "administrative", "geometry_is_approximate": true, "source_snapshot_date": "2026-08-19", "source_pbf_sha256": "cba608c2e67cbd2ee7616dcee6833e575e818237048faabf4c0e447acd6c0b6f", "source_url": "https://download.openstreetmap.fr/extracts/asia/china/shanghai.osm.pbf", "license": "OpenStreetMap contributors, Open Database License 1.0" }, "geometry": { "type": "MultiPolygon", "coordinates": [ [ [ [ 121.4912957, 31.214979 ], [ 121.4912984, 31.2150415 ], [ 121.4913359, 31.21599 ], [ 121.491344, 31.2160703 ], [ 121.4912944, 31.2162033 ], [ 121.4912501, 31.2162561 ], [ 121.4911938, 31.2163341 ], [ 121.4911804, 31.216419 ], [ 121.49112, 31.2167894 ], [ 121.4906533, 31.2189009 ], [ 121.4905608, 31.2195569 ], [ 121.4904293, 31.2204916 ], [ 121.4903033, 31.221213 ], [ 121.4900136, 31.2223874 ], [ 121.4898017, 31.2236352 ], [ 121.489681, 31.2240687 ], [ 121.4880744, 31.2239403 ], [ 121.4865455, 31.2238302 ], [ 121.4854538, 31.223759 ], [ 121.4851937, 31.2237109 ], [ 121.484668, 31.2236031 ], [ 121.4843488, 31.2234953 ], [ 121.4839786, 31.2233232 ], [ 121.4832464, 31.222853 ], [ 121.4822727, 31.2222314 ], [ 121.481621, 31.2217383 ], [ 121.481055, 31.2214195 ], [ 121.4805883, 31.2211993 ], [ 121.4801994, 31.2210754 ], [ 121.4791895, 31.2209401 ], [ 121.4784405, 31.2208345 ], [ 121.47929, 31.2194399 ], [ 121.4791292, 31.2194675 ], [ 121.4789642, 31.2194812 ], [ 121.4788261, 31.2194537 ], [ 121.4784962, 31.2192083 ], [ 121.4783715, 31.2190867 ], [ 121.4782052, 31.2189536 ], [ 121.4761519, 31.2182082 ], [ 121.476569, 31.2158231 ], [ 121.4774059, 31.2133273 ], [ 121.4774226, 31.2132734 ], [ 121.4787805, 31.2134736 ], [ 121.4818919, 31.2138842 ], [ 121.4849764, 31.2142466 ], [ 121.4874494, 31.2145632 ], [ 121.4885545, 31.2146871 ], [ 121.4893645, 31.2146963 ], [ 121.4900726, 31.214733 ], [ 121.4905018, 31.2147972 ], [ 121.4909309, 31.2148889 ], [ 121.4912957, 31.214979 ] ] ] ] } },
{ "type": "Feature", "properties": { "district": "黄浦区", "official_control_code_2023": "310101020000", "official_control_name_2023": "五里桥街道", "osm_name": "五里桥街道", "osm_relation_id_source": "12235959", "admin_level": "8", "boundary": "administrative", "geometry_is_approximate": true, "source_snapshot_date": "2026-08-19", "source_pbf_sha256": "cba608c2e67cbd2ee7616dcee6833e575e818237048faabf4c0e447acd6c0b6f", "source_url": "https://download.openstreetmap.fr/extracts/asia/china/shanghai.osm.pbf", "license": "OpenStreetMap contributors, Open Database License 1.0" }, "geometry": { "type": "MultiPolygon", "coordinates": [ [ [ [ 121.4802155, 31.2088451 ], [ 121.4802866, 31.2087388 ], [ 121.4804113, 31.2084211 ], [ 121.4804073, 31.2082605 ], [ 121.4803348, 31.208179 ], [ 121.4801323, 31.2080838 ], [ 121.4798132, 31.2078865 ], [ 121.4797716, 31.2077604 ], [ 121.4797676, 31.2073738 ], [ 121.4799955, 31.206619 ], [ 121.4804971, 31.2053068 ], [ 121.4809008, 31.204162 ], [ 121.4809316, 31.2039991 ], [ 121.4811301, 31.2023909 ], [ 121.4812535, 31.2018587 ], [ 121.4817215, 31.2005877 ], [ 121.4824471, 31.1996952 ], [ 121.4825463, 31.1995965 ], [ 121.4827891, 31.1994658 ], [ 121.4831686, 31.199499 ], [ 121.4836876, 31.199569 ], [ 121.4839786, 31.1996791 ], [ 121.4844775, 31.2000955 ], [ 121.4847618, 31.2003146 ], [ 121.48514, 31.2006083 ], [ 121.4853144, 31.2008079 ], [ 121.4855088, 31.2010041 ], [ 121.4856684, 31.2010844 ], [ 121.4860694, 31.2011027 ], [ 121.4864677, 31.2012037 ], [ 121.4865173, 31.2011899 ], [ 121.4867024, 31.2011027 ], [ 121.4872228, 31.2004534 ], [ 121.487668, 31.1997743 ], [ 121.4878812, 31.1996872 ], [ 121.4879952, 31.1997353 ], [ 121.4881119, 31.1996596 ], [ 121.4883976, 31.199444 ], [ 121.488529, 31.1993614 ], [ 121.4888884, 31.1991354 ], [ 121.4892612, 31.1986857 ], [ 121.4897078, 31.1980536 ], [ 121.4898693, 31.1978318 ], [ 121.4918058, 31.1958894 ], [ 121.4883946, 31.1941676 ], [ 121.4870138, 31.1937125 ], [ 121.4853785, 31.1932557 ], [ 121.4788383, 31.1920596 ], [ 121.4751888, 31.1913032 ], [ 121.4719269, 31.1901912 ], [ 121.4711582, 31.1915199 ], [ 121.4709651, 31.191731 ], [ 121.4696472, 31.1923312 ], [ 121.4686878, 31.1925496 ], [ 121.4672357, 31.1927747 ], [ 121.4662387, 31.1929141 ], [ 121.4658151, 31.1930836 ], [ 121.4655423, 31.1948274 ], [ 121.4653846, 31.1958773 ], [ 121.4653324, 31.1965951 ], [ 121.4652466, 31.1974761 ], [ 121.4650786, 31.1982936 ], [ 121.4649508, 31.1986416 ], [ 121.4647399, 31.1990785 ], [ 121.4644415, 31.1997744 ], [ 121.4641308, 31.2004954 ], [ 121.463766, 31.2015691 ], [ 121.4635651, 31.2023547 ], [ 121.4634838, 31.2028774 ], [ 121.4634564, 31.2030929 ], [ 121.4666153, 31.2039636 ], [ 121.4706776, 31.2049856 ], [ 121.4722279, 31.2053802 ], [ 121.472885, 31.2056808 ], [ 121.4735904, 31.2061671 ], [ 121.4740276, 31.2064332 ], [ 121.4753982, 31.2070343 ], [ 121.4761922, 31.2074598 ], [ 121.476514, 31.2076514 ], [ 121.4773442, 31.2079336 ], [ 121.4791225, 31.2085358 ], [ 121.480193, 31.2088443 ], [ 121.4802155, 31.2088451 ] ] ] ] } },
{ "type": "Feature", "properties": { "district": "黄浦区", "official_control_code_2023": "310101021000", "official_control_name_2023": "打浦桥街道", "osm_name": "打浦桥街道", "osm_relation_id_source": "12235958", "admin_level": "8", "boundary": "administrative", "geometry_is_approximate": true, "source_snapshot_date": "2026-08-19", "source_pbf_sha256": "cba608c2e67cbd2ee7616dcee6833e575e818237048faabf4c0e447acd6c0b6f", "source_url": "https://download.openstreetmap.fr/extracts/asia/china/shanghai.osm.pbf", "license": "OpenStreetMap contributors, Open Database License 1.0" }, "geometry": { "type": "MultiPolygon", "coordinates": [ [ [ [ 121.4774226, 31.2132734 ], [ 121.4774957, 31.2130871 ], [ 121.4778498, 31.2122555 ], [ 121.4781468, 31.2116874 ], [ 121.478604, 31.2109925 ], [ 121.4792633, 31.2103412 ], [ 121.4797153, 31.2100051 ], [ 121.4798748, 31.2098663 ], [ 121.4799406, 31.209661 ], [ 121.4799499, 31.2095555 ], [ 121.4799459, 31.2093719 ], [ 121.4800559, 31.209084 ], [ 121.4802155, 31.2088451 ], [ 121.480193, 31.2088443 ], [ 121.4791225, 31.2085358 ], [ 121.4773442, 31.2079336 ], [ 121.476514, 31.2076514 ], [ 121.4761922, 31.2074598 ], [ 121.4753982, 31.2070343 ], [ 121.4740276, 31.2064332 ], [ 121.4735904, 31.2061671 ], [ 121.472885, 31.2056808 ], [ 121.4722279, 31.2053802 ], [ 121.4706776, 31.2049856 ], [ 121.4666153, 31.2039636 ], [ 121.4634564, 31.2030929 ], [ 121.4633154, 31.2036798 ], [ 121.4627629, 31.2053086 ], [ 121.4622462, 31.206336 ], [ 121.4622098, 31.2064298 ], [ 121.4620838, 31.2063896 ], [ 121.4603524, 31.2055494 ], [ 121.4597918, 31.2053688 ], [ 121.4585164, 31.2050768 ], [ 121.4577278, 31.2049076 ], [ 121.4576809, 31.2051554 ], [ 121.457642, 31.2054995 ], [ 121.4576098, 31.2066443 ], [ 121.4575951, 31.2068806 ], [ 121.4574087, 31.2084406 ], [ 121.4582375, 31.2086723 ], [ 121.4610162, 31.2098422 ], [ 121.4622366, 31.2104387 ], [ 121.4674993, 31.2126787 ], [ 121.4696684, 31.213399 ], [ 121.4744407, 31.2150862 ], [ 121.4765281, 31.2158082 ], [ 121.476569, 31.2158231 ], [ 121.4774059, 31.2133273 ], [ 121.4774226, 31.2132734 ] ] ] ] } },
{ "type": "Feature", "properties": { "district": "黄浦区", "official_control_code_2023": "310101022000", "official_control_name_2023": "淮海中路街道", "osm_name": "淮海中路街道", "osm_relation_id_source": "12236003", "admin_level": "8", "boundary": "administrative", "geometry_is_approximate": true, "source_snapshot_date": "2026-08-19", "source_pbf_sha256": "cba608c2e67cbd2ee7616dcee6833e575e818237048faabf4c0e447acd6c0b6f", "source_url": "https://download.openstreetmap.fr/extracts/asia/china/shanghai.osm.pbf", "license": "OpenStreetMap contributors, Open Database License 1.0" }, "geometry": { "type": "MultiPolygon", "coordinates": [ [ [ [ 121.476569, 31.2158231 ], [ 121.4765281, 31.2158082 ], [ 121.4744407, 31.2150862 ], [ 121.4696684, 31.213399 ], [ 121.4674993, 31.2126787 ], [ 121.4667079, 31.2139599 ], [ 121.466158, 31.2148132 ], [ 121.4660051, 31.215233 ], [ 121.4659381, 31.2157377 ], [ 121.4659381, 31.2162102 ], [ 121.4660266, 31.2166942 ], [ 121.4662975, 31.2178778 ], [ 121.4666033, 31.2188734 ], [ 121.4668474, 31.2197817 ], [ 121.46707, 31.2206258 ], [ 121.4671826, 31.2210502 ], [ 121.4672738, 31.2216167 ], [ 121.4673033, 31.2219952 ], [ 121.4672765, 31.2224379 ], [ 121.4672121, 31.2228255 ], [ 121.4670432, 31.2234047 ], [ 121.4669453, 31.2236535 ], [ 121.4667267, 31.2240905 ], [ 121.4665751, 31.2243394 ], [ 121.4664008, 31.2245882 ], [ 121.4659827, 31.2250639 ], [ 121.4661902, 31.2253279 ], [ 121.4665014, 31.2254885 ], [ 121.4676842, 31.2256605 ], [ 121.4681053, 31.225727 ], [ 121.4683601, 31.2257981 ], [ 121.469028, 31.2260275 ], [ 121.4697736, 31.2262477 ], [ 121.4707902, 31.2265688 ], [ 121.471729, 31.2269633 ], [ 121.4725658, 31.2273394 ], [ 121.47351, 31.2277982 ], [ 121.4752484, 31.2284985 ], [ 121.4755377, 31.2281468 ], [ 121.4758183, 31.2276121 ], [ 121.4759427, 31.2273624 ], [ 121.476679, 31.225586 ], [ 121.4767541, 31.2253749 ], [ 121.4768922, 31.2244288 ], [ 121.4769868, 31.2238181 ], [ 121.4772027, 31.2228645 ], [ 121.4773267, 31.2226099 ], [ 121.4784405, 31.2208345 ], [ 121.47929, 31.2194399 ], [ 121.4791292, 31.2194675 ], [ 121.4789642, 31.2194812 ], [ 121.4788261, 31.2194537 ], [ 121.4784962, 31.2192083 ], [ 121.4783715, 31.2190867 ], [ 121.4782052, 31.2189536 ], [ 121.4761519, 31.2182082 ], [ 121.476569, 31.2158231 ] ] ] ] } },
{ "type": "Feature", "properties": { "district": "黄浦区", "official_control_code_2023": "310101023000", "official_control_name_2023": "瑞金二路街道", "osm_name": "瑞金二路街道", "osm_relation_id_source": "12236004", "admin_level": "8", "boundary": "administrative", "geometry_is_approximate": true, "source_snapshot_date": "2026-08-19", "source_pbf_sha256": "cba608c2e67cbd2ee7616dcee6833e575e818237048faabf4c0e447acd6c0b6f", "source_url": "https://download.openstreetmap.fr/extracts/asia/china/shanghai.osm.pbf", "license": "OpenStreetMap contributors, Open Database License 1.0" }, "geometry": { "type": "MultiPolygon", "coordinates": [ [ [ [ 121.4659827, 31.2250639 ], [ 121.4664008, 31.2245882 ], [ 121.4665751, 31.2243394 ], [ 121.4667267, 31.2240905 ], [ 121.4669453, 31.2236535 ], [ 121.4670432, 31.2234047 ], [ 121.4672121, 31.2228255 ], [ 121.4672765, 31.2224379 ], [ 121.4673033, 31.2219952 ], [ 121.4672738, 31.2216167 ], [ 121.4671826, 31.2210502 ], [ 121.46707, 31.2206258 ], [ 121.4668474, 31.2197817 ], [ 121.4666033, 31.2188734 ], [ 121.4662975, 31.2178778 ], [ 121.4660266, 31.2166942 ], [ 121.4659381, 31.2162102 ], [ 121.4659381, 31.2157377 ], [ 121.4660051, 31.215233 ], [ 121.466158, 31.2148132 ], [ 121.4667079, 31.2139599 ], [ 121.4674993, 31.2126787 ], [ 121.4622366, 31.2104387 ], [ 121.4610162, 31.2098422 ], [ 121.4582375, 31.2086723 ], [ 121.4574087, 31.2084406 ], [ 121.4573577, 31.2089751 ], [ 121.4571029, 31.2113207 ], [ 121.4570492, 31.21215 ], [ 121.4562101, 31.2152438 ], [ 121.4561834, 31.2153267 ], [ 121.4552289, 31.2170419 ], [ 121.4546281, 31.218286 ], [ 121.4542152, 31.2191953 ], [ 121.4536522, 31.2204351 ], [ 121.4531447, 31.2220274 ], [ 121.452787, 31.2229319 ], [ 121.4526903, 31.2230866 ], [ 121.452526, 31.2233802 ], [ 121.4523603, 31.2237891 ], [ 121.452299, 31.2240539 ], [ 121.4523123, 31.2246315 ], [ 121.4523239, 31.2251364 ], [ 121.4522412, 31.2255357 ], [ 121.4522114, 31.2257682 ], [ 121.4537297, 31.2257625 ], [ 121.455038, 31.225778 ], [ 121.4560518, 31.2257874 ], [ 121.4588735, 31.2258149 ], [ 121.4589567, 31.2258121 ], [ 121.4596486, 31.2257889 ], [ 121.4599678, 31.2257782 ], [ 121.4622209, 31.2256773 ], [ 121.4629041, 31.225769 ], [ 121.4637548, 31.2259678 ], [ 121.4642483, 31.2261422 ], [ 121.4646453, 31.2263302 ], [ 121.4659827, 31.2250639 ] ] ] ] } },
{ "type": "Feature", "properties": { "district": "徐汇区", "official_control_code_2023": "310104003000", "official_control_name_2023": "天平路街道", "osm_name": "天平路街道", "osm_relation_id_source": "13469980", "admin_level": "8", "boundary": "administrative", "geometry_is_approximate": true, "source_snapshot_date": "2026-08-19", "source_pbf_sha256": "cba608c2e67cbd2ee7616dcee6833e575e818237048faabf4c0e447acd6c0b6f", "source_url": "https://download.openstreetmap.fr/extracts/asia/china/shanghai.osm.pbf", "license": "OpenStreetMap contributors, Open Database License 1.0" }, "geometry": { "type": "MultiPolygon", "coordinates": [ [ [ [ 121.4574087, 31.2084406 ], [ 121.4573577, 31.2089751 ], [ 121.4571029, 31.2113207 ], [ 121.4570492, 31.21215 ], [ 121.4562101, 31.2152438 ], [ 121.4561834, 31.2153267 ], [ 121.4535902, 31.2146743 ], [ 121.4517854, 31.2141952 ], [ 121.4499901, 31.2136892 ], [ 121.4484533, 31.2132644 ], [ 121.445678, 31.2125445 ], [ 121.4451483, 31.2124585 ], [ 121.4434183, 31.2123518 ], [ 121.4431594, 31.212205 ], [ 121.4419698, 31.2114318 ], [ 121.4411089, 31.2108722 ], [ 121.438939, 31.2094706 ], [ 121.4352429, 31.2070813 ], [ 121.4332691, 31.2058345 ], [ 121.4316031, 31.2047482 ], [ 121.4314028, 31.204618 ], [ 121.4306402, 31.2041557 ], [ 121.4308757, 31.2039158 ], [ 121.4310698, 31.203717 ], [ 121.431206, 31.2035475 ], [ 121.4314353, 31.2031961 ], [ 121.4315748, 31.202852 ], [ 121.4316901, 31.2024138 ], [ 121.4317947, 31.2019619 ], [ 121.4318939, 31.2015604 ], [ 121.4320012, 31.2011245 ], [ 121.4320897, 31.2007895 ], [ 121.4322238, 31.2003949 ], [ 121.432294, 31.2001956 ], [ 121.4336433, 31.2005642 ], [ 121.4338255, 31.200129 ], [ 121.4341251, 31.199735 ], [ 121.4345081, 31.1993613 ], [ 121.4355845, 31.198115 ], [ 121.4356377, 31.1980793 ], [ 121.4358399, 31.1983468 ], [ 121.436202, 31.1988119 ], [ 121.4365024, 31.1992178 ], [ 121.4367026, 31.1994971 ], [ 121.4369845, 31.1998477 ], [ 121.437439, 31.2004314 ], [ 121.438009, 31.2012312 ], [ 121.4384522, 31.2018306 ], [ 121.4385273, 31.2017531 ], [ 121.4400695, 31.1992031 ], [ 121.4402409, 31.1989183 ], [ 121.4436167, 31.2003307 ], [ 121.4458866, 31.2013166 ], [ 121.4489356, 31.2023599 ], [ 121.4512476, 31.2031578 ], [ 121.451306, 31.2031758 ], [ 121.4541893, 31.2040009 ], [ 121.4562349, 31.2045813 ], [ 121.4577132, 31.2049017 ], [ 121.4577278, 31.2049076 ], [ 121.4576809, 31.2051554 ], [ 121.457642, 31.2054995 ], [ 121.4576098, 31.2066443 ], [ 121.4575951, 31.2068806 ], [ 121.4574087, 31.2084406 ] ] ] ] } },
{ "type": "Feature", "properties": { "district": "徐汇区", "official_control_code_2023": "310104004000", "official_control_name_2023": "湖南路街道", "osm_name": "湖南路街道", "osm_relation_id_source": "13469979", "admin_level": "8", "boundary": "administrative", "geometry_is_approximate": true, "source_snapshot_date": "2026-08-19", "source_pbf_sha256": "cba608c2e67cbd2ee7616dcee6833e575e818237048faabf4c0e447acd6c0b6f", "source_url": "https://download.openstreetmap.fr/extracts/asia/china/shanghai.osm.pbf", "license": "OpenStreetMap contributors, Open Database License 1.0" }, "geometry": { "type": "MultiPolygon", "coordinates": [ [ [ [ 121.4561834, 31.2153267 ], [ 121.4552289, 31.2170419 ], [ 121.4546281, 31.218286 ], [ 121.4542152, 31.2191953 ], [ 121.4536522, 31.2204351 ], [ 121.4531447, 31.2220274 ], [ 121.4519294, 31.2217741 ], [ 121.4514408, 31.2216718 ], [ 121.4512691, 31.2216144 ], [ 121.4477983, 31.2193918 ], [ 121.4475887, 31.2192951 ], [ 121.447455, 31.2192335 ], [ 121.4439963, 31.2181038 ], [ 121.4435282, 31.2179765 ], [ 121.4425814, 31.2177895 ], [ 121.4399837, 31.2173537 ], [ 121.43509, 31.2163834 ], [ 121.4349076, 31.2163341 ], [ 121.4348298, 31.2163089 ], [ 121.4347708, 31.2157583 ], [ 121.4345992, 31.2150036 ], [ 121.4343443, 31.2145907 ], [ 121.433769, 31.2140689 ], [ 121.4332138, 31.2136537 ], [ 121.4324735, 31.2132488 ], [ 121.4320377, 31.2130882 ], [ 121.4317574, 31.2130446 ], [ 121.4314771, 31.2130297 ], [ 121.430997, 31.2130056 ], [ 121.4308776, 31.2129896 ], [ 121.4307056, 31.2129732 ], [ 121.4305852, 31.212962 ], [ 121.4310895, 31.2111854 ], [ 121.4313698, 31.2105591 ], [ 121.4324373, 31.2081825 ], [ 121.4328054, 31.2071559 ], [ 121.4330148, 31.2065319 ], [ 121.4332166, 31.2059792 ], [ 121.4332667, 31.205837 ], [ 121.4332691, 31.2058345 ], [ 121.4352429, 31.2070813 ], [ 121.438939, 31.2094706 ], [ 121.4411089, 31.2108722 ], [ 121.4419698, 31.2114318 ], [ 121.4431594, 31.212205 ], [ 121.4434183, 31.2123518 ], [ 121.4451483, 31.2124585 ], [ 121.445678, 31.2125445 ], [ 121.4484533, 31.2132644 ], [ 121.4499901, 31.2136892 ], [ 121.4517854, 31.2141952 ], [ 121.4535902, 31.2146743 ], [ 121.4561834, 31.2153267 ] ] ] ] } },
{ "type": "Feature", "properties": { "district": "徐汇区", "official_control_code_2023": "310104007000", "official_control_name_2023": "斜土路街道", "osm_name": "斜土路街道", "osm_relation_id_source": "13470053", "admin_level": "8", "boundary": "administrative", "geometry_is_approximate": true, "source_snapshot_date": "2026-08-19", "source_pbf_sha256": "cba608c2e67cbd2ee7616dcee6833e575e818237048faabf4c0e447acd6c0b6f", "source_url": "https://download.openstreetmap.fr/extracts/asia/china/shanghai.osm.pbf", "license": "OpenStreetMap contributors, Open Database License 1.0" }, "geometry": { "type": "MultiPolygon", "coordinates": [ [ [ [ 121.4577278, 31.2049076 ], [ 121.4577132, 31.2049017 ], [ 121.4562349, 31.2045813 ], [ 121.4541893, 31.2040009 ], [ 121.451306, 31.2031758 ], [ 121.4513076, 31.2031673 ], [ 121.4513234, 31.2029564 ], [ 121.4513489, 31.20291 ], [ 121.4546192, 31.1978804 ], [ 121.456317, 31.1950652 ], [ 121.4565343, 31.1943196 ], [ 121.4569125, 31.1930966 ], [ 121.4572102, 31.1927502 ], [ 121.4580008, 31.1921693 ], [ 121.4572594, 31.1916985 ], [ 121.4565232, 31.1912368 ], [ 121.4558118, 31.1907902 ], [ 121.4548934, 31.1902589 ], [ 121.4540086, 31.1897139 ], [ 121.4533309, 31.1892916 ], [ 121.4526354, 31.1890221 ], [ 121.4518763, 31.1888102 ], [ 121.4519101, 31.1879401 ], [ 121.4519034, 31.1876713 ], [ 121.4518806, 31.1875302 ], [ 121.4516544, 31.1870161 ], [ 121.451371, 31.1867477 ], [ 121.4501506, 31.1863944 ], [ 121.4500675, 31.186275 ], [ 121.4500743, 31.1853898 ], [ 121.4496116, 31.1850685 ], [ 121.4490993, 31.1847278 ], [ 121.4486313, 31.1844043 ], [ 121.4484932, 31.1843056 ], [ 121.4483179, 31.1840866 ], [ 121.4486414, 31.1838309 ], [ 121.4489742, 31.1834566 ], [ 121.4493994, 31.1828583 ], [ 121.4498276, 31.1822652 ], [ 121.4502312, 31.1817775 ], [ 121.4506811, 31.1813163 ], [ 121.4511217, 31.1808629 ], [ 121.4516068, 31.1803414 ], [ 121.4518527, 31.1800196 ], [ 121.4520153, 31.1797083 ], [ 121.4521312, 31.1794249 ], [ 121.4522193, 31.1790153 ], [ 121.4522498, 31.1788155 ], [ 121.4526987, 31.1791294 ], [ 121.4530098, 31.1792969 ], [ 121.4532056, 31.179368 ], [ 121.4550644, 31.1797306 ], [ 121.457178, 31.1799968 ], [ 121.4605334, 31.1798476 ], [ 121.460656, 31.1798388 ], [ 121.4610971, 31.1815773 ], [ 121.4618131, 31.1828064 ], [ 121.4628189, 31.1839897 ], [ 121.464541, 31.185988 ], [ 121.4662356, 31.1873516 ], [ 121.4695517, 31.1890599 ], [ 121.4719269, 31.1901912 ], [ 121.4711582, 31.1915199 ], [ 121.4709651, 31.191731 ], [ 121.4696472, 31.1923312 ], [ 121.4686878, 31.1925496 ], [ 121.4672357, 31.1927747 ], [ 121.4662387, 31.1929141 ], [ 121.4658151, 31.1930836 ], [ 121.4655423, 31.1948274 ], [ 121.4653846, 31.1958773 ], [ 121.4653324, 31.1965951 ], [ 121.4652466, 31.1974761 ], [ 121.4650786, 31.1982936 ], [ 121.4649508, 31.1986416 ], [ 121.4647399, 31.1990785 ], [ 121.4644415, 31.1997744 ], [ 121.4641308, 31.2004954 ], [ 121.463766, 31.2015691 ], [ 121.4635651, 31.2023547 ], [ 121.4634838, 31.2028774 ], [ 121.4634564, 31.2030929 ], [ 121.4633154, 31.2036798 ], [ 121.4627629, 31.2053086 ], [ 121.4622462, 31.206336 ], [ 121.4622098, 31.2064298 ], [ 121.4620838, 31.2063896 ], [ 121.4603524, 31.2055494 ], [ 121.4597918, 31.2053688 ], [ 121.4585164, 31.2050768 ], [ 121.4577278, 31.2049076 ] ] ] ] } },
{ "type": "Feature", "properties": { "district": "徐汇区", "official_control_code_2023": "310104008000", "official_control_name_2023": "枫林路街道", "osm_name": "枫林路街道", "osm_relation_id_source": "13470052", "admin_level": "8", "boundary": "administrative", "geometry_is_approximate": true, "source_snapshot_date": "2026-08-19", "source_pbf_sha256": "cba608c2e67cbd2ee7616dcee6833e575e818237048faabf4c0e447acd6c0b6f", "source_url": "https://download.openstreetmap.fr/extracts/asia/china/shanghai.osm.pbf", "license": "OpenStreetMap contributors, Open Database License 1.0" }, "geometry": { "type": "MultiPolygon", "coordinates": [ [ [ [ 121.4402409, 31.1989183 ], [ 121.4402449, 31.1989045 ], [ 121.4408058, 31.1975133 ], [ 121.4416668, 31.1954851 ], [ 121.4442739, 31.1904006 ], [ 121.4418331, 31.1895081 ], [ 121.4413074, 31.1892694 ], [ 121.4407548, 31.1889253 ], [ 121.438947, 31.1874499 ], [ 121.4385635, 31.1871332 ], [ 121.4394379, 31.1845219 ], [ 121.4398617, 31.1834664 ], [ 121.4399314, 31.183253 ], [ 121.4400253, 31.1828445 ], [ 121.4401178, 31.1824212 ], [ 121.4392867, 31.1818021 ], [ 121.4385231, 31.1812088 ], [ 121.4378296, 31.1807074 ], [ 121.4374327, 31.1804077 ], [ 121.4370988, 31.180216 ], [ 121.4369096, 31.1801261 ], [ 121.4365804, 31.1800182 ], [ 121.4361624, 31.1799283 ], [ 121.4359243, 31.1798963 ], [ 121.4355997, 31.1799023 ], [ 121.4362395, 31.1796626 ], [ 121.4372786, 31.179349 ], [ 121.4377502, 31.1791652 ], [ 121.4382752, 31.178891 ], [ 121.4386533, 31.178637 ], [ 121.4389623, 31.1783031 ], [ 121.439129, 31.1781049 ], [ 121.4400235, 31.1785122 ], [ 121.4404391, 31.1780466 ], [ 121.4414911, 31.1784834 ], [ 121.4415246, 31.1785098 ], [ 121.4408112, 31.1795769 ], [ 121.440665, 31.1798121 ], [ 121.4408822, 31.1798821 ], [ 121.4412323, 31.1799165 ], [ 121.4412564, 31.1798649 ], [ 121.4418639, 31.1800152 ], [ 121.4418384, 31.1801356 ], [ 121.4424258, 31.1802687 ], [ 121.442336, 31.180489 ], [ 121.4430307, 31.1804879 ], [ 121.4431179, 31.1809147 ], [ 121.4430159, 31.1812543 ], [ 121.4475918, 31.1826288 ], [ 121.4477199, 31.1826724 ], [ 121.4477933, 31.1828573 ], [ 121.4479544, 31.1832608 ], [ 121.4481155, 31.1836783 ], [ 121.4483179, 31.1840866 ], [ 121.4484932, 31.1843056 ], [ 121.4486313, 31.1844043 ], [ 121.4490993, 31.1847278 ], [ 121.4496116, 31.1850685 ], [ 121.4500743, 31.1853898 ], [ 121.4500675, 31.186275 ], [ 121.4501506, 31.1863944 ], [ 121.451371, 31.1867477 ], [ 121.4516544, 31.1870161 ], [ 121.4518806, 31.1875302 ], [ 121.4519034, 31.1876713 ], [ 121.4519101, 31.1879401 ], [ 121.4518763, 31.1888102 ], [ 121.4526354, 31.1890221 ], [ 121.4533309, 31.1892916 ], [ 121.4540086, 31.1897139 ], [ 121.4548934, 31.1902589 ], [ 121.4558118, 31.1907902 ], [ 121.4565232, 31.1912368 ], [ 121.4572594, 31.1916985 ], [ 121.4580008, 31.1921693 ], [ 121.4572102, 31.1927502 ], [ 121.4569125, 31.1930966 ], [ 121.4565343, 31.1943196 ], [ 121.456317, 31.1950652 ], [ 121.4546192, 31.1978804 ], [ 121.4513489, 31.20291 ], [ 121.4513234, 31.2029564 ], [ 121.4513076, 31.2031673 ], [ 121.451306, 31.2031758 ], [ 121.4512476, 31.2031578 ], [ 121.4489356, 31.2023599 ], [ 121.4458866, 31.2013166 ], [ 121.4436167, 31.2003307 ], [ 121.4402409, 31.1989183 ] ] ] ] } },
{ "type": "Feature", "properties": { "district": "徐汇区", "official_control_code_2023": "310104010000", "official_control_name_2023": "长桥街道", "osm_name": "长桥街道", "osm_relation_id_source": "13470589", "admin_level": "8", "boundary": "administrative", "geometry_is_approximate": true, "source_snapshot_date": "2026-08-19", "source_pbf_sha256": "cba608c2e67cbd2ee7616dcee6833e575e818237048faabf4c0e447acd6c0b6f", "source_url": "https://download.openstreetmap.fr/extracts/asia/china/shanghai.osm.pbf", "license": "OpenStreetMap contributors, Open Database License 1.0" }, "geometry": { "type": "MultiPolygon", "coordinates": [ [ [ [ 121.4455874, 31.1554229 ], [ 121.4456217, 31.1546502 ], [ 121.4457001, 31.1534896 ], [ 121.4458074, 31.1518598 ], [ 121.4458986, 31.1503219 ], [ 121.4459468, 31.1494726 ], [ 121.4467764, 31.1493454 ], [ 121.446999, 31.1493282 ], [ 121.4476709, 31.1494143 ], [ 121.4517894, 31.1509592 ], [ 121.4526665, 31.1514481 ], [ 121.4543456, 31.1506154 ], [ 121.4537945, 31.1500943 ], [ 121.4533384, 31.149278 ], [ 121.4525228, 31.1473143 ], [ 121.4525367, 31.1452914 ], [ 121.4531034, 31.143375 ], [ 121.4537392, 31.1418607 ], [ 121.4553841, 31.1389504 ], [ 121.4568631, 31.1370693 ], [ 121.45866, 31.1355076 ], [ 121.4588537, 31.1353299 ], [ 121.456022, 31.1332883 ], [ 121.4544851, 31.1324285 ], [ 121.4537662, 31.1322448 ], [ 121.4516848, 31.1320795 ], [ 121.4485466, 31.1319647 ], [ 121.4385045, 31.1315996 ], [ 121.4319243, 31.1309028 ], [ 121.4318848, 31.1310727 ], [ 121.431807, 31.1314355 ], [ 121.4312846, 31.1334983 ], [ 121.431184, 31.1339041 ], [ 121.431068, 31.1343134 ], [ 121.4309111, 31.1348661 ], [ 121.4306282, 31.1352914 ], [ 121.4304994, 31.1354779 ], [ 121.430136, 31.1358114 ], [ 121.4297283, 31.1360789 ], [ 121.4288485, 31.1367137 ], [ 121.4285535, 31.1369226 ], [ 121.428355, 31.1371326 ], [ 121.4279714, 31.1377778 ], [ 121.4277955, 31.1380964 ], [ 121.4275968, 31.1386103 ], [ 121.427452, 31.1389555 ], [ 121.4270536, 31.1399593 ], [ 121.426889, 31.140403 ], [ 121.4267406, 31.1406692 ], [ 121.4265068, 31.1409754 ], [ 121.4263462, 31.1411772 ], [ 121.4261271, 31.1414223 ], [ 121.4256788, 31.1418539 ], [ 121.4254453, 31.1421497 ], [ 121.4252025, 31.1426054 ], [ 121.4249993, 31.1429991 ], [ 121.4246491, 31.1437225 ], [ 121.4245136, 31.1441002 ], [ 121.4243829, 31.1445159 ], [ 121.4242755, 31.1452753 ], [ 121.4241553, 31.1464461 ], [ 121.4240748, 31.147136 ], [ 121.4239464, 31.1481268 ], [ 121.4238296, 31.1486342 ], [ 121.4243994, 31.1491355 ], [ 121.4250967, 31.149815 ], [ 121.4256218, 31.1503543 ], [ 121.4256815, 31.1504008 ], [ 121.4257512, 31.1502596 ], [ 121.4263514, 31.1496703 ], [ 121.4265029, 31.1496014 ], [ 121.426637, 31.1495876 ], [ 121.4269374, 31.1496668 ], [ 121.4329536, 31.1518188 ], [ 121.4337026, 31.1520791 ], [ 121.4346092, 31.1523574 ], [ 121.4353389, 31.1525662 ], [ 121.4357746, 31.1526784 ], [ 121.4365773, 31.1529585 ], [ 121.4416212, 31.1543036 ], [ 121.4449766, 31.1552286 ], [ 121.4455874, 31.1554229 ] ] ] ] } },
{ "type": "Feature", "properties": { "district": "徐汇区", "official_control_code_2023": "310104011000", "official_control_name_2023": "田林街道", "osm_name": "田林街道", "osm_relation_id_source": "13470318", "admin_level": "8", "boundary": "administrative", "geometry_is_approximate": true, "source_snapshot_date": "2026-08-19", "source_pbf_sha256": "cba608c2e67cbd2ee7616dcee6833e575e818237048faabf4c0e447acd6c0b6f", "source_url": "https://download.openstreetmap.fr/extracts/asia/china/shanghai.osm.pbf", "license": "OpenStreetMap contributors, Open Database License 1.0" }, "geometry": { "type": "MultiPolygon", "coordinates": [ [ [ [ 121.413973, 31.1687243 ], [ 121.4194661, 31.1694564 ], [ 121.4203808, 31.1694943 ], [ 121.4214483, 31.1696217 ], [ 121.4233232, 31.1698994 ], [ 121.4257961, 31.1700623 ], [ 121.4294265, 31.1702425 ], [ 121.4299393, 31.1702595 ], [ 121.4299935, 31.1707586 ], [ 121.4300793, 31.1714012 ], [ 121.4302376, 31.1726129 ], [ 121.430377, 31.1736984 ], [ 121.4305326, 31.1748619 ], [ 121.4306587, 31.1758418 ], [ 121.4307525, 31.1766404 ], [ 121.4308866, 31.1776525 ], [ 121.4310637, 31.1790752 ], [ 121.4311763, 31.1799266 ], [ 121.431267, 31.1806708 ], [ 121.431343, 31.1812295 ], [ 121.4309077, 31.1813899 ], [ 121.4303892, 31.1815777 ], [ 121.4299327, 31.1817654 ], [ 121.4295274, 31.1819637 ], [ 121.4290833, 31.1821787 ], [ 121.4287488, 31.1823437 ], [ 121.4282586, 31.1827873 ], [ 121.4276871, 31.1833081 ], [ 121.4272977, 31.1836624 ], [ 121.4265917, 31.1843058 ], [ 121.426036, 31.1848084 ], [ 121.4253158, 31.1854654 ], [ 121.4246168, 31.1861058 ], [ 121.4241426, 31.1865569 ], [ 121.4237975, 31.1869384 ], [ 121.4233285, 31.1875288 ], [ 121.4229923, 31.1879769 ], [ 121.422534, 31.1886006 ], [ 121.4221907, 31.1890593 ], [ 121.4216669, 31.1897708 ], [ 121.4213023, 31.1902749 ], [ 121.4209325, 31.1908138 ], [ 121.420591, 31.1913194 ], [ 121.4200282, 31.1921399 ], [ 121.4194832, 31.1929392 ], [ 121.4189789, 31.1936764 ], [ 121.4185205, 31.1943469 ], [ 121.4181896, 31.1948313 ], [ 121.417818, 31.1953778 ], [ 121.4174959, 31.1958349 ], [ 121.4173768, 31.1960316 ], [ 121.4173946, 31.1959118 ], [ 121.4174768, 31.1949304 ], [ 121.4174768, 31.1948955 ], [ 121.4174768, 31.1944532 ], [ 121.417348, 31.1941044 ], [ 121.4169189, 31.193517 ], [ 121.4164361, 31.1931408 ], [ 121.4158567, 31.1929021 ], [ 121.414989, 31.1927518 ], [ 121.414468, 31.1927263 ], [ 121.411935, 31.1928253 ], [ 121.412104, 31.1938139 ], [ 121.412114, 31.1939572 ], [ 121.4121488, 31.1942181 ], [ 121.4114733, 31.1942703 ], [ 121.4113121, 31.1932414 ], [ 121.4102269, 31.193439 ], [ 121.4101642, 31.1928999 ], [ 121.4086103, 31.1929553 ], [ 121.4082363, 31.1929715 ], [ 121.4079799, 31.1929868 ], [ 121.4080641, 31.1925643 ], [ 121.408056, 31.1922844 ], [ 121.4079782, 31.1918829 ], [ 121.4078347, 31.1911016 ], [ 121.4078683, 31.1905452 ], [ 121.4081885, 31.1898185 ], [ 121.4082552, 31.189667 ], [ 121.4087561, 31.189017 ], [ 121.4090404, 31.188682 ], [ 121.4104553, 31.1891168 ], [ 121.4105567, 31.1889464 ], [ 121.4108142, 31.1883407 ], [ 121.4108785, 31.1877257 ], [ 121.410782, 31.1871383 ], [ 121.4106532, 31.1863949 ], [ 121.4104494, 31.1854128 ], [ 121.4104378, 31.1852861 ], [ 121.4102749, 31.1840452 ], [ 121.4095091, 31.1840699 ], [ 121.4095741, 31.183113 ], [ 121.4104056, 31.179749 ], [ 121.410816, 31.1786176 ], [ 121.412151, 31.1789054 ], [ 121.413009, 31.1766633 ], [ 121.4130597, 31.1765202 ], [ 121.4127405, 31.1764422 ], [ 121.4117655, 31.176231 ], [ 121.4116736, 31.1762041 ], [ 121.412766, 31.1731295 ], [ 121.4134204, 31.17104 ], [ 121.4135465, 31.1707554 ], [ 121.4138013, 31.1695138 ], [ 121.413973, 31.1687243 ] ] ] ] } },
{ "type": "Feature", "properties": { "district": "徐汇区", "official_control_code_2023": "310104012000", "official_control_name_2023": "虹梅路街道", "osm_name": "虹梅路街道", "osm_relation_id_source": "13470463", "admin_level": "8", "boundary": "administrative", "geometry_is_approximate": true, "source_snapshot_date": "2026-08-19", "source_pbf_sha256": "cba608c2e67cbd2ee7616dcee6833e575e818237048faabf4c0e447acd6c0b6f", "source_url": "https://download.openstreetmap.fr/extracts/asia/china/shanghai.osm.pbf", "license": "OpenStreetMap contributors, Open Database License 1.0" }, "geometry": { "type": "MultiPolygon", "coordinates": [ [ [ [ 121.3914846, 31.1577387 ], [ 121.395529, 31.1588637 ], [ 121.3967562, 31.1558208 ], [ 121.3966554, 31.1557201 ], [ 121.3933297, 31.1548631 ], [ 121.3929016, 31.1560685 ], [ 121.392014, 31.1558317 ], [ 121.39141, 31.1575981 ], [ 121.3914846, 31.1577387 ] ] ], [ [ [ 121.3964521, 31.1572589 ], [ 121.3978656, 31.1576852 ], [ 121.3988312, 31.1580811 ], [ 121.3983996, 31.1589575 ], [ 121.3974644, 31.1587431 ], [ 121.3972273, 31.159333 ], [ 121.3967784, 31.1591994 ], [ 121.3961844, 31.1590291 ], [ 121.3965249, 31.1580996 ], [ 121.3966365, 31.1577962 ], [ 121.3962953, 31.1576897 ], [ 121.3964521, 31.1572589 ] ] ], [ [ [ 121.3980355, 31.164045 ], [ 121.3984856, 31.164223 ], [ 121.3991035, 31.1645013 ], [ 121.399691, 31.1646683 ], [ 121.4004939, 31.164877 ], [ 121.4012074, 31.1650231 ], [ 121.4022583, 31.1652109 ], [ 121.4032584, 31.1653936 ], [ 121.4045553, 31.165651 ], [ 121.4062283, 31.1659763 ], [ 121.4073747, 31.1661972 ], [ 121.4083525, 31.1663624 ], [ 121.4090416, 31.1665015 ], [ 121.409816, 31.166712 ], [ 121.4103811, 31.1669225 ], [ 121.4111942, 31.1673556 ], [ 121.4120378, 31.1678095 ], [ 121.4129627, 31.168293 ], [ 121.4135888, 31.1685818 ], [ 121.413973, 31.1687243 ], [ 121.4138013, 31.1695138 ], [ 121.4135465, 31.1707554 ], [ 121.4134204, 31.17104 ], [ 121.412766, 31.1731295 ], [ 121.4116736, 31.1762041 ], [ 121.4117655, 31.176231 ], [ 121.4127405, 31.1764422 ], [ 121.4130597, 31.1765202 ], [ 121.413009, 31.1766633 ], [ 121.412151, 31.1789054 ], [ 121.410816, 31.1786176 ], [ 121.4104056, 31.179749 ], [ 121.4095741, 31.183113 ], [ 121.4095091, 31.1840699 ], [ 121.4102749, 31.1840452 ], [ 121.4104378, 31.1852861 ], [ 121.4104494, 31.1854128 ], [ 121.4094301, 31.185422 ], [ 121.4091512, 31.1850915 ], [ 121.4080139, 31.1850732 ], [ 121.4082392, 31.1842747 ], [ 121.4082599, 31.1841594 ], [ 121.4076269, 31.1840148 ], [ 121.4020398, 31.1825026 ], [ 121.3972415, 31.1810988 ], [ 121.3969731, 31.1810203 ], [ 121.3959298, 31.1807497 ], [ 121.3948981, 31.1819686 ], [ 121.3939098, 31.1813647 ], [ 121.3941893, 31.1802453 ], [ 121.3923862, 31.179773 ], [ 121.389875, 31.1796679 ], [ 121.3907884, 31.1765663 ], [ 121.3897996, 31.1763779 ], [ 121.389868, 31.1761071 ], [ 121.3895059, 31.1760383 ], [ 121.3897768, 31.1750928 ], [ 121.3880628, 31.1747474 ], [ 121.3884324, 31.1731038 ], [ 121.3889131, 31.17318 ], [ 121.3892859, 31.1719993 ], [ 121.3890794, 31.1719488 ], [ 121.389294, 31.1713039 ], [ 121.3868848, 31.1705411 ], [ 121.3892122, 31.1636461 ], [ 121.3899416, 31.1614851 ], [ 121.392697, 31.1622381 ], [ 121.3933147, 31.1623834 ], [ 121.3942369, 31.162629 ], [ 121.3980355, 31.164045 ] ] ] ] } },
{ "type": "Feature", "properties": { "district": "徐汇区", "official_control_code_2023": "310104013000", "official_control_name_2023": "康健新村街道", "osm_name": "康健新村街道", "osm_relation_id_source": "13470479", "admin_level": "8", "boundary": "administrative", "geometry_is_approximate": true, "source_snapshot_date": "2026-08-19", "source_pbf_sha256": "cba608c2e67cbd2ee7616dcee6833e575e818237048faabf4c0e447acd6c0b6f", "source_url": "https://download.openstreetmap.fr/extracts/asia/china/shanghai.osm.pbf", "license": "OpenStreetMap contributors, Open Database License 1.0" }, "geometry": { "type": "MultiPolygon", "coordinates": [ [ [ [ 121.4203808, 31.1694943 ], [ 121.4203942, 31.1694059 ], [ 121.4208662, 31.1649283 ], [ 121.4210325, 31.1634525 ], [ 121.4210996, 31.1631507 ], [ 121.4211881, 31.1628248 ], [ 121.4212981, 31.1625207 ], [ 121.4215368, 31.1620651 ], [ 121.4216355, 31.1619017 ], [ 121.4218511, 31.161572 ], [ 121.422071, 31.1612965 ], [ 121.4223553, 31.1610165 ], [ 121.4227094, 31.1607158 ], [ 121.4230608, 31.1604312 ], [ 121.423506, 31.1600548 ], [ 121.4239942, 31.1596646 ], [ 121.424544, 31.1592193 ], [ 121.4237742, 31.1584711 ], [ 121.4234229, 31.1581291 ], [ 121.4225806, 31.1573372 ], [ 121.4218564, 31.1566486 ], [ 121.4211403, 31.1559738 ], [ 121.4205636, 31.1554091 ], [ 121.4200433, 31.1548927 ], [ 121.4193378, 31.1542247 ], [ 121.4187236, 31.153644 ], [ 121.4181282, 31.153061 ], [ 121.4174684, 31.1524412 ], [ 121.4169239, 31.1519293 ], [ 121.4163499, 31.1513853 ], [ 121.4156874, 31.1507564 ], [ 121.4149578, 31.1500861 ], [ 121.4143302, 31.1494709 ], [ 121.4137052, 31.1488993 ], [ 121.4127638, 31.1479995 ], [ 121.4120744, 31.147343 ], [ 121.411259, 31.1465831 ], [ 121.4104785, 31.1458325 ], [ 121.4098992, 31.1452586 ], [ 121.4091669, 31.1445722 ], [ 121.4085178, 31.1439432 ], [ 121.4080243, 31.1434818 ], [ 121.4076837, 31.1431627 ], [ 121.4072164, 31.1426822 ], [ 121.40537, 31.1468382 ], [ 121.4052712, 31.1470606 ], [ 121.4046309, 31.1484322 ], [ 121.4041813, 31.1494061 ], [ 121.4016509, 31.1554248 ], [ 121.4003146, 31.1585961 ], [ 121.3993245, 31.1609099 ], [ 121.3987639, 31.1622562 ], [ 121.3980557, 31.1639953 ], [ 121.3980355, 31.164045 ], [ 121.3984856, 31.164223 ], [ 121.3991035, 31.1645013 ], [ 121.399691, 31.1646683 ], [ 121.4004939, 31.164877 ], [ 121.4012074, 31.1650231 ], [ 121.4022583, 31.1652109 ], [ 121.4032584, 31.1653936 ], [ 121.4045553, 31.165651 ], [ 121.4062283, 31.1659763 ], [ 121.4073747, 31.1661972 ], [ 121.4083525, 31.1663624 ], [ 121.4090416, 31.1665015 ], [ 121.409816, 31.166712 ], [ 121.4103811, 31.1669225 ], [ 121.4111942, 31.1673556 ], [ 121.4120378, 31.1678095 ], [ 121.4129627, 31.168293 ], [ 121.4135888, 31.1685818 ], [ 121.413973, 31.1687243 ], [ 121.4194661, 31.1694564 ], [ 121.4203808, 31.1694943 ] ] ] ] } },
{ "type": "Feature", "properties": { "district": "徐汇区", "official_control_code_2023": "310104014000", "official_control_name_2023": "徐家汇街道", "osm_name": "徐家汇街道", "osm_relation_id_source": "13469990", "admin_level": "8", "boundary": "administrative", "geometry_is_approximate": true, "source_snapshot_date": "2026-08-19", "source_pbf_sha256": "cba608c2e67cbd2ee7616dcee6833e575e818237048faabf4c0e447acd6c0b6f", "source_url": "https://download.openstreetmap.fr/extracts/asia/china/shanghai.osm.pbf", "license": "OpenStreetMap contributors, Open Database License 1.0" }, "geometry": { "type": "MultiPolygon", "coordinates": [ [ [ [ 121.4306402, 31.2041557 ], [ 121.4308757, 31.2039158 ], [ 121.4310698, 31.203717 ], [ 121.431206, 31.2035475 ], [ 121.4314353, 31.2031961 ], [ 121.4315748, 31.202852 ], [ 121.4316901, 31.2024138 ], [ 121.4317947, 31.2019619 ], [ 121.4318939, 31.2015604 ], [ 121.4320012, 31.2011245 ], [ 121.4320897, 31.2007895 ], [ 121.4322238, 31.2003949 ], [ 121.432294, 31.2001956 ], [ 121.4336433, 31.2005642 ], [ 121.4338255, 31.200129 ], [ 121.4341251, 31.199735 ], [ 121.4345081, 31.1993613 ], [ 121.4355845, 31.198115 ], [ 121.4356377, 31.1980793 ], [ 121.4358399, 31.1983468 ], [ 121.436202, 31.1988119 ], [ 121.4365024, 31.1992178 ], [ 121.4367026, 31.1994971 ], [ 121.4369845, 31.1998477 ], [ 121.437439, 31.2004314 ], [ 121.438009, 31.2012312 ], [ 121.4384522, 31.2018306 ], [ 121.4385273, 31.2017531 ], [ 121.4400695, 31.1992031 ], [ 121.4402409, 31.1989183 ], [ 121.4402449, 31.1989045 ], [ 121.4408058, 31.1975133 ], [ 121.4416668, 31.1954851 ], [ 121.4442739, 31.1904006 ], [ 121.4418331, 31.1895081 ], [ 121.4413074, 31.1892694 ], [ 121.4407548, 31.1889253 ], [ 121.438947, 31.1874499 ], [ 121.4385635, 31.1871332 ], [ 121.4394379, 31.1845219 ], [ 121.4398617, 31.1834664 ], [ 121.4399314, 31.183253 ], [ 121.4400253, 31.1828445 ], [ 121.4401178, 31.1824212 ], [ 121.4392867, 31.1818021 ], [ 121.4385231, 31.1812088 ], [ 121.4378296, 31.1807074 ], [ 121.4374327, 31.1804077 ], [ 121.4370988, 31.180216 ], [ 121.4369096, 31.1801261 ], [ 121.4365804, 31.1800182 ], [ 121.4361624, 31.1799283 ], [ 121.4359243, 31.1798963 ], [ 121.4355997, 31.1799023 ], [ 121.4353052, 31.1799456 ], [ 121.4348415, 31.1800592 ], [ 121.4342647, 31.1802409 ], [ 121.4336099, 31.1804649 ], [ 121.4329392, 31.1806844 ], [ 121.4322827, 31.1809025 ], [ 121.4317005, 31.1811023 ], [ 121.431343, 31.1812295 ], [ 121.4309077, 31.1813899 ], [ 121.4303892, 31.1815777 ], [ 121.4299327, 31.1817654 ], [ 121.4295274, 31.1819637 ], [ 121.4290833, 31.1821787 ], [ 121.4287488, 31.1823437 ], [ 121.4282586, 31.1827873 ], [ 121.4276871, 31.1833081 ], [ 121.4272977, 31.1836624 ], [ 121.4265917, 31.1843058 ], [ 121.426036, 31.1848084 ], [ 121.4253158, 31.1854654 ], [ 121.4246168, 31.1861058 ], [ 121.4241426, 31.1865569 ], [ 121.4237975, 31.1869384 ], [ 121.4233285, 31.1875288 ], [ 121.4229923, 31.1879769 ], [ 121.422534, 31.1886006 ], [ 121.4221907, 31.1890593 ], [ 121.4216669, 31.1897708 ], [ 121.4213023, 31.1902749 ], [ 121.4209325, 31.1908138 ], [ 121.420591, 31.1913194 ], [ 121.4200282, 31.1921399 ], [ 121.4194832, 31.1929392 ], [ 121.4189789, 31.1936764 ], [ 121.4185205, 31.1943469 ], [ 121.4181896, 31.1948313 ], [ 121.417818, 31.1953778 ], [ 121.4174959, 31.1958349 ], [ 121.4173768, 31.1960316 ], [ 121.4172869, 31.1961953 ], [ 121.4170678, 31.1966852 ], [ 121.4168118, 31.1974385 ], [ 121.4172641, 31.1973476 ], [ 121.4178281, 31.1972286 ], [ 121.4182278, 31.1978396 ], [ 121.4188286, 31.1987665 ], [ 121.4192685, 31.1992896 ], [ 121.4197942, 31.1996292 ], [ 121.4224335, 31.2007947 ], [ 121.4290854, 31.2034101 ], [ 121.4303715, 31.2039928 ], [ 121.4306402, 31.2041557 ] ] ] ] } },
{ "type": "Feature", "properties": { "district": "徐汇区", "official_control_code_2023": "310104015000", "official_control_name_2023": "凌云路街道", "osm_name": "凌云路街道", "osm_relation_id_source": "13470540", "admin_level": "8", "boundary": "administrative", "geometry_is_approximate": true, "source_snapshot_date": "2026-08-19", "source_pbf_sha256": "cba608c2e67cbd2ee7616dcee6833e575e818237048faabf4c0e447acd6c0b6f", "source_url": "https://download.openstreetmap.fr/extracts/asia/china/shanghai.osm.pbf", "license": "OpenStreetMap contributors, Open Database License 1.0" }, "geometry": { "type": "MultiPolygon", "coordinates": [ [ [ [ 121.4193378, 31.1542247 ], [ 121.4187236, 31.153644 ], [ 121.4181282, 31.153061 ], [ 121.4174684, 31.1524412 ], [ 121.4169239, 31.1519293 ], [ 121.4163499, 31.1513853 ], [ 121.4156874, 31.1507564 ], [ 121.4149578, 31.1500861 ], [ 121.4143302, 31.1494709 ], [ 121.4137052, 31.1488993 ], [ 121.4127638, 31.1479995 ], [ 121.4120744, 31.147343 ], [ 121.411259, 31.1465831 ], [ 121.4104785, 31.1458325 ], [ 121.4098992, 31.1452586 ], [ 121.4091669, 31.1445722 ], [ 121.4085178, 31.1439432 ], [ 121.4080243, 31.1434818 ], [ 121.4076837, 31.1431627 ], [ 121.4072164, 31.1426822 ], [ 121.4076983, 31.1418598 ], [ 121.409912, 31.1384231 ], [ 121.4112072, 31.1366387 ], [ 121.4120537, 31.135703 ], [ 121.4140604, 31.13326 ], [ 121.4148602, 31.1320426 ], [ 121.4169304, 31.1290311 ], [ 121.4220349, 31.1296653 ], [ 121.4319243, 31.1309028 ], [ 121.4318848, 31.1310727 ], [ 121.431807, 31.1314355 ], [ 121.4312846, 31.1334983 ], [ 121.431184, 31.1339041 ], [ 121.431068, 31.1343134 ], [ 121.4309111, 31.1348661 ], [ 121.4306282, 31.1352914 ], [ 121.4304994, 31.1354779 ], [ 121.430136, 31.1358114 ], [ 121.4297283, 31.1360789 ], [ 121.4288485, 31.1367137 ], [ 121.4285535, 31.1369226 ], [ 121.428355, 31.1371326 ], [ 121.4279714, 31.1377778 ], [ 121.4277955, 31.1380964 ], [ 121.4275968, 31.1386103 ], [ 121.427452, 31.1389555 ], [ 121.4270536, 31.1399593 ], [ 121.426889, 31.140403 ], [ 121.4267406, 31.1406692 ], [ 121.4265068, 31.1409754 ], [ 121.4263462, 31.1411772 ], [ 121.4261271, 31.1414223 ], [ 121.4256788, 31.1418539 ], [ 121.4254453, 31.1421497 ], [ 121.4252025, 31.1426054 ], [ 121.4249993, 31.1429991 ], [ 121.4246491, 31.1437225 ], [ 121.4245136, 31.1441002 ], [ 121.4243829, 31.1445159 ], [ 121.4242755, 31.1452753 ], [ 121.4241553, 31.1464461 ], [ 121.4240748, 31.147136 ], [ 121.4239464, 31.1481268 ], [ 121.4238296, 31.1486342 ], [ 121.4235411, 31.1489992 ], [ 121.4227607, 31.1499578 ], [ 121.4221414, 31.1507378 ], [ 121.4213875, 31.1516797 ], [ 121.4207452, 31.1524778 ], [ 121.4202939, 31.153023 ], [ 121.4197489, 31.1537151 ], [ 121.4193378, 31.1542247 ] ] ] ] } },
{ "type": "Feature", "properties": { "district": "徐汇区", "official_control_code_2023": "310104016000", "official_control_name_2023": "龙华街道", "osm_name": "龙华街道", "osm_relation_id_source": "13470146", "admin_level": "8", "boundary": "administrative", "geometry_is_approximate": true, "source_snapshot_date": "2026-08-19", "source_pbf_sha256": "cba608c2e67cbd2ee7616dcee6833e575e818237048faabf4c0e447acd6c0b6f", "source_url": "https://download.openstreetmap.fr/extracts/asia/china/shanghai.osm.pbf", "license": "OpenStreetMap contributors, Open Database License 1.0" }, "geometry": { "type": "MultiPolygon", "coordinates": [ [ [ [ 121.4653346, 31.1628135 ], [ 121.4653013, 31.1620366 ], [ 121.4644402, 31.1601005 ], [ 121.464039, 31.1595608 ], [ 121.4628869, 31.1580113 ], [ 121.4543456, 31.1506154 ], [ 121.4526665, 31.1514481 ], [ 121.4517894, 31.1509592 ], [ 121.4476709, 31.1494143 ], [ 121.446999, 31.1493282 ], [ 121.4467764, 31.1493454 ], [ 121.4459468, 31.1494726 ], [ 121.4458986, 31.1503219 ], [ 121.4458074, 31.1518598 ], [ 121.4457001, 31.1534896 ], [ 121.4456217, 31.1546502 ], [ 121.4455874, 31.1554229 ], [ 121.4455573, 31.1562057 ], [ 121.4454768, 31.1573763 ], [ 121.4453642, 31.1586433 ], [ 121.4452461, 31.159263 ], [ 121.445112, 31.1596211 ], [ 121.4447902, 31.1602913 ], [ 121.4443878, 31.1610717 ], [ 121.4440123, 31.1618061 ], [ 121.4435993, 31.1626232 ], [ 121.4432398, 31.1632429 ], [ 121.4427195, 31.1640921 ], [ 121.4423064, 31.1648174 ], [ 121.4418719, 31.1656849 ], [ 121.4414964, 31.1663688 ], [ 121.4411477, 31.167062 ], [ 121.4408688, 31.1678974 ], [ 121.4407776, 31.1686593 ], [ 121.4407078, 31.1694304 ], [ 121.4405576, 31.1703301 ], [ 121.4403109, 31.1716933 ], [ 121.440166, 31.1726847 ], [ 121.4401607, 31.1730473 ], [ 121.4401714, 31.1758975 ], [ 121.4401338, 31.1762005 ], [ 121.4399997, 31.1766319 ], [ 121.4397262, 31.177224 ], [ 121.439441, 31.1776893 ], [ 121.439129, 31.1781049 ], [ 121.4400235, 31.1785122 ], [ 121.4404391, 31.1780466 ], [ 121.4414911, 31.1784834 ], [ 121.4415246, 31.1785098 ], [ 121.4408112, 31.1795769 ], [ 121.440665, 31.1798121 ], [ 121.4408822, 31.1798821 ], [ 121.4412323, 31.1799165 ], [ 121.4412564, 31.1798649 ], [ 121.4418639, 31.1800152 ], [ 121.4418384, 31.1801356 ], [ 121.4424258, 31.1802687 ], [ 121.442336, 31.180489 ], [ 121.4430307, 31.1804879 ], [ 121.4431179, 31.1809147 ], [ 121.4430159, 31.1812543 ], [ 121.4475918, 31.1826288 ], [ 121.4477199, 31.1826724 ], [ 121.4477933, 31.1828573 ], [ 121.4479544, 31.1832608 ], [ 121.4481155, 31.1836783 ], [ 121.4483179, 31.1840866 ], [ 121.4486414, 31.1838309 ], [ 121.4489742, 31.1834566 ], [ 121.4493994, 31.1828583 ], [ 121.4498276, 31.1822652 ], [ 121.4502312, 31.1817775 ], [ 121.4506811, 31.1813163 ], [ 121.4511217, 31.1808629 ], [ 121.4516068, 31.1803414 ], [ 121.4518527, 31.1800196 ], [ 121.4520153, 31.1797083 ], [ 121.4521312, 31.1794249 ], [ 121.4522193, 31.1790153 ], [ 121.4522498, 31.1788155 ], [ 121.4526987, 31.1791294 ], [ 121.4530098, 31.1792969 ], [ 121.4532056, 31.179368 ], [ 121.4550644, 31.1797306 ], [ 121.457178, 31.1799968 ], [ 121.4605334, 31.1798476 ], [ 121.460656, 31.1798388 ], [ 121.4606296, 31.1790211 ], [ 121.4605838, 31.1779866 ], [ 121.4606662, 31.1765289 ], [ 121.4608586, 31.1755963 ], [ 121.4617288, 31.1732372 ], [ 121.462883, 31.1706037 ], [ 121.4646326, 31.1670688 ], [ 121.4650631, 31.1652817 ], [ 121.4653654, 31.1635338 ], [ 121.4653346, 31.1628135 ] ] ] ] } },
{ "type": "Feature", "properties": { "district": "徐汇区", "official_control_code_2023": "310104017000", "official_control_name_2023": "漕河泾街道", "osm_name": "漕河泾街道", "osm_relation_id_source": "13470278", "admin_level": "8", "boundary": "administrative", "geometry_is_approximate": true, "source_snapshot_date": "2026-08-19", "source_pbf_sha256": "cba608c2e67cbd2ee7616dcee6833e575e818237048faabf4c0e447acd6c0b6f", "source_url": "https://download.openstreetmap.fr/extracts/asia/china/shanghai.osm.pbf", "license": "OpenStreetMap contributors, Open Database License 1.0" }, "geometry": { "type": "MultiPolygon", "coordinates": [ [ [ [ 121.4203808, 31.1694943 ], [ 121.4203942, 31.1694059 ], [ 121.4208662, 31.1649283 ], [ 121.4210325, 31.1634525 ], [ 121.4210996, 31.1631507 ], [ 121.4211881, 31.1628248 ], [ 121.4212981, 31.1625207 ], [ 121.4215368, 31.1620651 ], [ 121.4216355, 31.1619017 ], [ 121.4218511, 31.161572 ], [ 121.422071, 31.1612965 ], [ 121.4223553, 31.1610165 ], [ 121.4227094, 31.1607158 ], [ 121.4230608, 31.1604312 ], [ 121.423506, 31.1600548 ], [ 121.4239942, 31.1596646 ], [ 121.424544, 31.1592193 ], [ 121.4237742, 31.1584711 ], [ 121.4234229, 31.1581291 ], [ 121.4225806, 31.1573372 ], [ 121.4218564, 31.1566486 ], [ 121.4211403, 31.1559738 ], [ 121.4205636, 31.1554091 ], [ 121.4200433, 31.1548927 ], [ 121.4193378, 31.1542247 ], [ 121.4197489, 31.1537151 ], [ 121.4202939, 31.153023 ], [ 121.4207452, 31.1524778 ], [ 121.4213875, 31.1516797 ], [ 121.4221414, 31.1507378 ], [ 121.4227607, 31.1499578 ], [ 121.4235411, 31.1489992 ], [ 121.4238296, 31.1486342 ], [ 121.4243994, 31.1491355 ], [ 121.4250967, 31.149815 ], [ 121.4256218, 31.1503543 ], [ 121.4256815, 31.1504008 ], [ 121.4257512, 31.1502596 ], [ 121.4263514, 31.1496703 ], [ 121.4265029, 31.1496014 ], [ 121.426637, 31.1495876 ], [ 121.4269374, 31.1496668 ], [ 121.4329536, 31.1518188 ], [ 121.4337026, 31.1520791 ], [ 121.4346092, 31.1523574 ], [ 121.4353389, 31.1525662 ], [ 121.4357746, 31.1526784 ], [ 121.4365773, 31.1529585 ], [ 121.4416212, 31.1543036 ], [ 121.4449766, 31.1552286 ], [ 121.4455874, 31.1554229 ], [ 121.4455573, 31.1562057 ], [ 121.4454768, 31.1573763 ], [ 121.4453642, 31.1586433 ], [ 121.4452461, 31.159263 ], [ 121.445112, 31.1596211 ], [ 121.4447902, 31.1602913 ], [ 121.4443878, 31.1610717 ], [ 121.4440123, 31.1618061 ], [ 121.4435993, 31.1626232 ], [ 121.4432398, 31.1632429 ], [ 121.4427195, 31.1640921 ], [ 121.4423064, 31.1648174 ], [ 121.4418719, 31.1656849 ], [ 121.4414964, 31.1663688 ], [ 121.4411477, 31.167062 ], [ 121.4408688, 31.1678974 ], [ 121.4407776, 31.1686593 ], [ 121.4407078, 31.1694304 ], [ 121.4405576, 31.1703301 ], [ 121.4403109, 31.1716933 ], [ 121.440166, 31.1726847 ], [ 121.4401607, 31.1730473 ], [ 121.4401714, 31.1758975 ], [ 121.4401338, 31.1762005 ], [ 121.4399997, 31.1766319 ], [ 121.4397262, 31.177224 ], [ 121.439441, 31.1776893 ], [ 121.439129, 31.1781049 ], [ 121.4389623, 31.1783031 ], [ 121.4386533, 31.178637 ], [ 121.4382752, 31.178891 ], [ 121.4377502, 31.1791652 ], [ 121.4372786, 31.179349 ], [ 121.4362395, 31.1796626 ], [ 121.4355997, 31.1799023 ], [ 121.4353052, 31.1799456 ], [ 121.4348415, 31.1800592 ], [ 121.4342647, 31.1802409 ], [ 121.4336099, 31.1804649 ], [ 121.4329392, 31.1806844 ], [ 121.4322827, 31.1809025 ], [ 121.4317005, 31.1811023 ], [ 121.431343, 31.1812295 ], [ 121.431267, 31.1806708 ], [ 121.4311763, 31.1799266 ], [ 121.4310637, 31.1790752 ], [ 121.4308866, 31.1776525 ], [ 121.4307525, 31.1766404 ], [ 121.4306587, 31.1758418 ], [ 121.4305326, 31.1748619 ], [ 121.430377, 31.1736984 ], [ 121.4302376, 31.1726129 ], [ 121.4300793, 31.1714012 ], [ 121.4299935, 31.1707586 ], [ 121.4299393, 31.1702595 ], [ 121.4294265, 31.1702425 ], [ 121.4257961, 31.1700623 ], [ 121.4233232, 31.1698994 ], [ 121.4214483, 31.1696217 ], [ 121.4203808, 31.1694943 ] ] ] ] } },
{ "type": "Feature", "properties": { "district": "徐汇区", "official_control_code_2023": "310104103000", "official_control_name_2023": "华泾镇", "osm_name": "华泾镇", "osm_relation_id_source": "13470658", "admin_level": "8", "boundary": "administrative", "geometry_is_approximate": true, "source_snapshot_date": "2026-08-19", "source_pbf_sha256": "cba608c2e67cbd2ee7616dcee6833e575e818237048faabf4c0e447acd6c0b6f", "source_url": "https://download.openstreetmap.fr/extracts/asia/china/shanghai.osm.pbf", "license": "OpenStreetMap contributors, Open Database License 1.0" }, "geometry": { "type": "MultiPolygon", "coordinates": [ [ [ [ 121.4588537, 31.1353299 ], [ 121.4632904, 31.1312601 ], [ 121.464258, 31.1300651 ], [ 121.4654191, 31.1273082 ], [ 121.4659581, 31.1240306 ], [ 121.4657646, 31.1221611 ], [ 121.4652532, 31.1205636 ], [ 121.4640092, 31.1184751 ], [ 121.4607126, 31.1142978 ], [ 121.4593706, 31.1113501 ], [ 121.4585381, 31.1083004 ], [ 121.4579458, 31.1058422 ], [ 121.4579416, 31.1041612 ], [ 121.4552997, 31.1034755 ], [ 121.454534, 31.103321 ], [ 121.4544893, 31.1031887 ], [ 121.4545401, 31.1029079 ], [ 121.4538909, 31.1027644 ], [ 121.4536803, 31.1033885 ], [ 121.4514458, 31.1029316 ], [ 121.4515056, 31.1027049 ], [ 121.4508624, 31.102562 ], [ 121.4507557, 31.1029334 ], [ 121.450289, 31.1028521 ], [ 121.4500682, 31.1028137 ], [ 121.4499083, 31.1033544 ], [ 121.4494465, 31.1033004 ], [ 121.4490405, 31.1032588 ], [ 121.4479943, 31.1031516 ], [ 121.4476679, 31.1043141 ], [ 121.447497, 31.1043058 ], [ 121.4472572, 31.1049328 ], [ 121.4475129, 31.1050127 ], [ 121.4472973, 31.1056321 ], [ 121.4472609, 31.1057368 ], [ 121.446834, 31.1057646 ], [ 121.4464882, 31.1056891 ], [ 121.4462283, 31.1056323 ], [ 121.4459803, 31.1056985 ], [ 121.4458746, 31.1059038 ], [ 121.4460412, 31.1067532 ], [ 121.4458502, 31.1068228 ], [ 121.4453257, 31.1066279 ], [ 121.4448582, 31.1065965 ], [ 121.4436751, 31.1065339 ], [ 121.4434876, 31.1077385 ], [ 121.4415826, 31.1075775 ], [ 121.4414568, 31.1075693 ], [ 121.4413866, 31.1083229 ], [ 121.4415866, 31.1083508 ], [ 121.4430844, 31.1085225 ], [ 121.443005, 31.1091742 ], [ 121.4446877, 31.1094266 ], [ 121.4448025, 31.1094438 ], [ 121.4464552, 31.1096389 ], [ 121.4464783, 31.1096385 ], [ 121.4471413, 31.1096277 ], [ 121.4470468, 31.1103271 ], [ 121.4475066, 31.1103782 ], [ 121.4474276, 31.1110693 ], [ 121.4474121, 31.1112041 ], [ 121.4473113, 31.1120859 ], [ 121.4465985, 31.1120267 ], [ 121.4461926, 31.1133014 ], [ 121.4461156, 31.1136932 ], [ 121.4460514, 31.1138153 ], [ 121.445658, 31.1145626 ], [ 121.4462452, 31.1147483 ], [ 121.4461325, 31.1152398 ], [ 121.4467011, 31.1153775 ], [ 121.4467085, 31.1154097 ], [ 121.4469138, 31.1163014 ], [ 121.4469908, 31.1166359 ], [ 121.4465116, 31.1165318 ], [ 121.4461562, 31.1173543 ], [ 121.445372, 31.1173119 ], [ 121.4419491, 31.1161056 ], [ 121.4413193, 31.1172771 ], [ 121.4410885, 31.1167733 ], [ 121.4401308, 31.1163354 ], [ 121.4388116, 31.115555 ], [ 121.4384486, 31.115448 ], [ 121.437734, 31.1148583 ], [ 121.4368397, 31.1143845 ], [ 121.4347639, 31.1139587 ], [ 121.4340588, 31.1139107 ], [ 121.4335521, 31.1138548 ], [ 121.4332555, 31.1137208 ], [ 121.4330991, 31.1137988 ], [ 121.4330617, 31.1139587 ], [ 121.4333372, 31.1141146 ], [ 121.4333305, 31.1142475 ], [ 121.4332125, 31.1144449 ], [ 121.4322415, 31.1153038 ], [ 121.4318338, 31.1150052 ], [ 121.4316568, 31.1149961 ], [ 121.4310028, 31.1154046 ], [ 121.4328969, 31.1184238 ], [ 121.4342397, 31.1207774 ], [ 121.4343766, 31.1209634 ], [ 121.4319243, 31.1309028 ], [ 121.4385045, 31.1315996 ], [ 121.4485466, 31.1319647 ], [ 121.4516848, 31.1320795 ], [ 121.4537662, 31.1322448 ], [ 121.4544851, 31.1324285 ], [ 121.456022, 31.1332883 ], [ 121.4588537, 31.1353299 ] ] ] ] } },
{ "type": "Feature", "properties": { "district": "长宁区", "official_control_code_2023": "310105001000", "official_control_name_2023": "华阳路街道", "osm_name": "华阳路街道", "osm_relation_id_source": "13469230", "admin_level": "8", "boundary": "administrative", "geometry_is_approximate": true, "source_snapshot_date": "2026-08-19", "source_pbf_sha256": "cba608c2e67cbd2ee7616dcee6833e575e818237048faabf4c0e447acd6c0b6f", "source_url": "https://download.openstreetmap.fr/extracts/asia/china/shanghai.osm.pbf", "license": "OpenStreetMap contributors, Open Database License 1.0" }, "geometry": { "type": "MultiPolygon", "coordinates": [ [ [ [ 121.4122946, 31.2100809 ], [ 121.4129286, 31.2102176 ], [ 121.4141595, 31.2104789 ], [ 121.4155768, 31.2107365 ], [ 121.4168751, 31.2110081 ], [ 121.417725, 31.2111978 ], [ 121.4188902, 31.2114674 ], [ 121.4197028, 31.2116631 ], [ 121.4205761, 31.2118828 ], [ 121.4215404, 31.2120246 ], [ 121.4225235, 31.2121124 ], [ 121.4231633, 31.2121524 ], [ 121.4237143, 31.2122662 ], [ 121.424214, 31.2124619 ], [ 121.4245759, 31.2126476 ], [ 121.4249449, 31.2129232 ], [ 121.4252601, 31.2132268 ], [ 121.4254842, 31.2135123 ], [ 121.425622, 31.213734 ], [ 121.4259583, 31.2143231 ], [ 121.4263365, 31.2148243 ], [ 121.4265177, 31.2149879 ], [ 121.4266359, 31.2150967 ], [ 121.4262387, 31.2150885 ], [ 121.4248493, 31.2155794 ], [ 121.424455, 31.2156253 ], [ 121.4206879, 31.2151654 ], [ 121.4205042, 31.2160244 ], [ 121.4205068, 31.2162125 ], [ 121.4205363, 31.2166392 ], [ 121.4205015, 31.2181049 ], [ 121.4205256, 31.2184651 ], [ 121.4207992, 31.2189491 ], [ 121.4207895, 31.2190581 ], [ 121.4207429, 31.2201567 ], [ 121.4207368, 31.2207663 ], [ 121.4170106, 31.2207244 ], [ 121.4169522, 31.2212073 ], [ 121.4169519, 31.2212354 ], [ 121.4171838, 31.2213467 ], [ 121.4175166, 31.2214876 ], [ 121.4180296, 31.2217037 ], [ 121.418361, 31.22186 ], [ 121.4186311, 31.2219877 ], [ 121.4188707, 31.2221174 ], [ 121.4192559, 31.2223519 ], [ 121.4194962, 31.2225258 ], [ 121.4197072, 31.2227115 ], [ 121.4199814, 31.2229473 ], [ 121.4201047, 31.2230514 ], [ 121.4204682, 31.2234058 ], [ 121.4207255, 31.223635 ], [ 121.4209181, 31.2238286 ], [ 121.4212077, 31.2240789 ], [ 121.4214727, 31.2243451 ], [ 121.4216868, 31.2245387 ], [ 121.4219764, 31.2248022 ], [ 121.422206, 31.2250261 ], [ 121.4224447, 31.2252527 ], [ 121.4227091, 31.2255579 ], [ 121.4229195, 31.225796 ], [ 121.4231385, 31.2260552 ], [ 121.4232034, 31.226161 ], [ 121.4232416, 31.2262958 ], [ 121.423288, 31.2270155 ], [ 121.4232537, 31.2276606 ], [ 121.4229096, 31.2310476 ], [ 121.4227706, 31.2310756 ], [ 121.422269, 31.2311421 ], [ 121.4216521, 31.2312201 ], [ 121.4215529, 31.2312178 ], [ 121.4213464, 31.2311743 ], [ 121.4199406, 31.2304321 ], [ 121.4197079, 31.230343 ], [ 121.4195285, 31.2303297 ], [ 121.4193991, 31.2305825 ], [ 121.4188479, 31.2300596 ], [ 121.4181787, 31.2293991 ], [ 121.4173123, 31.2282844 ], [ 121.4166954, 31.2275619 ], [ 121.4162689, 31.2272408 ], [ 121.4160597, 31.227133 ], [ 121.4156494, 31.2270252 ], [ 121.4153194, 31.2270596 ], [ 121.4150915, 31.2271089 ], [ 121.411787, 31.2300504 ], [ 121.4112425, 31.2303509 ], [ 121.4107865, 31.2303669 ], [ 121.4105317, 31.2303371 ], [ 121.4103869, 31.2302913 ], [ 121.4103064, 31.2302087 ], [ 121.410234, 31.2300114 ], [ 121.4102527, 31.2297706 ], [ 121.4105505, 31.2293188 ], [ 121.4112747, 31.2281697 ], [ 121.4114249, 31.227766 ], [ 121.4115268, 31.2272339 ], [ 121.4114892, 31.2265802 ], [ 121.4111003, 31.2260825 ], [ 121.4107382, 31.2257155 ], [ 121.4100006, 31.2254036 ], [ 121.4086563, 31.224888 ], [ 121.4088494, 31.2244998 ], [ 121.4090592, 31.2240756 ], [ 121.40965, 31.2228715 ], [ 121.4101153, 31.2218852 ], [ 121.4106287, 31.2207891 ], [ 121.4110283, 31.2199816 ], [ 121.4112697, 31.2194564 ], [ 121.4116452, 31.2187361 ], [ 121.4119966, 31.2180067 ], [ 121.4122461, 31.217502 ], [ 121.4123748, 31.217213 ], [ 121.4124606, 31.2169653 ], [ 121.4125465, 31.2166877 ], [ 121.4126108, 31.2164675 ], [ 121.412702, 31.2160959 ], [ 121.4128093, 31.2155041 ], [ 121.4128415, 31.2148824 ], [ 121.4128495, 31.2145108 ], [ 121.4128388, 31.2142218 ], [ 121.4128114, 31.2139442 ], [ 121.4127531, 31.2135368 ], [ 121.4126923, 31.2131184 ], [ 121.4126573, 31.2129048 ], [ 121.4126106, 31.2125898 ], [ 121.4126013, 31.2125273 ], [ 121.4125476, 31.2121599 ], [ 121.4124915, 31.2117794 ], [ 121.412418, 31.2112922 ], [ 121.4123596, 31.2109067 ], [ 121.4123386, 31.2107639 ], [ 121.4123211, 31.2105682 ], [ 121.4123071, 31.2103396 ], [ 121.4122946, 31.2100809 ] ] ] ] } },
{ "type": "Feature", "properties": { "district": "长宁区", "official_control_code_2023": "310105002000", "official_control_name_2023": "江苏路街道", "osm_name": "江苏路街道", "osm_relation_id_source": "13469138", "admin_level": "8", "boundary": "administrative", "geometry_is_approximate": true, "source_snapshot_date": "2026-08-19", "source_pbf_sha256": "cba608c2e67cbd2ee7616dcee6833e575e818237048faabf4c0e447acd6c0b6f", "source_url": "https://download.openstreetmap.fr/extracts/asia/china/shanghai.osm.pbf", "license": "OpenStreetMap contributors, Open Database License 1.0" }, "geometry": { "type": "MultiPolygon", "coordinates": [ [ [ [ 121.4231385, 31.2260552 ], [ 121.4229195, 31.225796 ], [ 121.4227091, 31.2255579 ], [ 121.4224447, 31.2252527 ], [ 121.422206, 31.2250261 ], [ 121.4219764, 31.2248022 ], [ 121.4216868, 31.2245387 ], [ 121.4214727, 31.2243451 ], [ 121.4212077, 31.2240789 ], [ 121.4209181, 31.2238286 ], [ 121.4207255, 31.223635 ], [ 121.4204682, 31.2234058 ], [ 121.4201047, 31.2230514 ], [ 121.4199814, 31.2229473 ], [ 121.4197072, 31.2227115 ], [ 121.4194962, 31.2225258 ], [ 121.4192559, 31.2223519 ], [ 121.4188707, 31.2221174 ], [ 121.4186311, 31.2219877 ], [ 121.418361, 31.22186 ], [ 121.4180296, 31.2217037 ], [ 121.4175166, 31.2214876 ], [ 121.4171838, 31.2213467 ], [ 121.4169519, 31.2212354 ], [ 121.4169522, 31.2212073 ], [ 121.4170106, 31.2207244 ], [ 121.4207368, 31.2207663 ], [ 121.4207429, 31.2201567 ], [ 121.4207895, 31.2190581 ], [ 121.4207992, 31.2189491 ], [ 121.4205256, 31.2184651 ], [ 121.4205015, 31.2181049 ], [ 121.4205363, 31.2166392 ], [ 121.4205068, 31.2162125 ], [ 121.4205042, 31.2160244 ], [ 121.4206879, 31.2151654 ], [ 121.424455, 31.2156253 ], [ 121.4248493, 31.2155794 ], [ 121.4262387, 31.2150885 ], [ 121.4266359, 31.2150967 ], [ 121.4268782, 31.2152717 ], [ 121.4271958, 31.2154833 ], [ 121.4276628, 31.215713 ], [ 121.4281321, 31.2159107 ], [ 121.4284357, 31.2160465 ], [ 121.4286734, 31.2154441 ], [ 121.428907, 31.2149265 ], [ 121.4292928, 31.2140518 ], [ 121.4295582, 31.213516 ], [ 121.4296943, 31.2131942 ], [ 121.4297251, 31.2129434 ], [ 121.429711, 31.2127434 ], [ 121.4301068, 31.2128683 ], [ 121.4304927, 31.2129402 ], [ 121.4305852, 31.212962 ], [ 121.4307056, 31.2129732 ], [ 121.4308776, 31.2129896 ], [ 121.430997, 31.2130056 ], [ 121.4314771, 31.2130297 ], [ 121.4317574, 31.2130446 ], [ 121.4320377, 31.2130882 ], [ 121.4324735, 31.2132488 ], [ 121.4332138, 31.2136537 ], [ 121.433769, 31.2140689 ], [ 121.4343443, 31.2145907 ], [ 121.4345992, 31.2150036 ], [ 121.4347708, 31.2157583 ], [ 121.4348298, 31.2163089 ], [ 121.4347588, 31.2162968 ], [ 121.4346595, 31.2163157 ], [ 121.4346273, 31.2163398 ], [ 121.434347, 31.2166724 ], [ 121.433014, 31.2194399 ], [ 121.43233, 31.2206877 ], [ 121.4320376, 31.2213782 ], [ 121.431587, 31.2225571 ], [ 121.4315763, 31.2226512 ], [ 121.4315468, 31.2228576 ], [ 121.4312839, 31.2248004 ], [ 121.4312169, 31.2250596 ], [ 121.4311525, 31.2251903 ], [ 121.430887, 31.2261651 ], [ 121.430887, 31.226266 ], [ 121.4308226, 31.2268509 ], [ 121.4307019, 31.2269564 ], [ 121.4302593, 31.2273257 ], [ 121.4296998, 31.2277148 ], [ 121.428257, 31.2268356 ], [ 121.4278351, 31.2265762 ], [ 121.4274618, 31.2264403 ], [ 121.4272633, 31.2263945 ], [ 121.4259812, 31.226235 ], [ 121.4258096, 31.2261983 ], [ 121.4256963, 31.2261587 ], [ 121.4252332, 31.2258608 ], [ 121.4250424, 31.2256864 ], [ 121.4246658, 31.2251834 ], [ 121.4245876, 31.225105 ], [ 121.4244017, 31.2249323 ], [ 121.4232746, 31.2259398 ], [ 121.4231385, 31.2260552 ] ] ] ] } },
{ "type": "Feature", "properties": { "district": "长宁区", "official_control_code_2023": "310105004000", "official_control_name_2023": "新华路街道", "osm_name": "新华路街道", "osm_relation_id_source": "13469094", "admin_level": "8", "boundary": "administrative", "geometry_is_approximate": true, "source_snapshot_date": "2026-08-19", "source_pbf_sha256": "cba608c2e67cbd2ee7616dcee6833e575e818237048faabf4c0e447acd6c0b6f", "source_url": "https://download.openstreetmap.fr/extracts/asia/china/shanghai.osm.pbf", "license": "OpenStreetMap contributors, Open Database License 1.0" }, "geometry": { "type": "MultiPolygon", "coordinates": [ [ [ [ 121.4168118, 31.1974385 ], [ 121.4172641, 31.1973476 ], [ 121.4178281, 31.1972286 ], [ 121.4182278, 31.1978396 ], [ 121.4188286, 31.1987665 ], [ 121.4192685, 31.1992896 ], [ 121.4197942, 31.1996292 ], [ 121.4224335, 31.2007947 ], [ 121.4290854, 31.2034101 ], [ 121.4303715, 31.2039928 ], [ 121.4306402, 31.2041557 ], [ 121.4314028, 31.204618 ], [ 121.4316031, 31.2047482 ], [ 121.4332691, 31.2058345 ], [ 121.4332667, 31.205837 ], [ 121.4332166, 31.2059792 ], [ 121.4330148, 31.2065319 ], [ 121.4328054, 31.2071559 ], [ 121.4324373, 31.2081825 ], [ 121.4313698, 31.2105591 ], [ 121.4310895, 31.2111854 ], [ 121.4305852, 31.212962 ], [ 121.4304927, 31.2129402 ], [ 121.4301068, 31.2128683 ], [ 121.429711, 31.2127434 ], [ 121.4297251, 31.2129434 ], [ 121.4296943, 31.2131942 ], [ 121.4295582, 31.213516 ], [ 121.4292928, 31.2140518 ], [ 121.428907, 31.2149265 ], [ 121.4286734, 31.2154441 ], [ 121.4284357, 31.2160465 ], [ 121.4281321, 31.2159107 ], [ 121.4276628, 31.215713 ], [ 121.4271958, 31.2154833 ], [ 121.4268782, 31.2152717 ], [ 121.4266359, 31.2150967 ], [ 121.4265177, 31.2149879 ], [ 121.4263365, 31.2148243 ], [ 121.4259583, 31.2143231 ], [ 121.425622, 31.213734 ], [ 121.4254842, 31.2135123 ], [ 121.4252601, 31.2132268 ], [ 121.4249449, 31.2129232 ], [ 121.4245759, 31.2126476 ], [ 121.424214, 31.2124619 ], [ 121.4237143, 31.2122662 ], [ 121.4231633, 31.2121524 ], [ 121.4225235, 31.2121124 ], [ 121.4215404, 31.2120246 ], [ 121.4205761, 31.2118828 ], [ 121.4197028, 31.2116631 ], [ 121.4188902, 31.2114674 ], [ 121.417725, 31.2111978 ], [ 121.4168751, 31.2110081 ], [ 121.4155768, 31.2107365 ], [ 121.4141595, 31.2104789 ], [ 121.4129286, 31.2102176 ], [ 121.4122946, 31.2100809 ], [ 121.4122967, 31.2097449 ], [ 121.412313, 31.2094923 ], [ 121.4123446, 31.2091697 ], [ 121.4124088, 31.2088183 ], [ 121.412473, 31.2085447 ], [ 121.4125734, 31.2081792 ], [ 121.4126983, 31.2078287 ], [ 121.4127649, 31.2076569 ], [ 121.4128711, 31.2073763 ], [ 121.4130451, 31.206936 ], [ 121.4132214, 31.2064876 ], [ 121.4133475, 31.2061631 ], [ 121.4134946, 31.2057976 ], [ 121.4136009, 31.2055249 ], [ 121.4137349, 31.205181 ], [ 121.4138181, 31.2049675 ], [ 121.4139937, 31.2045235 ], [ 121.4141339, 31.2041637 ], [ 121.414291, 31.203779 ], [ 121.4143539, 31.20361 ], [ 121.4144204, 31.2034364 ], [ 121.4146161, 31.2029475 ], [ 121.4148132, 31.2025167 ], [ 121.4149673, 31.2022017 ], [ 121.4151706, 31.2017853 ], [ 121.415317, 31.2014783 ], [ 121.4154433, 31.2012003 ], [ 121.4155619, 31.2008946 ], [ 121.4156944, 31.2005744 ], [ 121.4158531, 31.2001672 ], [ 121.4159748, 31.1998352 ], [ 121.4161396, 31.1994003 ], [ 121.4162613, 31.1990709 ], [ 121.4164231, 31.1986202 ], [ 121.4165171, 31.1983514 ], [ 121.4166603, 31.1978941 ], [ 121.4168118, 31.1974385 ] ] ] ] } },
{ "type": "Feature", "properties": { "district": "长宁区", "official_control_code_2023": "310105005000", "official_control_name_2023": "周家桥街道", "osm_name": "周家桥街道", "osm_relation_id_source": "13469231", "admin_level": "8", "boundary": "administrative", "geometry_is_approximate": true, "source_snapshot_date": "2026-08-19", "source_pbf_sha256": "cba608c2e67cbd2ee7616dcee6833e575e818237048faabf4c0e447acd6c0b6f", "source_url": "https://download.openstreetmap.fr/extracts/asia/china/shanghai.osm.pbf", "license": "OpenStreetMap contributors, Open Database License 1.0" }, "geometry": { "type": "MultiPolygon", "coordinates": [ [ [ [ 121.4126106, 31.2125898 ], [ 121.4125501, 31.2125962 ], [ 121.4124991, 31.2126363 ], [ 121.4123905, 31.2126982 ], [ 121.4115134, 31.2133084 ], [ 121.4108965, 31.2133394 ], [ 121.4106993, 31.2135206 ], [ 121.4106497, 31.2136605 ], [ 121.4101911, 31.2136066 ], [ 121.4098853, 31.2133818 ], [ 121.4094307, 31.2131088 ], [ 121.409369, 31.2130538 ], [ 121.4092027, 31.2129999 ], [ 121.4093649, 31.2128634 ], [ 121.4093475, 31.212806 ], [ 121.4087829, 31.2120307 ], [ 121.4086997, 31.2120227 ], [ 121.4083967, 31.2121224 ], [ 121.4080899, 31.212308 ], [ 121.4081743, 31.2126575 ], [ 121.4082225, 31.2129902 ], [ 121.4082225, 31.2132953 ], [ 121.4081904, 31.2136485 ], [ 121.4081099, 31.214011 ], [ 121.4079463, 31.2144124 ], [ 121.4078068, 31.2147152 ], [ 121.4075949, 31.215112 ], [ 121.407383, 31.2155387 ], [ 121.4067954, 31.2168893 ], [ 121.4059049, 31.2170337 ], [ 121.4040453, 31.2172763 ], [ 121.4039348, 31.2166782 ], [ 121.4023671, 31.2169007 ], [ 121.4018869, 31.2170062 ], [ 121.4011225, 31.2172356 ], [ 121.4003018, 31.2174948 ], [ 121.3999799, 31.2158937 ], [ 121.3996848, 31.2159785 ], [ 121.3987702, 31.2161987 ], [ 121.3979173, 31.2164006 ], [ 121.3969034, 31.2165864 ], [ 121.3954121, 31.2168548 ], [ 121.3950124, 31.2169098 ], [ 121.3950205, 31.2170383 ], [ 121.3946637, 31.2169649 ], [ 121.3939503, 31.2167286 ], [ 121.3911957, 31.2158478 ], [ 121.3910615, 31.2157881 ], [ 121.3909294, 31.214948 ], [ 121.3908651, 31.2149629 ], [ 121.3866989, 31.2158065 ], [ 121.3829344, 31.2166288 ], [ 121.3817301, 31.2168903 ], [ 121.3808336, 31.217063 ], [ 121.3807277, 31.2170859 ], [ 121.3807531, 31.2171624 ], [ 121.3809911, 31.2181884 ], [ 121.3811802, 31.219051 ], [ 121.3813997, 31.2200295 ], [ 121.3815987, 31.2209492 ], [ 121.3831115, 31.2206923 ], [ 121.383841, 31.2205868 ], [ 121.3847852, 31.2205088 ], [ 121.3907933, 31.2206327 ], [ 121.3923651, 31.2204446 ], [ 121.394181, 31.2201556 ], [ 121.3944384, 31.2201281 ], [ 121.3946798, 31.2201969 ], [ 121.3948944, 31.2203253 ], [ 121.3950071, 31.220502 ], [ 121.3951224, 31.2209401 ], [ 121.3951707, 31.2214401 ], [ 121.3952029, 31.2220938 ], [ 121.3952458, 31.2223392 ], [ 121.3953316, 31.2224539 ], [ 121.3954416, 31.2225388 ], [ 121.3955972, 31.2226328 ], [ 121.3957661, 31.222681 ], [ 121.3960424, 31.2226971 ], [ 121.3964984, 31.2226328 ], [ 121.3974177, 31.2224488 ], [ 121.3991766, 31.2224654 ], [ 121.4000268, 31.2225652 ], [ 121.4015973, 31.2230755 ], [ 121.4034238, 31.2239815 ], [ 121.4042406, 31.2242143 ], [ 121.4053349, 31.2243107 ], [ 121.4074284, 31.22454 ], [ 121.4082243, 31.224735 ], [ 121.4086263, 31.2248784 ], [ 121.4086563, 31.224888 ], [ 121.4088494, 31.2244998 ], [ 121.4090592, 31.2240756 ], [ 121.40965, 31.2228715 ], [ 121.4101153, 31.2218852 ], [ 121.4106287, 31.2207891 ], [ 121.4110283, 31.2199816 ], [ 121.4112697, 31.2194564 ], [ 121.4116452, 31.2187361 ], [ 121.4119966, 31.2180067 ], [ 121.4122461, 31.217502 ], [ 121.4123748, 31.217213 ], [ 121.4124606, 31.2169653 ], [ 121.4125465, 31.2166877 ], [ 121.4126108, 31.2164675 ], [ 121.412702, 31.2160959 ], [ 121.4128093, 31.2155041 ], [ 121.4128415, 31.2148824 ], [ 121.4128495, 31.2145108 ], [ 121.4128388, 31.2142218 ], [ 121.4128114, 31.2139442 ], [ 121.4127531, 31.2135368 ], [ 121.4126923, 31.2131184 ], [ 121.4126573, 31.2129048 ], [ 121.4126106, 31.2125898 ] ] ] ] } },
{ "type": "Feature", "properties": { "district": "长宁区", "official_control_code_2023": "310105006000", "official_control_name_2023": "天山路街道", "osm_name": "天山路街道", "osm_relation_id_source": "13469232", "admin_level": "8", "boundary": "administrative", "geometry_is_approximate": true, "source_snapshot_date": "2026-08-19", "source_pbf_sha256": "cba608c2e67cbd2ee7616dcee6833e575e818237048faabf4c0e447acd6c0b6f", "source_url": "https://download.openstreetmap.fr/extracts/asia/china/shanghai.osm.pbf", "license": "OpenStreetMap contributors, Open Database License 1.0" }, "geometry": { "type": "MultiPolygon", "coordinates": [ [ [ [ 121.4126106, 31.2125898 ], [ 121.4126013, 31.2125273 ], [ 121.4125476, 31.2121599 ], [ 121.4124915, 31.2117794 ], [ 121.412418, 31.2112922 ], [ 121.4123596, 31.2109067 ], [ 121.4123386, 31.2107639 ], [ 121.4123211, 31.2105682 ], [ 121.4123071, 31.2103396 ], [ 121.4122946, 31.2100809 ], [ 121.4122967, 31.2097449 ], [ 121.412313, 31.2094923 ], [ 121.4123446, 31.2091697 ], [ 121.4124088, 31.2088183 ], [ 121.412473, 31.2085447 ], [ 121.4125734, 31.2081792 ], [ 121.4126983, 31.2078287 ], [ 121.4127649, 31.2076569 ], [ 121.4128711, 31.2073763 ], [ 121.4130451, 31.206936 ], [ 121.4132214, 31.2064876 ], [ 121.4133475, 31.2061631 ], [ 121.4134946, 31.2057976 ], [ 121.4136009, 31.2055249 ], [ 121.4137349, 31.205181 ], [ 121.4138181, 31.2049675 ], [ 121.4139937, 31.2045235 ], [ 121.4141339, 31.2041637 ], [ 121.414291, 31.203779 ], [ 121.4143539, 31.20361 ], [ 121.4143066, 31.2036011 ], [ 121.4133936, 31.2033029 ], [ 121.4101388, 31.202228 ], [ 121.4087887, 31.2018404 ], [ 121.4086512, 31.2021154 ], [ 121.4084113, 31.2026248 ], [ 121.4082121, 31.2030421 ], [ 121.4080902, 31.2034281 ], [ 121.4080007, 31.2037341 ], [ 121.4078666, 31.2041966 ], [ 121.4077853, 31.2045982 ], [ 121.4076735, 31.2052623 ], [ 121.4076044, 31.2056866 ], [ 121.4075129, 31.2063472 ], [ 121.4074377, 31.2068793 ], [ 121.4073503, 31.207686 ], [ 121.4073115, 31.2080169 ], [ 121.4068209, 31.2076537 ], [ 121.4054663, 31.2066317 ], [ 121.4043103, 31.2058402 ], [ 121.4037538, 31.2062543 ], [ 121.4033836, 31.2064745 ], [ 121.4029866, 31.2066695 ], [ 121.4023295, 31.2068691 ], [ 121.4015141, 31.2069953 ], [ 121.3985208, 31.2077087 ], [ 121.3976115, 31.2078418 ], [ 121.3972682, 31.2078579 ], [ 121.3955328, 31.2078403 ], [ 121.3955395, 31.2078877 ], [ 121.3959807, 31.2104421 ], [ 121.3959539, 31.2116866 ], [ 121.3957554, 31.2131547 ], [ 121.3957329, 31.2135533 ], [ 121.3956615, 31.2135757 ], [ 121.3929599, 31.2143894 ], [ 121.3909294, 31.214948 ], [ 121.3910615, 31.2157881 ], [ 121.3911957, 31.2158478 ], [ 121.3939503, 31.2167286 ], [ 121.3946637, 31.2169649 ], [ 121.3950205, 31.2170383 ], [ 121.3950124, 31.2169098 ], [ 121.3954121, 31.2168548 ], [ 121.3969034, 31.2165864 ], [ 121.3979173, 31.2164006 ], [ 121.3987702, 31.2161987 ], [ 121.3996848, 31.2159785 ], [ 121.3999799, 31.2158937 ], [ 121.4003018, 31.2174948 ], [ 121.4011225, 31.2172356 ], [ 121.4018869, 31.2170062 ], [ 121.4023671, 31.2169007 ], [ 121.4039348, 31.2166782 ], [ 121.4040453, 31.2172763 ], [ 121.4059049, 31.2170337 ], [ 121.4067954, 31.2168893 ], [ 121.407383, 31.2155387 ], [ 121.4075949, 31.215112 ], [ 121.4078068, 31.2147152 ], [ 121.4079463, 31.2144124 ], [ 121.4081099, 31.214011 ], [ 121.4081904, 31.2136485 ], [ 121.4082225, 31.2132953 ], [ 121.4082225, 31.2129902 ], [ 121.4081743, 31.2126575 ], [ 121.4080899, 31.212308 ], [ 121.4083967, 31.2121224 ], [ 121.4086997, 31.2120227 ], [ 121.4087829, 31.2120307 ], [ 121.4093475, 31.212806 ], [ 121.4093649, 31.2128634 ], [ 121.4092027, 31.2129999 ], [ 121.409369, 31.2130538 ], [ 121.4094307, 31.2131088 ], [ 121.4098853, 31.2133818 ], [ 121.4101911, 31.2136066 ], [ 121.4106497, 31.2136605 ], [ 121.4106993, 31.2135206 ], [ 121.4108965, 31.2133394 ], [ 121.4115134, 31.2133084 ], [ 121.4123905, 31.2126982 ], [ 121.4124991, 31.2126363 ], [ 121.4125501, 31.2125962 ], [ 121.4126106, 31.2125898 ] ] ] ] } },
{ "type": "Feature", "properties": { "district": "长宁区", "official_control_code_2023": "310105008000", "official_control_name_2023": "仙霞新村街道", "osm_name": "仙霞新村街道", "osm_relation_id_source": "13469351", "admin_level": "8", "boundary": "administrative", "geometry_is_approximate": true, "source_snapshot_date": "2026-08-19", "source_pbf_sha256": "cba608c2e67cbd2ee7616dcee6833e575e818237048faabf4c0e447acd6c0b6f", "source_url": "https://download.openstreetmap.fr/extracts/asia/china/shanghai.osm.pbf", "license": "OpenStreetMap contributors, Open Database License 1.0" }, "geometry": { "type": "MultiPolygon", "coordinates": [ [ [ [ 121.3762205, 31.2057274 ], [ 121.3776652, 31.207953 ], [ 121.3781005, 31.2075747 ], [ 121.3781548, 31.2076927 ], [ 121.379233, 31.2092664 ], [ 121.3799518, 31.2124987 ], [ 121.3799706, 31.2125927 ], [ 121.3812406, 31.212478 ], [ 121.3813975, 31.2135952 ], [ 121.3808745, 31.2136032 ], [ 121.380896, 31.2141583 ], [ 121.3830391, 31.214148 ], [ 121.3837311, 31.2140608 ], [ 121.3835245, 31.2134759 ], [ 121.3841361, 31.2130882 ], [ 121.3843399, 31.2133337 ], [ 121.3843802, 31.2135332 ], [ 121.3843453, 31.2137787 ], [ 121.3843212, 31.213976 ], [ 121.3845733, 31.2146848 ], [ 121.3849622, 31.2154395 ], [ 121.3832054, 31.2158845 ], [ 121.3830981, 31.21574 ], [ 121.3820413, 31.21599 ], [ 121.3806546, 31.2165199 ], [ 121.3807277, 31.2170859 ], [ 121.3808336, 31.217063 ], [ 121.3817301, 31.2168903 ], [ 121.3829344, 31.2166288 ], [ 121.3866989, 31.2158065 ], [ 121.3908651, 31.2149629 ], [ 121.3909294, 31.214948 ], [ 121.3929599, 31.2143894 ], [ 121.3956615, 31.2135757 ], [ 121.3957329, 31.2135533 ], [ 121.3957554, 31.2131547 ], [ 121.3959539, 31.2116866 ], [ 121.3959807, 31.2104421 ], [ 121.3955395, 31.2078877 ], [ 121.3955328, 31.2078403 ], [ 121.3955187, 31.2077781 ], [ 121.3951103, 31.2054835 ], [ 121.395008, 31.2049975 ], [ 121.3948296, 31.2044102 ], [ 121.3946096, 31.2038 ], [ 121.3944675, 31.2032563 ], [ 121.3942905, 31.2027217 ], [ 121.3941456, 31.2023409 ], [ 121.3933892, 31.2024418 ], [ 121.3925282, 31.2026231 ], [ 121.3920401, 31.2026873 ], [ 121.3916082, 31.2027125 ], [ 121.3912247, 31.2026781 ], [ 121.3908438, 31.2026231 ], [ 121.3904817, 31.2025152 ], [ 121.3899211, 31.2022285 ], [ 121.3893874, 31.2019348 ], [ 121.3888965, 31.2017421 ], [ 121.3886873, 31.2016572 ], [ 121.3881857, 31.2014645 ], [ 121.3874696, 31.2012626 ], [ 121.3868205, 31.2010607 ], [ 121.3863699, 31.2008726 ], [ 121.3859488, 31.2006615 ], [ 121.3854982, 31.2004458 ], [ 121.3851388, 31.2002921 ], [ 121.3848383, 31.2002072 ], [ 121.3837769, 31.1999363 ], [ 121.3837069, 31.2000508 ], [ 121.3834454, 31.2008997 ], [ 121.38228, 31.2006978 ], [ 121.3820359, 31.200801 ], [ 121.3808512, 31.2037549 ], [ 121.3762205, 31.2057274 ] ] ] ] } },
{ "type": "Feature", "properties": { "district": "长宁区", "official_control_code_2023": "310105009000", "official_control_name_2023": "虹桥街道", "osm_name": "虹桥街道", "osm_relation_id_source": "13469352", "admin_level": "8", "boundary": "administrative", "geometry_is_approximate": true, "source_snapshot_date": "2026-08-19", "source_pbf_sha256": "cba608c2e67cbd2ee7616dcee6833e575e818237048faabf4c0e447acd6c0b6f", "source_url": "https://download.openstreetmap.fr/extracts/asia/china/shanghai.osm.pbf", "license": "OpenStreetMap contributors, Open Database License 1.0" }, "geometry": { "type": "MultiPolygon", "coordinates": [ [ [ [ 121.3955328, 31.2078403 ], [ 121.3972682, 31.2078579 ], [ 121.3976115, 31.2078418 ], [ 121.3985208, 31.2077087 ], [ 121.4015141, 31.2069953 ], [ 121.4023295, 31.2068691 ], [ 121.4029866, 31.2066695 ], [ 121.4033836, 31.2064745 ], [ 121.4037538, 31.2062543 ], [ 121.4043103, 31.2058402 ], [ 121.4054663, 31.2066317 ], [ 121.4068209, 31.2076537 ], [ 121.4073115, 31.2080169 ], [ 121.4073503, 31.207686 ], [ 121.4074377, 31.2068793 ], [ 121.4075129, 31.2063472 ], [ 121.4076044, 31.2056866 ], [ 121.4076735, 31.2052623 ], [ 121.4077853, 31.2045982 ], [ 121.4078666, 31.2041966 ], [ 121.4080007, 31.2037341 ], [ 121.4080902, 31.2034281 ], [ 121.4082121, 31.2030421 ], [ 121.4084113, 31.2026248 ], [ 121.4086512, 31.2021154 ], [ 121.4087887, 31.2018404 ], [ 121.4101388, 31.202228 ], [ 121.4133936, 31.2033029 ], [ 121.4143066, 31.2036011 ], [ 121.4143539, 31.20361 ], [ 121.4144204, 31.2034364 ], [ 121.4146161, 31.2029475 ], [ 121.4148132, 31.2025167 ], [ 121.4149673, 31.2022017 ], [ 121.4151706, 31.2017853 ], [ 121.415317, 31.2014783 ], [ 121.4154433, 31.2012003 ], [ 121.4155619, 31.2008946 ], [ 121.4156944, 31.2005744 ], [ 121.4158531, 31.2001672 ], [ 121.4159748, 31.1998352 ], [ 121.4161396, 31.1994003 ], [ 121.4162613, 31.1990709 ], [ 121.4164231, 31.1986202 ], [ 121.4165171, 31.1983514 ], [ 121.4166603, 31.1978941 ], [ 121.4168118, 31.1974385 ], [ 121.4170678, 31.1966852 ], [ 121.4172869, 31.1961953 ], [ 121.4173768, 31.1960316 ], [ 121.4173946, 31.1959118 ], [ 121.4174768, 31.1949304 ], [ 121.4174768, 31.1948955 ], [ 121.4174768, 31.1944532 ], [ 121.417348, 31.1941044 ], [ 121.4169189, 31.193517 ], [ 121.4164361, 31.1931408 ], [ 121.4158567, 31.1929021 ], [ 121.414989, 31.1927518 ], [ 121.414468, 31.1927263 ], [ 121.411935, 31.1928253 ], [ 121.412104, 31.1938139 ], [ 121.412114, 31.1939572 ], [ 121.4121488, 31.1942181 ], [ 121.4114733, 31.1942703 ], [ 121.4113121, 31.1932414 ], [ 121.4102269, 31.193439 ], [ 121.4101642, 31.1928999 ], [ 121.4086103, 31.1929553 ], [ 121.4082363, 31.1929715 ], [ 121.4079799, 31.1929868 ], [ 121.4067441, 31.1930297 ], [ 121.4045004, 31.1931152 ], [ 121.4042508, 31.1931247 ], [ 121.4020299, 31.1932179 ], [ 121.4007582, 31.1932713 ], [ 121.4006175, 31.1932775 ], [ 121.3968904, 31.1934411 ], [ 121.3949806, 31.193525 ], [ 121.3943883, 31.1935502 ], [ 121.3913279, 31.193672 ], [ 121.3884281, 31.1938043 ], [ 121.3877975, 31.1938047 ], [ 121.3872011, 31.1937572 ], [ 121.3864313, 31.1936919 ], [ 121.384867, 31.1934761 ], [ 121.3805595, 31.1928795 ], [ 121.3800591, 31.1937482 ], [ 121.377567, 31.1975212 ], [ 121.3784468, 31.1980644 ], [ 121.3789865, 31.1983929 ], [ 121.3794448, 31.198626 ], [ 121.3798041, 31.1987819 ], [ 121.3802872, 31.1989802 ], [ 121.3808304, 31.1991709 ], [ 121.3813153, 31.1993162 ], [ 121.3817848, 31.1994362 ], [ 121.3825949, 31.1996335 ], [ 121.3837769, 31.1999363 ], [ 121.3848383, 31.2002072 ], [ 121.3851388, 31.2002921 ], [ 121.3854982, 31.2004458 ], [ 121.3859488, 31.2006615 ], [ 121.3863699, 31.2008726 ], [ 121.3868205, 31.2010607 ], [ 121.3874696, 31.2012626 ], [ 121.3881857, 31.2014645 ], [ 121.3886873, 31.2016572 ], [ 121.3888965, 31.2017421 ], [ 121.3893874, 31.2019348 ], [ 121.3899211, 31.2022285 ], [ 121.3904817, 31.2025152 ], [ 121.3908438, 31.2026231 ], [ 121.3912247, 31.2026781 ], [ 121.3916082, 31.2027125 ], [ 121.3920401, 31.2026873 ], [ 121.3925282, 31.2026231 ], [ 121.3933892, 31.2024418 ], [ 121.3941456, 31.2023409 ], [ 121.3942905, 31.2027217 ], [ 121.3944675, 31.2032563 ], [ 121.3946096, 31.2038 ], [ 121.3948296, 31.2044102 ], [ 121.395008, 31.2049975 ], [ 121.3951103, 31.2054835 ], [ 121.3955187, 31.2077781 ], [ 121.3955328, 31.2078403 ] ] ] ] } },
{ "type": "Feature", "properties": { "district": "长宁区", "official_control_code_2023": "310105010000", "official_control_name_2023": "程家桥街道", "osm_name": "程家桥街道", "osm_relation_id_source": "14184034", "admin_level": "8", "boundary": "administrative", "geometry_is_approximate": true, "source_snapshot_date": "2026-08-19", "source_pbf_sha256": "cba608c2e67cbd2ee7616dcee6833e575e818237048faabf4c0e447acd6c0b6f", "source_url": "https://download.openstreetmap.fr/extracts/asia/china/shanghai.osm.pbf", "license": "OpenStreetMap contributors, Open Database License 1.0" }, "geometry": { "type": "MultiPolygon", "coordinates": [ [ [ [ 121.3837769, 31.1999363 ], [ 121.3825949, 31.1996335 ], [ 121.3817848, 31.1994362 ], [ 121.3813153, 31.1993162 ], [ 121.3808304, 31.1991709 ], [ 121.3802872, 31.1989802 ], [ 121.3798041, 31.1987819 ], [ 121.3794448, 31.198626 ], [ 121.3789865, 31.1983929 ], [ 121.3784468, 31.1980644 ], [ 121.377567, 31.1975212 ], [ 121.3800591, 31.1937482 ], [ 121.3805595, 31.1928795 ], [ 121.3795432, 31.1927418 ], [ 121.3774991, 31.192454 ], [ 121.3761293, 31.1921366 ], [ 121.37473, 31.1917336 ], [ 121.3648629, 31.1885719 ], [ 121.3615759, 31.1875304 ], [ 121.3595291, 31.186948 ], [ 121.358697, 31.1868591 ], [ 121.3578034, 31.1869072 ], [ 121.3562299, 31.1871664 ], [ 121.3545423, 31.1876737 ], [ 121.3535807, 31.1880812 ], [ 121.3534388, 31.187328 ], [ 121.3533605, 31.1866412 ], [ 121.3533051, 31.1861551 ], [ 121.3526784, 31.1850665 ], [ 121.3523203, 31.1846569 ], [ 121.3487263, 31.183578 ], [ 121.3480163, 31.185032 ], [ 121.3471908, 31.1847724 ], [ 121.3468803, 31.1853485 ], [ 121.3467151, 31.1852956 ], [ 121.343775, 31.1843465 ], [ 121.3401641, 31.1828259 ], [ 121.3374594, 31.1817375 ], [ 121.3375517, 31.1805443 ], [ 121.3377247, 31.1804399 ], [ 121.337799, 31.180349 ], [ 121.3378934, 31.1801324 ], [ 121.3376362, 31.1801202 ], [ 121.337593, 31.1799243 ], [ 121.3375219, 31.1798256 ], [ 121.3373712, 31.1797401 ], [ 121.337375, 31.1795786 ], [ 121.3372088, 31.1795778 ], [ 121.3371981, 31.1797267 ], [ 121.3370395, 31.1798061 ], [ 121.3369362, 31.179891 ], [ 121.3369034, 31.1799817 ], [ 121.3368971, 31.1800704 ], [ 121.3366485, 31.1800716 ], [ 121.3366707, 31.1802071 ], [ 121.3367053, 31.1803127 ], [ 121.3367642, 31.1803958 ], [ 121.3368981, 31.180524 ], [ 121.3368585, 31.1813964 ], [ 121.3355759, 31.1814075 ], [ 121.3353542, 31.1814509 ], [ 121.3347602, 31.1823819 ], [ 121.3338905, 31.181955 ], [ 121.3308357, 31.1864603 ], [ 121.3307605, 31.1865712 ], [ 121.3273915, 31.1915396 ], [ 121.3284256, 31.1920527 ], [ 121.3301993, 31.192834 ], [ 121.330276, 31.1928767 ], [ 121.3324483, 31.1940867 ], [ 121.3335482, 31.1945676 ], [ 121.3332489, 31.1966757 ], [ 121.3327832, 31.1973997 ], [ 121.3327184, 31.1977194 ], [ 121.3344007, 31.1985696 ], [ 121.3338588, 31.2088278 ], [ 121.3339734, 31.2089697 ], [ 121.3339967, 31.2090348 ], [ 121.3341306, 31.2100711 ], [ 121.3341338, 31.2104111 ], [ 121.33397, 31.2140485 ], [ 121.3339995, 31.2141166 ], [ 121.3340657, 31.2141497 ], [ 121.3344512, 31.2141642 ], [ 121.3366663, 31.2141595 ], [ 121.3366181, 31.2132557 ], [ 121.3366771, 31.21304 ], [ 121.3370633, 31.2129483 ], [ 121.337986, 31.2126271 ], [ 121.3384956, 31.212384 ], [ 121.3387048, 31.2076491 ], [ 121.3387853, 31.2075298 ], [ 121.3388593, 31.2075298 ], [ 121.3390481, 31.2075298 ], [ 121.3406897, 31.2076078 ], [ 121.3408184, 31.2065479 ], [ 121.3436405, 31.2066086 ], [ 121.344021, 31.2066168 ], [ 121.344375, 31.206525 ], [ 121.3454747, 31.2059698 ], [ 121.3457644, 31.2057909 ], [ 121.3463277, 31.2058092 ], [ 121.3464564, 31.2061671 ], [ 121.3477814, 31.2060019 ], [ 121.3478565, 31.2013493 ], [ 121.3480389, 31.2010373 ], [ 121.3480818, 31.1994314 ], [ 121.3477921, 31.199257 ], [ 121.347878, 31.1986972 ], [ 121.347599, 31.1983484 ], [ 121.3476848, 31.197238 ], [ 121.347717, 31.1943838 ], [ 121.3499272, 31.1916672 ], [ 121.3519764, 31.1894369 ], [ 121.3523841, 31.1890056 ], [ 121.3530815, 31.1886384 ], [ 121.3522017, 31.1966415 ], [ 121.3531673, 31.1968525 ], [ 121.3536501, 31.1968984 ], [ 121.353929, 31.196981 ], [ 121.3540363, 31.197082 ], [ 121.3538325, 31.1975867 ], [ 121.353811, 31.1980364 ], [ 121.3537681, 31.1987981 ], [ 121.3567293, 31.1991102 ], [ 121.3569868, 31.1991652 ], [ 121.3573944, 31.1993855 ], [ 121.3580704, 31.1993488 ], [ 121.3596582, 31.1992662 ], [ 121.3605916, 31.199156 ], [ 121.3611817, 31.1991927 ], [ 121.3616753, 31.199257 ], [ 121.3618898, 31.199312 ], [ 121.363306, 31.1975776 ], [ 121.3635367, 31.1974169 ], [ 121.366117, 31.1983117 ], [ 121.366632, 31.1974858 ], [ 121.3653767, 31.1970544 ], [ 121.3660633, 31.1955035 ], [ 121.3662672, 31.194861 ], [ 121.3683164, 31.1956503 ], [ 121.3688099, 31.1952098 ], [ 121.3709235, 31.1963937 ], [ 121.3719106, 31.1952924 ], [ 121.3726187, 31.1956411 ], [ 121.3731122, 31.1951088 ], [ 121.373595, 31.1953612 ], [ 121.3734394, 31.1955585 ], [ 121.3734233, 31.1958063 ], [ 121.3733107, 31.195944 ], [ 121.3730693, 31.1961229 ], [ 121.3728708, 31.1962422 ], [ 121.3727313, 31.1963248 ], [ 121.3724846, 31.1967608 ], [ 121.3722914, 31.1971646 ], [ 121.3721412, 31.1974766 ], [ 121.3718462, 31.1976005 ], [ 121.371755, 31.1976877 ], [ 121.371637, 31.1979859 ], [ 121.371358, 31.1982383 ], [ 121.3710254, 31.1984494 ], [ 121.37065, 31.1989444 ], [ 121.3705695, 31.1990505 ], [ 121.3703871, 31.1993717 ], [ 121.3700759, 31.1997801 ], [ 121.369577, 31.2001517 ], [ 121.3694107, 31.2003491 ], [ 121.369223, 31.2004867 ], [ 121.3691693, 31.2006794 ], [ 121.3690728, 31.2009593 ], [ 121.3687026, 31.2015834 ], [ 121.3696092, 31.2039326 ], [ 121.3710308, 31.2061121 ], [ 121.371865, 31.2074472 ], [ 121.3762205, 31.2057274 ], [ 121.3808512, 31.2037549 ], [ 121.3820359, 31.200801 ], [ 121.38228, 31.2006978 ], [ 121.3834454, 31.2008997 ], [ 121.3837069, 31.2000508 ], [ 121.3837769, 31.1999363 ] ] ] ] } },
{ "type": "Feature", "properties": { "district": "长宁区", "official_control_code_2023": "310105011000", "official_control_name_2023": "北新泾街道", "osm_name": "北新泾街道", "osm_relation_id_source": "14184083", "admin_level": "8", "boundary": "administrative", "geometry_is_approximate": true, "source_snapshot_date": "2026-08-19", "source_pbf_sha256": "cba608c2e67cbd2ee7616dcee6833e575e818237048faabf4c0e447acd6c0b6f", "source_url": "https://download.openstreetmap.fr/extracts/asia/china/shanghai.osm.pbf", "license": "OpenStreetMap contributors, Open Database License 1.0" }, "geometry": { "type": "MultiPolygon", "coordinates": [ [ [ [ 121.3718322, 31.222434 ], [ 121.3716558, 31.2224448 ], [ 121.3712642, 31.2223966 ], [ 121.3702458, 31.2220211 ], [ 121.3693812, 31.2217543 ], [ 121.3689494, 31.2217566 ], [ 121.3686302, 31.221908 ], [ 121.3682654, 31.2221947 ], [ 121.3678953, 31.2228691 ], [ 121.3673454, 31.2237545 ], [ 121.3669458, 31.2242315 ], [ 121.3665649, 31.2245618 ], [ 121.3661411, 31.2247545 ], [ 121.3656691, 31.2249013 ], [ 121.3642395, 31.2250091 ], [ 121.3631719, 31.2251765 ], [ 121.3624585, 31.2255665 ], [ 121.3621742, 31.2258967 ], [ 121.3618925, 31.2263646 ], [ 121.3618174, 31.2271766 ], [ 121.3615358, 31.2277637 ], [ 121.3610771, 31.2280459 ], [ 121.3606051, 31.2281514 ], [ 121.3599211, 31.2281307 ], [ 121.3580006, 31.2278326 ], [ 121.3575742, 31.2278738 ], [ 121.3573271, 31.227931 ], [ 121.3569948, 31.2270114 ], [ 121.3568366, 31.2261055 ], [ 121.3567615, 31.2252752 ], [ 121.3567024, 31.2241375 ], [ 121.3566863, 31.2236696 ], [ 121.3572818, 31.2236145 ], [ 121.3573676, 31.2233852 ], [ 121.3574803, 31.2232384 ], [ 121.3572872, 31.2221374 ], [ 121.3566005, 31.2221833 ], [ 121.3564396, 31.2181692 ], [ 121.369915, 31.2162423 ], [ 121.3703267, 31.2161517 ], [ 121.3704005, 31.216318 ], [ 121.3709262, 31.2161781 ], [ 121.3711166, 31.2166506 ], [ 121.3713688, 31.2169626 ], [ 121.3716247, 31.218088 ], [ 121.3743326, 31.2177586 ], [ 121.3747658, 31.2177173 ], [ 121.3749307, 31.2184995 ], [ 121.3747698, 31.2185408 ], [ 121.3748717, 31.218816 ], [ 121.3747698, 31.2188298 ], [ 121.3748664, 31.219284 ], [ 121.3748717, 31.2195317 ], [ 121.3751829, 31.21955 ], [ 121.3752311, 31.2196739 ], [ 121.3749683, 31.2196831 ], [ 121.3747966, 31.2197335 ], [ 121.3746679, 31.2197519 ], [ 121.3747483, 31.219917 ], [ 121.3749897, 31.219862 ], [ 121.3751936, 31.2198024 ], [ 121.3752928, 31.2198712 ], [ 121.3752767, 31.2201005 ], [ 121.3754591, 31.2201235 ], [ 121.3756871, 31.2212142 ], [ 121.3750085, 31.2212566 ], [ 121.3751453, 31.221642 ], [ 121.3740189, 31.2219201 ], [ 121.3731015, 31.2221466 ], [ 121.3721989, 31.2224115 ], [ 121.3718322, 31.222434 ] ] ] ] } },
{ "type": "Feature", "properties": { "district": "长宁区", "official_control_code_2023": "310105102000", "official_control_name_2023": "新泾镇", "osm_name": "新泾镇", "osm_relation_id_source": "14184082", "admin_level": "8", "boundary": "administrative", "geometry_is_approximate": true, "source_snapshot_date": "2026-08-19", "source_pbf_sha256": "cba608c2e67cbd2ee7616dcee6833e575e818237048faabf4c0e447acd6c0b6f", "source_url": "https://download.openstreetmap.fr/extracts/asia/china/shanghai.osm.pbf", "license": "OpenStreetMap contributors, Open Database License 1.0" }, "geometry": { "type": "MultiPolygon", "coordinates": [ [ [ [ 121.3573271, 31.227931 ], [ 121.3570484, 31.2279954 ], [ 121.3564986, 31.2283326 ], [ 121.3561848, 31.2285986 ], [ 121.353929, 31.2326971 ], [ 121.3516921, 31.2354263 ], [ 121.3506031, 31.2372427 ], [ 121.3497394, 31.238793 ], [ 121.3496724, 31.2389879 ], [ 121.3496382, 31.2390349 ], [ 121.3493693, 31.2393182 ], [ 121.3486075, 31.2399718 ], [ 121.3475293, 31.2406506 ], [ 121.3458717, 31.2409946 ], [ 121.3441685, 31.2412697 ], [ 121.3441322, 31.2412703 ], [ 121.344533, 31.2432791 ], [ 121.3447157, 31.2432454 ], [ 121.3458368, 31.2431124 ], [ 121.3458878, 31.2438198 ], [ 121.3455015, 31.2439551 ], [ 121.3452843, 31.2441936 ], [ 121.3449034, 31.2451499 ], [ 121.3438734, 31.2456039 ], [ 121.3434121, 31.2454686 ], [ 121.3431063, 31.2452141 ], [ 121.342814, 31.2446362 ], [ 121.3428113, 31.2443702 ], [ 121.3427094, 31.2436868 ], [ 121.3423049, 31.2428433 ], [ 121.3417582, 31.2433939 ], [ 121.3416548, 31.2434609 ], [ 121.3412967, 31.2438491 ], [ 121.3411876, 31.2440177 ], [ 121.3412615, 31.2440769 ], [ 121.3412194, 31.2441653 ], [ 121.3409068, 31.2447924 ], [ 121.3417428, 31.2453244 ], [ 121.3412903, 31.2461305 ], [ 121.3401023, 31.2456415 ], [ 121.3406449, 31.2442186 ], [ 121.3403005, 31.2441186 ], [ 121.3405168, 31.2435847 ], [ 121.3403161, 31.2434875 ], [ 121.3407621, 31.2419073 ], [ 121.3379592, 31.242187 ], [ 121.3366288, 31.2419073 ], [ 121.3358188, 31.2414211 ], [ 121.3338929, 31.2395016 ], [ 121.3344388, 31.2388032 ], [ 121.3345922, 31.238497 ], [ 121.3339002, 31.2381358 ], [ 121.334267, 31.23759 ], [ 121.3349816, 31.2378793 ], [ 121.335032, 31.2378185 ], [ 121.335496, 31.2379656 ], [ 121.3356731, 31.2376375 ], [ 121.3363471, 31.2377765 ], [ 121.3365562, 31.2373049 ], [ 121.3374559, 31.237356 ], [ 121.3379052, 31.2361154 ], [ 121.3392064, 31.2364324 ], [ 121.3410771, 31.2323686 ], [ 121.3403059, 31.2321146 ], [ 121.3409122, 31.2299322 ], [ 121.3386452, 31.229488 ], [ 121.3387722, 31.2287334 ], [ 121.3377495, 31.2285963 ], [ 121.336953, 31.2283073 ], [ 121.3374287, 31.2274488 ], [ 121.3368335, 31.2273165 ], [ 121.3360573, 31.2269049 ], [ 121.3365182, 31.2260804 ], [ 121.33685, 31.2261147 ], [ 121.3371973, 31.2261287 ], [ 121.3374267, 31.226098 ], [ 121.3377607, 31.2260155 ], [ 121.3388061, 31.2256234 ], [ 121.3402572, 31.2254774 ], [ 121.3410717, 31.2254088 ], [ 121.3408359, 31.225089 ], [ 121.3407967, 31.2246874 ], [ 121.3404821, 31.2247398 ], [ 121.3403054, 31.2245918 ], [ 121.339272, 31.2247258 ], [ 121.3389425, 31.2249282 ], [ 121.3386, 31.2249774 ], [ 121.3381212, 31.2216746 ], [ 121.3380943, 31.2215168 ], [ 121.3380604, 31.2213181 ], [ 121.3380859, 31.2209399 ], [ 121.3380699, 31.2207021 ], [ 121.3379205, 31.2201983 ], [ 121.3379158, 31.2200372 ], [ 121.3379226, 31.2197353 ], [ 121.3378244, 31.2195333 ], [ 121.3376077, 31.2192028 ], [ 121.3370247, 31.2192838 ], [ 121.3369522, 31.2190898 ], [ 121.3366677, 31.2191331 ], [ 121.3365435, 31.2185988 ], [ 121.3358622, 31.2186787 ], [ 121.3357943, 31.2184326 ], [ 121.3348388, 31.2185979 ], [ 121.3345701, 31.2164678 ], [ 121.3349567, 31.216448 ], [ 121.335071, 31.2148707 ], [ 121.3356741, 31.2148899 ], [ 121.3356188, 31.2164281 ], [ 121.3362644, 31.2164547 ], [ 121.3364433, 31.2164326 ], [ 121.3366261, 31.2163726 ], [ 121.3366099, 31.2162674 ], [ 121.3366166, 31.2157914 ], [ 121.3362838, 31.2150571 ], [ 121.3346903, 31.2142807 ], [ 121.3344512, 31.2141642 ], [ 121.3366663, 31.2141595 ], [ 121.3366181, 31.2132557 ], [ 121.3366771, 31.21304 ], [ 121.3370633, 31.2129483 ], [ 121.337986, 31.2126271 ], [ 121.3384956, 31.212384 ], [ 121.3387048, 31.2076491 ], [ 121.3387853, 31.2075298 ], [ 121.3388593, 31.2075298 ], [ 121.3390481, 31.2075298 ], [ 121.3406897, 31.2076078 ], [ 121.3408184, 31.2065479 ], [ 121.3436405, 31.2066086 ], [ 121.344021, 31.2066168 ], [ 121.344375, 31.206525 ], [ 121.3454747, 31.2059698 ], [ 121.3457644, 31.2057909 ], [ 121.3463277, 31.2058092 ], [ 121.3464564, 31.2061671 ], [ 121.3477814, 31.2060019 ], [ 121.3478565, 31.2013493 ], [ 121.3480389, 31.2010373 ], [ 121.3480818, 31.1994314 ], [ 121.3477921, 31.199257 ], [ 121.347878, 31.1986972 ], [ 121.347599, 31.1983484 ], [ 121.3476848, 31.197238 ], [ 121.347717, 31.1943838 ], [ 121.3499272, 31.1916672 ], [ 121.3519764, 31.1894369 ], [ 121.3523841, 31.1890056 ], [ 121.3530815, 31.1886384 ], [ 121.3522017, 31.1966415 ], [ 121.3531673, 31.1968525 ], [ 121.3536501, 31.1968984 ], [ 121.353929, 31.196981 ], [ 121.3540363, 31.197082 ], [ 121.3538325, 31.1975867 ], [ 121.353811, 31.1980364 ], [ 121.3537681, 31.1987981 ], [ 121.3567293, 31.1991102 ], [ 121.3569868, 31.1991652 ], [ 121.3573944, 31.1993855 ], [ 121.3580704, 31.1993488 ], [ 121.3596582, 31.1992662 ], [ 121.3605916, 31.199156 ], [ 121.3611817, 31.1991927 ], [ 121.3616753, 31.199257 ], [ 121.3618898, 31.199312 ], [ 121.363306, 31.1975776 ], [ 121.3635367, 31.1974169 ], [ 121.366117, 31.1983117 ], [ 121.366632, 31.1974858 ], [ 121.3653767, 31.1970544 ], [ 121.3660633, 31.1955035 ], [ 121.3662672, 31.194861 ], [ 121.3683164, 31.1956503 ], [ 121.3688099, 31.1952098 ], [ 121.3709235, 31.1963937 ], [ 121.3719106, 31.1952924 ], [ 121.3726187, 31.1956411 ], [ 121.3731122, 31.1951088 ], [ 121.373595, 31.1953612 ], [ 121.3734394, 31.1955585 ], [ 121.3734233, 31.1958063 ], [ 121.3733107, 31.195944 ], [ 121.3730693, 31.1961229 ], [ 121.3728708, 31.1962422 ], [ 121.3727313, 31.1963248 ], [ 121.3724846, 31.1967608 ], [ 121.3722914, 31.1971646 ], [ 121.3721412, 31.1974766 ], [ 121.3718462, 31.1976005 ], [ 121.371755, 31.1976877 ], [ 121.371637, 31.1979859 ], [ 121.371358, 31.1982383 ], [ 121.3710254, 31.1984494 ], [ 121.37065, 31.1989444 ], [ 121.3705695, 31.1990505 ], [ 121.3703871, 31.1993717 ], [ 121.3700759, 31.1997801 ], [ 121.369577, 31.2001517 ], [ 121.3694107, 31.2003491 ], [ 121.369223, 31.2004867 ], [ 121.3691693, 31.2006794 ], [ 121.3690728, 31.2009593 ], [ 121.3687026, 31.2015834 ], [ 121.3696092, 31.2039326 ], [ 121.3710308, 31.2061121 ], [ 121.371865, 31.2074472 ], [ 121.3762205, 31.2057274 ], [ 121.3776652, 31.207953 ], [ 121.3781005, 31.2075747 ], [ 121.3781548, 31.2076927 ], [ 121.379233, 31.2092664 ], [ 121.3799518, 31.2124987 ], [ 121.3799706, 31.2125927 ], [ 121.3812406, 31.212478 ], [ 121.3813975, 31.2135952 ], [ 121.3808745, 31.2136032 ], [ 121.380896, 31.2141583 ], [ 121.3830391, 31.214148 ], [ 121.3837311, 31.2140608 ], [ 121.3835245, 31.2134759 ], [ 121.3841361, 31.2130882 ], [ 121.3843399, 31.2133337 ], [ 121.3843802, 31.2135332 ], [ 121.3843453, 31.2137787 ], [ 121.3843212, 31.213976 ], [ 121.3845733, 31.2146848 ], [ 121.3849622, 31.2154395 ], [ 121.3832054, 31.2158845 ], [ 121.3830981, 31.21574 ], [ 121.3820413, 31.21599 ], [ 121.3806546, 31.2165199 ], [ 121.3807277, 31.2170859 ], [ 121.3807531, 31.2171624 ], [ 121.3809911, 31.2181884 ], [ 121.3811802, 31.219051 ], [ 121.3813997, 31.2200295 ], [ 121.3815987, 31.2209492 ], [ 121.3814405, 31.2209802 ], [ 121.3789111, 31.2216741 ], [ 121.3766259, 31.2216557 ], [ 121.3751453, 31.221642 ], [ 121.3750085, 31.2212566 ], [ 121.3756871, 31.2212142 ], [ 121.3754591, 31.2201235 ], [ 121.3752767, 31.2201005 ], [ 121.3752928, 31.2198712 ], [ 121.3751936, 31.2198024 ], [ 121.3749897, 31.219862 ], [ 121.3747483, 31.219917 ], [ 121.3746679, 31.2197519 ], [ 121.3747966, 31.2197335 ], [ 121.3749683, 31.2196831 ], [ 121.3752311, 31.2196739 ], [ 121.3751829, 31.21955 ], [ 121.3748717, 31.2195317 ], [ 121.3748664, 31.219284 ], [ 121.3747698, 31.2188298 ], [ 121.3748717, 31.218816 ], [ 121.3747698, 31.2185408 ], [ 121.3749307, 31.2184995 ], [ 121.3747658, 31.2177173 ], [ 121.3743326, 31.2177586 ], [ 121.3716247, 31.218088 ], [ 121.3713688, 31.2169626 ], [ 121.3711166, 31.2166506 ], [ 121.3709262, 31.2161781 ], [ 121.3704005, 31.216318 ], [ 121.3703267, 31.2161517 ], [ 121.369915, 31.2162423 ], [ 121.3564396, 31.2181692 ], [ 121.3566005, 31.2221833 ], [ 121.3572872, 31.2221374 ], [ 121.3574803, 31.2232384 ], [ 121.3573676, 31.2233852 ], [ 121.3572818, 31.2236145 ], [ 121.3566863, 31.2236696 ], [ 121.3567024, 31.2241375 ], [ 121.3567615, 31.2252752 ], [ 121.3568366, 31.2261055 ], [ 121.3569948, 31.2270114 ], [ 121.3573271, 31.227931 ] ] ] ] } },
{ "type": "Feature", "properties": { "district": "静安区", "official_control_code_2023": "310106006000", "official_control_name_2023": "江宁路街道", "osm_name": "江宁路街道", "osm_relation_id_source": "14186018", "admin_level": "8", "boundary": "administrative", "geometry_is_approximate": true, "source_snapshot_date": "2026-08-19", "source_pbf_sha256": "cba608c2e67cbd2ee7616dcee6833e575e818237048faabf4c0e447acd6c0b6f", "source_url": "https://download.openstreetmap.fr/extracts/asia/china/shanghai.osm.pbf", "license": "OpenStreetMap contributors, Open Database License 1.0" }, "geometry": { "type": "MultiPolygon", "coordinates": [ [ [ [ 121.4334391, 31.2388457 ], [ 121.434221, 31.2392539 ], [ 121.4351331, 31.2396862 ], [ 121.4358008, 31.2400027 ], [ 121.4369166, 31.2407033 ], [ 121.4380136, 31.2413019 ], [ 121.4388719, 31.241694 ], [ 121.4396766, 31.2422879 ], [ 121.4412993, 31.2432373 ], [ 121.4423351, 31.2436697 ], [ 121.4445609, 31.2442808 ], [ 121.4447006, 31.2443366 ], [ 121.444776, 31.2443978 ], [ 121.4450034, 31.2446362 ], [ 121.4453065, 31.2449871 ], [ 121.4454019, 31.2450803 ], [ 121.4479566, 31.2435584 ], [ 121.4485735, 31.243086 ], [ 121.4496142, 31.2420449 ], [ 121.4502257, 31.2413019 ], [ 121.4508507, 31.2408203 ], [ 121.4505717, 31.2406368 ], [ 121.4506656, 31.2405634 ], [ 121.4507353, 31.2404121 ], [ 121.4507782, 31.2402424 ], [ 121.4507836, 31.2399993 ], [ 121.4508104, 31.2397608 ], [ 121.4508533, 31.239559 ], [ 121.4510733, 31.2391737 ], [ 121.452291, 31.2376371 ], [ 121.4515775, 31.2373161 ], [ 121.4499548, 31.2367229 ], [ 121.4479747, 31.2363168 ], [ 121.4490777, 31.2345824 ], [ 121.4505851, 31.2321605 ], [ 121.449008, 31.23161 ], [ 121.4467549, 31.2309072 ], [ 121.4424419, 31.2290229 ], [ 121.4423722, 31.2291605 ], [ 121.4420342, 31.2308945 ], [ 121.4419809, 31.2312612 ], [ 121.4387512, 31.2298394 ], [ 121.4384133, 31.2307293 ], [ 121.4380002, 31.2317843 ], [ 121.4378017, 31.2323256 ], [ 121.4373887, 31.233454 ], [ 121.4361334, 31.2357291 ], [ 121.4358276, 31.2362657 ], [ 121.4355218, 31.2366281 ], [ 121.4348084, 31.2374307 ], [ 121.4345786, 31.2376657 ], [ 121.4345348, 31.2377105 ], [ 121.4345263, 31.2377239 ], [ 121.4341003, 31.238394 ], [ 121.4339018, 31.2385682 ], [ 121.4337087, 31.2386921 ], [ 121.4334391, 31.2388457 ] ] ] ] } },
{ "type": "Feature", "properties": { "district": "静安区", "official_control_code_2023": "310106011000", "official_control_name_2023": "石门二路街道", "osm_name": "石门二路街道", "osm_relation_id_source": "14186017", "admin_level": "8", "boundary": "administrative", "geometry_is_approximate": true, "source_snapshot_date": "2026-08-19", "source_pbf_sha256": "cba608c2e67cbd2ee7616dcee6833e575e818237048faabf4c0e447acd6c0b6f", "source_url": "https://download.openstreetmap.fr/extracts/asia/china/shanghai.osm.pbf", "license": "OpenStreetMap contributors, Open Database License 1.0" }, "geometry": { "type": "MultiPolygon", "coordinates": [ [ [ [ 121.4505851, 31.2321605 ], [ 121.4490777, 31.2345824 ], [ 121.4479747, 31.2363168 ], [ 121.4499548, 31.2367229 ], [ 121.4515775, 31.2373161 ], [ 121.452291, 31.2376371 ], [ 121.4510733, 31.2391737 ], [ 121.4508533, 31.239559 ], [ 121.4508104, 31.2397608 ], [ 121.4507836, 31.2399993 ], [ 121.4507782, 31.2402424 ], [ 121.4507353, 31.2404121 ], [ 121.4506656, 31.2405634 ], [ 121.4505717, 31.2406368 ], [ 121.4508507, 31.2408203 ], [ 121.4514542, 31.2403616 ], [ 121.4517009, 31.2402103 ], [ 121.4519906, 31.2400772 ], [ 121.4522588, 31.2399718 ], [ 121.4526665, 31.2398708 ], [ 121.4530152, 31.2398708 ], [ 121.453498, 31.2400222 ], [ 121.454587, 31.2405359 ], [ 121.455, 31.2408157 ], [ 121.4560515, 31.2421228 ], [ 121.4563626, 31.242476 ], [ 121.4566255, 31.2426961 ], [ 121.4571619, 31.2429346 ], [ 121.4575696, 31.2430952 ], [ 121.4583679, 31.2432881 ], [ 121.4592383, 31.2413278 ], [ 121.4597175, 31.2402144 ], [ 121.4597318, 31.2401812 ], [ 121.4610675, 31.2377927 ], [ 121.4615503, 31.2368708 ], [ 121.461663, 31.23663 ], [ 121.4616773, 31.2365841 ], [ 121.4617381, 31.236388 ], [ 121.4618065, 31.2361219 ], [ 121.462017, 31.235075 ], [ 121.462051, 31.2349136 ], [ 121.4623429, 31.2335281 ], [ 121.4624287, 31.232825 ], [ 121.4619229, 31.2327986 ], [ 121.4610863, 31.2327587 ], [ 121.4602348, 31.2327881 ], [ 121.4575554, 31.2328531 ], [ 121.4568469, 31.2327064 ], [ 121.4560477, 31.232431 ], [ 121.4546071, 31.2318577 ], [ 121.4545481, 31.2318157 ], [ 121.4539377, 31.231175 ], [ 121.4537841, 31.2310486 ], [ 121.4520577, 31.2301422 ], [ 121.4505851, 31.2321605 ] ] ] ] } },
{ "type": "Feature", "properties": { "district": "静安区", "official_control_code_2023": "310106012000", "official_control_name_2023": "南京西路街道", "osm_name": "南京西路街道", "osm_relation_id_source": "14186016", "admin_level": "8", "boundary": "administrative", "geometry_is_approximate": true, "source_snapshot_date": "2026-08-19", "source_pbf_sha256": "cba608c2e67cbd2ee7616dcee6833e575e818237048faabf4c0e447acd6c0b6f", "source_url": "https://download.openstreetmap.fr/extracts/asia/china/shanghai.osm.pbf", "license": "OpenStreetMap contributors, Open Database License 1.0" }, "geometry": { "type": "MultiPolygon", "coordinates": [ [ [ [ 121.4424419, 31.2290229 ], [ 121.4467549, 31.2309072 ], [ 121.449008, 31.23161 ], [ 121.4505851, 31.2321605 ], [ 121.4520577, 31.2301422 ], [ 121.4537841, 31.2310486 ], [ 121.4539377, 31.231175 ], [ 121.4545481, 31.2318157 ], [ 121.4546071, 31.2318577 ], [ 121.4560477, 31.232431 ], [ 121.4568469, 31.2327064 ], [ 121.4575554, 31.2328531 ], [ 121.4602348, 31.2327881 ], [ 121.4610863, 31.2327587 ], [ 121.4619229, 31.2327986 ], [ 121.4624287, 31.232825 ], [ 121.4624371, 31.2327564 ], [ 121.4624469, 31.2326763 ], [ 121.4625964, 31.2305122 ], [ 121.4626179, 31.2297599 ], [ 121.4626286, 31.2295947 ], [ 121.4626506, 31.2294507 ], [ 121.4626608, 31.2293837 ], [ 121.462828, 31.2287896 ], [ 121.4629218, 31.2284594 ], [ 121.4630148, 31.2282048 ], [ 121.4631248, 31.2280168 ], [ 121.4633916, 31.2276125 ], [ 121.4630257, 31.2275698 ], [ 121.462922, 31.2260681 ], [ 121.4629041, 31.225769 ], [ 121.4622209, 31.2256773 ], [ 121.4599678, 31.2257782 ], [ 121.4596486, 31.2257889 ], [ 121.4589567, 31.2258121 ], [ 121.4588735, 31.2258149 ], [ 121.4560518, 31.2257874 ], [ 121.455038, 31.225778 ], [ 121.4537297, 31.2257625 ], [ 121.4522114, 31.2257682 ], [ 121.4522412, 31.2255357 ], [ 121.4523239, 31.2251364 ], [ 121.4523123, 31.2246315 ], [ 121.452299, 31.2240539 ], [ 121.4523603, 31.2237891 ], [ 121.452526, 31.2233802 ], [ 121.4526903, 31.2230866 ], [ 121.452787, 31.2229319 ], [ 121.4531447, 31.2220274 ], [ 121.4519294, 31.2217741 ], [ 121.4514408, 31.2216718 ], [ 121.4512691, 31.2216144 ], [ 121.4477983, 31.2193918 ], [ 121.4475887, 31.2192951 ], [ 121.4454299, 31.2230778 ], [ 121.4452475, 31.2234035 ], [ 121.4449471, 31.2236237 ], [ 121.4445609, 31.2238944 ], [ 121.4442766, 31.2242017 ], [ 121.4439601, 31.2247889 ], [ 121.4434987, 31.2260229 ], [ 121.4426887, 31.2280413 ], [ 121.4424419, 31.2290229 ] ] ] ] } },
{ "type": "Feature", "properties": { "district": "静安区", "official_control_code_2023": "310106013000", "official_control_name_2023": "静安寺街道", "osm_name": "静安寺街道", "osm_relation_id_source": "14186014", "admin_level": "8", "boundary": "administrative", "geometry_is_approximate": true, "source_snapshot_date": "2026-08-19", "source_pbf_sha256": "cba608c2e67cbd2ee7616dcee6833e575e818237048faabf4c0e447acd6c0b6f", "source_url": "https://download.openstreetmap.fr/extracts/asia/china/shanghai.osm.pbf", "license": "OpenStreetMap contributors, Open Database License 1.0" }, "geometry": { "type": "MultiPolygon", "coordinates": [ [ [ [ 121.4308226, 31.2268509 ], [ 121.4311713, 31.2268624 ], [ 121.4314824, 31.2268761 ], [ 121.4328933, 31.2273073 ], [ 121.4332527, 31.227367 ], [ 121.4338052, 31.2273991 ], [ 121.4352643, 31.2274266 ], [ 121.4356613, 31.2277798 ], [ 121.4360154, 31.2278991 ], [ 121.436407, 31.2280183 ], [ 121.4367074, 31.2281605 ], [ 121.4370668, 31.2283991 ], [ 121.4376998, 31.2289771 ], [ 121.4387512, 31.2298394 ], [ 121.4419809, 31.2312612 ], [ 121.4420342, 31.2308945 ], [ 121.4423722, 31.2291605 ], [ 121.4424419, 31.2290229 ], [ 121.4426887, 31.2280413 ], [ 121.4434987, 31.2260229 ], [ 121.4439601, 31.2247889 ], [ 121.4442766, 31.2242017 ], [ 121.4445609, 31.2238944 ], [ 121.4449471, 31.2236237 ], [ 121.4452475, 31.2234035 ], [ 121.4454299, 31.2230778 ], [ 121.4475887, 31.2192951 ], [ 121.447455, 31.2192335 ], [ 121.4439963, 31.2181038 ], [ 121.4435282, 31.2179765 ], [ 121.4425814, 31.2177895 ], [ 121.4399837, 31.2173537 ], [ 121.43509, 31.2163834 ], [ 121.4349076, 31.2163341 ], [ 121.4348298, 31.2163089 ], [ 121.4347588, 31.2162968 ], [ 121.4346595, 31.2163157 ], [ 121.4346273, 31.2163398 ], [ 121.434347, 31.2166724 ], [ 121.433014, 31.2194399 ], [ 121.43233, 31.2206877 ], [ 121.4320376, 31.2213782 ], [ 121.431587, 31.2225571 ], [ 121.4315763, 31.2226512 ], [ 121.4315468, 31.2228576 ], [ 121.4312839, 31.2248004 ], [ 121.4312169, 31.2250596 ], [ 121.4311525, 31.2251903 ], [ 121.430887, 31.2261651 ], [ 121.430887, 31.226266 ], [ 121.4308226, 31.2268509 ] ] ] ] } },
{ "type": "Feature", "properties": { "district": "静安区", "official_control_code_2023": "310106014000", "official_control_name_2023": "曹家渡街道", "osm_name": "曹家渡街道", "osm_relation_id_source": "14186015", "admin_level": "8", "boundary": "administrative", "geometry_is_approximate": true, "source_snapshot_date": "2026-08-19", "source_pbf_sha256": "cba608c2e67cbd2ee7616dcee6833e575e818237048faabf4c0e447acd6c0b6f", "source_url": "https://download.openstreetmap.fr/extracts/asia/china/shanghai.osm.pbf", "license": "OpenStreetMap contributors, Open Database License 1.0" }, "geometry": { "type": "MultiPolygon", "coordinates": [ [ [ [ 121.4308226, 31.2268509 ], [ 121.4311713, 31.2268624 ], [ 121.4314824, 31.2268761 ], [ 121.4328933, 31.2273073 ], [ 121.4332527, 31.227367 ], [ 121.4338052, 31.2273991 ], [ 121.4352643, 31.2274266 ], [ 121.4356613, 31.2277798 ], [ 121.4360154, 31.2278991 ], [ 121.436407, 31.2280183 ], [ 121.4367074, 31.2281605 ], [ 121.4370668, 31.2283991 ], [ 121.4376998, 31.2289771 ], [ 121.4387512, 31.2298394 ], [ 121.4384133, 31.2307293 ], [ 121.4380002, 31.2317843 ], [ 121.4378017, 31.2323256 ], [ 121.4373887, 31.233454 ], [ 121.4361334, 31.2357291 ], [ 121.4358276, 31.2362657 ], [ 121.4355218, 31.2366281 ], [ 121.4348084, 31.2374307 ], [ 121.4345786, 31.2376657 ], [ 121.4345348, 31.2377105 ], [ 121.4345263, 31.2377239 ], [ 121.4341003, 31.238394 ], [ 121.4339018, 31.2385682 ], [ 121.4337087, 31.2386921 ], [ 121.4334391, 31.2388457 ], [ 121.4330028, 31.2384062 ], [ 121.4326215, 31.2381095 ], [ 121.431593, 31.2374995 ], [ 121.4307763, 31.2371859 ], [ 121.4303921, 31.2370913 ], [ 121.4285374, 31.2368792 ], [ 121.427671, 31.2368792 ], [ 121.4264305, 31.2370374 ], [ 121.4263869, 31.2369061 ], [ 121.4259687, 31.2362845 ], [ 121.4255418, 31.2357448 ], [ 121.4252722, 31.2354126 ], [ 121.4248372, 31.2348965 ], [ 121.4240433, 31.2339791 ], [ 121.4234103, 31.2331351 ], [ 121.4231669, 31.2325488 ], [ 121.4229393, 31.2313645 ], [ 121.4229096, 31.2310476 ], [ 121.4232537, 31.2276606 ], [ 121.423288, 31.2270155 ], [ 121.4232416, 31.2262958 ], [ 121.4232034, 31.226161 ], [ 121.4231385, 31.2260552 ], [ 121.4232746, 31.2259398 ], [ 121.4244017, 31.2249323 ], [ 121.4245876, 31.225105 ], [ 121.4246658, 31.2251834 ], [ 121.4250424, 31.2256864 ], [ 121.4252332, 31.2258608 ], [ 121.4256963, 31.2261587 ], [ 121.4258096, 31.2261983 ], [ 121.4259812, 31.226235 ], [ 121.4272633, 31.2263945 ], [ 121.4274618, 31.2264403 ], [ 121.4278351, 31.2265762 ], [ 121.428257, 31.2268356 ], [ 121.4296998, 31.2277148 ], [ 121.4302593, 31.2273257 ], [ 121.4307019, 31.2269564 ], [ 121.4308226, 31.2268509 ] ] ] ] } },
{ "type": "Feature", "properties": { "district": "静安区", "official_control_code_2023": "310106015000", "official_control_name_2023": "天目西路街道", "osm_name": "天目西路街道", "osm_relation_id_source": "14186013", "admin_level": "8", "boundary": "administrative", "geometry_is_approximate": true, "source_snapshot_date": "2026-08-19", "source_pbf_sha256": "cba608c2e67cbd2ee7616dcee6833e575e818237048faabf4c0e447acd6c0b6f", "source_url": "https://download.openstreetmap.fr/extracts/asia/china/shanghai.osm.pbf", "license": "OpenStreetMap contributors, Open Database License 1.0" }, "geometry": { "type": "MultiPolygon", "coordinates": [ [ [ [ 121.4503062, 31.2611548 ], [ 121.4502791, 31.2609233 ], [ 121.450274, 31.2608797 ], [ 121.4502203, 31.2604945 ], [ 121.4502203, 31.2601552 ], [ 121.4501989, 31.2598434 ], [ 121.4503384, 31.2595591 ], [ 121.4505637, 31.2592105 ], [ 121.4512074, 31.2585044 ], [ 121.4536536, 31.2560097 ], [ 121.4536536, 31.2558171 ], [ 121.4540505, 31.2556795 ], [ 121.4543724, 31.2556245 ], [ 121.4547694, 31.255597 ], [ 121.4545655, 31.2551017 ], [ 121.4545548, 31.2546064 ], [ 121.4543402, 31.2539277 ], [ 121.4543188, 31.2531573 ], [ 121.4544368, 31.2525061 ], [ 121.4546513, 31.2521484 ], [ 121.4548337, 31.2518824 ], [ 121.4549947, 31.2515705 ], [ 121.4550698, 31.251222 ], [ 121.45522, 31.2508001 ], [ 121.4553165, 31.2505983 ], [ 121.4583313, 31.2494334 ], [ 121.4579022, 31.2475989 ], [ 121.4577734, 31.2470211 ], [ 121.4576447, 31.2464065 ], [ 121.4576018, 31.2456727 ], [ 121.4576447, 31.2451315 ], [ 121.4578164, 31.2446362 ], [ 121.4579773, 31.2441409 ], [ 121.4583679, 31.2432881 ], [ 121.4575696, 31.2430952 ], [ 121.4571619, 31.2429346 ], [ 121.4566255, 31.2426961 ], [ 121.4563626, 31.242476 ], [ 121.4560515, 31.2421228 ], [ 121.455, 31.2408157 ], [ 121.454587, 31.2405359 ], [ 121.453498, 31.2400222 ], [ 121.4530152, 31.2398708 ], [ 121.4526665, 31.2398708 ], [ 121.4522588, 31.2399718 ], [ 121.4519906, 31.2400772 ], [ 121.4517009, 31.2402103 ], [ 121.4514542, 31.2403616 ], [ 121.4508507, 31.2408203 ], [ 121.4502257, 31.2413019 ], [ 121.4496142, 31.2420449 ], [ 121.4485735, 31.243086 ], [ 121.4479566, 31.2435584 ], [ 121.4454019, 31.2450803 ], [ 121.4443204, 31.2458388 ], [ 121.4437766, 31.246379 ], [ 121.4436406, 31.2465889 ], [ 121.4436327, 31.246807 ], [ 121.443672, 31.2470754 ], [ 121.4438259, 31.2472996 ], [ 121.4452445, 31.2487534 ], [ 121.4459094, 31.2498071 ], [ 121.4461351, 31.2507994 ], [ 121.446178, 31.2518457 ], [ 121.4465555, 31.2518341 ], [ 121.4467117, 31.2518293 ], [ 121.4467247, 31.2522877 ], [ 121.4467235, 31.2525311 ], [ 121.4467224, 31.2527465 ], [ 121.4469098, 31.2541632 ], [ 121.4448036, 31.2549712 ], [ 121.4449805, 31.2553977 ], [ 121.4450699, 31.2555231 ], [ 121.4452059, 31.2556097 ], [ 121.4453517, 31.2557596 ], [ 121.445395, 31.2558417 ], [ 121.4453337, 31.2560602 ], [ 121.4453152, 31.2562408 ], [ 121.4453363, 31.2565059 ], [ 121.4454546, 31.2568242 ], [ 121.4456151, 31.2571843 ], [ 121.445818, 31.2574661 ], [ 121.4464742, 31.2581232 ], [ 121.4461578, 31.2584891 ], [ 121.4454242, 31.2596619 ], [ 121.4451493, 31.2600927 ], [ 121.4503062, 31.2611548 ] ] ] ] } },
{ "type": "Feature", "properties": { "district": "静安区", "official_control_code_2023": "310106016000", "official_control_name_2023": "北站街道", "osm_name": "北站街道", "osm_relation_id_source": "14186012", "admin_level": "8", "boundary": "administrative", "geometry_is_approximate": true, "source_snapshot_date": "2026-08-19", "source_pbf_sha256": "cba608c2e67cbd2ee7616dcee6833e575e818237048faabf4c0e447acd6c0b6f", "source_url": "https://download.openstreetmap.fr/extracts/asia/china/shanghai.osm.pbf", "license": "OpenStreetMap contributors, Open Database License 1.0" }, "geometry": { "type": "MultiPolygon", "coordinates": [ [ [ [ 121.47847, 31.2439326 ], [ 121.4782487, 31.2443328 ], [ 121.4781511, 31.2445708 ], [ 121.4780506, 31.2448369 ], [ 121.4779645, 31.2451213 ], [ 121.4778997, 31.2453479 ], [ 121.4778384, 31.2455841 ], [ 121.4778049, 31.2459624 ], [ 121.4777393, 31.2464798 ], [ 121.4776842, 31.2469153 ], [ 121.4776566, 31.247129 ], [ 121.4776198, 31.2473489 ], [ 121.4775777, 31.2475666 ], [ 121.4774969, 31.2478753 ], [ 121.4772443, 31.248545 ], [ 121.4769262, 31.2495112 ], [ 121.4768079, 31.2497568 ], [ 121.4766191, 31.2500789 ], [ 121.476521, 31.2502073 ], [ 121.4762588, 31.2505229 ], [ 121.4751022, 31.2517566 ], [ 121.4750757, 31.2517895 ], [ 121.4751843, 31.2518583 ], [ 121.4755766, 31.2520463 ], [ 121.4771833, 31.2526677 ], [ 121.4768131, 31.2532444 ], [ 121.4767863, 31.2533258 ], [ 121.4767541, 31.2533797 ], [ 121.4757154, 31.2546047 ], [ 121.4756745, 31.2546093 ], [ 121.4756598, 31.2546173 ], [ 121.4754398, 31.2547956 ], [ 121.4753687, 31.2548839 ], [ 121.4753526, 31.2549309 ], [ 121.4753419, 31.2549939 ], [ 121.4753352, 31.2551028 ], [ 121.4752185, 31.2549183 ], [ 121.4750522, 31.2547257 ], [ 121.4748913, 31.2545331 ], [ 121.4745802, 31.2542625 ], [ 121.4744621, 31.2541433 ], [ 121.4741456, 31.2539461 ], [ 121.4738774, 31.2537993 ], [ 121.4736307, 31.2536847 ], [ 121.4733732, 31.25357 ], [ 121.4726758, 31.2543588 ], [ 121.4724398, 31.2542396 ], [ 121.4721072, 31.2540561 ], [ 121.4719784, 31.2538819 ], [ 121.4701438, 31.252873 ], [ 121.4703262, 31.2526161 ], [ 121.4694571, 31.2521025 ], [ 121.469028, 31.2519007 ], [ 121.468631, 31.2515981 ], [ 121.468277, 31.2513412 ], [ 121.4679229, 31.251011 ], [ 121.4676011, 31.2506442 ], [ 121.4672685, 31.2502864 ], [ 121.4669144, 31.250048 ], [ 121.4657686, 31.2494396 ], [ 121.4651871, 31.2491307 ], [ 121.4642537, 31.2486813 ], [ 121.4632022, 31.2483969 ], [ 121.4627623, 31.2483603 ], [ 121.4620113, 31.2483786 ], [ 121.4616573, 31.248452 ], [ 121.4611101, 31.2485345 ], [ 121.4605951, 31.2486905 ], [ 121.4583313, 31.2494334 ], [ 121.4579022, 31.2475989 ], [ 121.4577734, 31.2470211 ], [ 121.4576447, 31.2464065 ], [ 121.4576018, 31.2456727 ], [ 121.4576447, 31.2451315 ], [ 121.4578164, 31.2446362 ], [ 121.4579773, 31.2441409 ], [ 121.4583679, 31.2432881 ], [ 121.4586418, 31.2433096 ], [ 121.4590609, 31.2433245 ], [ 121.4595035, 31.2432351 ], [ 121.4599541, 31.2431617 ], [ 121.4614561, 31.242726 ], [ 121.4615462, 31.2427012 ], [ 121.4617565, 31.2426434 ], [ 121.4621776, 31.242437 ], [ 121.4640377, 31.2413477 ], [ 121.4647458, 31.2411608 ], [ 121.4652032, 31.2411574 ], [ 121.4656149, 31.2411803 ], [ 121.4661182, 31.2413211 ], [ 121.4662546, 31.2413592 ], [ 121.4665738, 31.2414647 ], [ 121.4676889, 31.2420775 ], [ 121.4688054, 31.2427328 ], [ 121.4692533, 31.2430287 ], [ 121.4703718, 31.2433669 ], [ 121.4711818, 31.2433944 ], [ 121.4720039, 31.2433394 ], [ 121.4722721, 31.2432603 ], [ 121.4727965, 31.243055 ], [ 121.4741886, 31.2423327 ], [ 121.4743186, 31.2422672 ], [ 121.474894, 31.2420976 ], [ 121.4752722, 31.2420242 ], [ 121.4755163, 31.2420242 ], [ 121.476388, 31.2421848 ], [ 121.4769486, 31.2425012 ], [ 121.4772704, 31.2427351 ], [ 121.477654, 31.2430539 ], [ 121.4780349, 31.2434139 ], [ 121.47847, 31.2439326 ] ] ] ] } },
{ "type": "Feature", "properties": { "district": "静安区", "official_control_code_2023": "310106017000", "official_control_name_2023": "宝山路街道", "osm_name": "宝山路街道", "osm_relation_id_source": "14186011", "admin_level": "8", "boundary": "administrative", "geometry_is_approximate": true, "source_snapshot_date": "2026-08-19", "source_pbf_sha256": "cba608c2e67cbd2ee7616dcee6833e575e818237048faabf4c0e447acd6c0b6f", "source_url": "https://download.openstreetmap.fr/extracts/asia/china/shanghai.osm.pbf", "license": "OpenStreetMap contributors, Open Database License 1.0" }, "geometry": { "type": "MultiPolygon", "coordinates": [ [ [ [ 121.4753352, 31.2551028 ], [ 121.4753178, 31.2551636 ], [ 121.4751743, 31.2551693 ], [ 121.4751707, 31.255217 ], [ 121.4751689, 31.2552404 ], [ 121.475134, 31.2553746 ], [ 121.4751154, 31.2553893 ], [ 121.4756314, 31.2561413 ], [ 121.4758889, 31.2567282 ], [ 121.4759962, 31.2570676 ], [ 121.475964, 31.2582232 ], [ 121.4758393, 31.2605937 ], [ 121.4756732, 31.2606132 ], [ 121.475476, 31.2606837 ], [ 121.4751964, 31.2608929 ], [ 121.4750864, 31.2609898 ], [ 121.4741027, 31.2618931 ], [ 121.4730231, 31.2628079 ], [ 121.4707473, 31.2644747 ], [ 121.4690468, 31.2657861 ], [ 121.4667406, 31.2679472 ], [ 121.4659595, 31.2670884 ], [ 121.4654124, 31.266639 ], [ 121.4648974, 31.266263 ], [ 121.4642751, 31.2658412 ], [ 121.4619577, 31.2647315 ], [ 121.4615062, 31.2645497 ], [ 121.4620757, 31.2633375 ], [ 121.4623332, 31.262824 ], [ 121.4625585, 31.2622554 ], [ 121.4627516, 31.2617785 ], [ 121.4627623, 31.2613199 ], [ 121.4629233, 31.2593114 ], [ 121.4630091, 31.258697 ], [ 121.463213, 31.2582751 ], [ 121.4638996, 31.256826 ], [ 121.4641464, 31.2561931 ], [ 121.4643395, 31.2552576 ], [ 121.4650047, 31.2519466 ], [ 121.4653695, 31.2506533 ], [ 121.4655626, 31.2501397 ], [ 121.4657686, 31.2494396 ], [ 121.4669144, 31.250048 ], [ 121.4672685, 31.2502864 ], [ 121.4676011, 31.2506442 ], [ 121.4679229, 31.251011 ], [ 121.468277, 31.2513412 ], [ 121.468631, 31.2515981 ], [ 121.469028, 31.2519007 ], [ 121.4694571, 31.2521025 ], [ 121.4703262, 31.2526161 ], [ 121.4701438, 31.252873 ], [ 121.4719784, 31.2538819 ], [ 121.4721072, 31.2540561 ], [ 121.4724398, 31.2542396 ], [ 121.4726758, 31.2543588 ], [ 121.4733732, 31.25357 ], [ 121.4736307, 31.2536847 ], [ 121.4738774, 31.2537993 ], [ 121.4741456, 31.2539461 ], [ 121.4744621, 31.2541433 ], [ 121.4745802, 31.2542625 ], [ 121.4748913, 31.2545331 ], [ 121.4750522, 31.2547257 ], [ 121.4752185, 31.2549183 ], [ 121.4753352, 31.2551028 ] ] ] ] } },
{ "type": "Feature", "properties": { "district": "静安区", "official_control_code_2023": "310106018000", "official_control_name_2023": "共和新路街道", "osm_name": "共和新路街道", "osm_relation_id_source": "14186010", "admin_level": "8", "boundary": "administrative", "geometry_is_approximate": true, "source_snapshot_date": "2026-08-19", "source_pbf_sha256": "cba608c2e67cbd2ee7616dcee6833e575e818237048faabf4c0e447acd6c0b6f", "source_url": "https://download.openstreetmap.fr/extracts/asia/china/shanghai.osm.pbf", "license": "OpenStreetMap contributors, Open Database License 1.0" }, "geometry": { "type": "MultiPolygon", "coordinates": [ [ [ [ 121.4667406, 31.2679472 ], [ 121.4657047, 31.2689179 ], [ 121.4652058, 31.2694062 ], [ 121.4637253, 31.2716988 ], [ 121.4604127, 31.2759765 ], [ 121.4600332, 31.2763582 ], [ 121.4597248, 31.2766562 ], [ 121.4593211, 31.2768671 ], [ 121.4585352, 31.276451 ], [ 121.457119, 31.275745 ], [ 121.4510035, 31.2733058 ], [ 121.4532888, 31.2700412 ], [ 121.4531386, 31.2700229 ], [ 121.452291, 31.269922 ], [ 121.4511752, 31.2698487 ], [ 121.4505529, 31.2697937 ], [ 121.4497805, 31.2698578 ], [ 121.4494264, 31.269922 ], [ 121.4490187, 31.269922 ], [ 121.448214, 31.2698854 ], [ 121.4462096, 31.2697173 ], [ 121.4461005, 31.2699037 ], [ 121.4457464, 31.2704631 ], [ 121.4454031, 31.2709124 ], [ 121.4451456, 31.2712242 ], [ 121.4448452, 31.2716185 ], [ 121.444459, 31.2720312 ], [ 121.4437079, 31.2717652 ], [ 121.4423668, 31.2714993 ], [ 121.4414978, 31.2713801 ], [ 121.4407253, 31.2713709 ], [ 121.4384937, 31.2712517 ], [ 121.4383006, 31.2712104 ], [ 121.4348296, 31.2704581 ], [ 121.436015, 31.2700616 ], [ 121.4373776, 31.2695572 ], [ 121.4378282, 31.2693554 ], [ 121.4382144, 31.2690987 ], [ 121.4395882, 31.2673795 ], [ 121.4401563, 31.2666685 ], [ 121.4428385, 31.2631469 ], [ 121.4449092, 31.260469 ], [ 121.4451493, 31.2600927 ], [ 121.4503062, 31.2611548 ], [ 121.4532781, 31.261751 ], [ 121.4552522, 31.2622554 ], [ 121.4556599, 31.2623838 ], [ 121.4567435, 31.2626681 ], [ 121.4574945, 31.262934 ], [ 121.4615062, 31.2645497 ], [ 121.4619577, 31.2647315 ], [ 121.4642751, 31.2658412 ], [ 121.4648974, 31.266263 ], [ 121.4654124, 31.266639 ], [ 121.4659595, 31.2670884 ], [ 121.4667406, 31.2679472 ] ] ] ] } },
{ "type": "Feature", "properties": { "district": "静安区", "official_control_code_2023": "310106019000", "official_control_name_2023": "大宁路街道", "osm_name": "大宁路街道", "osm_relation_id_source": "14186009", "admin_level": "8", "boundary": "administrative", "geometry_is_approximate": true, "source_snapshot_date": "2026-08-19", "source_pbf_sha256": "cba608c2e67cbd2ee7616dcee6833e575e818237048faabf4c0e447acd6c0b6f", "source_url": "https://download.openstreetmap.fr/extracts/asia/china/shanghai.osm.pbf", "license": "OpenStreetMap contributors, Open Database License 1.0" }, "geometry": { "type": "MultiPolygon", "coordinates": [ [ [ [ 121.4423668, 31.2714993 ], [ 121.4421093, 31.2717698 ], [ 121.441766, 31.2720862 ], [ 121.4415085, 31.2723154 ], [ 121.4413369, 31.2725126 ], [ 121.4412564, 31.2726639 ], [ 121.441192, 31.2729069 ], [ 121.4411169, 31.2731041 ], [ 121.4403391, 31.2736726 ], [ 121.4400655, 31.2737689 ], [ 121.4397222, 31.2737689 ], [ 121.4393252, 31.2738789 ], [ 121.4392233, 31.2739431 ], [ 121.4389819, 31.2741861 ], [ 121.4388746, 31.2743374 ], [ 121.4387619, 31.2745758 ], [ 121.4390731, 31.2748372 ], [ 121.439116, 31.2751765 ], [ 121.439234, 31.2753874 ], [ 121.4395559, 31.2759651 ], [ 121.4406461, 31.2760116 ], [ 121.4406593, 31.2758173 ], [ 121.4420929, 31.2758792 ], [ 121.4422874, 31.2759255 ], [ 121.4425177, 31.2764639 ], [ 121.4427651, 31.2767458 ], [ 121.4428638, 31.2769657 ], [ 121.4427267, 31.2775019 ], [ 121.4436358, 31.2776242 ], [ 121.4434158, 31.2787431 ], [ 121.4448161, 31.2784204 ], [ 121.4453008, 31.2793903 ], [ 121.4459473, 31.2800629 ], [ 121.4468662, 31.2805125 ], [ 121.4475703, 31.2807515 ], [ 121.4475167, 31.2811641 ], [ 121.4439225, 31.2811825 ], [ 121.4432895, 31.2811641 ], [ 121.4429462, 31.2842908 ], [ 121.4428925, 31.285171 ], [ 121.4427209, 31.2851343 ], [ 121.44153, 31.2850243 ], [ 121.43888, 31.2847584 ], [ 121.4381075, 31.2846575 ], [ 121.4379573, 31.285446 ], [ 121.4374637, 31.2896177 ], [ 121.4369595, 31.291919 ], [ 121.4361119, 31.2958245 ], [ 121.4361226, 31.2969063 ], [ 121.436466, 31.3016458 ], [ 121.4397275, 31.3019759 ], [ 121.4422059, 31.3022509 ], [ 121.4426458, 31.3022509 ], [ 121.4433753, 31.3021775 ], [ 121.4443302, 31.3022509 ], [ 121.4442015, 31.3042585 ], [ 121.4470553, 31.3047718 ], [ 121.447463, 31.3049093 ], [ 121.4501452, 31.3053493 ], [ 121.4584923, 31.3067152 ], [ 121.4585459, 31.306541 ], [ 121.4592665, 31.3066255 ], [ 121.4593318, 31.3063347 ], [ 121.4599594, 31.3029751 ], [ 121.459946, 31.3028238 ], [ 121.4598253, 31.3024411 ], [ 121.4597744, 31.302244 ], [ 121.4597518, 31.302166 ], [ 121.4597408, 31.3021065 ], [ 121.4597073, 31.302016 ], [ 121.4596134, 31.3017937 ], [ 121.4595973, 31.3015863 ], [ 121.4596724, 31.3013731 ], [ 121.45982, 31.3008437 ], [ 121.4598414, 31.3005389 ], [ 121.4599407, 31.3001722 ], [ 121.4598971, 31.2997299 ], [ 121.4597341, 31.2992692 ], [ 121.4596792, 31.2990228 ], [ 121.4597248, 31.2988636 ], [ 121.4597248, 31.2986103 ], [ 121.459415, 31.2981897 ], [ 121.4587136, 31.2971068 ], [ 121.4578257, 31.294635 ], [ 121.4576621, 31.2944505 ], [ 121.4571203, 31.2941605 ], [ 121.4564645, 31.2929068 ], [ 121.4555566, 31.2919167 ], [ 121.455519, 31.2918227 ], [ 121.4555204, 31.2917024 ], [ 121.4555687, 31.2915602 ], [ 121.4559844, 31.2911018 ], [ 121.4561722, 31.2909826 ], [ 121.4563934, 31.2908165 ], [ 121.4564578, 31.2906056 ], [ 121.4564719, 31.289812 ], [ 121.4567944, 31.2891077 ], [ 121.4569178, 31.2876144 ], [ 121.4570519, 31.2867296 ], [ 121.4571485, 31.2863698 ], [ 121.4570868, 31.2860145 ], [ 121.4568293, 31.2846621 ], [ 121.4566845, 31.2842105 ], [ 121.4567113, 31.2838392 ], [ 121.456832, 31.2834999 ], [ 121.4572209, 31.2825945 ], [ 121.4572531, 31.2824065 ], [ 121.4571834, 31.2816145 ], [ 121.4569741, 31.2815825 ], [ 121.45695, 31.2812558 ], [ 121.4569098, 31.280983 ], [ 121.4569339, 31.2808501 ], [ 121.4569876, 31.2807377 ], [ 121.4571002, 31.2806323 ], [ 121.457245, 31.2804283 ], [ 121.4572477, 31.2800386 ], [ 121.4572786, 31.2792752 ], [ 121.4573228, 31.2790655 ], [ 121.4573939, 31.2789199 ], [ 121.458216, 31.2773164 ], [ 121.4583193, 31.2771835 ], [ 121.4584856, 31.2770986 ], [ 121.4593211, 31.2768671 ], [ 121.4585352, 31.276451 ], [ 121.457119, 31.275745 ], [ 121.4510035, 31.2733058 ], [ 121.4532888, 31.2700412 ], [ 121.4531386, 31.2700229 ], [ 121.452291, 31.269922 ], [ 121.4511752, 31.2698487 ], [ 121.4505529, 31.2697937 ], [ 121.4497805, 31.2698578 ], [ 121.4494264, 31.269922 ], [ 121.4490187, 31.269922 ], [ 121.448214, 31.2698854 ], [ 121.4462096, 31.2697173 ], [ 121.4461005, 31.2699037 ], [ 121.4457464, 31.2704631 ], [ 121.4454031, 31.2709124 ], [ 121.4451456, 31.2712242 ], [ 121.4448452, 31.2716185 ], [ 121.444459, 31.2720312 ], [ 121.4437079, 31.2717652 ], [ 121.4423668, 31.2714993 ] ] ] ] } },
{ "type": "Feature", "properties": { "district": "静安区", "official_control_code_2023": "310106020000", "official_control_name_2023": "彭浦新村街道", "osm_name": "彭浦新村街道", "osm_relation_id_source": "14186008", "admin_level": "8", "boundary": "administrative", "geometry_is_approximate": true, "source_snapshot_date": "2026-08-19", "source_pbf_sha256": "cba608c2e67cbd2ee7616dcee6833e575e818237048faabf4c0e447acd6c0b6f", "source_url": "https://download.openstreetmap.fr/extracts/asia/china/shanghai.osm.pbf", "license": "OpenStreetMap contributors, Open Database License 1.0" }, "geometry": { "type": "MultiPolygon", "coordinates": [ [ [ [ 121.4409902, 31.321865 ], [ 121.4400208, 31.321785 ], [ 121.4322277, 31.3214938 ], [ 121.4319491, 31.3226547 ], [ 121.4290497, 31.322657 ], [ 121.4289987, 31.3223797 ], [ 121.4286686, 31.3205232 ], [ 121.4280546, 31.3206063 ], [ 121.4278641, 31.320636 ], [ 121.4298869, 31.3143246 ], [ 121.4309835, 31.3112067 ], [ 121.4310264, 31.3081177 ], [ 121.4310157, 31.306926 ], [ 121.4312625, 31.3059635 ], [ 121.4325285, 31.3063118 ], [ 121.4349103, 31.3068252 ], [ 121.4368629, 31.3069718 ], [ 121.4429569, 31.3075768 ], [ 121.4440727, 31.3076318 ], [ 121.4442015, 31.3042585 ], [ 121.4470553, 31.3047718 ], [ 121.447463, 31.3049093 ], [ 121.4501452, 31.3053493 ], [ 121.4500058, 31.3059818 ], [ 121.4497375, 31.3062202 ], [ 121.4495337, 31.3064218 ], [ 121.4498556, 31.3067427 ], [ 121.4498448, 31.3073568 ], [ 121.450789, 31.3074027 ], [ 121.4507031, 31.3153315 ], [ 121.4513147, 31.3186311 ], [ 121.4511767, 31.3219314 ], [ 121.4507564, 31.321645 ], [ 121.4487179, 31.3202611 ], [ 121.4483317, 31.3200686 ], [ 121.4435145, 31.3188404 ], [ 121.4432999, 31.3187763 ], [ 121.4429136, 31.3196653 ], [ 121.4418541, 31.322097 ], [ 121.4409902, 31.321865 ] ] ] ] } },
{ "type": "Feature", "properties": { "district": "静安区", "official_control_code_2023": "310106021000", "official_control_name_2023": "临汾路街道", "osm_name": "临汾路街道", "osm_relation_id_source": "14186007", "admin_level": "8", "boundary": "administrative", "geometry_is_approximate": true, "source_snapshot_date": "2026-08-19", "source_pbf_sha256": "cba608c2e67cbd2ee7616dcee6833e575e818237048faabf4c0e447acd6c0b6f", "source_url": "https://download.openstreetmap.fr/extracts/asia/china/shanghai.osm.pbf", "license": "OpenStreetMap contributors, Open Database License 1.0" }, "geometry": { "type": "MultiPolygon", "coordinates": [ [ [ [ 121.4501452, 31.3053493 ], [ 121.4584923, 31.3067152 ], [ 121.4585459, 31.306541 ], [ 121.4592665, 31.3066255 ], [ 121.4589885, 31.3078633 ], [ 121.4631546, 31.3082282 ], [ 121.4631581, 31.3082397 ], [ 121.4632673, 31.3109147 ], [ 121.4637789, 31.3178818 ], [ 121.4638178, 31.3197333 ], [ 121.4636287, 31.3220979 ], [ 121.4633953, 31.3220865 ], [ 121.4608742, 31.3220108 ], [ 121.4609018, 31.3225642 ], [ 121.4607398, 31.3228674 ], [ 121.4607674, 31.3232088 ], [ 121.4567002, 31.3230381 ], [ 121.4539858, 31.322919 ], [ 121.4528271, 31.322864 ], [ 121.4524516, 31.3227999 ], [ 121.4511767, 31.3219314 ], [ 121.4513147, 31.3186311 ], [ 121.4507031, 31.3153315 ], [ 121.450789, 31.3074027 ], [ 121.4498448, 31.3073568 ], [ 121.4498556, 31.3067427 ], [ 121.4495337, 31.3064218 ], [ 121.4497375, 31.3062202 ], [ 121.4500058, 31.3059818 ], [ 121.4501452, 31.3053493 ] ] ] ] } },
{ "type": "Feature", "properties": { "district": "静安区", "official_control_code_2023": "310106022000", "official_control_name_2023": "芷江西路街道", "osm_name": "芷江西路街道", "osm_relation_id_source": "14186006", "admin_level": "8", "boundary": "administrative", "geometry_is_approximate": true, "source_snapshot_date": "2026-08-19", "source_pbf_sha256": "cba608c2e67cbd2ee7616dcee6833e575e818237048faabf4c0e447acd6c0b6f", "source_url": "https://download.openstreetmap.fr/extracts/asia/china/shanghai.osm.pbf", "license": "OpenStreetMap contributors, Open Database License 1.0" }, "geometry": { "type": "MultiPolygon", "coordinates": [ [ [ [ 121.4503062, 31.2611548 ], [ 121.4502791, 31.2609233 ], [ 121.450274, 31.2608797 ], [ 121.4502203, 31.2604945 ], [ 121.4502203, 31.2601552 ], [ 121.4501989, 31.2598434 ], [ 121.4503384, 31.2595591 ], [ 121.4505637, 31.2592105 ], [ 121.4512074, 31.2585044 ], [ 121.4536536, 31.2560097 ], [ 121.4536536, 31.2558171 ], [ 121.4540505, 31.2556795 ], [ 121.4543724, 31.2556245 ], [ 121.4547694, 31.255597 ], [ 121.4545655, 31.2551017 ], [ 121.4545548, 31.2546064 ], [ 121.4543402, 31.2539277 ], [ 121.4543188, 31.2531573 ], [ 121.4544368, 31.2525061 ], [ 121.4546513, 31.2521484 ], [ 121.4548337, 31.2518824 ], [ 121.4549947, 31.2515705 ], [ 121.4550698, 31.251222 ], [ 121.45522, 31.2508001 ], [ 121.4553165, 31.2505983 ], [ 121.4583313, 31.2494334 ], [ 121.4605951, 31.2486905 ], [ 121.4611101, 31.2485345 ], [ 121.4616573, 31.248452 ], [ 121.4620113, 31.2483786 ], [ 121.4627623, 31.2483603 ], [ 121.4632022, 31.2483969 ], [ 121.4642537, 31.2486813 ], [ 121.4651871, 31.2491307 ], [ 121.4657686, 31.2494396 ], [ 121.4655626, 31.2501397 ], [ 121.4653695, 31.2506533 ], [ 121.4650047, 31.2519466 ], [ 121.4643395, 31.2552576 ], [ 121.4641464, 31.2561931 ], [ 121.4638996, 31.256826 ], [ 121.463213, 31.2582751 ], [ 121.4630091, 31.258697 ], [ 121.4629233, 31.2593114 ], [ 121.4627623, 31.2613199 ], [ 121.4627516, 31.2617785 ], [ 121.4625585, 31.2622554 ], [ 121.4623332, 31.262824 ], [ 121.4620757, 31.2633375 ], [ 121.4615062, 31.2645497 ], [ 121.4574945, 31.262934 ], [ 121.4567435, 31.2626681 ], [ 121.4556599, 31.2623838 ], [ 121.4552522, 31.2622554 ], [ 121.4532781, 31.261751 ], [ 121.4503062, 31.2611548 ] ] ] ] } },
{ "type": "Feature", "properties": { "district": "静安区", "official_control_code_2023": "310106100000", "official_control_name_2023": "彭浦镇", "osm_name": "彭浦镇", "osm_relation_id_source": "14186005", "admin_level": "8", "boundary": "administrative", "geometry_is_approximate": true, "source_snapshot_date": "2026-08-19", "source_pbf_sha256": "cba608c2e67cbd2ee7616dcee6833e575e818237048faabf4c0e447acd6c0b6f", "source_url": "https://download.openstreetmap.fr/extracts/asia/china/shanghai.osm.pbf", "license": "OpenStreetMap contributors, Open Database License 1.0" }, "geometry": { "type": "MultiPolygon", "coordinates": [ [ [ [ 121.4348296, 31.2704581 ], [ 121.4328071, 31.2711345 ], [ 121.4325067, 31.2712812 ], [ 121.4302751, 31.2725283 ], [ 121.4278289, 31.2737938 ], [ 121.4271959, 31.2742523 ], [ 121.4270672, 31.2743806 ], [ 121.4267131, 31.27483 ], [ 121.4252862, 31.2767189 ], [ 121.4239451, 31.2755085 ], [ 121.4226773, 31.2743598 ], [ 121.4205753, 31.272455 ], [ 121.4203861, 31.2726387 ], [ 121.4201112, 31.273237 ], [ 121.4200079, 31.2735797 ], [ 121.4199765, 31.2742788 ], [ 121.419871, 31.2764137 ], [ 121.4197263, 31.2775445 ], [ 121.4196955, 31.2778299 ], [ 121.4199395, 31.2785635 ], [ 121.4201313, 31.2790632 ], [ 121.4201313, 31.2792088 ], [ 121.4199409, 31.2799412 ], [ 121.4199315, 31.2801704 ], [ 121.4200354, 31.2805916 ], [ 121.4200482, 31.2806673 ], [ 121.4199597, 31.2814816 ], [ 121.4199415, 31.2818337 ], [ 121.4188918, 31.2835638 ], [ 121.4181654, 31.2847711 ], [ 121.4183852, 31.2849704 ], [ 121.4184616, 31.2850426 ], [ 121.4185166, 31.2851721 ], [ 121.418227, 31.2860145 ], [ 121.4182162, 31.286105 ], [ 121.4187634, 31.2892189 ], [ 121.4188448, 31.2900075 ], [ 121.4190289, 31.2917906 ], [ 121.4191111, 31.2927255 ], [ 121.4174332, 31.29286 ], [ 121.4174461, 31.2929591 ], [ 121.4170444, 31.2930295 ], [ 121.4167346, 31.2930646 ], [ 121.4164826, 31.2930652 ], [ 121.4149981, 31.2928762 ], [ 121.4148931, 31.2934732 ], [ 121.4142143, 31.2934012 ], [ 121.4141991, 31.2940399 ], [ 121.4142024, 31.2940663 ], [ 121.4139649, 31.2940676 ], [ 121.4139666, 31.2958014 ], [ 121.4145589, 31.2958887 ], [ 121.4143016, 31.2966809 ], [ 121.4148974, 31.2967014 ], [ 121.4149001, 31.2967796 ], [ 121.4149902, 31.2967938 ], [ 121.4148928, 31.2971164 ], [ 121.4156467, 31.2972959 ], [ 121.4157459, 31.2973097 ], [ 121.4154133, 31.2987238 ], [ 121.4189914, 31.2990538 ], [ 121.4223254, 31.3004449 ], [ 121.42235, 31.301107 ], [ 121.4217782, 31.3045885 ], [ 121.4217728, 31.3050399 ], [ 121.425198, 31.3053012 ], [ 121.4267229, 31.3054662 ], [ 121.4263581, 31.3076249 ], [ 121.4267443, 31.3076525 ], [ 121.4277303, 31.3077457 ], [ 121.4271158, 31.3113328 ], [ 121.4272555, 31.3113931 ], [ 121.4272692, 31.3115524 ], [ 121.4273597, 31.3116883 ], [ 121.4274502, 31.3117821 ], [ 121.4275887, 31.3118887 ], [ 121.4277545, 31.3119754 ], [ 121.4278423, 31.3120686 ], [ 121.4278782, 31.3121875 ], [ 121.4278721, 31.3123399 ], [ 121.427502, 31.3135029 ], [ 121.4284883, 31.313722 ], [ 121.4284268, 31.3139007 ], [ 121.4298869, 31.3143246 ], [ 121.4309835, 31.3112067 ], [ 121.4310264, 31.3081177 ], [ 121.4310157, 31.306926 ], [ 121.4312625, 31.3059635 ], [ 121.4325285, 31.3063118 ], [ 121.4349103, 31.3068252 ], [ 121.4368629, 31.3069718 ], [ 121.4429569, 31.3075768 ], [ 121.4440727, 31.3076318 ], [ 121.4442015, 31.3042585 ], [ 121.4443302, 31.3022509 ], [ 121.4433753, 31.3021775 ], [ 121.4426458, 31.3022509 ], [ 121.4422059, 31.3022509 ], [ 121.4397275, 31.3019759 ], [ 121.436466, 31.3016458 ], [ 121.4361226, 31.2969063 ], [ 121.4361119, 31.2958245 ], [ 121.4369595, 31.291919 ], [ 121.4374637, 31.2896177 ], [ 121.4379573, 31.285446 ], [ 121.4381075, 31.2846575 ], [ 121.43888, 31.2847584 ], [ 121.44153, 31.2850243 ], [ 121.4427209, 31.2851343 ], [ 121.4428925, 31.285171 ], [ 121.4429462, 31.2842908 ], [ 121.4432895, 31.2811641 ], [ 121.4439225, 31.2811825 ], [ 121.4475167, 31.2811641 ], [ 121.4475703, 31.2807515 ], [ 121.4468662, 31.2805125 ], [ 121.4459473, 31.2800629 ], [ 121.4453008, 31.2793903 ], [ 121.4448161, 31.2784204 ], [ 121.4434158, 31.2787431 ], [ 121.4436358, 31.2776242 ], [ 121.4427267, 31.2775019 ], [ 121.4428638, 31.2769657 ], [ 121.4427651, 31.2767458 ], [ 121.4425177, 31.2764639 ], [ 121.4422874, 31.2759255 ], [ 121.4420929, 31.2758792 ], [ 121.4406593, 31.2758173 ], [ 121.4406461, 31.2760116 ], [ 121.4395559, 31.2759651 ], [ 121.439234, 31.2753874 ], [ 121.439116, 31.2751765 ], [ 121.4390731, 31.2748372 ], [ 121.4387619, 31.2745758 ], [ 121.4388746, 31.2743374 ], [ 121.4389819, 31.2741861 ], [ 121.4392233, 31.2739431 ], [ 121.4393252, 31.2738789 ], [ 121.4397222, 31.2737689 ], [ 121.4400655, 31.2737689 ], [ 121.4403391, 31.2736726 ], [ 121.4411169, 31.2731041 ], [ 121.441192, 31.2729069 ], [ 121.4412564, 31.2726639 ], [ 121.4413369, 31.2725126 ], [ 121.4415085, 31.2723154 ], [ 121.441766, 31.2720862 ], [ 121.4421093, 31.2717698 ], [ 121.4423668, 31.2714993 ], [ 121.4414978, 31.2713801 ], [ 121.4407253, 31.2713709 ], [ 121.4384937, 31.2712517 ], [ 121.4383006, 31.2712104 ], [ 121.4348296, 31.2704581 ] ] ] ] } },
{ "type": "Feature", "properties": { "district": "普陀区", "official_control_code_2023": "310107005000", "official_control_name_2023": "曹杨新村街道", "osm_name": "曹杨新村街道", "osm_relation_id_source": "14187873", "admin_level": "8", "boundary": "administrative", "geometry_is_approximate": true, "source_snapshot_date": "2026-08-19", "source_pbf_sha256": "cba608c2e67cbd2ee7616dcee6833e575e818237048faabf4c0e447acd6c0b6f", "source_url": "https://download.openstreetmap.fr/extracts/asia/china/shanghai.osm.pbf", "license": "OpenStreetMap contributors, Open Database License 1.0" }, "geometry": { "type": "MultiPolygon", "coordinates": [ [ [ [ 121.3961202, 31.2464891 ], [ 121.3960504, 31.246301 ], [ 121.3958949, 31.2460534 ], [ 121.3956267, 31.2459066 ], [ 121.3954014, 31.2457232 ], [ 121.3952404, 31.2455672 ], [ 121.3951492, 31.2454342 ], [ 121.3950473, 31.2452416 ], [ 121.3949346, 31.2450581 ], [ 121.3947469, 31.2447784 ], [ 121.3945323, 31.2446545 ], [ 121.3943338, 31.244572 ], [ 121.3942158, 31.244517 ], [ 121.3941139, 31.2444206 ], [ 121.3940817, 31.2441455 ], [ 121.3941139, 31.2439299 ], [ 121.3944358, 31.2430126 ], [ 121.3945913, 31.2427466 ], [ 121.3946986, 31.2425769 ], [ 121.3946879, 31.2423522 ], [ 121.3945484, 31.2420907 ], [ 121.3944948, 31.2418201 ], [ 121.3944465, 31.2415587 ], [ 121.394602, 31.240169 ], [ 121.3946664, 31.2396736 ], [ 121.3948166, 31.2384719 ], [ 121.3948166, 31.2380224 ], [ 121.3948066, 31.2370803 ], [ 121.3946557, 31.2367748 ], [ 121.3949025, 31.2366648 ], [ 121.3951707, 31.2367565 ], [ 121.3954818, 31.2370134 ], [ 121.3957393, 31.2372152 ], [ 121.396147, 31.2373803 ], [ 121.396662, 31.2373627 ], [ 121.3972557, 31.2373377 ], [ 121.3977563, 31.2373069 ], [ 121.3982177, 31.2368758 ], [ 121.3979709, 31.236573 ], [ 121.3977778, 31.2362153 ], [ 121.3976276, 31.2359125 ], [ 121.3975096, 31.2355272 ], [ 121.3973915, 31.2348759 ], [ 121.3972735, 31.2339677 ], [ 121.3995051, 31.2339127 ], [ 121.4006424, 31.2337934 ], [ 121.4059639, 31.2329953 ], [ 121.4063609, 31.2343622 ], [ 121.4066505, 31.2348943 ], [ 121.4071977, 31.2357382 ], [ 121.4106202, 31.2405176 ], [ 121.4110386, 31.2409854 ], [ 121.4120042, 31.2418568 ], [ 121.4125943, 31.2422604 ], [ 121.4135706, 31.2428383 ], [ 121.4146972, 31.2434621 ], [ 121.4139998, 31.2440216 ], [ 121.4130986, 31.2447279 ], [ 121.4122617, 31.2453975 ], [ 121.4108133, 31.2461956 ], [ 121.4098048, 31.2466358 ], [ 121.4089358, 31.2469936 ], [ 121.4080346, 31.2472045 ], [ 121.4073372, 31.247388 ], [ 121.4064252, 31.2474889 ], [ 121.4057279, 31.2475898 ], [ 121.4050949, 31.2475989 ], [ 121.4044511, 31.2475256 ], [ 121.4041839, 31.2474651 ], [ 121.4033568, 31.2472779 ], [ 121.4002669, 31.2467092 ], [ 121.3993227, 31.2465808 ], [ 121.3974988, 31.2464799 ], [ 121.3961202, 31.2464891 ] ] ] ] } },
{ "type": "Feature", "properties": { "district": "普陀区", "official_control_code_2023": "310107014000", "official_control_name_2023": "长风新村街道", "osm_name": "长风新村街道", "osm_relation_id_source": "14187872", "admin_level": "8", "boundary": "administrative", "geometry_is_approximate": true, "source_snapshot_date": "2026-08-19", "source_pbf_sha256": "cba608c2e67cbd2ee7616dcee6833e575e818237048faabf4c0e447acd6c0b6f", "source_url": "https://download.openstreetmap.fr/extracts/asia/china/shanghai.osm.pbf", "license": "OpenStreetMap contributors, Open Database License 1.0" }, "geometry": { "type": "MultiPolygon", "coordinates": [ [ [ [ 121.3946557, 31.2367748 ], [ 121.3943446, 31.2368574 ], [ 121.3938135, 31.2367748 ], [ 121.3927191, 31.2366372 ], [ 121.3925421, 31.2366143 ], [ 121.3923007, 31.2365455 ], [ 121.3919789, 31.2364262 ], [ 121.391775, 31.2363299 ], [ 121.3915712, 31.2362061 ], [ 121.39148, 31.2361602 ], [ 121.3915551, 31.233665 ], [ 121.38923, 31.2335092 ], [ 121.3840234, 31.2331604 ], [ 121.3754725, 31.2343071 ], [ 121.3750756, 31.2335457 ], [ 121.3746035, 31.2328302 ], [ 121.3723397, 31.2277385 ], [ 121.3721573, 31.2271881 ], [ 121.3719749, 31.2262339 ], [ 121.3718891, 31.2241421 ], [ 121.3718322, 31.222434 ], [ 121.3721989, 31.2224115 ], [ 121.3731015, 31.2221466 ], [ 121.3740189, 31.2219201 ], [ 121.3751453, 31.221642 ], [ 121.3766259, 31.2216557 ], [ 121.3789111, 31.2216741 ], [ 121.3814405, 31.2209802 ], [ 121.3815987, 31.2209492 ], [ 121.3831115, 31.2206923 ], [ 121.383841, 31.2205868 ], [ 121.3847852, 31.2205088 ], [ 121.3907933, 31.2206327 ], [ 121.3923651, 31.2204446 ], [ 121.394181, 31.2201556 ], [ 121.3944384, 31.2201281 ], [ 121.3946798, 31.2201969 ], [ 121.3948944, 31.2203253 ], [ 121.3950071, 31.220502 ], [ 121.3951224, 31.2209401 ], [ 121.3951707, 31.2214401 ], [ 121.3952029, 31.2220938 ], [ 121.3952458, 31.2223392 ], [ 121.3953316, 31.2224539 ], [ 121.3954416, 31.2225388 ], [ 121.3955972, 31.2226328 ], [ 121.3957661, 31.222681 ], [ 121.3960424, 31.2226971 ], [ 121.3964984, 31.2226328 ], [ 121.3974177, 31.2224488 ], [ 121.3991766, 31.2224654 ], [ 121.4000268, 31.2225652 ], [ 121.4015973, 31.2230755 ], [ 121.4034238, 31.2239815 ], [ 121.4042406, 31.2242143 ], [ 121.4053349, 31.2243107 ], [ 121.4074284, 31.22454 ], [ 121.4082243, 31.224735 ], [ 121.4086263, 31.2248784 ], [ 121.4086563, 31.224888 ], [ 121.4100006, 31.2254036 ], [ 121.4107382, 31.2257155 ], [ 121.4111003, 31.2260825 ], [ 121.4114892, 31.2265802 ], [ 121.4115268, 31.2272339 ], [ 121.4114249, 31.227766 ], [ 121.4112747, 31.2281697 ], [ 121.4105505, 31.2293188 ], [ 121.4102527, 31.2297706 ], [ 121.410234, 31.2300114 ], [ 121.4103064, 31.2302087 ], [ 121.4103869, 31.2302913 ], [ 121.4105317, 31.2303371 ], [ 121.4107865, 31.2303669 ], [ 121.4112425, 31.2303509 ], [ 121.411787, 31.2300504 ], [ 121.4150915, 31.2271089 ], [ 121.4153194, 31.2270596 ], [ 121.4156494, 31.2270252 ], [ 121.4160597, 31.227133 ], [ 121.4162689, 31.2272408 ], [ 121.4166954, 31.2275619 ], [ 121.4173123, 31.2282844 ], [ 121.4181787, 31.2293991 ], [ 121.4188479, 31.2300596 ], [ 121.4193991, 31.2305825 ], [ 121.4184737, 31.2323348 ], [ 121.4161456, 31.2368941 ], [ 121.4157808, 31.2375271 ], [ 121.4152765, 31.2381325 ], [ 121.4146757, 31.238637 ], [ 121.4110386, 31.2409854 ], [ 121.4106202, 31.2405176 ], [ 121.4071977, 31.2357382 ], [ 121.4066505, 31.2348943 ], [ 121.4063609, 31.2343622 ], [ 121.4059639, 31.2329953 ], [ 121.4006424, 31.2337934 ], [ 121.3995051, 31.2339127 ], [ 121.3972735, 31.2339677 ], [ 121.3973915, 31.2348759 ], [ 121.3975096, 31.2355272 ], [ 121.3976276, 31.2359125 ], [ 121.3977778, 31.2362153 ], [ 121.3979709, 31.236573 ], [ 121.3982177, 31.2368758 ], [ 121.3977563, 31.2373069 ], [ 121.3972557, 31.2373377 ], [ 121.396662, 31.2373627 ], [ 121.396147, 31.2373803 ], [ 121.3957393, 31.2372152 ], [ 121.3954818, 31.2370134 ], [ 121.3951707, 31.2367565 ], [ 121.3949025, 31.2366648 ], [ 121.3946557, 31.2367748 ] ] ] ] } },
{ "type": "Feature", "properties": { "district": "普陀区", "official_control_code_2023": "310107015000", "official_control_name_2023": "长寿路街道", "osm_name": "长寿路街道", "osm_relation_id_source": "14187871", "admin_level": "8", "boundary": "administrative", "geometry_is_approximate": true, "source_snapshot_date": "2026-08-19", "source_pbf_sha256": "cba608c2e67cbd2ee7616dcee6833e575e818237048faabf4c0e447acd6c0b6f", "source_url": "https://download.openstreetmap.fr/extracts/asia/china/shanghai.osm.pbf", "license": "OpenStreetMap contributors, Open Database License 1.0" }, "geometry": { "type": "MultiPolygon", "coordinates": [ [ [ [ 121.4454019, 31.2450803 ], [ 121.4443204, 31.2458388 ], [ 121.4437766, 31.246379 ], [ 121.4436406, 31.2465889 ], [ 121.4436327, 31.246807 ], [ 121.443672, 31.2470754 ], [ 121.4438259, 31.2472996 ], [ 121.4452445, 31.2487534 ], [ 121.4459094, 31.2498071 ], [ 121.4461351, 31.2507994 ], [ 121.446178, 31.2518457 ], [ 121.4461434, 31.2524052 ], [ 121.446079, 31.252717 ], [ 121.4456713, 31.252928 ], [ 121.4454996, 31.2529463 ], [ 121.4452314, 31.2528913 ], [ 121.444813, 31.2527079 ], [ 121.4436972, 31.2523043 ], [ 121.4430642, 31.2520108 ], [ 121.4403069, 31.2515522 ], [ 121.4388585, 31.2514513 ], [ 121.4383542, 31.2514972 ], [ 121.4381397, 31.2516347 ], [ 121.4378285, 31.2519466 ], [ 121.4376783, 31.2522126 ], [ 121.4376032, 31.2525244 ], [ 121.4375389, 31.2527537 ], [ 121.4374637, 31.2531298 ], [ 121.4374101, 31.2536251 ], [ 121.4372277, 31.2540928 ], [ 121.4370024, 31.2544413 ], [ 121.4367342, 31.254689 ], [ 121.4364982, 31.2548632 ], [ 121.4361441, 31.254955 ], [ 121.4359081, 31.2549825 ], [ 121.4355218, 31.2548724 ], [ 121.4352214, 31.254634 ], [ 121.4350068, 31.2543129 ], [ 121.4335048, 31.2504148 ], [ 121.4332795, 31.2500571 ], [ 121.4330649, 31.2498737 ], [ 121.4329684, 31.2498095 ], [ 121.4327538, 31.2498187 ], [ 121.4324856, 31.2499195 ], [ 121.4322281, 31.2501397 ], [ 121.4304793, 31.2511394 ], [ 121.430136, 31.2513045 ], [ 121.4299536, 31.2513779 ], [ 121.4296961, 31.2513687 ], [ 121.4294922, 31.2513229 ], [ 121.4292133, 31.251167 ], [ 121.4289665, 31.2512128 ], [ 121.4286983, 31.2514238 ], [ 121.4283013, 31.2521851 ], [ 121.4274752, 31.2515155 ], [ 121.4265418, 31.25069 ], [ 121.4253509, 31.249305 ], [ 121.425029, 31.2490574 ], [ 121.4242136, 31.2484703 ], [ 121.4236557, 31.2481585 ], [ 121.4214724, 31.2472045 ], [ 121.4205766, 31.2468193 ], [ 121.4146972, 31.2434621 ], [ 121.4135706, 31.2428383 ], [ 121.4125943, 31.2422604 ], [ 121.4120042, 31.2418568 ], [ 121.4110386, 31.2409854 ], [ 121.4146757, 31.238637 ], [ 121.4152765, 31.2381325 ], [ 121.4157808, 31.2375271 ], [ 121.4161456, 31.2368941 ], [ 121.4184737, 31.2323348 ], [ 121.4193991, 31.2305825 ], [ 121.4195285, 31.2303297 ], [ 121.4197079, 31.230343 ], [ 121.4199406, 31.2304321 ], [ 121.4213464, 31.2311743 ], [ 121.4215529, 31.2312178 ], [ 121.4216521, 31.2312201 ], [ 121.422269, 31.2311421 ], [ 121.4227706, 31.2310756 ], [ 121.4229096, 31.2310476 ], [ 121.4229393, 31.2313645 ], [ 121.4231669, 31.2325488 ], [ 121.4234103, 31.2331351 ], [ 121.4240433, 31.2339791 ], [ 121.4248372, 31.2348965 ], [ 121.4252722, 31.2354126 ], [ 121.4255418, 31.2357448 ], [ 121.4259687, 31.2362845 ], [ 121.4263869, 31.2369061 ], [ 121.4264305, 31.2370374 ], [ 121.427671, 31.2368792 ], [ 121.4285374, 31.2368792 ], [ 121.4303921, 31.2370913 ], [ 121.4307763, 31.2371859 ], [ 121.431593, 31.2374995 ], [ 121.4326215, 31.2381095 ], [ 121.4330028, 31.2384062 ], [ 121.4334391, 31.2388457 ], [ 121.434221, 31.2392539 ], [ 121.4351331, 31.2396862 ], [ 121.4358008, 31.2400027 ], [ 121.4369166, 31.2407033 ], [ 121.4380136, 31.2413019 ], [ 121.4388719, 31.241694 ], [ 121.4396766, 31.2422879 ], [ 121.4412993, 31.2432373 ], [ 121.4423351, 31.2436697 ], [ 121.4445609, 31.2442808 ], [ 121.4447006, 31.2443366 ], [ 121.444776, 31.2443978 ], [ 121.4450034, 31.2446362 ], [ 121.4453065, 31.2449871 ], [ 121.4454019, 31.2450803 ] ] ] ] } },
{ "type": "Feature", "properties": { "district": "普陀区", "official_control_code_2023": "310107016000", "official_control_name_2023": "甘泉路街道", "osm_name": "甘泉路街道", "osm_relation_id_source": "14187870", "admin_level": "8", "boundary": "administrative", "geometry_is_approximate": true, "source_snapshot_date": "2026-08-19", "source_pbf_sha256": "cba608c2e67cbd2ee7616dcee6833e575e818237048faabf4c0e447acd6c0b6f", "source_url": "https://download.openstreetmap.fr/extracts/asia/china/shanghai.osm.pbf", "license": "OpenStreetMap contributors, Open Database License 1.0" }, "geometry": { "type": "MultiPolygon", "coordinates": [ [ [ [ 121.4348296, 31.2704581 ], [ 121.4328071, 31.2711345 ], [ 121.4325067, 31.2712812 ], [ 121.4302751, 31.2725283 ], [ 121.4278289, 31.2737938 ], [ 121.4271959, 31.2742523 ], [ 121.4270672, 31.2743806 ], [ 121.4267131, 31.27483 ], [ 121.4252862, 31.2767189 ], [ 121.4239451, 31.2755085 ], [ 121.4226773, 31.2743598 ], [ 121.4205753, 31.272455 ], [ 121.4196844, 31.2716039 ], [ 121.4195074, 31.271416 ], [ 121.4190192, 31.2708978 ], [ 121.4188583, 31.2707327 ], [ 121.4187004, 31.2704513 ], [ 121.4186242, 31.2702512 ], [ 121.4175725, 31.2614025 ], [ 121.4261862, 31.2597183 ], [ 121.4316916, 31.2586419 ], [ 121.4316702, 31.2599993 ], [ 121.4314878, 31.2601277 ], [ 121.4311552, 31.260357 ], [ 121.430769, 31.2607513 ], [ 121.4303398, 31.2618794 ], [ 121.4307046, 31.2620169 ], [ 121.4313912, 31.2623287 ], [ 121.4334726, 31.2636218 ], [ 121.4395882, 31.2673795 ], [ 121.4382144, 31.2690987 ], [ 121.4378282, 31.2693554 ], [ 121.4373776, 31.2695572 ], [ 121.436015, 31.2700616 ], [ 121.4348296, 31.2704581 ] ] ] ] } },
{ "type": "Feature", "properties": { "district": "普陀区", "official_control_code_2023": "310107017000", "official_control_name_2023": "石泉路街道", "osm_name": "石泉路街道", "osm_relation_id_source": "14187869", "admin_level": "8", "boundary": "administrative", "geometry_is_approximate": true, "source_snapshot_date": "2026-08-19", "source_pbf_sha256": "cba608c2e67cbd2ee7616dcee6833e575e818237048faabf4c0e447acd6c0b6f", "source_url": "https://download.openstreetmap.fr/extracts/asia/china/shanghai.osm.pbf", "license": "OpenStreetMap contributors, Open Database License 1.0" }, "geometry": { "type": "MultiPolygon", "coordinates": [ [ [ [ 121.4146972, 31.2434621 ], [ 121.4139998, 31.2440216 ], [ 121.4130986, 31.2447279 ], [ 121.4122617, 31.2453975 ], [ 121.4108133, 31.2461956 ], [ 121.4098048, 31.2466358 ], [ 121.4089358, 31.2469936 ], [ 121.4080346, 31.2472045 ], [ 121.4073372, 31.247388 ], [ 121.4064252, 31.2474889 ], [ 121.4057279, 31.2475898 ], [ 121.4050949, 31.2475989 ], [ 121.4044511, 31.2475256 ], [ 121.4041839, 31.2474651 ], [ 121.4035392, 31.2496077 ], [ 121.4026272, 31.2524694 ], [ 121.4027123, 31.2524909 ], [ 121.4058995, 31.2532949 ], [ 121.4061892, 31.2533866 ], [ 121.4064467, 31.2533958 ], [ 121.4064252, 31.2546982 ], [ 121.406436, 31.2554135 ], [ 121.405642, 31.2590546 ], [ 121.4051485, 31.2607605 ], [ 121.404891, 31.2616501 ], [ 121.4048266, 31.2621453 ], [ 121.4048159, 31.2629157 ], [ 121.4049768, 31.2637411 ], [ 121.4175725, 31.2614025 ], [ 121.4261862, 31.2597183 ], [ 121.4260912, 31.2580274 ], [ 121.4260751, 31.2573258 ], [ 121.4260858, 31.2570965 ], [ 121.4261877, 31.2568076 ], [ 121.4269924, 31.2547027 ], [ 121.4275033, 31.2534743 ], [ 121.4277756, 31.2529555 ], [ 121.4283013, 31.2521851 ], [ 121.4274752, 31.2515155 ], [ 121.4265418, 31.25069 ], [ 121.4253509, 31.249305 ], [ 121.425029, 31.2490574 ], [ 121.4242136, 31.2484703 ], [ 121.4236557, 31.2481585 ], [ 121.4214724, 31.2472045 ], [ 121.4205766, 31.2468193 ], [ 121.4146972, 31.2434621 ] ] ] ] } },
{ "type": "Feature", "properties": { "district": "普陀区", "official_control_code_2023": "310107020000", "official_control_name_2023": "宜川路街道", "osm_name": "宜川路街道", "osm_relation_id_source": "14187868", "admin_level": "8", "boundary": "administrative", "geometry_is_approximate": true, "source_snapshot_date": "2026-08-19", "source_pbf_sha256": "cba608c2e67cbd2ee7616dcee6833e575e818237048faabf4c0e447acd6c0b6f", "source_url": "https://download.openstreetmap.fr/extracts/asia/china/shanghai.osm.pbf", "license": "OpenStreetMap contributors, Open Database License 1.0" }, "geometry": { "type": "MultiPolygon", "coordinates": [ [ [ [ 121.446178, 31.2518457 ], [ 121.4465555, 31.2518341 ], [ 121.4467117, 31.2518293 ], [ 121.4467247, 31.2522877 ], [ 121.4467235, 31.2525311 ], [ 121.4467224, 31.2527465 ], [ 121.4469098, 31.2541632 ], [ 121.4448036, 31.2549712 ], [ 121.4449805, 31.2553977 ], [ 121.4450699, 31.2555231 ], [ 121.4452059, 31.2556097 ], [ 121.4453517, 31.2557596 ], [ 121.445395, 31.2558417 ], [ 121.4453337, 31.2560602 ], [ 121.4453152, 31.2562408 ], [ 121.4453363, 31.2565059 ], [ 121.4454546, 31.2568242 ], [ 121.4456151, 31.2571843 ], [ 121.445818, 31.2574661 ], [ 121.4464742, 31.2581232 ], [ 121.4461578, 31.2584891 ], [ 121.4454242, 31.2596619 ], [ 121.4451493, 31.2600927 ], [ 121.4449092, 31.260469 ], [ 121.4428385, 31.2631469 ], [ 121.4401563, 31.2666685 ], [ 121.4395882, 31.2673795 ], [ 121.4334726, 31.2636218 ], [ 121.4313912, 31.2623287 ], [ 121.4307046, 31.2620169 ], [ 121.4303398, 31.2618794 ], [ 121.430769, 31.2607513 ], [ 121.4311552, 31.260357 ], [ 121.4314878, 31.2601277 ], [ 121.4316702, 31.2599993 ], [ 121.4316916, 31.2586419 ], [ 121.4261862, 31.2597183 ], [ 121.4260912, 31.2580274 ], [ 121.4260751, 31.2573258 ], [ 121.4260858, 31.2570965 ], [ 121.4261877, 31.2568076 ], [ 121.4269924, 31.2547027 ], [ 121.4275033, 31.2534743 ], [ 121.4277756, 31.2529555 ], [ 121.4283013, 31.2521851 ], [ 121.4286983, 31.2514238 ], [ 121.4289665, 31.2512128 ], [ 121.4292133, 31.251167 ], [ 121.4294922, 31.2513229 ], [ 121.4296961, 31.2513687 ], [ 121.4299536, 31.2513779 ], [ 121.430136, 31.2513045 ], [ 121.4304793, 31.2511394 ], [ 121.4322281, 31.2501397 ], [ 121.4324856, 31.2499195 ], [ 121.4327538, 31.2498187 ], [ 121.4329684, 31.2498095 ], [ 121.4330649, 31.2498737 ], [ 121.4332795, 31.2500571 ], [ 121.4335048, 31.2504148 ], [ 121.4350068, 31.2543129 ], [ 121.4352214, 31.254634 ], [ 121.4355218, 31.2548724 ], [ 121.4359081, 31.2549825 ], [ 121.4361441, 31.254955 ], [ 121.4364982, 31.2548632 ], [ 121.4367342, 31.254689 ], [ 121.4370024, 31.2544413 ], [ 121.4372277, 31.2540928 ], [ 121.4374101, 31.2536251 ], [ 121.4374637, 31.2531298 ], [ 121.4375389, 31.2527537 ], [ 121.4376032, 31.2525244 ], [ 121.4376783, 31.2522126 ], [ 121.4378285, 31.2519466 ], [ 121.4381397, 31.2516347 ], [ 121.4383542, 31.2514972 ], [ 121.4388585, 31.2514513 ], [ 121.4403069, 31.2515522 ], [ 121.4430642, 31.2520108 ], [ 121.4436972, 31.2523043 ], [ 121.444813, 31.2527079 ], [ 121.4452314, 31.2528913 ], [ 121.4454996, 31.2529463 ], [ 121.4456713, 31.252928 ], [ 121.446079, 31.252717 ], [ 121.4461434, 31.2524052 ], [ 121.446178, 31.2518457 ] ] ] ] } },
{ "type": "Feature", "properties": { "district": "普陀区", "official_control_code_2023": "310107021000", "official_control_name_2023": "真如镇街道", "osm_name": "真如镇街道", "osm_relation_id_source": "14187866", "admin_level": "8", "boundary": "administrative", "geometry_is_approximate": true, "source_snapshot_date": "2026-08-19", "source_pbf_sha256": "cba608c2e67cbd2ee7616dcee6833e575e818237048faabf4c0e447acd6c0b6f", "source_url": "https://download.openstreetmap.fr/extracts/asia/china/shanghai.osm.pbf", "license": "OpenStreetMap contributors, Open Database License 1.0" }, "geometry": { "type": "MultiPolygon", "coordinates": [ [ [ [ 121.3763161, 31.2596244 ], [ 121.3734609, 31.2520188 ], [ 121.3733066, 31.251549 ], [ 121.3863838, 31.2480576 ], [ 121.3880253, 31.2475256 ], [ 121.3892913, 31.2472045 ], [ 121.3901174, 31.2470394 ], [ 121.3911796, 31.2468927 ], [ 121.3923597, 31.2467184 ], [ 121.393969, 31.2466083 ], [ 121.3961202, 31.2464891 ], [ 121.3974988, 31.2464799 ], [ 121.3993227, 31.2465808 ], [ 121.4002669, 31.2467092 ], [ 121.4033568, 31.2472779 ], [ 121.4041839, 31.2474651 ], [ 121.4035392, 31.2496077 ], [ 121.4026272, 31.2524694 ], [ 121.4027123, 31.2524909 ], [ 121.4058995, 31.2532949 ], [ 121.4061892, 31.2533866 ], [ 121.4064467, 31.2533958 ], [ 121.4064252, 31.2546982 ], [ 121.406436, 31.2554135 ], [ 121.405642, 31.2590546 ], [ 121.4051485, 31.2607605 ], [ 121.404891, 31.2616501 ], [ 121.4048266, 31.2621453 ], [ 121.4048159, 31.2629157 ], [ 121.4049768, 31.2637411 ], [ 121.3954925, 31.265754 ], [ 121.3945806, 31.265887 ], [ 121.3925743, 31.26613 ], [ 121.3926119, 31.2663685 ], [ 121.3927031, 31.2677349 ], [ 121.3926977, 31.2680788 ], [ 121.3926494, 31.2683126 ], [ 121.3924724, 31.2686978 ], [ 121.392011, 31.269514 ], [ 121.3918555, 31.2698441 ], [ 121.3917053, 31.2701238 ], [ 121.391539, 31.2704356 ], [ 121.39148, 31.2705364 ], [ 121.3913834, 31.2707244 ], [ 121.3913298, 31.270917 ], [ 121.3912815, 31.2710591 ], [ 121.3898438, 31.2709537 ], [ 121.3863516, 31.2707107 ], [ 121.386432, 31.2684639 ], [ 121.3865393, 31.2681017 ], [ 121.3867593, 31.2678633 ], [ 121.3869792, 31.2676203 ], [ 121.3872421, 31.2674506 ], [ 121.3874888, 31.2673497 ], [ 121.3878429, 31.2672718 ], [ 121.3881272, 31.2671847 ], [ 121.388272, 31.2671296 ], [ 121.3882506, 31.2668591 ], [ 121.3747698, 31.2694864 ], [ 121.3744533, 31.2693076 ], [ 121.3748234, 31.2691701 ], [ 121.3752955, 31.269005 ], [ 121.3758427, 31.2689133 ], [ 121.3762987, 31.2687666 ], [ 121.3767546, 31.2685511 ], [ 121.376996, 31.2683447 ], [ 121.3772535, 31.2680834 ], [ 121.3774735, 31.2677991 ], [ 121.3776451, 31.2674827 ], [ 121.3777685, 31.26707 ], [ 121.3778007, 31.2664831 ], [ 121.3777685, 31.2661255 ], [ 121.377688, 31.2658366 ], [ 121.3775647, 31.2655752 ], [ 121.3773233, 31.2652313 ], [ 121.3771677, 31.2650158 ], [ 121.3770926, 31.2637961 ], [ 121.3770819, 31.2627323 ], [ 121.3769638, 31.2617968 ], [ 121.3768458, 31.261164 ], [ 121.3766849, 31.2607421 ], [ 121.3763161, 31.2596244 ] ] ] ] } },
{ "type": "Feature", "properties": { "district": "普陀区", "official_control_code_2023": "310107022000", "official_control_name_2023": "万里街道", "osm_name": "万里街道", "osm_relation_id_source": "14187867", "admin_level": "8", "boundary": "administrative", "geometry_is_approximate": true, "source_snapshot_date": "2026-08-19", "source_pbf_sha256": "cba608c2e67cbd2ee7616dcee6833e575e818237048faabf4c0e447acd6c0b6f", "source_url": "https://download.openstreetmap.fr/extracts/asia/china/shanghai.osm.pbf", "license": "OpenStreetMap contributors, Open Database License 1.0" }, "geometry": { "type": "MultiPolygon", "coordinates": [ [ [ [ 121.4141836, 31.2671856 ], [ 121.4147788, 31.2670829 ], [ 121.4168033, 31.2689594 ], [ 121.4167426, 31.2695734 ], [ 121.4157814, 31.2695202 ], [ 121.4151963, 31.2695828 ], [ 121.4152054, 31.2696168 ], [ 121.4153294, 31.2700811 ], [ 121.415504, 31.2701039 ], [ 121.4158365, 31.2700584 ], [ 121.4158504, 31.2704167 ], [ 121.41614, 31.2703915 ], [ 121.4161548, 31.2706085 ], [ 121.4163024, 31.2706348 ], [ 121.4168042, 31.2706169 ], [ 121.4168065, 31.2707124 ], [ 121.4168069, 31.2707305 ], [ 121.4173449, 31.2707258 ], [ 121.4173433, 31.2702423 ], [ 121.4186242, 31.2702512 ], [ 121.4175725, 31.2614025 ], [ 121.4049768, 31.2637411 ], [ 121.3954925, 31.265754 ], [ 121.3945806, 31.265887 ], [ 121.3925743, 31.26613 ], [ 121.3926119, 31.2663685 ], [ 121.3927031, 31.2677349 ], [ 121.3926977, 31.2680788 ], [ 121.3926494, 31.2683126 ], [ 121.3924724, 31.2686978 ], [ 121.392011, 31.269514 ], [ 121.3918555, 31.2698441 ], [ 121.3917053, 31.2701238 ], [ 121.391539, 31.2704356 ], [ 121.39148, 31.2705364 ], [ 121.3913834, 31.2707244 ], [ 121.3913298, 31.270917 ], [ 121.3912815, 31.2710591 ], [ 121.3898438, 31.2709537 ], [ 121.3896453, 31.2713893 ], [ 121.3894898, 31.2715864 ], [ 121.3891518, 31.2725355 ], [ 121.3888353, 31.2733012 ], [ 121.388433, 31.2738331 ], [ 121.3881755, 31.2743145 ], [ 121.388036, 31.2747638 ], [ 121.3877892, 31.2753048 ], [ 121.387403, 31.2760017 ], [ 121.3875532, 31.2760659 ], [ 121.3878, 31.2761301 ], [ 121.3877571, 31.2771846 ], [ 121.388154, 31.2772396 ], [ 121.3888085, 31.2772855 ], [ 121.3894308, 31.2773038 ], [ 121.3897848, 31.277368 ], [ 121.3899457, 31.2774322 ], [ 121.3901603, 31.2774872 ], [ 121.3902247, 31.277909 ], [ 121.3896882, 31.2778815 ], [ 121.3897741, 31.2784042 ], [ 121.3901925, 31.2784042 ], [ 121.3901818, 31.2792661 ], [ 121.3905895, 31.2792844 ], [ 121.3910079, 31.2792569 ], [ 121.3921988, 31.2790644 ], [ 121.3922417, 31.2793578 ], [ 121.3922095, 31.2798529 ], [ 121.3918447, 31.2807515 ], [ 121.3921344, 31.2807698 ], [ 121.3929713, 31.2807057 ], [ 121.3931751, 31.2813017 ], [ 121.3936365, 31.2812283 ], [ 121.3936686, 31.2809074 ], [ 121.3955543, 31.2804226 ], [ 121.3952561, 31.2799512 ], [ 121.3957162, 31.2797439 ], [ 121.3957908, 31.2792179 ], [ 121.3980167, 31.2784686 ], [ 121.3983464, 31.277854 ], [ 121.3987566, 31.2777618 ], [ 121.3992789, 31.2777353 ], [ 121.3998367, 31.2775167 ], [ 121.4001604, 31.279041 ], [ 121.4015865, 31.2786609 ], [ 121.4018307, 31.2786058 ], [ 121.4018493, 31.2780694 ], [ 121.4016885, 31.2774941 ], [ 121.4009187, 31.275126 ], [ 121.4008382, 31.2748784 ], [ 121.4008355, 31.274789 ], [ 121.4062706, 31.2749613 ], [ 121.4059816, 31.272369 ], [ 121.4059612, 31.2721767 ], [ 121.4077851, 31.2719968 ], [ 121.4089921, 31.2715497 ], [ 121.4100865, 31.271113 ], [ 121.4106497, 31.270925 ], [ 121.4110467, 31.2682485 ], [ 121.4111109, 31.2677157 ], [ 121.4141836, 31.2671856 ] ] ] ] } },
{ "type": "Feature", "properties": { "district": "普陀区", "official_control_code_2023": "310107102000", "official_control_name_2023": "长征镇", "osm_name": "长征镇", "osm_relation_id_source": "14187865", "admin_level": "8", "boundary": "administrative", "geometry_is_approximate": true, "source_snapshot_date": "2026-08-19", "source_pbf_sha256": "cba608c2e67cbd2ee7616dcee6833e575e818237048faabf4c0e447acd6c0b6f", "source_url": "https://download.openstreetmap.fr/extracts/asia/china/shanghai.osm.pbf", "license": "OpenStreetMap contributors, Open Database License 1.0" }, "geometry": { "type": "MultiPolygon", "coordinates": [ [ [ [ 121.3946557, 31.2367748 ], [ 121.3943446, 31.2368574 ], [ 121.3938135, 31.2367748 ], [ 121.3927191, 31.2366372 ], [ 121.3925421, 31.2366143 ], [ 121.3923007, 31.2365455 ], [ 121.3919789, 31.2364262 ], [ 121.391775, 31.2363299 ], [ 121.3915712, 31.2362061 ], [ 121.39148, 31.2361602 ], [ 121.3915551, 31.233665 ], [ 121.38923, 31.2335092 ], [ 121.3840234, 31.2331604 ], [ 121.3754725, 31.2343071 ], [ 121.3750756, 31.2335457 ], [ 121.3746035, 31.2328302 ], [ 121.3723397, 31.2277385 ], [ 121.3721573, 31.2271881 ], [ 121.3719749, 31.2262339 ], [ 121.3718891, 31.2241421 ], [ 121.3718322, 31.222434 ], [ 121.3716558, 31.2224448 ], [ 121.3712642, 31.2223966 ], [ 121.3702458, 31.2220211 ], [ 121.3693812, 31.2217543 ], [ 121.3689494, 31.2217566 ], [ 121.3686302, 31.221908 ], [ 121.3682654, 31.2221947 ], [ 121.3678953, 31.2228691 ], [ 121.3673454, 31.2237545 ], [ 121.3669458, 31.2242315 ], [ 121.3665649, 31.2245618 ], [ 121.3661411, 31.2247545 ], [ 121.3656691, 31.2249013 ], [ 121.3642395, 31.2250091 ], [ 121.3631719, 31.2251765 ], [ 121.3624585, 31.2255665 ], [ 121.3621742, 31.2258967 ], [ 121.3618925, 31.2263646 ], [ 121.3618174, 31.2271766 ], [ 121.3615358, 31.2277637 ], [ 121.3610771, 31.2280459 ], [ 121.3606051, 31.2281514 ], [ 121.3599211, 31.2281307 ], [ 121.3580006, 31.2278326 ], [ 121.3575742, 31.2278738 ], [ 121.3573271, 31.227931 ], [ 121.3570484, 31.2279954 ], [ 121.3564986, 31.2283326 ], [ 121.3561848, 31.2285986 ], [ 121.353929, 31.2326971 ], [ 121.3516921, 31.2354263 ], [ 121.3506031, 31.2372427 ], [ 121.3497394, 31.238793 ], [ 121.3496724, 31.2389879 ], [ 121.3499711, 31.2390818 ], [ 121.3504109, 31.2392474 ], [ 121.3512904, 31.2393759 ], [ 121.3514146, 31.2394383 ], [ 121.351737, 31.2401805 ], [ 121.3517645, 31.2404533 ], [ 121.3516492, 31.2408593 ], [ 121.3516277, 31.2420581 ], [ 121.3555337, 31.2423871 ], [ 121.3560976, 31.2405009 ], [ 121.3569009, 31.2406379 ], [ 121.3570464, 31.2406815 ], [ 121.3572563, 31.2407641 ], [ 121.3574401, 31.240865 ], [ 121.3576774, 31.2410519 ], [ 121.3582447, 31.2415454 ], [ 121.3585398, 31.24135 ], [ 121.358768, 31.2412416 ], [ 121.3591113, 31.2411479 ], [ 121.3593103, 31.2413721 ], [ 121.3585015, 31.2418454 ], [ 121.3587677, 31.2423963 ], [ 121.3588355, 31.2425253 ], [ 121.3592345, 31.2431857 ], [ 121.3595054, 31.2436111 ], [ 121.3596904, 31.2441248 ], [ 121.3599191, 31.2447758 ], [ 121.3600508, 31.2447242 ], [ 121.3604785, 31.2445496 ], [ 121.3605403, 31.2446469 ], [ 121.3611556, 31.2456148 ], [ 121.3606151, 31.2459639 ], [ 121.3616015, 31.2475726 ], [ 121.3618577, 31.2479349 ], [ 121.3620307, 31.2481665 ], [ 121.362496, 31.2484646 ], [ 121.3637365, 31.2492305 ], [ 121.3655591, 31.2472917 ], [ 121.3665368, 31.2462942 ], [ 121.3670732, 31.245933 ], [ 121.3676968, 31.2456429 ], [ 121.368468, 31.2475221 ], [ 121.3711341, 31.2463056 ], [ 121.3716356, 31.248194 ], [ 121.3722861, 31.2490058 ], [ 121.3724752, 31.2493233 ], [ 121.3726133, 31.2496283 ], [ 121.3731082, 31.2509262 ], [ 121.3732624, 31.2514146 ], [ 121.3733066, 31.251549 ], [ 121.3863838, 31.2480576 ], [ 121.3880253, 31.2475256 ], [ 121.3892913, 31.2472045 ], [ 121.3901174, 31.2470394 ], [ 121.3911796, 31.2468927 ], [ 121.3923597, 31.2467184 ], [ 121.393969, 31.2466083 ], [ 121.3961202, 31.2464891 ], [ 121.3960504, 31.246301 ], [ 121.3958949, 31.2460534 ], [ 121.3956267, 31.2459066 ], [ 121.3954014, 31.2457232 ], [ 121.3952404, 31.2455672 ], [ 121.3951492, 31.2454342 ], [ 121.3950473, 31.2452416 ], [ 121.3949346, 31.2450581 ], [ 121.3947469, 31.2447784 ], [ 121.3945323, 31.2446545 ], [ 121.3943338, 31.244572 ], [ 121.3942158, 31.244517 ], [ 121.3941139, 31.2444206 ], [ 121.3940817, 31.2441455 ], [ 121.3941139, 31.2439299 ], [ 121.3944358, 31.2430126 ], [ 121.3945913, 31.2427466 ], [ 121.3946986, 31.2425769 ], [ 121.3946879, 31.2423522 ], [ 121.3945484, 31.2420907 ], [ 121.3944948, 31.2418201 ], [ 121.3944465, 31.2415587 ], [ 121.394602, 31.240169 ], [ 121.3946664, 31.2396736 ], [ 121.3948166, 31.2384719 ], [ 121.3948166, 31.2380224 ], [ 121.3948066, 31.2370803 ], [ 121.3946557, 31.2367748 ] ] ] ] } },
{ "type": "Feature", "properties": { "district": "普陀区", "official_control_code_2023": "310107103000", "official_control_name_2023": "桃浦镇", "osm_name": "桃浦镇", "osm_relation_id_source": "14187864", "admin_level": "8", "boundary": "administrative", "geometry_is_approximate": true, "source_snapshot_date": "2026-08-19", "source_pbf_sha256": "cba608c2e67cbd2ee7616dcee6833e575e818237048faabf4c0e447acd6c0b6f", "source_url": "https://download.openstreetmap.fr/extracts/asia/china/shanghai.osm.pbf", "license": "OpenStreetMap contributors, Open Database License 1.0" }, "geometry": { "type": "MultiPolygon", "coordinates": [ [ [ [ 121.3318543, 31.2968186 ], [ 121.331068, 31.29619 ], [ 121.3309965, 31.2959062 ], [ 121.3309827, 31.2958515 ], [ 121.329456, 31.296234 ], [ 121.329744, 31.2951702 ], [ 121.3293949, 31.2950865 ], [ 121.3289013, 31.2950292 ], [ 121.3275924, 31.2950704 ], [ 121.3281858, 31.2928114 ], [ 121.3258222, 31.2921573 ], [ 121.3217519, 31.2909517 ], [ 121.3224198, 31.2901518 ], [ 121.3223702, 31.2901174 ], [ 121.321716, 31.2897473 ], [ 121.322095, 31.289233 ], [ 121.3218319, 31.2890654 ], [ 121.3222956, 31.2885244 ], [ 121.3219924, 31.2883606 ], [ 121.3225497, 31.2877891 ], [ 121.3222109, 31.2876367 ], [ 121.3226017, 31.2872572 ], [ 121.3233226, 31.2878224 ], [ 121.3240153, 31.2869397 ], [ 121.3241837, 31.286908 ], [ 121.3244653, 31.2864927 ], [ 121.3278757, 31.2878009 ], [ 121.3279685, 31.2874587 ], [ 121.3279913, 31.2871713 ], [ 121.3280313, 31.2868708 ], [ 121.3281655, 31.2865341 ], [ 121.3282169, 31.2863341 ], [ 121.3283425, 31.2860666 ], [ 121.3286366, 31.2854314 ], [ 121.3289616, 31.2848209 ], [ 121.3291113, 31.2845397 ], [ 121.3291203, 31.2844726 ], [ 121.3290745, 31.2844204 ], [ 121.3286136, 31.2842416 ], [ 121.3285894, 31.2842136 ], [ 121.3285803, 31.2841801 ], [ 121.328581, 31.2841417 ], [ 121.3287457, 31.2838773 ], [ 121.32903, 31.2834409 ], [ 121.3294175, 31.2829813 ], [ 121.3294488, 31.282265 ], [ 121.3303595, 31.2820815 ], [ 121.3304061, 31.2823044 ], [ 121.3313256, 31.2822815 ], [ 121.3319627, 31.2794545 ], [ 121.3310489, 31.2778449 ], [ 121.3313546, 31.2769186 ], [ 121.3343004, 31.2762773 ], [ 121.3336056, 31.2740209 ], [ 121.3386079, 31.2725957 ], [ 121.3398029, 31.2751135 ], [ 121.347084, 31.2737833 ], [ 121.3476953, 31.2742584 ], [ 121.3487236, 31.2741634 ], [ 121.3491577, 31.2734493 ], [ 121.3498642, 31.2733471 ], [ 121.3501297, 31.2733081 ], [ 121.3502504, 31.2732645 ], [ 121.3506702, 31.2728519 ], [ 121.3507386, 31.2728014 ], [ 121.3508257, 31.2727533 ], [ 121.3509639, 31.2727258 ], [ 121.3511074, 31.2727189 ], [ 121.3512066, 31.2727407 ], [ 121.3514091, 31.2727625 ], [ 121.3519844, 31.2729642 ], [ 121.3521025, 31.2729665 ], [ 121.3529889, 31.2728026 ], [ 121.3530815, 31.2727739 ], [ 121.3533108, 31.272516 ], [ 121.3544534, 31.2702877 ], [ 121.3544695, 31.270196 ], [ 121.3549236, 31.2702407 ], [ 121.3549674, 31.2707668 ], [ 121.3548085, 31.2709216 ], [ 121.3547436, 31.2710473 ], [ 121.3547768, 31.2711643 ], [ 121.3548431, 31.271237 ], [ 121.355646, 31.2718604 ], [ 121.3560583, 31.2723015 ], [ 121.3562298, 31.2724481 ], [ 121.35665, 31.2728627 ], [ 121.3612403, 31.2719868 ], [ 121.3611622, 31.2698463 ], [ 121.3626218, 31.2698189 ], [ 121.3625658, 31.2697317 ], [ 121.3626489, 31.2694773 ], [ 121.3626221, 31.2691838 ], [ 121.3625362, 31.2689912 ], [ 121.3624531, 31.2688812 ], [ 121.3622117, 31.26859 ], [ 121.3573059, 31.2695208 ], [ 121.3567293, 31.2694383 ], [ 121.3552701, 31.2696996 ], [ 121.3552058, 31.26906 ], [ 121.3549536, 31.2673337 ], [ 121.354782, 31.2667995 ], [ 121.3542844, 31.2654193 ], [ 121.3545634, 31.2652978 ], [ 121.3546734, 31.2650594 ], [ 121.3560104, 31.2634751 ], [ 121.3566421, 31.262895 ], [ 121.3567789, 31.2627804 ], [ 121.356917, 31.2626807 ], [ 121.3569023, 31.2625901 ], [ 121.3568929, 31.2624124 ], [ 121.3569009, 31.2622766 ], [ 121.3569204, 31.2622233 ], [ 121.3569687, 31.2621361 ], [ 121.3570124, 31.2620686 ], [ 121.3571272, 31.2619491 ], [ 121.3573522, 31.2617756 ], [ 121.357727, 31.2615882 ], [ 121.3579738, 31.2615824 ], [ 121.3582984, 31.2616776 ], [ 121.3590162, 31.2619908 ], [ 121.3592117, 31.2618862 ], [ 121.3592666, 31.2618003 ], [ 121.3594039, 31.2613235 ], [ 121.3598514, 31.2613085 ], [ 121.3600472, 31.261297 ], [ 121.3601028, 31.2616277 ], [ 121.3607445, 31.2613887 ], [ 121.3608733, 31.2614804 ], [ 121.3613963, 31.2614116 ], [ 121.361521, 31.2607857 ], [ 121.3614754, 31.2607823 ], [ 121.3614868, 31.2606973 ], [ 121.3614463, 31.2604972 ], [ 121.3613426, 31.2604474 ], [ 121.3612541, 31.2594721 ], [ 121.3698923, 31.2588259 ], [ 121.370072, 31.2591595 ], [ 121.3701546, 31.2593462 ], [ 121.3702354, 31.2595471 ], [ 121.3703, 31.2597856 ], [ 121.3705498, 31.2613658 ], [ 121.3720474, 31.2613045 ], [ 121.3721162, 31.2613389 ], [ 121.3725208, 31.2613217 ], [ 121.3727904, 31.2612702 ], [ 121.3734384, 31.2610881 ], [ 121.3734059, 31.2609932 ], [ 121.3746174, 31.2609355 ], [ 121.3745898, 31.2606177 ], [ 121.3751935, 31.2605765 ], [ 121.3749213, 31.259768 ], [ 121.3763161, 31.2596244 ], [ 121.3766849, 31.2607421 ], [ 121.3768458, 31.261164 ], [ 121.3769638, 31.2617968 ], [ 121.3770819, 31.2627323 ], [ 121.3770926, 31.2637961 ], [ 121.3771677, 31.2650158 ], [ 121.3773233, 31.2652313 ], [ 121.3775647, 31.2655752 ], [ 121.377688, 31.2658366 ], [ 121.3777685, 31.2661255 ], [ 121.3778007, 31.2664831 ], [ 121.3777685, 31.26707 ], [ 121.3776451, 31.2674827 ], [ 121.3774735, 31.2677991 ], [ 121.3772535, 31.2680834 ], [ 121.376996, 31.2683447 ], [ 121.3767546, 31.2685511 ], [ 121.3762987, 31.2687666 ], [ 121.3758427, 31.2689133 ], [ 121.3752955, 31.269005 ], [ 121.3748234, 31.2691701 ], [ 121.3744533, 31.2693076 ], [ 121.3747698, 31.2694864 ], [ 121.3882506, 31.2668591 ], [ 121.388272, 31.2671296 ], [ 121.3881272, 31.2671847 ], [ 121.3878429, 31.2672718 ], [ 121.3874888, 31.2673497 ], [ 121.3872421, 31.2674506 ], [ 121.3869792, 31.2676203 ], [ 121.3867593, 31.2678633 ], [ 121.3865393, 31.2681017 ], [ 121.386432, 31.2684639 ], [ 121.3863516, 31.2707107 ], [ 121.3898438, 31.2709537 ], [ 121.3896453, 31.2713893 ], [ 121.3894898, 31.2715864 ], [ 121.3891518, 31.2725355 ], [ 121.3888353, 31.2733012 ], [ 121.388433, 31.2738331 ], [ 121.3881755, 31.2743145 ], [ 121.388036, 31.2747638 ], [ 121.3877892, 31.2753048 ], [ 121.387403, 31.2760017 ], [ 121.3875532, 31.2760659 ], [ 121.3878, 31.2761301 ], [ 121.3877571, 31.2771846 ], [ 121.388154, 31.2772396 ], [ 121.3888085, 31.2772855 ], [ 121.3894308, 31.2773038 ], [ 121.3897848, 31.277368 ], [ 121.3899457, 31.2774322 ], [ 121.3901603, 31.2774872 ], [ 121.3902247, 31.277909 ], [ 121.3896882, 31.2778815 ], [ 121.3897741, 31.2784042 ], [ 121.3901925, 31.2784042 ], [ 121.3901818, 31.2792661 ], [ 121.3905895, 31.2792844 ], [ 121.3910079, 31.2792569 ], [ 121.3921988, 31.2790644 ], [ 121.3922417, 31.2793578 ], [ 121.3922095, 31.2798529 ], [ 121.3918447, 31.2807515 ], [ 121.3921344, 31.2807698 ], [ 121.3929713, 31.2807057 ], [ 121.3931751, 31.2813017 ], [ 121.3936365, 31.2812283 ], [ 121.3936686, 31.2809074 ], [ 121.3955543, 31.2804226 ], [ 121.3967885, 31.2825374 ], [ 121.3971688, 31.2832804 ], [ 121.3974082, 31.2837532 ], [ 121.3980067, 31.2845924 ], [ 121.3993594, 31.2864257 ], [ 121.3993572, 31.2872864 ], [ 121.3996797, 31.2877694 ], [ 121.3966818, 31.2878794 ], [ 121.3956197, 31.2879436 ], [ 121.3955596, 31.2888567 ], [ 121.3953647, 31.288902 ], [ 121.3937334, 31.2888563 ], [ 121.3936923, 31.2900377 ], [ 121.3938554, 31.2901831 ], [ 121.3944957, 31.290164 ], [ 121.3944903, 31.2897879 ], [ 121.3946305, 31.2897725 ], [ 121.3946507, 31.2893746 ], [ 121.395051, 31.289924 ], [ 121.3950841, 31.2902181 ], [ 121.394804, 31.2902289 ], [ 121.3947864, 31.2906271 ], [ 121.3933895, 31.2908527 ], [ 121.3925999, 31.2910121 ], [ 121.3926901, 31.2913442 ], [ 121.3931006, 31.2922048 ], [ 121.3901201, 31.2928701 ], [ 121.3888943, 31.2930512 ], [ 121.3891947, 31.2938672 ], [ 121.3893932, 31.2949215 ], [ 121.3895649, 31.2955724 ], [ 121.3900838, 31.2964773 ], [ 121.3865742, 31.2967206 ], [ 121.3854289, 31.2969452 ], [ 121.3852352, 31.2969292 ], [ 121.3845707, 31.2970115 ], [ 121.3835947, 31.2970378 ], [ 121.3836211, 31.2966659 ], [ 121.3835859, 31.2963992 ], [ 121.3828869, 31.2964555 ], [ 121.3829088, 31.2962451 ], [ 121.3828781, 31.296031 ], [ 121.3826914, 31.2961674 ], [ 121.3814847, 31.2962021 ], [ 121.379924, 31.2962738 ], [ 121.3798578, 31.2957096 ], [ 121.3785115, 31.2956709 ], [ 121.3785092, 31.2946133 ], [ 121.3768693, 31.2945607 ], [ 121.3768693, 31.2939371 ], [ 121.3767989, 31.2935163 ], [ 121.3774408, 31.2934712 ], [ 121.3774232, 31.2928025 ], [ 121.3768253, 31.2927799 ], [ 121.376878, 31.2919759 ], [ 121.3768552, 31.2915557 ], [ 121.3747517, 31.291714 ], [ 121.3743019, 31.2925377 ], [ 121.3714078, 31.2930613 ], [ 121.3712772, 31.2924908 ], [ 121.3701538, 31.2922706 ], [ 121.3701421, 31.2919595 ], [ 121.3682595, 31.2920762 ], [ 121.3652075, 31.2922461 ], [ 121.3627648, 31.2923785 ], [ 121.3618729, 31.2928642 ], [ 121.3615091, 31.2930073 ], [ 121.3610749, 31.2931781 ], [ 121.3606201, 31.2933571 ], [ 121.3602649, 31.2934636 ], [ 121.3588093, 31.2938657 ], [ 121.356193, 31.2947166 ], [ 121.3549374, 31.2950249 ], [ 121.3555025, 31.2965193 ], [ 121.3561114, 31.2978675 ], [ 121.3565122, 31.2994893 ], [ 121.3570896, 31.3026052 ], [ 121.3574722, 31.304758 ], [ 121.3564029, 31.3046707 ], [ 121.3557169, 31.3045692 ], [ 121.3542992, 31.3039422 ], [ 121.352997, 31.3033704 ], [ 121.3520488, 31.3029625 ], [ 121.3518316, 31.3028124 ], [ 121.3511395, 31.3021512 ], [ 121.3506353, 31.3016607 ], [ 121.3504502, 31.3016332 ], [ 121.3502879, 31.3016539 ], [ 121.3500988, 31.3017364 ], [ 121.3494578, 31.3023586 ], [ 121.3483447, 31.3035388 ], [ 121.3481891, 31.3035938 ], [ 121.3480362, 31.3035709 ], [ 121.3470921, 31.3028742 ], [ 121.3469017, 31.3027849 ], [ 121.3463625, 31.3026668 ], [ 121.3460085, 31.3025855 ], [ 121.3458744, 31.3025895 ], [ 121.3458288, 31.3025694 ], [ 121.3453133, 31.3022138 ], [ 121.3448412, 31.3019021 ], [ 121.344455, 31.3015079 ], [ 121.3443375, 31.3012718 ], [ 121.3445244, 31.3011231 ], [ 121.3441168, 31.3010683 ], [ 121.3446074, 31.3004394 ], [ 121.3449446, 31.2993852 ], [ 121.3439708, 31.299411 ], [ 121.3440095, 31.2984117 ], [ 121.3423499, 31.298215 ], [ 121.3423365, 31.2982104 ], [ 121.3422829, 31.2995007 ], [ 121.3421327, 31.2994915 ], [ 121.3403517, 31.2992944 ], [ 121.3394283, 31.2991484 ], [ 121.3392494, 31.2991209 ], [ 121.3392166, 31.2991085 ], [ 121.338477, 31.2990492 ], [ 121.3377551, 31.298997 ], [ 121.3375702, 31.299642 ], [ 121.3374758, 31.2997936 ], [ 121.3361234, 31.2992464 ], [ 121.3363606, 31.2987884 ], [ 121.336449, 31.2984202 ], [ 121.3363732, 31.2965722 ], [ 121.3364207, 31.2964302 ], [ 121.3360683, 31.2957904 ], [ 121.3356775, 31.2957202 ], [ 121.3355734, 31.2958154 ], [ 121.3353963, 31.2958279 ], [ 121.3352046, 31.2957639 ], [ 121.3345955, 31.2961181 ], [ 121.333901, 31.2964353 ], [ 121.333681, 31.296048 ], [ 121.3333507, 31.295252 ], [ 121.3322005, 31.2955408 ], [ 121.3324092, 31.295851 ], [ 121.3324092, 31.2961026 ], [ 121.3321978, 31.2963025 ], [ 121.3318543, 31.2968186 ] ] ] ] } },
{ "type": "Feature", "properties": { "district": "虹口区", "official_control_code_2023": "310109009000", "official_control_name_2023": "欧阳路街道", "osm_name": "欧阳路街道", "osm_relation_id_source": "13465959", "admin_level": "8", "boundary": "administrative", "geometry_is_approximate": true, "source_snapshot_date": "2026-08-19", "source_pbf_sha256": "cba608c2e67cbd2ee7616dcee6833e575e818237048faabf4c0e447acd6c0b6f", "source_url": "https://download.openstreetmap.fr/extracts/asia/china/shanghai.osm.pbf", "license": "OpenStreetMap contributors, Open Database License 1.0" }, "geometry": { "type": "MultiPolygon", "coordinates": [ [ [ [ 121.4969699, 31.2768298 ], [ 121.4967204, 31.2766092 ], [ 121.4963637, 31.2762851 ], [ 121.4959693, 31.2759411 ], [ 121.4956177, 31.2756197 ], [ 121.495329, 31.2753591 ], [ 121.4950119, 31.2750759 ], [ 121.494768, 31.2748518 ], [ 121.4945505, 31.2746224 ], [ 121.4942842, 31.2743723 ], [ 121.4939386, 31.2740404 ], [ 121.4935605, 31.273686 ], [ 121.4930564, 31.2732412 ], [ 121.4926499, 31.2728729 ], [ 121.4921478, 31.272475 ], [ 121.4918327, 31.2721936 ], [ 121.4913367, 31.2717523 ], [ 121.4909078, 31.271377 ], [ 121.4905155, 31.2709565 ], [ 121.4900967, 31.2705934 ], [ 121.4895377, 31.2701261 ], [ 121.4890641, 31.2697317 ], [ 121.4887938, 31.2694954 ], [ 121.4884523, 31.2691983 ], [ 121.488127, 31.2689098 ], [ 121.4878607, 31.2686701 ], [ 121.4876351, 31.2684581 ], [ 121.4873729, 31.2681645 ], [ 121.4871655, 31.2678813 ], [ 121.4869399, 31.267532 ], [ 121.4867895, 31.2672245 ], [ 121.4866655, 31.2669395 ], [ 121.4865028, 31.2666067 ], [ 121.4863977, 31.2663603 ], [ 121.4863137, 31.2661636 ], [ 121.485675, 31.266321 ], [ 121.4855706, 31.2663581 ], [ 121.4854129, 31.2664537 ], [ 121.4853161, 31.2665704 ], [ 121.4838544, 31.2694289 ], [ 121.4837228, 31.2699596 ], [ 121.4836756, 31.2701528 ], [ 121.4819594, 31.2697325 ], [ 121.4805064, 31.2697495 ], [ 121.480576, 31.2702335 ], [ 121.4796316, 31.270216 ], [ 121.4795949, 31.2702032 ], [ 121.479554, 31.2700403 ], [ 121.4781085, 31.270277 ], [ 121.4779259, 31.2703226 ], [ 121.4772342, 31.2705206 ], [ 121.4771597, 31.2705498 ], [ 121.4757223, 31.2713172 ], [ 121.4754031, 31.2714923 ], [ 121.475328, 31.2715215 ], [ 121.4751212, 31.2715528 ], [ 121.4750958, 31.2715565 ], [ 121.4749663, 31.2721806 ], [ 121.4748495, 31.2727206 ], [ 121.4747663, 31.2733785 ], [ 121.4747433, 31.2737718 ], [ 121.4747699, 31.2741363 ], [ 121.4748088, 31.2747065 ], [ 121.4749522, 31.2753735 ], [ 121.4751079, 31.2758741 ], [ 121.4752725, 31.276296 ], [ 121.475499, 31.2767846 ], [ 121.4757029, 31.2771263 ], [ 121.4759967, 31.2770537 ], [ 121.4763453, 31.2769675 ], [ 121.4767222, 31.276904 ], [ 121.4774867, 31.2768072 ], [ 121.4780175, 31.2768223 ], [ 121.4785767, 31.2768964 ], [ 121.4790935, 31.2770099 ], [ 121.4796509, 31.2772549 ], [ 121.4801623, 31.277512 ], [ 121.4808277, 31.2778659 ], [ 121.4814842, 31.2781608 ], [ 121.4820164, 31.2783326 ], [ 121.4821814, 31.2783786 ], [ 121.4827353, 31.2784875 ], [ 121.4832326, 31.2785011 ], [ 121.4838555, 31.2784981 ], [ 121.4854572, 31.2784708 ], [ 121.4861647, 31.2784868 ], [ 121.4868361, 31.2784639 ], [ 121.4874513, 31.2784499 ], [ 121.4883807, 31.27842 ], [ 121.4888173, 31.27841 ], [ 121.4894197, 31.278391 ], [ 121.4901272, 31.2783661 ], [ 121.4908791, 31.2783601 ], [ 121.4915072, 31.2783471 ], [ 121.4918376, 31.2783381 ], [ 121.492139, 31.2783438 ], [ 121.493479, 31.2783183 ], [ 121.4942001, 31.2782914 ], [ 121.4945249, 31.2782273 ], [ 121.4948695, 31.2781593 ], [ 121.4954017, 31.2779393 ], [ 121.4958566, 31.2777192 ], [ 121.4965157, 31.2772342 ], [ 121.4969699, 31.2768298 ] ] ] ] } },
{ "type": "Feature", "properties": { "district": "虹口区", "official_control_code_2023": "310109010000", "official_control_name_2023": "曲阳路街道", "osm_name": "曲阳路街道", "osm_relation_id_source": "13466001", "admin_level": "8", "boundary": "administrative", "geometry_is_approximate": true, "source_snapshot_date": "2026-08-19", "source_pbf_sha256": "cba608c2e67cbd2ee7616dcee6833e575e818237048faabf4c0e447acd6c0b6f", "source_url": "https://download.openstreetmap.fr/extracts/asia/china/shanghai.osm.pbf", "license": "OpenStreetMap contributors, Open Database License 1.0" }, "geometry": { "type": "MultiPolygon", "coordinates": [ [ [ [ 121.492139, 31.2783438 ], [ 121.4918376, 31.2783381 ], [ 121.4915072, 31.2783471 ], [ 121.4908791, 31.2783601 ], [ 121.4901272, 31.2783661 ], [ 121.4894197, 31.278391 ], [ 121.4888173, 31.27841 ], [ 121.4883807, 31.27842 ], [ 121.4874513, 31.2784499 ], [ 121.4868361, 31.2784639 ], [ 121.4861647, 31.2784868 ], [ 121.4854572, 31.2784708 ], [ 121.4838555, 31.2784981 ], [ 121.4832326, 31.2785011 ], [ 121.4827353, 31.2784875 ], [ 121.4821814, 31.2783786 ], [ 121.4820164, 31.2783326 ], [ 121.4814842, 31.2781608 ], [ 121.4808277, 31.2778659 ], [ 121.4801623, 31.277512 ], [ 121.4796509, 31.2772549 ], [ 121.4790935, 31.2770099 ], [ 121.4785767, 31.2768964 ], [ 121.4780175, 31.2768223 ], [ 121.4774867, 31.2768072 ], [ 121.4767222, 31.276904 ], [ 121.4763453, 31.2769675 ], [ 121.4759967, 31.2770537 ], [ 121.4757029, 31.2771263 ], [ 121.4758104, 31.2773685 ], [ 121.4759645, 31.2777038 ], [ 121.4762867, 31.2783025 ], [ 121.4765482, 31.2788174 ], [ 121.4768751, 31.279448 ], [ 121.4770549, 31.2798431 ], [ 121.4772744, 31.2803679 ], [ 121.4773818, 31.2807072 ], [ 121.477676, 31.2809546 ], [ 121.4778792, 31.2812141 ], [ 121.4779608, 31.2813451 ], [ 121.4779848, 31.2814043 ], [ 121.4777047, 31.2815855 ], [ 121.4775156, 31.2817044 ], [ 121.4774534, 31.2817482 ], [ 121.4769262, 31.282523 ], [ 121.4768786, 31.2826179 ], [ 121.4768762, 31.2827014 ], [ 121.4768774, 31.2828161 ], [ 121.4768896, 31.2829037 ], [ 121.4768933, 31.2829485 ], [ 121.4769744, 31.2832345 ], [ 121.4770299, 31.2834303 ], [ 121.4770296, 31.2834758 ], [ 121.4770282, 31.2836583 ], [ 121.4770275, 31.2837525 ], [ 121.4769299, 31.2842364 ], [ 121.476892, 31.2843689 ], [ 121.4768664, 31.284982 ], [ 121.476853, 31.2855493 ], [ 121.4768078, 31.285712 ], [ 121.4767663, 31.285907 ], [ 121.4767407, 31.2859873 ], [ 121.4767419, 31.2861354 ], [ 121.4768274, 31.2865859 ], [ 121.4768981, 31.2870145 ], [ 121.4768896, 31.2870854 ], [ 121.476802, 31.2872711 ], [ 121.4764247, 31.2880709 ], [ 121.4765906, 31.2893034 ], [ 121.4764247, 31.2902836 ], [ 121.4763699, 31.2919551 ], [ 121.4769132, 31.2920962 ], [ 121.4774923, 31.2922478 ], [ 121.478515, 31.2925192 ], [ 121.4793766, 31.2927447 ], [ 121.4801892, 31.2929462 ], [ 121.4812049, 31.2932116 ], [ 121.4820011, 31.293435 ], [ 121.4828978, 31.2937104 ], [ 121.4837244, 31.2939917 ], [ 121.4844179, 31.2942431 ], [ 121.4850927, 31.2944726 ], [ 121.4856248, 31.2946578 ], [ 121.487492, 31.2953004 ], [ 121.4893802, 31.2959055 ], [ 121.4913865, 31.2963639 ], [ 121.496039, 31.2974237 ], [ 121.4964236, 31.2970828 ], [ 121.4966729, 31.2967578 ], [ 121.4967423, 31.2966702 ], [ 121.4967883, 31.2965926 ], [ 121.4970073, 31.295985 ], [ 121.4971737, 31.2955209 ], [ 121.4971107, 31.2953083 ], [ 121.4970766, 31.295112 ], [ 121.497066, 31.2949739 ], [ 121.4970832, 31.2948024 ], [ 121.4972732, 31.293835 ], [ 121.4974756, 31.2929298 ], [ 121.4975683, 31.2926007 ], [ 121.4976252, 31.2924505 ], [ 121.4977014, 31.2923003 ], [ 121.4977882, 31.2921647 ], [ 121.4982298, 31.2915871 ], [ 121.4975865, 31.2910809 ], [ 121.4960199, 31.2898519 ], [ 121.4956923, 31.2896001 ], [ 121.4950503, 31.2892014 ], [ 121.4938546, 31.2882836 ], [ 121.4929986, 31.2875424 ], [ 121.4926291, 31.2872298 ], [ 121.4922341, 31.2867881 ], [ 121.4920385, 31.2865016 ], [ 121.4918048, 31.2860305 ], [ 121.4916448, 31.2855161 ], [ 121.4915813, 31.2851428 ], [ 121.4915724, 31.2848953 ], [ 121.4915978, 31.2844861 ], [ 121.492139, 31.2783438 ] ] ] ] } },
{ "type": "Feature", "properties": { "district": "虹口区", "official_control_code_2023": "310109011000", "official_control_name_2023": "广中路街道", "osm_name": "广中路街道", "osm_relation_id_source": "13466055", "admin_level": "8", "boundary": "administrative", "geometry_is_approximate": true, "source_snapshot_date": "2026-08-19", "source_pbf_sha256": "cba608c2e67cbd2ee7616dcee6833e575e818237048faabf4c0e447acd6c0b6f", "source_url": "https://download.openstreetmap.fr/extracts/asia/china/shanghai.osm.pbf", "license": "OpenStreetMap contributors, Open Database License 1.0" }, "geometry": { "type": "MultiPolygon", "coordinates": [ [ [ [ 121.4730122, 31.2915014 ], [ 121.4734701, 31.2914747 ], [ 121.4742204, 31.2914837 ], [ 121.4747229, 31.2915503 ], [ 121.4754591, 31.291706 ], [ 121.4760307, 31.2918557 ], [ 121.4763699, 31.2919551 ], [ 121.4764247, 31.2902836 ], [ 121.4765906, 31.2893034 ], [ 121.4764247, 31.2880709 ], [ 121.476802, 31.2872711 ], [ 121.4768896, 31.2870854 ], [ 121.4768981, 31.2870145 ], [ 121.4768274, 31.2865859 ], [ 121.4767419, 31.2861354 ], [ 121.4767407, 31.2859873 ], [ 121.4767663, 31.285907 ], [ 121.4768078, 31.285712 ], [ 121.476853, 31.2855493 ], [ 121.4768664, 31.284982 ], [ 121.476892, 31.2843689 ], [ 121.4769299, 31.2842364 ], [ 121.4770275, 31.2837525 ], [ 121.4770282, 31.2836583 ], [ 121.4770296, 31.2834758 ], [ 121.4770299, 31.2834303 ], [ 121.4769744, 31.2832345 ], [ 121.4768933, 31.2829485 ], [ 121.4768896, 31.2829037 ], [ 121.4768774, 31.2828161 ], [ 121.4768762, 31.2827014 ], [ 121.4768786, 31.2826179 ], [ 121.4769262, 31.282523 ], [ 121.4774534, 31.2817482 ], [ 121.4775156, 31.2817044 ], [ 121.4777047, 31.2815855 ], [ 121.4779848, 31.2814043 ], [ 121.4779608, 31.2813451 ], [ 121.4778792, 31.2812141 ], [ 121.477676, 31.2809546 ], [ 121.4773818, 31.2807072 ], [ 121.4772744, 31.2803679 ], [ 121.4770549, 31.2798431 ], [ 121.4768751, 31.279448 ], [ 121.4765482, 31.2788174 ], [ 121.4762867, 31.2783025 ], [ 121.4759645, 31.2777038 ], [ 121.4758104, 31.2773685 ], [ 121.4757029, 31.2771263 ], [ 121.475499, 31.2767846 ], [ 121.4752725, 31.276296 ], [ 121.4751079, 31.2758741 ], [ 121.4749522, 31.2753735 ], [ 121.4748088, 31.2747065 ], [ 121.4747699, 31.2741363 ], [ 121.4747433, 31.2737718 ], [ 121.4747663, 31.2733785 ], [ 121.4748495, 31.2727206 ], [ 121.4749663, 31.2721806 ], [ 121.4750958, 31.2715565 ], [ 121.4751562, 31.2711408 ], [ 121.4752566, 31.2706299 ], [ 121.4753476, 31.2702348 ], [ 121.4754457, 31.2696739 ], [ 121.4754947, 31.2692708 ], [ 121.4755461, 31.2687738 ], [ 121.4755741, 31.2684126 ], [ 121.4755881, 31.2679815 ], [ 121.4754761, 31.2677659 ], [ 121.4753617, 31.2675105 ], [ 121.4753476, 31.2672849 ], [ 121.4753126, 31.266764 ], [ 121.4752589, 31.2658858 ], [ 121.4752216, 31.2651294 ], [ 121.4752309, 31.2647621 ], [ 121.4752589, 31.2644168 ], [ 121.4753103, 31.2636943 ], [ 121.4753103, 31.2634348 ], [ 121.4752863, 31.2632693 ], [ 121.4755642, 31.2630758 ], [ 121.475643, 31.262586 ], [ 121.4756653, 31.2623477 ], [ 121.4757049, 31.2619463 ], [ 121.4757456, 31.261485 ], [ 121.4757944, 31.2610349 ], [ 121.4758393, 31.2605937 ], [ 121.4756732, 31.2606132 ], [ 121.475476, 31.2606837 ], [ 121.4751964, 31.2608929 ], [ 121.4750864, 31.2609898 ], [ 121.4741027, 31.2618931 ], [ 121.4730231, 31.2628079 ], [ 121.4707473, 31.2644747 ], [ 121.4690468, 31.2657861 ], [ 121.4667406, 31.2679472 ], [ 121.4657047, 31.2689179 ], [ 121.4652058, 31.2694062 ], [ 121.4637253, 31.2716988 ], [ 121.4604127, 31.2759765 ], [ 121.4600332, 31.2763582 ], [ 121.4597248, 31.2766562 ], [ 121.4593211, 31.2768671 ], [ 121.4584856, 31.2770986 ], [ 121.4583193, 31.2771835 ], [ 121.458216, 31.2773164 ], [ 121.4573939, 31.2789199 ], [ 121.4573228, 31.2790655 ], [ 121.4572786, 31.2792752 ], [ 121.4572477, 31.2800386 ], [ 121.457245, 31.2804283 ], [ 121.4571002, 31.2806323 ], [ 121.4569876, 31.2807377 ], [ 121.4569339, 31.2808501 ], [ 121.4569098, 31.280983 ], [ 121.45695, 31.2812558 ], [ 121.4569741, 31.2815825 ], [ 121.4571834, 31.2816145 ], [ 121.4579355, 31.2817545 ], [ 121.4589226, 31.2819329 ], [ 121.4596468, 31.2820452 ], [ 121.4600974, 31.2820796 ], [ 121.4607465, 31.2820635 ], [ 121.4613795, 31.2820062 ], [ 121.4619723, 31.2819558 ], [ 121.4633804, 31.281848 ], [ 121.4643568, 31.2817701 ], [ 121.4649817, 31.2816486 ], [ 121.4659124, 31.2813621 ], [ 121.4668539, 31.281032 ], [ 121.4681306, 31.2806079 ], [ 121.469166, 31.2802526 ], [ 121.4697882, 31.280044 ], [ 121.470389, 31.2797987 ], [ 121.4707481, 31.2796019 ], [ 121.4721368, 31.2862539 ], [ 121.4729857, 31.290695 ], [ 121.4730122, 31.2915014 ] ] ] ] } },
{ "type": "Feature", "properties": { "district": "虹口区", "official_control_code_2023": "310109014000", "official_control_name_2023": "嘉兴路街道", "osm_name": "嘉兴路街道", "osm_relation_id_source": "13462879", "admin_level": "8", "boundary": "administrative", "geometry_is_approximate": true, "source_snapshot_date": "2026-08-19", "source_pbf_sha256": "cba608c2e67cbd2ee7616dcee6833e575e818237048faabf4c0e447acd6c0b6f", "source_url": "https://download.openstreetmap.fr/extracts/asia/china/shanghai.osm.pbf", "license": "OpenStreetMap contributors, Open Database License 1.0" }, "geometry": { "type": "MultiPolygon", "coordinates": [ [ [ [ 121.4969699, 31.2768298 ], [ 121.4967204, 31.2766092 ], [ 121.4963637, 31.2762851 ], [ 121.4959693, 31.2759411 ], [ 121.4956177, 31.2756197 ], [ 121.495329, 31.2753591 ], [ 121.4950119, 31.2750759 ], [ 121.494768, 31.2748518 ], [ 121.4945505, 31.2746224 ], [ 121.4942842, 31.2743723 ], [ 121.4939386, 31.2740404 ], [ 121.4935605, 31.273686 ], [ 121.4930564, 31.2732412 ], [ 121.4926499, 31.2728729 ], [ 121.4921478, 31.272475 ], [ 121.4918327, 31.2721936 ], [ 121.4913367, 31.2717523 ], [ 121.4909078, 31.271377 ], [ 121.4905155, 31.2709565 ], [ 121.4900967, 31.2705934 ], [ 121.4895377, 31.2701261 ], [ 121.4890641, 31.2697317 ], [ 121.4887938, 31.2694954 ], [ 121.4884523, 31.2691983 ], [ 121.488127, 31.2689098 ], [ 121.4878607, 31.2686701 ], [ 121.4876351, 31.2684581 ], [ 121.4873729, 31.2681645 ], [ 121.4871655, 31.2678813 ], [ 121.4869399, 31.267532 ], [ 121.4867895, 31.2672245 ], [ 121.4866655, 31.2669395 ], [ 121.4865028, 31.2666067 ], [ 121.4863977, 31.2663603 ], [ 121.4863137, 31.2661636 ], [ 121.4862694, 31.2660585 ], [ 121.4861785, 31.2658465 ], [ 121.4860091, 31.2654528 ], [ 121.4859059, 31.2652211 ], [ 121.4857318, 31.264801 ], [ 121.4855592, 31.2644099 ], [ 121.4853436, 31.2639266 ], [ 121.4851633, 31.2634776 ], [ 121.4849423, 31.2630066 ], [ 121.4846288, 31.2622955 ], [ 121.4844008, 31.2617608 ], [ 121.4842436, 31.2612999 ], [ 121.4841666, 31.2608127 ], [ 121.4841605, 31.2603044 ], [ 121.4841389, 31.259883 ], [ 121.4839883, 31.2593817 ], [ 121.483723, 31.2588266 ], [ 121.4835241, 31.2584268 ], [ 121.4832695, 31.2579379 ], [ 121.483351, 31.257475 ], [ 121.4833738, 31.2574457 ], [ 121.4834756, 31.257364 ], [ 121.4837423, 31.2572089 ], [ 121.4838012, 31.2571603 ], [ 121.4838864, 31.2570662 ], [ 121.4842514, 31.2566813 ], [ 121.4843324, 31.2566073 ], [ 121.4845562, 31.2565475 ], [ 121.4873579, 31.255699 ], [ 121.4873964, 31.2556735 ], [ 121.487439, 31.2556445 ], [ 121.4875072, 31.255588 ], [ 121.4875276, 31.255548 ], [ 121.4875591, 31.25544 ], [ 121.4875779, 31.2553935 ], [ 121.4878431, 31.2554411 ], [ 121.4884922, 31.255464 ], [ 121.4886909, 31.2554662 ], [ 121.488916, 31.2554686 ], [ 121.4894578, 31.2554686 ], [ 121.4898708, 31.2554732 ], [ 121.4903268, 31.2555328 ], [ 121.4907828, 31.2556703 ], [ 121.4912119, 31.2558767 ], [ 121.4915123, 31.2560647 ], [ 121.4917537, 31.2562757 ], [ 121.4920005, 31.2565096 ], [ 121.4921561, 31.2566563 ], [ 121.4926657, 31.2571011 ], [ 121.4929446, 31.2573258 ], [ 121.4932504, 31.2575643 ], [ 121.4935937, 31.2577477 ], [ 121.4939639, 31.2579403 ], [ 121.4943877, 31.2581146 ], [ 121.4947578, 31.2582751 ], [ 121.4951387, 31.2584401 ], [ 121.4955035, 31.2586144 ], [ 121.4957502, 31.2587703 ], [ 121.4960345, 31.2590042 ], [ 121.4963779, 31.2593068 ], [ 121.49663, 31.259527 ], [ 121.4968821, 31.2597516 ], [ 121.4971289, 31.2599672 ], [ 121.4974507, 31.2602331 ], [ 121.4977297, 31.2604716 ], [ 121.4981213, 31.2607834 ], [ 121.4984807, 31.2610448 ], [ 121.4987704, 31.2612649 ], [ 121.4990762, 31.2614942 ], [ 121.4994839, 31.2618106 ], [ 121.4998594, 31.2621132 ], [ 121.500199, 31.2623491 ], [ 121.5005031, 31.2625993 ], [ 121.5008571, 31.2628423 ], [ 121.5012112, 31.2630991 ], [ 121.5015545, 31.2633651 ], [ 121.5018603, 31.2635897 ], [ 121.5022304, 31.2638695 ], [ 121.5025684, 31.2640941 ], [ 121.5030029, 31.2643097 ], [ 121.5033999, 31.2644793 ], [ 121.5038237, 31.2646077 ], [ 121.5040917, 31.2646492 ], [ 121.5039249, 31.2648106 ], [ 121.5038031, 31.264953 ], [ 121.5032931, 31.2657342 ], [ 121.5030186, 31.2661381 ], [ 121.5027063, 31.2666266 ], [ 121.5025884, 31.266825 ], [ 121.5023779, 31.267156 ], [ 121.502078, 31.2677704 ], [ 121.5020129, 31.2679665 ], [ 121.5019771, 31.268175 ], [ 121.5019307, 31.268437 ], [ 121.5019172, 31.2687702 ], [ 121.5019213, 31.2693919 ], [ 121.5019396, 31.2702494 ], [ 121.5019595, 31.2706318 ], [ 121.5020068, 31.2713843 ], [ 121.5020523, 31.2720987 ], [ 121.5020596, 31.2722802 ], [ 121.5020577, 31.2723631 ], [ 121.5020543, 31.2724729 ], [ 121.5020174, 31.2725748 ], [ 121.5019833, 31.2726452 ], [ 121.5019445, 31.272708 ], [ 121.5017862, 31.2728617 ], [ 121.5011167, 31.2734192 ], [ 121.4992618, 31.2749815 ], [ 121.4986529, 31.2754619 ], [ 121.4975653, 31.2763427 ], [ 121.4969699, 31.2768298 ] ] ] ] } },
{ "type": "Feature", "properties": { "district": "虹口区", "official_control_code_2023": "310109016000", "official_control_name_2023": "凉城新村街道", "osm_name": "凉城新村街道", "osm_relation_id_source": "13466134", "admin_level": "8", "boundary": "administrative", "geometry_is_approximate": true, "source_snapshot_date": "2026-08-19", "source_pbf_sha256": "cba608c2e67cbd2ee7616dcee6833e575e818237048faabf4c0e447acd6c0b6f", "source_url": "https://download.openstreetmap.fr/extracts/asia/china/shanghai.osm.pbf", "license": "OpenStreetMap contributors, Open Database License 1.0" }, "geometry": { "type": "MultiPolygon", "coordinates": [ [ [ [ 121.4571834, 31.2816145 ], [ 121.4572531, 31.2824065 ], [ 121.4572209, 31.2825945 ], [ 121.456832, 31.2834999 ], [ 121.4567113, 31.2838392 ], [ 121.4566845, 31.2842105 ], [ 121.4568293, 31.2846621 ], [ 121.4570868, 31.2860145 ], [ 121.4571485, 31.2863698 ], [ 121.4570519, 31.2867296 ], [ 121.4569178, 31.2876144 ], [ 121.4567944, 31.2891077 ], [ 121.4564719, 31.289812 ], [ 121.4564578, 31.2906056 ], [ 121.4563934, 31.2908165 ], [ 121.4561722, 31.2909826 ], [ 121.4559844, 31.2911018 ], [ 121.4555687, 31.2915602 ], [ 121.4555204, 31.2917024 ], [ 121.455519, 31.2918227 ], [ 121.4555566, 31.2919167 ], [ 121.4564645, 31.2929068 ], [ 121.4571203, 31.2941605 ], [ 121.4576621, 31.2944505 ], [ 121.4578257, 31.294635 ], [ 121.4587136, 31.2971068 ], [ 121.459415, 31.2981897 ], [ 121.4597248, 31.2986103 ], [ 121.4597248, 31.2988636 ], [ 121.4596792, 31.2990228 ], [ 121.4597341, 31.2992692 ], [ 121.4598971, 31.2997299 ], [ 121.4599407, 31.3001722 ], [ 121.4598414, 31.3005389 ], [ 121.45982, 31.3008437 ], [ 121.4596724, 31.3013731 ], [ 121.4595973, 31.3015863 ], [ 121.4596134, 31.3017937 ], [ 121.4597073, 31.302016 ], [ 121.4597408, 31.3021065 ], [ 121.4597518, 31.302166 ], [ 121.4597812, 31.3021446 ], [ 121.4599281, 31.3020349 ], [ 121.4599472, 31.3020331 ], [ 121.4629207, 31.3024014 ], [ 121.4632076, 31.3024299 ], [ 121.4643711, 31.3027126 ], [ 121.4662122, 31.302696 ], [ 121.4667807, 31.3027349 ], [ 121.4673406, 31.3027602 ], [ 121.4677154, 31.3026997 ], [ 121.4684865, 31.302518 ], [ 121.4691752, 31.3024722 ], [ 121.4695846, 31.3025031 ], [ 121.4700779, 31.3024005 ], [ 121.4704773, 31.3023189 ], [ 121.4716699, 31.3023286 ], [ 121.4718502, 31.3023301 ], [ 121.4720427, 31.296725 ], [ 121.4720629, 31.2963838 ], [ 121.4721555, 31.2958473 ], [ 121.4729107, 31.2922942 ], [ 121.4730122, 31.2915014 ], [ 121.4729857, 31.290695 ], [ 121.4721368, 31.2862539 ], [ 121.4707481, 31.2796019 ], [ 121.470389, 31.2797987 ], [ 121.4697882, 31.280044 ], [ 121.469166, 31.2802526 ], [ 121.4681306, 31.2806079 ], [ 121.4668539, 31.281032 ], [ 121.4659124, 31.2813621 ], [ 121.4649817, 31.2816486 ], [ 121.4643568, 31.2817701 ], [ 121.4633804, 31.281848 ], [ 121.4619723, 31.2819558 ], [ 121.4613795, 31.2820062 ], [ 121.4607465, 31.2820635 ], [ 121.4600974, 31.2820796 ], [ 121.4596468, 31.2820452 ], [ 121.4589226, 31.2819329 ], [ 121.4579355, 31.2817545 ], [ 121.4571834, 31.2816145 ] ] ] ] } },
{ "type": "Feature", "properties": { "district": "虹口区", "official_control_code_2023": "310109017000", "official_control_name_2023": "四川北路街道", "osm_name": "四川北路街道", "osm_relation_id_source": "13462869", "admin_level": "8", "boundary": "administrative", "geometry_is_approximate": true, "source_snapshot_date": "2026-08-19", "source_pbf_sha256": "cba608c2e67cbd2ee7616dcee6833e575e818237048faabf4c0e447acd6c0b6f", "source_url": "https://download.openstreetmap.fr/extracts/asia/china/shanghai.osm.pbf", "license": "OpenStreetMap contributors, Open Database License 1.0" }, "geometry": { "type": "MultiPolygon", "coordinates": [ [ [ [ 121.4875779, 31.2553935 ], [ 121.4875591, 31.25544 ], [ 121.4875276, 31.255548 ], [ 121.4875072, 31.255588 ], [ 121.487439, 31.2556445 ], [ 121.4873964, 31.2556735 ], [ 121.4873579, 31.255699 ], [ 121.4845562, 31.2565475 ], [ 121.4843324, 31.2566073 ], [ 121.4842514, 31.2566813 ], [ 121.4838864, 31.2570662 ], [ 121.4838012, 31.2571603 ], [ 121.4837423, 31.2572089 ], [ 121.4834756, 31.257364 ], [ 121.4833738, 31.2574457 ], [ 121.483351, 31.257475 ], [ 121.4832695, 31.2579379 ], [ 121.4835241, 31.2584268 ], [ 121.483723, 31.2588266 ], [ 121.4839883, 31.2593817 ], [ 121.4841389, 31.259883 ], [ 121.4841605, 31.2603044 ], [ 121.4841666, 31.2608127 ], [ 121.4842436, 31.2612999 ], [ 121.4844008, 31.2617608 ], [ 121.4846288, 31.2622955 ], [ 121.4849423, 31.2630066 ], [ 121.4851633, 31.2634776 ], [ 121.4853436, 31.2639266 ], [ 121.4855592, 31.2644099 ], [ 121.4857318, 31.264801 ], [ 121.4859059, 31.2652211 ], [ 121.4860091, 31.2654528 ], [ 121.4861785, 31.2658465 ], [ 121.4862694, 31.2660585 ], [ 121.4863137, 31.2661636 ], [ 121.485675, 31.266321 ], [ 121.4855706, 31.2663581 ], [ 121.4854129, 31.2664537 ], [ 121.4853161, 31.2665704 ], [ 121.4838544, 31.2694289 ], [ 121.4837228, 31.2699596 ], [ 121.4836756, 31.2701528 ], [ 121.4819594, 31.2697325 ], [ 121.4805064, 31.2697495 ], [ 121.480576, 31.2702335 ], [ 121.4796316, 31.270216 ], [ 121.4795949, 31.2702032 ], [ 121.479554, 31.2700403 ], [ 121.4781085, 31.270277 ], [ 121.4779259, 31.2703226 ], [ 121.4772342, 31.2705206 ], [ 121.4771597, 31.2705498 ], [ 121.4757223, 31.2713172 ], [ 121.4754031, 31.2714923 ], [ 121.475328, 31.2715215 ], [ 121.4751212, 31.2715528 ], [ 121.4750958, 31.2715565 ], [ 121.4751562, 31.2711408 ], [ 121.4752566, 31.2706299 ], [ 121.4753476, 31.2702348 ], [ 121.4754457, 31.2696739 ], [ 121.4754947, 31.2692708 ], [ 121.4755461, 31.2687738 ], [ 121.4755741, 31.2684126 ], [ 121.4755881, 31.2679815 ], [ 121.4754761, 31.2677659 ], [ 121.4753617, 31.2675105 ], [ 121.4753476, 31.2672849 ], [ 121.4753126, 31.266764 ], [ 121.4752589, 31.2658858 ], [ 121.4752216, 31.2651294 ], [ 121.4752309, 31.2647621 ], [ 121.4752589, 31.2644168 ], [ 121.4753103, 31.2636943 ], [ 121.4753103, 31.2634348 ], [ 121.4752863, 31.2632693 ], [ 121.4755642, 31.2630758 ], [ 121.475643, 31.262586 ], [ 121.4756653, 31.2623477 ], [ 121.4757049, 31.2619463 ], [ 121.4757456, 31.261485 ], [ 121.4757944, 31.2610349 ], [ 121.4758393, 31.2605937 ], [ 121.475964, 31.2582232 ], [ 121.4759962, 31.2570676 ], [ 121.4758889, 31.2567282 ], [ 121.4756314, 31.2561413 ], [ 121.4751154, 31.2553893 ], [ 121.475134, 31.2553746 ], [ 121.4751689, 31.2552404 ], [ 121.4751707, 31.255217 ], [ 121.4751743, 31.2551693 ], [ 121.4753178, 31.2551636 ], [ 121.4753352, 31.2551028 ], [ 121.4753419, 31.2549939 ], [ 121.4753526, 31.2549309 ], [ 121.4753687, 31.2548839 ], [ 121.4754398, 31.2547956 ], [ 121.4756598, 31.2546173 ], [ 121.4756745, 31.2546093 ], [ 121.4757154, 31.2546047 ], [ 121.4767541, 31.2533797 ], [ 121.4767863, 31.2533258 ], [ 121.4768131, 31.2532444 ], [ 121.4771833, 31.2526677 ], [ 121.4755766, 31.2520463 ], [ 121.4751843, 31.2518583 ], [ 121.4750757, 31.2517895 ], [ 121.4751022, 31.2517566 ], [ 121.4762588, 31.2505229 ], [ 121.476521, 31.2502073 ], [ 121.4766191, 31.2500789 ], [ 121.4768079, 31.2497568 ], [ 121.4773234, 31.2498829 ], [ 121.4778277, 31.250025 ], [ 121.478391, 31.2502589 ], [ 121.4787557, 31.250479 ], [ 121.4791098, 31.2507359 ], [ 121.4795068, 31.2510982 ], [ 121.4797803, 31.251355 ], [ 121.4800647, 31.2515889 ], [ 121.4803651, 31.2517998 ], [ 121.480762, 31.25202 ], [ 121.4812502, 31.2522584 ], [ 121.4818671, 31.2525565 ], [ 121.4821997, 31.2527216 ], [ 121.4826074, 31.2529693 ], [ 121.4830634, 31.2532169 ], [ 121.4834764, 31.2534691 ], [ 121.483809, 31.2536709 ], [ 121.4843455, 31.2539827 ], [ 121.4848497, 31.2542396 ], [ 121.4854023, 31.2544964 ], [ 121.4858421, 31.2546936 ], [ 121.4862498, 31.2548816 ], [ 121.4866951, 31.2550925 ], [ 121.4871296, 31.255276 ], [ 121.4874032, 31.2553631 ], [ 121.4875779, 31.2553935 ] ] ] ] } },
{ "type": "Feature", "properties": { "district": "虹口区", "official_control_code_2023": "310109018000", "official_control_name_2023": "北外滩街道", "osm_name": "北外滩街道", "osm_relation_id_source": "13462842", "admin_level": "8", "boundary": "administrative", "geometry_is_approximate": true, "source_snapshot_date": "2026-08-19", "source_pbf_sha256": "cba608c2e67cbd2ee7616dcee6833e575e818237048faabf4c0e447acd6c0b6f", "source_url": "https://download.openstreetmap.fr/extracts/asia/china/shanghai.osm.pbf", "license": "OpenStreetMap contributors, Open Database License 1.0" }, "geometry": { "type": "MultiPolygon", "coordinates": [ [ [ [ 121.4875779, 31.2553935 ], [ 121.4878431, 31.2554411 ], [ 121.4884922, 31.255464 ], [ 121.4886909, 31.2554662 ], [ 121.488916, 31.2554686 ], [ 121.4894578, 31.2554686 ], [ 121.4898708, 31.2554732 ], [ 121.4903268, 31.2555328 ], [ 121.4907828, 31.2556703 ], [ 121.4912119, 31.2558767 ], [ 121.4915123, 31.2560647 ], [ 121.4917537, 31.2562757 ], [ 121.4920005, 31.2565096 ], [ 121.4921561, 31.2566563 ], [ 121.4926657, 31.2571011 ], [ 121.4929446, 31.2573258 ], [ 121.4932504, 31.2575643 ], [ 121.4935937, 31.2577477 ], [ 121.4939639, 31.2579403 ], [ 121.4943877, 31.2581146 ], [ 121.4947578, 31.2582751 ], [ 121.4951387, 31.2584401 ], [ 121.4955035, 31.2586144 ], [ 121.4957502, 31.2587703 ], [ 121.4960345, 31.2590042 ], [ 121.4963779, 31.2593068 ], [ 121.49663, 31.259527 ], [ 121.4968821, 31.2597516 ], [ 121.4971289, 31.2599672 ], [ 121.4974507, 31.2602331 ], [ 121.4977297, 31.2604716 ], [ 121.4981213, 31.2607834 ], [ 121.4984807, 31.2610448 ], [ 121.4987704, 31.2612649 ], [ 121.4990762, 31.2614942 ], [ 121.4994839, 31.2618106 ], [ 121.4998594, 31.2621132 ], [ 121.500199, 31.2623491 ], [ 121.5005031, 31.2625993 ], [ 121.5008571, 31.2628423 ], [ 121.5012112, 31.2630991 ], [ 121.5015545, 31.2633651 ], [ 121.5018603, 31.2635897 ], [ 121.5022304, 31.2638695 ], [ 121.5025684, 31.2640941 ], [ 121.5030029, 31.2643097 ], [ 121.5033999, 31.2644793 ], [ 121.5038237, 31.2646077 ], [ 121.5040917, 31.2646492 ], [ 121.5042485, 31.2644984 ], [ 121.5044079, 31.2643721 ], [ 121.5049518, 31.2639302 ], [ 121.505812, 31.2631977 ], [ 121.5063396, 31.262699 ], [ 121.5067638, 31.2622443 ], [ 121.507324, 31.2616274 ], [ 121.5087538, 31.259994 ], [ 121.5087911, 31.2599514 ], [ 121.5099887, 31.2586338 ], [ 121.5100773, 31.2585198 ], [ 121.5101634, 31.2583912 ], [ 121.5102709, 31.2582323 ], [ 121.5125413, 31.2549923 ], [ 121.5128014, 31.2545587 ], [ 121.5132943, 31.2539096 ], [ 121.5115216, 31.2536495 ], [ 121.5116521, 31.2534674 ], [ 121.5119556, 31.2530341 ], [ 121.5119746, 31.2530049 ], [ 121.512059, 31.2528141 ], [ 121.5120886, 31.2526997 ], [ 121.5121069, 31.2526029 ], [ 121.5121199, 31.2524815 ], [ 121.5121211, 31.2523829 ], [ 121.512098, 31.2517615 ], [ 121.5120974, 31.2493126 ], [ 121.5075567, 31.2494795 ], [ 121.5055451, 31.2494651 ], [ 121.5020037, 31.248981 ], [ 121.49842, 31.2480127 ], [ 121.4955632, 31.2469505 ], [ 121.4934671, 31.2460255 ], [ 121.4907192, 31.2445748 ], [ 121.4902829, 31.2441073 ], [ 121.487419, 31.2448508 ], [ 121.4860398, 31.2452887 ], [ 121.4846339, 31.2458106 ], [ 121.4841555, 31.2459753 ], [ 121.4837055, 31.2461219 ], [ 121.4832024, 31.2462352 ], [ 121.4827488, 31.2463061 ], [ 121.4822001, 31.2462738 ], [ 121.4816328, 31.2461651 ], [ 121.4811299, 31.2460083 ], [ 121.4806364, 31.245754 ], [ 121.4801706, 31.2454865 ], [ 121.4797715, 31.2452138 ], [ 121.4795175, 31.2450107 ], [ 121.47847, 31.2439326 ], [ 121.4782487, 31.2443328 ], [ 121.4781511, 31.2445708 ], [ 121.4780506, 31.2448369 ], [ 121.4779645, 31.2451213 ], [ 121.4778997, 31.2453479 ], [ 121.4778384, 31.2455841 ], [ 121.4778049, 31.2459624 ], [ 121.4777393, 31.2464798 ], [ 121.4776842, 31.2469153 ], [ 121.4776566, 31.247129 ], [ 121.4776198, 31.2473489 ], [ 121.4775777, 31.2475666 ], [ 121.4774969, 31.2478753 ], [ 121.4772443, 31.248545 ], [ 121.4769262, 31.2495112 ], [ 121.4768079, 31.2497568 ], [ 121.4773234, 31.2498829 ], [ 121.4778277, 31.250025 ], [ 121.478391, 31.2502589 ], [ 121.4787557, 31.250479 ], [ 121.4791098, 31.2507359 ], [ 121.4795068, 31.2510982 ], [ 121.4797803, 31.251355 ], [ 121.4800647, 31.2515889 ], [ 121.4803651, 31.2517998 ], [ 121.480762, 31.25202 ], [ 121.4812502, 31.2522584 ], [ 121.4818671, 31.2525565 ], [ 121.4821997, 31.2527216 ], [ 121.4826074, 31.2529693 ], [ 121.4830634, 31.2532169 ], [ 121.4834764, 31.2534691 ], [ 121.483809, 31.2536709 ], [ 121.4843455, 31.2539827 ], [ 121.4848497, 31.2542396 ], [ 121.4854023, 31.2544964 ], [ 121.4858421, 31.2546936 ], [ 121.4862498, 31.2548816 ], [ 121.4866951, 31.2550925 ], [ 121.4871296, 31.255276 ], [ 121.4874032, 31.2553631 ], [ 121.4875779, 31.2553935 ] ] ] ] } },
{ "type": "Feature", "properties": { "district": "虹口区", "official_control_code_2023": "310109019000", "official_control_name_2023": "江湾镇街道", "osm_name": "江湾镇街道", "osm_relation_id_source": "13466137", "admin_level": "8", "boundary": "administrative", "geometry_is_approximate": true, "source_snapshot_date": "2026-08-19", "source_pbf_sha256": "cba608c2e67cbd2ee7616dcee6833e575e818237048faabf4c0e447acd6c0b6f", "source_url": "https://download.openstreetmap.fr/extracts/asia/china/shanghai.osm.pbf", "license": "OpenStreetMap contributors, Open Database License 1.0" }, "geometry": { "type": "MultiPolygon", "coordinates": [ [ [ [ 121.4730122, 31.2915014 ], [ 121.4734701, 31.2914747 ], [ 121.4742204, 31.2914837 ], [ 121.4747229, 31.2915503 ], [ 121.4754591, 31.291706 ], [ 121.4760307, 31.2918557 ], [ 121.4763699, 31.2919551 ], [ 121.4769132, 31.2920962 ], [ 121.4774923, 31.2922478 ], [ 121.478515, 31.2925192 ], [ 121.4793766, 31.2927447 ], [ 121.4801892, 31.2929462 ], [ 121.4812049, 31.2932116 ], [ 121.4820011, 31.293435 ], [ 121.4828978, 31.2937104 ], [ 121.4837244, 31.2939917 ], [ 121.4844179, 31.2942431 ], [ 121.4850927, 31.2944726 ], [ 121.4856248, 31.2946578 ], [ 121.4844806, 31.297413 ], [ 121.4828862, 31.301194 ], [ 121.4819099, 31.3036044 ], [ 121.4815597, 31.3044656 ], [ 121.4812722, 31.3051652 ], [ 121.4811879, 31.3053673 ], [ 121.4811325, 31.305521 ], [ 121.4810712, 31.3057086 ], [ 121.4810164, 31.3059418 ], [ 121.4809864, 31.3061163 ], [ 121.48096, 31.3063229 ], [ 121.4809393, 31.3065138 ], [ 121.480922, 31.3067698 ], [ 121.4809231, 31.3070442 ], [ 121.480932, 31.3086911 ], [ 121.4809278, 31.3104873 ], [ 121.4808898, 31.3122546 ], [ 121.4809065, 31.3134762 ], [ 121.4809105, 31.3159978 ], [ 121.4808873, 31.3165696 ], [ 121.4808821, 31.3166341 ], [ 121.4808563, 31.3166669 ], [ 121.4807661, 31.3167212 ], [ 121.4806729, 31.3167256 ], [ 121.4747947, 31.3166097 ], [ 121.4746411, 31.3166419 ], [ 121.474419, 31.3164653 ], [ 121.4743244, 31.3164289 ], [ 121.4741834, 31.3163745 ], [ 121.4740968, 31.3164098 ], [ 121.4738512, 31.3165428 ], [ 121.4737138, 31.316798 ], [ 121.4698809, 31.3174077 ], [ 121.4678673, 31.3176376 ], [ 121.4637789, 31.3178818 ], [ 121.4632673, 31.3109147 ], [ 121.4631581, 31.3082397 ], [ 121.4631546, 31.3082282 ], [ 121.4589885, 31.3078633 ], [ 121.4592665, 31.3066255 ], [ 121.4593318, 31.3063347 ], [ 121.4599594, 31.3029751 ], [ 121.459946, 31.3028238 ], [ 121.4598253, 31.3024411 ], [ 121.4597744, 31.302244 ], [ 121.4597518, 31.302166 ], [ 121.4597812, 31.3021446 ], [ 121.4599281, 31.3020349 ], [ 121.4599472, 31.3020331 ], [ 121.4629207, 31.3024014 ], [ 121.4632076, 31.3024299 ], [ 121.4643711, 31.3027126 ], [ 121.4662122, 31.302696 ], [ 121.4667807, 31.3027349 ], [ 121.4673406, 31.3027602 ], [ 121.4677154, 31.3026997 ], [ 121.4684865, 31.302518 ], [ 121.4691752, 31.3024722 ], [ 121.4695846, 31.3025031 ], [ 121.4700779, 31.3024005 ], [ 121.4704773, 31.3023189 ], [ 121.4716699, 31.3023286 ], [ 121.4718502, 31.3023301 ], [ 121.4720427, 31.296725 ], [ 121.4720629, 31.2963838 ], [ 121.4721555, 31.2958473 ], [ 121.4729107, 31.2922942 ], [ 121.4730122, 31.2915014 ] ] ] ] } },
{ "type": "Feature", "properties": { "district": "杨浦区", "official_control_code_2023": "310110001000", "official_control_name_2023": "定海路街道", "osm_name": "定海路街道", "osm_relation_id_source": "13466400", "admin_level": "8", "boundary": "administrative", "geometry_is_approximate": true, "source_snapshot_date": "2026-08-19", "source_pbf_sha256": "cba608c2e67cbd2ee7616dcee6833e575e818237048faabf4c0e447acd6c0b6f", "source_url": "https://download.openstreetmap.fr/extracts/asia/china/shanghai.osm.pbf", "license": "OpenStreetMap contributors, Open Database License 1.0" }, "geometry": { "type": "MultiPolygon", "coordinates": [ [ [ [ 121.5574946, 31.3055415 ], [ 121.5576165, 31.3040825 ], [ 121.5584259, 31.3004681 ], [ 121.5595102, 31.2978452 ], [ 121.5617093, 31.2939304 ], [ 121.5631295, 31.2911247 ], [ 121.5640763, 31.2885799 ], [ 121.5641265, 31.2884113 ], [ 121.5647584, 31.2862884 ], [ 121.5649468, 31.2846256 ], [ 121.5649621, 31.2827332 ], [ 121.5643049, 31.2789793 ], [ 121.5633891, 31.2768469 ], [ 121.562259, 31.2749544 ], [ 121.5608823, 31.2732235 ], [ 121.559892, 31.2719784 ], [ 121.5543485, 31.2669399 ], [ 121.5505917, 31.2639507 ], [ 121.5501162, 31.2636017 ], [ 121.5484945, 31.2650852 ], [ 121.5454514, 31.2684618 ], [ 121.5449302, 31.2680801 ], [ 121.5445566, 31.2677893 ], [ 121.5440162, 31.2673559 ], [ 121.5425919, 31.2685688 ], [ 121.5422559, 31.2688515 ], [ 121.5421923, 31.2688827 ], [ 121.5420859, 31.2689354 ], [ 121.5419909, 31.2689791 ], [ 121.5419325, 31.2690183 ], [ 121.5417749, 31.2691476 ], [ 121.5415433, 31.2694847 ], [ 121.5397966, 31.271041 ], [ 121.5375992, 31.2729334 ], [ 121.5365203, 31.2739679 ], [ 121.5362109, 31.2743104 ], [ 121.536498, 31.2744923 ], [ 121.5368822, 31.2748015 ], [ 121.5374026, 31.2751751 ], [ 121.538053, 31.275625 ], [ 121.5386364, 31.2759812 ], [ 121.5390064, 31.276221 ], [ 121.5393438, 31.2764346 ], [ 121.5389848, 31.2769215 ], [ 121.5366371, 31.2800321 ], [ 121.5370729, 31.2802174 ], [ 121.5373425, 31.2803451 ], [ 121.5379788, 31.2807071 ], [ 121.5383824, 31.2809441 ], [ 121.5389755, 31.281322 ], [ 121.5396487, 31.2817406 ], [ 121.5400616, 31.2820013 ], [ 121.5407332, 31.2824424 ], [ 121.5410644, 31.2826438 ], [ 121.5415866, 31.2829279 ], [ 121.5426562, 31.2836087 ], [ 121.5439101, 31.284367 ], [ 121.5447904, 31.2849117 ], [ 121.5454862, 31.2853388 ], [ 121.5462241, 31.2858057 ], [ 121.5469876, 31.2862746 ], [ 121.5476577, 31.2866777 ], [ 121.5486805, 31.2873083 ], [ 121.5492035, 31.2876275 ], [ 121.5500721, 31.2881703 ], [ 121.5506279, 31.2885175 ], [ 121.5510061, 31.2887789 ], [ 121.5513517, 31.2889665 ], [ 121.5510622, 31.2892059 ], [ 121.5506068, 31.2895112 ], [ 121.5500815, 31.2898764 ], [ 121.5496005, 31.2902056 ], [ 121.5490681, 31.2905718 ], [ 121.5497532, 31.2911365 ], [ 121.5504106, 31.2915333 ], [ 121.5515766, 31.2920155 ], [ 121.5535434, 31.2926835 ], [ 121.5538312, 31.2927422 ], [ 121.5546834, 31.2928588 ], [ 121.5541425, 31.2979067 ], [ 121.5536104, 31.3023199 ], [ 121.5535582, 31.3026735 ], [ 121.5536, 31.3033125 ], [ 121.5539338, 31.3049974 ], [ 121.5539964, 31.3054253 ], [ 121.5540036, 31.3055053 ], [ 121.5574946, 31.3055415 ] ] ] ] } },
{ "type": "Feature", "properties": { "district": "杨浦区", "official_control_code_2023": "310110006000", "official_control_name_2023": "平凉路街道", "osm_name": "平凉路街道", "osm_relation_id_source": "13464332", "admin_level": "8", "boundary": "administrative", "geometry_is_approximate": true, "source_snapshot_date": "2026-08-19", "source_pbf_sha256": "cba608c2e67cbd2ee7616dcee6833e575e818237048faabf4c0e447acd6c0b6f", "source_url": "https://download.openstreetmap.fr/extracts/asia/china/shanghai.osm.pbf", "license": "OpenStreetMap contributors, Open Database License 1.0" }, "geometry": { "type": "MultiPolygon", "coordinates": [ [ [ [ 121.522173, 31.2492025 ], [ 121.5195853, 31.2490817 ], [ 121.5120974, 31.2493126 ], [ 121.512098, 31.2517615 ], [ 121.5121211, 31.2523829 ], [ 121.5121199, 31.2524815 ], [ 121.5121069, 31.2526029 ], [ 121.5120886, 31.2526997 ], [ 121.512059, 31.2528141 ], [ 121.5119746, 31.2530049 ], [ 121.5119556, 31.2530341 ], [ 121.5116521, 31.2534674 ], [ 121.5115216, 31.2536495 ], [ 121.5132943, 31.2539096 ], [ 121.5128014, 31.2545587 ], [ 121.5125413, 31.2549923 ], [ 121.5102709, 31.2582323 ], [ 121.5101634, 31.2583912 ], [ 121.5100773, 31.2585198 ], [ 121.5099887, 31.2586338 ], [ 121.5087911, 31.2599514 ], [ 121.5087538, 31.259994 ], [ 121.5091342, 31.2603313 ], [ 121.5099201, 31.2610146 ], [ 121.5119729, 31.262817 ], [ 121.5123019, 31.2630643 ], [ 121.5128008, 31.2633394 ], [ 121.5133536, 31.2636469 ], [ 121.5155161, 31.2648877 ], [ 121.5176993, 31.2658413 ], [ 121.5181439, 31.2660398 ], [ 121.5189192, 31.2663811 ], [ 121.5192484, 31.2665248 ], [ 121.519573, 31.2666965 ], [ 121.5202828, 31.2670338 ], [ 121.5209763, 31.2673551 ], [ 121.521504, 31.2675966 ], [ 121.5220994, 31.267866 ], [ 121.5226341, 31.2681175 ], [ 121.5228583, 31.2682173 ], [ 121.5231145, 31.2683265 ], [ 121.5231336, 31.2682823 ], [ 121.5235108, 31.2678606 ], [ 121.5237154, 31.2674599 ], [ 121.5240759, 31.266832 ], [ 121.5245676, 31.2659391 ], [ 121.5252289, 31.2651363 ], [ 121.5254022, 31.2649568 ], [ 121.5256962, 31.2647173 ], [ 121.5257848, 31.2645633 ], [ 121.5258352, 31.2643152 ], [ 121.5259085, 31.2641951 ], [ 121.5262887, 31.2639106 ], [ 121.5263956, 31.2637696 ], [ 121.5265163, 31.2635503 ], [ 121.5266201, 31.2632996 ], [ 121.5267194, 31.263156 ], [ 121.5268156, 31.2630882 ], [ 121.5269454, 31.2630255 ], [ 121.5271073, 31.2627644 ], [ 121.5271679, 31.2626248 ], [ 121.5273707, 31.2621574 ], [ 121.5274425, 31.2620797 ], [ 121.5281878, 31.2612658 ], [ 121.528371, 31.2610974 ], [ 121.5294683, 31.2601914 ], [ 121.5295218, 31.2601196 ], [ 121.5295767, 31.2599851 ], [ 121.5295767, 31.2597932 ], [ 121.529534, 31.2592737 ], [ 121.5295752, 31.2591679 ], [ 121.5296195, 31.2590752 ], [ 121.52976, 31.2589525 ], [ 121.5299585, 31.2588154 ], [ 121.5301647, 31.2587345 ], [ 121.530771, 31.2585321 ], [ 121.5309176, 31.258416 ], [ 121.5310657, 31.2582332 ], [ 121.5311744, 31.2580615 ], [ 121.5316873, 31.2572515 ], [ 121.5317362, 31.2571144 ], [ 121.531701, 31.2568859 ], [ 121.5315773, 31.2565595 ], [ 121.5315559, 31.2561888 ], [ 121.5315636, 31.2560752 ], [ 121.5318492, 31.2553076 ], [ 121.5339383, 31.2529256 ], [ 121.5328594, 31.2523235 ], [ 121.5292658, 31.2508032 ], [ 121.5257093, 31.2497581 ], [ 121.522173, 31.2492025 ] ] ] ] } },
{ "type": "Feature", "properties": { "district": "杨浦区", "official_control_code_2023": "310110008000", "official_control_name_2023": "江浦路街道", "osm_name": "江浦路街道", "osm_relation_id_source": "13464392", "admin_level": "8", "boundary": "administrative", "geometry_is_approximate": true, "source_snapshot_date": "2026-08-19", "source_pbf_sha256": "cba608c2e67cbd2ee7616dcee6833e575e818237048faabf4c0e447acd6c0b6f", "source_url": "https://download.openstreetmap.fr/extracts/asia/china/shanghai.osm.pbf", "license": "OpenStreetMap contributors, Open Database License 1.0" }, "geometry": { "type": "MultiPolygon", "coordinates": [ [ [ [ 121.5087538, 31.259994 ], [ 121.507324, 31.2616274 ], [ 121.5067638, 31.2622443 ], [ 121.5063396, 31.262699 ], [ 121.505812, 31.2631977 ], [ 121.5049518, 31.2639302 ], [ 121.5044079, 31.2643721 ], [ 121.5042485, 31.2644984 ], [ 121.5040917, 31.2646492 ], [ 121.5039249, 31.2648106 ], [ 121.5038031, 31.264953 ], [ 121.5032931, 31.2657342 ], [ 121.5030186, 31.2661381 ], [ 121.5027063, 31.2666266 ], [ 121.5025884, 31.266825 ], [ 121.5023779, 31.267156 ], [ 121.502078, 31.2677704 ], [ 121.5020129, 31.2679665 ], [ 121.5019771, 31.268175 ], [ 121.5019307, 31.268437 ], [ 121.5019172, 31.2687702 ], [ 121.5019213, 31.2693919 ], [ 121.5019396, 31.2702494 ], [ 121.5019595, 31.2706318 ], [ 121.5020068, 31.2713843 ], [ 121.5020523, 31.2720987 ], [ 121.5020596, 31.2722802 ], [ 121.5020577, 31.2723631 ], [ 121.5020543, 31.2724729 ], [ 121.5022439, 31.2726484 ], [ 121.5024208, 31.2727944 ], [ 121.5028761, 31.2731992 ], [ 121.5032725, 31.2735223 ], [ 121.5035368, 31.2737621 ], [ 121.503864, 31.2740435 ], [ 121.5043295, 31.2743788 ], [ 121.5047036, 31.2746082 ], [ 121.5050796, 31.2747784 ], [ 121.505478, 31.2749348 ], [ 121.5061834, 31.2751763 ], [ 121.5066814, 31.2753587 ], [ 121.5073969, 31.2755342 ], [ 121.5080581, 31.2756387 ], [ 121.5087487, 31.2757496 ], [ 121.5097041, 31.2759251 ], [ 121.5105924, 31.2761162 ], [ 121.5112205, 31.276283 ], [ 121.5119076, 31.2764637 ], [ 121.5124706, 31.2765992 ], [ 121.5131048, 31.2767434 ], [ 121.5136659, 31.2768754 ], [ 121.5142268, 31.2769899 ], [ 121.5152307, 31.2772773 ], [ 121.5152951, 31.2773 ], [ 121.5155263, 31.2771814 ], [ 121.5157472, 31.2769456 ], [ 121.5158428, 31.2768754 ], [ 121.5163196, 31.2767657 ], [ 121.5165086, 31.276718 ], [ 121.5166824, 31.2766008 ], [ 121.5173186, 31.275963 ], [ 121.5176614, 31.2753675 ], [ 121.5184667, 31.2747038 ], [ 121.5186325, 31.2745389 ], [ 121.5187967, 31.2742867 ], [ 121.5188627, 31.2741618 ], [ 121.519199, 31.2734913 ], [ 121.5193114, 31.2733567 ], [ 121.5197358, 31.2730359 ], [ 121.5198364, 31.2729219 ], [ 121.5200556, 31.2723818 ], [ 121.5202288, 31.2722125 ], [ 121.5204426, 31.2720984 ], [ 121.520526, 31.2720298 ], [ 121.520881, 31.271451 ], [ 121.5211962, 31.2710349 ], [ 121.5224803, 31.2698373 ], [ 121.5226394, 31.2696146 ], [ 121.5228688, 31.2686624 ], [ 121.5231119, 31.2683306 ], [ 121.5231145, 31.2683265 ], [ 121.5228583, 31.2682173 ], [ 121.5226341, 31.2681175 ], [ 121.5220994, 31.267866 ], [ 121.521504, 31.2675966 ], [ 121.5209763, 31.2673551 ], [ 121.5202828, 31.2670338 ], [ 121.519573, 31.2666965 ], [ 121.5192484, 31.2665248 ], [ 121.5189192, 31.2663811 ], [ 121.5181439, 31.2660398 ], [ 121.5176993, 31.2658413 ], [ 121.5155161, 31.2648877 ], [ 121.5133536, 31.2636469 ], [ 121.5128008, 31.2633394 ], [ 121.5123019, 31.2630643 ], [ 121.5119729, 31.262817 ], [ 121.5099201, 31.2610146 ], [ 121.5091342, 31.2603313 ], [ 121.5087538, 31.259994 ] ] ] ] } },
{ "type": "Feature", "properties": { "district": "杨浦区", "official_control_code_2023": "310110009000", "official_control_name_2023": "四平路街道", "osm_name": "四平路街道", "osm_relation_id_source": "13466002", "admin_level": "8", "boundary": "administrative", "geometry_is_approximate": true, "source_snapshot_date": "2026-08-19", "source_pbf_sha256": "cba608c2e67cbd2ee7616dcee6833e575e818237048faabf4c0e447acd6c0b6f", "source_url": "https://download.openstreetmap.fr/extracts/asia/china/shanghai.osm.pbf", "license": "OpenStreetMap contributors, Open Database License 1.0" }, "geometry": { "type": "MultiPolygon", "coordinates": [ [ [ [ 121.5152951, 31.2773 ], [ 121.5152755, 31.2773125 ], [ 121.5141714, 31.2778974 ], [ 121.5139198, 31.2780198 ], [ 121.5137482, 31.2780626 ], [ 121.5135182, 31.2780953 ], [ 121.5134049, 31.2781209 ], [ 121.5133316, 31.2781978 ], [ 121.5132833, 31.2782876 ], [ 121.5132733, 31.2784898 ], [ 121.5132691, 31.2791256 ], [ 121.5131525, 31.2795236 ], [ 121.5130584, 31.279666 ], [ 121.5124618, 31.2802769 ], [ 121.512396, 31.2803759 ], [ 121.5123802, 31.2805746 ], [ 121.5123186, 31.2808366 ], [ 121.5122344, 31.2811192 ], [ 121.511797, 31.281953 ], [ 121.5115898, 31.282237 ], [ 121.5113788, 31.2824635 ], [ 121.5106657, 31.2829227 ], [ 121.5105057, 31.2830822 ], [ 121.5099525, 31.2841673 ], [ 121.5098026, 31.2843211 ], [ 121.509531, 31.2844763 ], [ 121.509441, 31.2846215 ], [ 121.5091244, 31.2854702 ], [ 121.5090394, 31.2856026 ], [ 121.5089428, 31.285661 ], [ 121.5088461, 31.2856824 ], [ 121.5078997, 31.285802 ], [ 121.5077464, 31.2858774 ], [ 121.5075598, 31.2859814 ], [ 121.5073965, 31.286175 ], [ 121.5072466, 31.2864413 ], [ 121.5071824, 31.286682 ], [ 121.5071716, 31.2869176 ], [ 121.5071841, 31.2870443 ], [ 121.506633, 31.2872272 ], [ 121.5063588, 31.2873916 ], [ 121.5062055, 31.2876143 ], [ 121.5057985, 31.2877321 ], [ 121.5053796, 31.2877685 ], [ 121.5043068, 31.2881381 ], [ 121.5002932, 31.2897054 ], [ 121.4995115, 31.2902351 ], [ 121.4990756, 31.290561 ], [ 121.4984571, 31.2912566 ], [ 121.4982298, 31.2915871 ], [ 121.4975865, 31.2910809 ], [ 121.4960199, 31.2898519 ], [ 121.4956923, 31.2896001 ], [ 121.4950503, 31.2892014 ], [ 121.4938546, 31.2882836 ], [ 121.4929986, 31.2875424 ], [ 121.4926291, 31.2872298 ], [ 121.4922341, 31.2867881 ], [ 121.4920385, 31.2865016 ], [ 121.4918048, 31.2860305 ], [ 121.4916448, 31.2855161 ], [ 121.4915813, 31.2851428 ], [ 121.4915724, 31.2848953 ], [ 121.4915978, 31.2844861 ], [ 121.492139, 31.2783438 ], [ 121.493479, 31.2783183 ], [ 121.4942001, 31.2782914 ], [ 121.4945249, 31.2782273 ], [ 121.4948695, 31.2781593 ], [ 121.4954017, 31.2779393 ], [ 121.4958566, 31.2777192 ], [ 121.4965157, 31.2772342 ], [ 121.4969699, 31.2768298 ], [ 121.4975653, 31.2763427 ], [ 121.4986529, 31.2754619 ], [ 121.4992618, 31.2749815 ], [ 121.5011167, 31.2734192 ], [ 121.5017862, 31.2728617 ], [ 121.5019445, 31.272708 ], [ 121.5019833, 31.2726452 ], [ 121.5020174, 31.2725748 ], [ 121.5020543, 31.2724729 ], [ 121.5022439, 31.2726484 ], [ 121.5024208, 31.2727944 ], [ 121.5028761, 31.2731992 ], [ 121.5032725, 31.2735223 ], [ 121.5035368, 31.2737621 ], [ 121.503864, 31.2740435 ], [ 121.5043295, 31.2743788 ], [ 121.5047036, 31.2746082 ], [ 121.5050796, 31.2747784 ], [ 121.505478, 31.2749348 ], [ 121.5061834, 31.2751763 ], [ 121.5066814, 31.2753587 ], [ 121.5073969, 31.2755342 ], [ 121.5080581, 31.2756387 ], [ 121.5087487, 31.2757496 ], [ 121.5097041, 31.2759251 ], [ 121.5105924, 31.2761162 ], [ 121.5112205, 31.276283 ], [ 121.5119076, 31.2764637 ], [ 121.5124706, 31.2765992 ], [ 121.5131048, 31.2767434 ], [ 121.5136659, 31.2768754 ], [ 121.5142268, 31.2769899 ], [ 121.5152307, 31.2772773 ], [ 121.5152951, 31.2773 ] ] ] ] } },
{ "type": "Feature", "properties": { "district": "杨浦区", "official_control_code_2023": "310110012000", "official_control_name_2023": "控江路街道", "osm_name": "控江路街道", "osm_relation_id_source": "13466004", "admin_level": "8", "boundary": "administrative", "geometry_is_approximate": true, "source_snapshot_date": "2026-08-19", "source_pbf_sha256": "cba608c2e67cbd2ee7616dcee6833e575e818237048faabf4c0e447acd6c0b6f", "source_url": "https://download.openstreetmap.fr/extracts/asia/china/shanghai.osm.pbf", "license": "OpenStreetMap contributors, Open Database License 1.0" }, "geometry": { "type": "MultiPolygon", "coordinates": [ [ [ [ 121.5174934, 31.288329 ], [ 121.5194342, 31.2891572 ], [ 121.5207254, 31.2894505 ], [ 121.5216093, 31.2895265 ], [ 121.5217854, 31.2895751 ], [ 121.5219775, 31.2897423 ], [ 121.5224185, 31.2904095 ], [ 121.5225359, 31.2906025 ], [ 121.5227973, 31.2908107 ], [ 121.5232206, 31.2909745 ], [ 121.5232971, 31.2909885 ], [ 121.5233184, 31.2909392 ], [ 121.5242174, 31.2892537 ], [ 121.5248862, 31.2883411 ], [ 121.5260004, 31.2871419 ], [ 121.5262671, 31.2866586 ], [ 121.5266744, 31.2850673 ], [ 121.5268825, 31.2845764 ], [ 121.5271848, 31.2841098 ], [ 121.5277255, 31.2836447 ], [ 121.5281648, 31.2831158 ], [ 121.5282453, 31.2829759 ], [ 121.5298917, 31.2806276 ], [ 121.5305533, 31.2789891 ], [ 121.5306813, 31.2787626 ], [ 121.5308189, 31.2786053 ], [ 121.5302075, 31.2784974 ], [ 121.5294182, 31.278319 ], [ 121.5280061, 31.2780195 ], [ 121.5267939, 31.2777866 ], [ 121.5257976, 31.2775613 ], [ 121.5249093, 31.2772784 ], [ 121.5245005, 31.2771181 ], [ 121.5238281, 31.2768292 ], [ 121.5228937, 31.2763317 ], [ 121.5221133, 31.2759082 ], [ 121.5211967, 31.2754302 ], [ 121.5202092, 31.2748979 ], [ 121.5193987, 31.2744623 ], [ 121.5189705, 31.2742157 ], [ 121.5188627, 31.2741618 ], [ 121.5187967, 31.2742867 ], [ 121.5186325, 31.2745389 ], [ 121.5184667, 31.2747038 ], [ 121.5176614, 31.2753675 ], [ 121.5173186, 31.275963 ], [ 121.5166824, 31.2766008 ], [ 121.5165086, 31.276718 ], [ 121.5163196, 31.2767657 ], [ 121.5158428, 31.2768754 ], [ 121.5157472, 31.2769456 ], [ 121.5155263, 31.2771814 ], [ 121.5152951, 31.2773 ], [ 121.5152755, 31.2773125 ], [ 121.5141714, 31.2778974 ], [ 121.5139198, 31.2780198 ], [ 121.5137482, 31.2780626 ], [ 121.5135182, 31.2780953 ], [ 121.5134049, 31.2781209 ], [ 121.5133316, 31.2781978 ], [ 121.5132833, 31.2782876 ], [ 121.5132733, 31.2784898 ], [ 121.5132691, 31.2791256 ], [ 121.5131525, 31.2795236 ], [ 121.5130584, 31.279666 ], [ 121.5124618, 31.2802769 ], [ 121.512396, 31.2803759 ], [ 121.5123802, 31.2805746 ], [ 121.5123186, 31.2808366 ], [ 121.5122344, 31.2811192 ], [ 121.511797, 31.281953 ], [ 121.5115898, 31.282237 ], [ 121.5113788, 31.2824635 ], [ 121.5106657, 31.2829227 ], [ 121.5105057, 31.2830822 ], [ 121.5099525, 31.2841673 ], [ 121.5098026, 31.2843211 ], [ 121.509531, 31.2844763 ], [ 121.509441, 31.2846215 ], [ 121.5091244, 31.2854702 ], [ 121.5090394, 31.2856026 ], [ 121.5089428, 31.285661 ], [ 121.5088461, 31.2856824 ], [ 121.5078997, 31.285802 ], [ 121.5077464, 31.2858774 ], [ 121.5075598, 31.2859814 ], [ 121.5073965, 31.286175 ], [ 121.5072466, 31.2864413 ], [ 121.5071824, 31.286682 ], [ 121.5071716, 31.2869176 ], [ 121.5071841, 31.2870443 ], [ 121.5071949, 31.2870439 ], [ 121.5073711, 31.2870293 ], [ 121.507481, 31.2870766 ], [ 121.5079918, 31.2873072 ], [ 121.5081383, 31.2873101 ], [ 121.5082319, 31.2872796 ], [ 121.5088876, 31.2868415 ], [ 121.5089965, 31.2868081 ], [ 121.5095636, 31.2868241 ], [ 121.5103793, 31.2869492 ], [ 121.5113737, 31.2868401 ], [ 121.5163121, 31.2880785 ], [ 121.5164977, 31.288128 ], [ 121.5169541, 31.2881352 ], [ 121.517172, 31.2881716 ], [ 121.5174934, 31.288329 ] ] ] ] } },
{ "type": "Feature", "properties": { "district": "杨浦区", "official_control_code_2023": "310110013000", "official_control_name_2023": "长白新村街道", "osm_name": "长白新村街道", "osm_relation_id_source": "13466407", "admin_level": "8", "boundary": "administrative", "geometry_is_approximate": true, "source_snapshot_date": "2026-08-19", "source_pbf_sha256": "cba608c2e67cbd2ee7616dcee6833e575e818237048faabf4c0e447acd6c0b6f", "source_url": "https://download.openstreetmap.fr/extracts/asia/china/shanghai.osm.pbf", "license": "OpenStreetMap contributors, Open Database License 1.0" }, "geometry": { "type": "MultiPolygon", "coordinates": [ [ [ [ 121.5540036, 31.3055053 ], [ 121.5539964, 31.3054253 ], [ 121.5539338, 31.3049974 ], [ 121.5536, 31.3033125 ], [ 121.5535582, 31.3026735 ], [ 121.5536104, 31.3023199 ], [ 121.5541425, 31.2979067 ], [ 121.5546834, 31.2928588 ], [ 121.5538312, 31.2927422 ], [ 121.5535434, 31.2926835 ], [ 121.5515766, 31.2920155 ], [ 121.5504106, 31.2915333 ], [ 121.5497532, 31.2911365 ], [ 121.5490681, 31.2905718 ], [ 121.5496005, 31.2902056 ], [ 121.5500815, 31.2898764 ], [ 121.5506068, 31.2895112 ], [ 121.5510622, 31.2892059 ], [ 121.5513517, 31.2889665 ], [ 121.5510061, 31.2887789 ], [ 121.5506279, 31.2885175 ], [ 121.5500721, 31.2881703 ], [ 121.5492035, 31.2876275 ], [ 121.5486805, 31.2873083 ], [ 121.5476577, 31.2866777 ], [ 121.5469876, 31.2862746 ], [ 121.5462241, 31.2858057 ], [ 121.5454862, 31.2853388 ], [ 121.5447904, 31.2849117 ], [ 121.5439101, 31.284367 ], [ 121.5426562, 31.2836087 ], [ 121.5415866, 31.2829279 ], [ 121.5415509, 31.282978 ], [ 121.5396701, 31.2877321 ], [ 121.5395875, 31.2879724 ], [ 121.5393955, 31.2882615 ], [ 121.5383351, 31.2895063 ], [ 121.5355624, 31.2917841 ], [ 121.53479, 31.2926597 ], [ 121.5369242, 31.2939054 ], [ 121.5348011, 31.2965608 ], [ 121.5342935, 31.2971321 ], [ 121.5353085, 31.2977836 ], [ 121.5375219, 31.2988769 ], [ 121.5381773, 31.2994182 ], [ 121.5383739, 31.2999856 ], [ 121.5381773, 31.3006818 ], [ 121.5381641, 31.3009301 ], [ 121.5382799, 31.301253 ], [ 121.5384459, 31.3014322 ], [ 121.5387256, 31.3016533 ], [ 121.5393874, 31.3019137 ], [ 121.5405234, 31.3024438 ], [ 121.5409603, 31.3027387 ], [ 121.541052, 31.3028843 ], [ 121.5410957, 31.3031605 ], [ 121.5411896, 31.3036327 ], [ 121.5412595, 31.3038119 ], [ 121.5413556, 31.3039053 ], [ 121.541526, 31.3039612 ], [ 121.5497221, 31.305055 ], [ 121.5507914, 31.305265 ], [ 121.5511813, 31.3053499 ], [ 121.551549, 31.3054295 ], [ 121.5522608, 31.3055032 ], [ 121.552612, 31.3055242 ], [ 121.5529694, 31.3054821 ], [ 121.553466, 31.3054996 ], [ 121.5540036, 31.3055053 ] ] ] ] } },
{ "type": "Feature", "properties": { "district": "杨浦区", "official_control_code_2023": "310110015000", "official_control_name_2023": "延吉新村街道", "osm_name": "延吉新村街道", "osm_relation_id_source": "13466383", "admin_level": "8", "boundary": "administrative", "geometry_is_approximate": true, "source_snapshot_date": "2026-08-19", "source_pbf_sha256": "cba608c2e67cbd2ee7616dcee6833e575e818237048faabf4c0e447acd6c0b6f", "source_url": "https://download.openstreetmap.fr/extracts/asia/china/shanghai.osm.pbf", "license": "OpenStreetMap contributors, Open Database License 1.0" }, "geometry": { "type": "MultiPolygon", "coordinates": [ [ [ [ 121.5342935, 31.2971321 ], [ 121.5328652, 31.2962221 ], [ 121.5308318, 31.2948154 ], [ 121.5298429, 31.2941248 ], [ 121.5255834, 31.2921981 ], [ 121.5253579, 31.2921008 ], [ 121.5244359, 31.2911412 ], [ 121.5243388, 31.2910811 ], [ 121.5241937, 31.2910496 ], [ 121.5236713, 31.2910611 ], [ 121.5233406, 31.2910003 ], [ 121.5232971, 31.2909885 ], [ 121.5233184, 31.2909392 ], [ 121.5242174, 31.2892537 ], [ 121.5248862, 31.2883411 ], [ 121.5260004, 31.2871419 ], [ 121.5262671, 31.2866586 ], [ 121.5266744, 31.2850673 ], [ 121.5268825, 31.2845764 ], [ 121.5271848, 31.2841098 ], [ 121.5277255, 31.2836447 ], [ 121.5281648, 31.2831158 ], [ 121.5282453, 31.2829759 ], [ 121.5298917, 31.2806276 ], [ 121.5305533, 31.2789891 ], [ 121.5306813, 31.2787626 ], [ 121.5308189, 31.2786053 ], [ 121.5314192, 31.2787488 ], [ 121.5321171, 31.2788975 ], [ 121.5329212, 31.2790713 ], [ 121.534089, 31.2793136 ], [ 121.5347791, 31.2794637 ], [ 121.5355663, 31.2796441 ], [ 121.5360916, 31.2798258 ], [ 121.5366371, 31.2800321 ], [ 121.5370729, 31.2802174 ], [ 121.5373425, 31.2803451 ], [ 121.5379788, 31.2807071 ], [ 121.5383824, 31.2809441 ], [ 121.5389755, 31.281322 ], [ 121.5396487, 31.2817406 ], [ 121.5400616, 31.2820013 ], [ 121.5407332, 31.2824424 ], [ 121.5410644, 31.2826438 ], [ 121.5415866, 31.2829279 ], [ 121.5415509, 31.282978 ], [ 121.5396701, 31.2877321 ], [ 121.5395875, 31.2879724 ], [ 121.5393955, 31.2882615 ], [ 121.5383351, 31.2895063 ], [ 121.5355624, 31.2917841 ], [ 121.53479, 31.2926597 ], [ 121.5369242, 31.2939054 ], [ 121.5348011, 31.2965608 ], [ 121.5342935, 31.2971321 ] ] ] ] } },
{ "type": "Feature", "properties": { "district": "杨浦区", "official_control_code_2023": "310110016000", "official_control_name_2023": "殷行街道", "osm_name": "殷行街道", "osm_relation_id_source": "13466582", "admin_level": "8", "boundary": "administrative", "geometry_is_approximate": true, "source_snapshot_date": "2026-08-19", "source_pbf_sha256": "cba608c2e67cbd2ee7616dcee6833e575e818237048faabf4c0e447acd6c0b6f", "source_url": "https://download.openstreetmap.fr/extracts/asia/china/shanghai.osm.pbf", "license": "OpenStreetMap contributors, Open Database License 1.0" }, "geometry": { "type": "MultiPolygon", "coordinates": [ [ [ [ 121.5210506, 31.3490958 ], [ 121.5186755, 31.3449357 ], [ 121.5184701, 31.3445575 ], [ 121.5195709, 31.3440934 ], [ 121.520645, 31.3436167 ], [ 121.5217985, 31.3431182 ], [ 121.5229356, 31.3426136 ], [ 121.5240377, 31.342133 ], [ 121.5246963, 31.3418386 ], [ 121.5247555, 31.3408815 ], [ 121.5245975, 31.3409526 ], [ 121.5240763, 31.3410238 ], [ 121.5240054, 31.3408496 ], [ 121.5238462, 31.3406584 ], [ 121.5234606, 31.3405139 ], [ 121.5229357, 31.340397 ], [ 121.5222131, 31.3403237 ], [ 121.5212205, 31.3400401 ], [ 121.5205364, 31.3397968 ], [ 121.5201657, 31.3396098 ], [ 121.519948, 31.3392561 ], [ 121.5199057, 31.3390978 ], [ 121.5199642, 31.3388895 ], [ 121.5200799, 31.3387748 ], [ 121.520252, 31.3386549 ], [ 121.5206339, 31.3385358 ], [ 121.5213887, 31.3380296 ], [ 121.5218767, 31.3376766 ], [ 121.5226379, 31.3370963 ], [ 121.52314, 31.3367174 ], [ 121.5241697, 31.3360373 ], [ 121.5246367, 31.3359116 ], [ 121.5244698, 31.3351098 ], [ 121.5242035, 31.3340056 ], [ 121.5240308, 31.3335385 ], [ 121.5236303, 31.3326027 ], [ 121.5226485, 31.3312536 ], [ 121.5219757, 31.3303802 ], [ 121.5213913, 31.3297056 ], [ 121.5211344, 31.3294537 ], [ 121.5211716, 31.3294359 ], [ 121.521237, 31.3293765 ], [ 121.5213003, 31.3292347 ], [ 121.5218035, 31.3249904 ], [ 121.521791, 31.3237593 ], [ 121.5213957, 31.3167432 ], [ 121.5276722, 31.3167401 ], [ 121.5276703, 31.3164631 ], [ 121.5276604, 31.3159777 ], [ 121.527652, 31.3156192 ], [ 121.5276414, 31.3151687 ], [ 121.5276375, 31.3147734 ], [ 121.5276322, 31.3144741 ], [ 121.5276216, 31.3140462 ], [ 121.5276162, 31.3135736 ], [ 121.5410037, 31.3136303 ], [ 121.5416435, 31.3136394 ], [ 121.5416709, 31.3143962 ], [ 121.5416971, 31.3147142 ], [ 121.5416509, 31.3161514 ], [ 121.5416126, 31.3166517 ], [ 121.5449406, 31.3166893 ], [ 121.5452158, 31.3167092 ], [ 121.5456297, 31.3169453 ], [ 121.5457218, 31.317014 ], [ 121.5458418, 31.3170638 ], [ 121.5546525, 31.3181594 ], [ 121.5560195, 31.3182074 ], [ 121.5578885, 31.3182375 ], [ 121.5579372, 31.318878 ], [ 121.5579831, 31.3221395 ], [ 121.5576013, 31.3258575 ], [ 121.556181, 31.3299014 ], [ 121.5550509, 31.3326407 ], [ 121.5528366, 31.335093 ], [ 121.5503168, 31.3377148 ], [ 121.5479039, 31.3392279 ], [ 121.5460155, 31.3401323 ], [ 121.5348827, 31.3438626 ], [ 121.5302554, 31.3448669 ], [ 121.523536, 31.3477753 ], [ 121.5210506, 31.3490958 ] ] ] ] } },
{ "type": "Feature", "properties": { "district": "杨浦区", "official_control_code_2023": "310110018000", "official_control_name_2023": "大桥街道", "osm_name": "大桥街道", "osm_relation_id_source": "13466384", "admin_level": "8", "boundary": "administrative", "geometry_is_approximate": true, "source_snapshot_date": "2026-08-19", "source_pbf_sha256": "cba608c2e67cbd2ee7616dcee6833e575e818237048faabf4c0e447acd6c0b6f", "source_url": "https://download.openstreetmap.fr/extracts/asia/china/shanghai.osm.pbf", "license": "OpenStreetMap contributors, Open Database License 1.0" }, "geometry": { "type": "MultiPolygon", "coordinates": [ [ [ [ 121.5308189, 31.2786053 ], [ 121.5302075, 31.2784974 ], [ 121.5294182, 31.278319 ], [ 121.5280061, 31.2780195 ], [ 121.5267939, 31.2777866 ], [ 121.5257976, 31.2775613 ], [ 121.5249093, 31.2772784 ], [ 121.5245005, 31.2771181 ], [ 121.5238281, 31.2768292 ], [ 121.5228937, 31.2763317 ], [ 121.5221133, 31.2759082 ], [ 121.5211967, 31.2754302 ], [ 121.5202092, 31.2748979 ], [ 121.5193987, 31.2744623 ], [ 121.5189705, 31.2742157 ], [ 121.5188627, 31.2741618 ], [ 121.519199, 31.2734913 ], [ 121.5193114, 31.2733567 ], [ 121.5197358, 31.2730359 ], [ 121.5198364, 31.2729219 ], [ 121.5200556, 31.2723818 ], [ 121.5202288, 31.2722125 ], [ 121.5204426, 31.2720984 ], [ 121.520526, 31.2720298 ], [ 121.520881, 31.271451 ], [ 121.5211962, 31.2710349 ], [ 121.5224803, 31.2698373 ], [ 121.5226394, 31.2696146 ], [ 121.5228688, 31.2686624 ], [ 121.5231119, 31.2683306 ], [ 121.5231145, 31.2683265 ], [ 121.5231336, 31.2682823 ], [ 121.5235108, 31.2678606 ], [ 121.5237154, 31.2674599 ], [ 121.5240759, 31.266832 ], [ 121.5245676, 31.2659391 ], [ 121.5252289, 31.2651363 ], [ 121.5254022, 31.2649568 ], [ 121.5256962, 31.2647173 ], [ 121.5257848, 31.2645633 ], [ 121.5258352, 31.2643152 ], [ 121.5259085, 31.2641951 ], [ 121.5262887, 31.2639106 ], [ 121.5263956, 31.2637696 ], [ 121.5265163, 31.2635503 ], [ 121.5266201, 31.2632996 ], [ 121.5267194, 31.263156 ], [ 121.5268156, 31.2630882 ], [ 121.5269454, 31.2630255 ], [ 121.5271073, 31.2627644 ], [ 121.5271679, 31.2626248 ], [ 121.5273707, 31.2621574 ], [ 121.5274425, 31.2620797 ], [ 121.5281878, 31.2612658 ], [ 121.528371, 31.2610974 ], [ 121.5294683, 31.2601914 ], [ 121.5295218, 31.2601196 ], [ 121.5295767, 31.2599851 ], [ 121.5295767, 31.2597932 ], [ 121.529534, 31.2592737 ], [ 121.5295752, 31.2591679 ], [ 121.5296195, 31.2590752 ], [ 121.52976, 31.2589525 ], [ 121.5299585, 31.2588154 ], [ 121.5301647, 31.2587345 ], [ 121.530771, 31.2585321 ], [ 121.5309176, 31.258416 ], [ 121.5310657, 31.2582332 ], [ 121.5311744, 31.2580615 ], [ 121.5316873, 31.2572515 ], [ 121.5317362, 31.2571144 ], [ 121.531701, 31.2568859 ], [ 121.5315773, 31.2565595 ], [ 121.5315559, 31.2561888 ], [ 121.5315636, 31.2560752 ], [ 121.5318492, 31.2553076 ], [ 121.5339383, 31.2529256 ], [ 121.5376384, 31.254873 ], [ 121.5413621, 31.2573432 ], [ 121.5460561, 31.2606219 ], [ 121.5501162, 31.2636017 ], [ 121.5484945, 31.2650852 ], [ 121.5454514, 31.2684618 ], [ 121.5449302, 31.2680801 ], [ 121.5445566, 31.2677893 ], [ 121.5440162, 31.2673559 ], [ 121.5425919, 31.2685688 ], [ 121.5422559, 31.2688515 ], [ 121.5421923, 31.2688827 ], [ 121.5420859, 31.2689354 ], [ 121.5419909, 31.2689791 ], [ 121.5419325, 31.2690183 ], [ 121.5417749, 31.2691476 ], [ 121.5415433, 31.2694847 ], [ 121.5397966, 31.271041 ], [ 121.5375992, 31.2729334 ], [ 121.5365203, 31.2739679 ], [ 121.5362109, 31.2743104 ], [ 121.536498, 31.2744923 ], [ 121.5368822, 31.2748015 ], [ 121.5374026, 31.2751751 ], [ 121.538053, 31.275625 ], [ 121.5386364, 31.2759812 ], [ 121.5390064, 31.276221 ], [ 121.5393438, 31.2764346 ], [ 121.5389848, 31.2769215 ], [ 121.5366371, 31.2800321 ], [ 121.5360916, 31.2798258 ], [ 121.5355663, 31.2796441 ], [ 121.5347791, 31.2794637 ], [ 121.534089, 31.2793136 ], [ 121.5329212, 31.2790713 ], [ 121.5321171, 31.2788975 ], [ 121.5314192, 31.2787488 ], [ 121.5308189, 31.2786053 ] ] ] ] } },
{ "type": "Feature", "properties": { "district": "杨浦区", "official_control_code_2023": "310110019000", "official_control_name_2023": "五角场街道", "osm_name": "五角场街道", "osm_relation_id_source": "13466003", "admin_level": "8", "boundary": "administrative", "geometry_is_approximate": true, "source_snapshot_date": "2026-08-19", "source_pbf_sha256": "cba608c2e67cbd2ee7616dcee6833e575e818237048faabf4c0e447acd6c0b6f", "source_url": "https://download.openstreetmap.fr/extracts/asia/china/shanghai.osm.pbf", "license": "OpenStreetMap contributors, Open Database License 1.0" }, "geometry": { "type": "MultiPolygon", "coordinates": [ [ [ [ 121.4982298, 31.2915871 ], [ 121.4977882, 31.2921647 ], [ 121.4977014, 31.2923003 ], [ 121.4976252, 31.2924505 ], [ 121.4975683, 31.2926007 ], [ 121.4974756, 31.2929298 ], [ 121.4972732, 31.293835 ], [ 121.4970832, 31.2948024 ], [ 121.497066, 31.2949739 ], [ 121.4970766, 31.295112 ], [ 121.4971107, 31.2953083 ], [ 121.4971737, 31.2955209 ], [ 121.4970073, 31.295985 ], [ 121.4967883, 31.2965926 ], [ 121.4967423, 31.2966702 ], [ 121.4966729, 31.2967578 ], [ 121.4964236, 31.2970828 ], [ 121.496039, 31.2974237 ], [ 121.4913865, 31.2963639 ], [ 121.4893802, 31.2959055 ], [ 121.487492, 31.2953004 ], [ 121.4856248, 31.2946578 ], [ 121.4844806, 31.297413 ], [ 121.4828862, 31.301194 ], [ 121.4819099, 31.3036044 ], [ 121.4815597, 31.3044656 ], [ 121.4812722, 31.3051652 ], [ 121.4811879, 31.3053673 ], [ 121.4811325, 31.305521 ], [ 121.4810712, 31.3057086 ], [ 121.4810164, 31.3059418 ], [ 121.4809864, 31.3061163 ], [ 121.48096, 31.3063229 ], [ 121.4809393, 31.3065138 ], [ 121.480922, 31.3067698 ], [ 121.4809231, 31.3070442 ], [ 121.480932, 31.3086911 ], [ 121.4809278, 31.3104873 ], [ 121.4808898, 31.3122546 ], [ 121.4809065, 31.3134762 ], [ 121.4887859, 31.3134502 ], [ 121.4916325, 31.3134444 ], [ 121.4917061, 31.3120964 ], [ 121.4917663, 31.3110018 ], [ 121.4918158, 31.3099919 ], [ 121.49228, 31.309986 ], [ 121.4934878, 31.309986 ], [ 121.4959618, 31.3100018 ], [ 121.4980662, 31.3100097 ], [ 121.5004386, 31.3100044 ], [ 121.5027192, 31.3100059 ], [ 121.5038164, 31.3099972 ], [ 121.5051188, 31.3100002 ], [ 121.506675, 31.3099856 ], [ 121.5116024, 31.3099963 ], [ 121.5116767, 31.3099964 ], [ 121.5117523, 31.3099966 ], [ 121.5123034, 31.3099978 ], [ 121.5128337, 31.3099989 ], [ 121.5130569, 31.3100004 ], [ 121.5133397, 31.31 ], [ 121.5135141, 31.3100004 ], [ 121.5149096, 31.310006 ], [ 121.5149184, 31.3092042 ], [ 121.5149259, 31.3080362 ], [ 121.5149253, 31.3079117 ], [ 121.5150378, 31.3079514 ], [ 121.5151533, 31.3079608 ], [ 121.5157128, 31.3079535 ], [ 121.5160341, 31.3079552 ], [ 121.5161856, 31.3079869 ], [ 121.5163992, 31.3080411 ], [ 121.5169006, 31.3081835 ], [ 121.5173095, 31.308329 ], [ 121.5178592, 31.308456 ], [ 121.5179402, 31.3084747 ], [ 121.5182813, 31.3084942 ], [ 121.5183022, 31.3077431 ], [ 121.5184859, 31.3077944 ], [ 121.5186139, 31.3078318 ], [ 121.5187965, 31.3078468 ], [ 121.5201022, 31.3048451 ], [ 121.5179671, 31.3041817 ], [ 121.5185374, 31.302634 ], [ 121.5191651, 31.3027749 ], [ 121.5192922, 31.3022535 ], [ 121.5194142, 31.3017061 ], [ 121.5196735, 31.3009719 ], [ 121.5216209, 31.2958844 ], [ 121.5151244, 31.2936344 ], [ 121.5154231, 31.2929709 ], [ 121.5159368, 31.2918455 ], [ 121.5164038, 31.290796 ], [ 121.5168689, 31.2897379 ], [ 121.5174934, 31.288329 ], [ 121.517172, 31.2881716 ], [ 121.5169541, 31.2881352 ], [ 121.5164977, 31.288128 ], [ 121.5163121, 31.2880785 ], [ 121.5113737, 31.2868401 ], [ 121.5103793, 31.2869492 ], [ 121.5095636, 31.2868241 ], [ 121.5089965, 31.2868081 ], [ 121.5088876, 31.2868415 ], [ 121.5082319, 31.2872796 ], [ 121.5081383, 31.2873101 ], [ 121.5079918, 31.2873072 ], [ 121.507481, 31.2870766 ], [ 121.5073711, 31.2870293 ], [ 121.5071949, 31.2870439 ], [ 121.5071841, 31.2870443 ], [ 121.506633, 31.2872272 ], [ 121.5063588, 31.2873916 ], [ 121.5062055, 31.2876143 ], [ 121.5057985, 31.2877321 ], [ 121.5053796, 31.2877685 ], [ 121.5043068, 31.2881381 ], [ 121.5002932, 31.2897054 ], [ 121.4995115, 31.2902351 ], [ 121.4990756, 31.290561 ], [ 121.4984571, 31.2912566 ], [ 121.4982298, 31.2915871 ] ] ] ] } },
{ "type": "Feature", "properties": { "district": "杨浦区", "official_control_code_2023": "310110020000", "official_control_name_2023": "新江湾城街道", "osm_name": "新江湾城街道", "osm_relation_id_source": "13466494", "admin_level": "8", "boundary": "administrative", "geometry_is_approximate": true, "source_snapshot_date": "2026-08-19", "source_pbf_sha256": "cba608c2e67cbd2ee7616dcee6833e575e818237048faabf4c0e447acd6c0b6f", "source_url": "https://download.openstreetmap.fr/extracts/asia/china/shanghai.osm.pbf", "license": "OpenStreetMap contributors, Open Database License 1.0" }, "geometry": { "type": "MultiPolygon", "coordinates": [ [ [ [ 121.506675, 31.3099856 ], [ 121.5051188, 31.3100002 ], [ 121.5038164, 31.3099972 ], [ 121.5027192, 31.3100059 ], [ 121.5004386, 31.3100044 ], [ 121.4980662, 31.3100097 ], [ 121.4959618, 31.3100018 ], [ 121.4934878, 31.309986 ], [ 121.49228, 31.309986 ], [ 121.4918158, 31.3099919 ], [ 121.4917663, 31.3110018 ], [ 121.4917061, 31.3120964 ], [ 121.4916325, 31.3134444 ], [ 121.4922113, 31.3134544 ], [ 121.4920624, 31.3164115 ], [ 121.4919122, 31.3187396 ], [ 121.491762, 31.3226349 ], [ 121.4916997, 31.3248865 ], [ 121.4916869, 31.3253477 ], [ 121.4917299, 31.3254944 ], [ 121.4918479, 31.325586 ], [ 121.4920322, 31.3256484 ], [ 121.4923538, 31.3258006 ], [ 121.4925889, 31.3259036 ], [ 121.4927568, 31.3259892 ], [ 121.4929711, 31.3261284 ], [ 121.4934009, 31.3265608 ], [ 121.4936929, 31.3267942 ], [ 121.4944528, 31.3272175 ], [ 121.4944898, 31.3272876 ], [ 121.4945287, 31.3273749 ], [ 121.4944967, 31.327559 ], [ 121.4944604, 31.3276697 ], [ 121.4942486, 31.3281396 ], [ 121.4935287, 31.3293567 ], [ 121.4932919, 31.3298159 ], [ 121.4930713, 31.3300599 ], [ 121.4924924, 31.3303553 ], [ 121.4907905, 31.3312773 ], [ 121.4892106, 31.3321332 ], [ 121.4891504, 31.3322926 ], [ 121.4891492, 31.3324296 ], [ 121.4892908, 31.3326742 ], [ 121.4892864, 31.3327615 ], [ 121.4892538, 31.3328444 ], [ 121.4892623, 31.3328548 ], [ 121.4896729, 31.3333118 ], [ 121.4902123, 31.3339556 ], [ 121.4920144, 31.33628 ], [ 121.4959235, 31.3412697 ], [ 121.4971953, 31.342866 ], [ 121.4995851, 31.3459539 ], [ 121.5011982, 31.348043 ], [ 121.504473, 31.3466326 ], [ 121.5046581, 31.3465529 ], [ 121.5066822, 31.3457319 ], [ 121.5091699, 31.3446977 ], [ 121.5132734, 31.3427869 ], [ 121.5136224, 31.3431141 ], [ 121.5151647, 31.3448366 ], [ 121.5159202, 31.3456804 ], [ 121.5170003, 31.3452101 ], [ 121.5184701, 31.3445575 ], [ 121.5195709, 31.3440934 ], [ 121.520645, 31.3436167 ], [ 121.5217985, 31.3431182 ], [ 121.5229356, 31.3426136 ], [ 121.5240377, 31.342133 ], [ 121.5246963, 31.3418386 ], [ 121.5247555, 31.3408815 ], [ 121.5245975, 31.3409526 ], [ 121.5240763, 31.3410238 ], [ 121.5240054, 31.3408496 ], [ 121.5238462, 31.3406584 ], [ 121.5234606, 31.3405139 ], [ 121.5229357, 31.340397 ], [ 121.5222131, 31.3403237 ], [ 121.5212205, 31.3400401 ], [ 121.5205364, 31.3397968 ], [ 121.5201657, 31.3396098 ], [ 121.519948, 31.3392561 ], [ 121.5199057, 31.3390978 ], [ 121.5199642, 31.3388895 ], [ 121.5200799, 31.3387748 ], [ 121.520252, 31.3386549 ], [ 121.5206339, 31.3385358 ], [ 121.5213887, 31.3380296 ], [ 121.5218767, 31.3376766 ], [ 121.5226379, 31.3370963 ], [ 121.52314, 31.3367174 ], [ 121.5241697, 31.3360373 ], [ 121.5246367, 31.3359116 ], [ 121.5244698, 31.3351098 ], [ 121.5242035, 31.3340056 ], [ 121.5240308, 31.3335385 ], [ 121.5236303, 31.3326027 ], [ 121.5226485, 31.3312536 ], [ 121.5219757, 31.3303802 ], [ 121.5213913, 31.3297056 ], [ 121.5211344, 31.3294537 ], [ 121.5207749, 31.3291311 ], [ 121.519472, 31.3281259 ], [ 121.5182531, 31.3271884 ], [ 121.5169782, 31.326223 ], [ 121.5163571, 31.3257364 ], [ 121.5158574, 31.3253095 ], [ 121.5152036, 31.3247031 ], [ 121.5146058, 31.3240369 ], [ 121.5139007, 31.323255 ], [ 121.5132142, 31.3224811 ], [ 121.5126865, 31.3218827 ], [ 121.512028, 31.3210888 ], [ 121.5113555, 31.3203268 ], [ 121.5109352, 31.31988 ], [ 121.5104028, 31.3192696 ], [ 121.5098751, 31.3186831 ], [ 121.5093801, 31.3181326 ], [ 121.5088711, 31.317578 ], [ 121.5083667, 31.3170155 ], [ 121.5078203, 31.3164011 ], [ 121.5072226, 31.3156949 ], [ 121.5064613, 31.3148491 ], [ 121.5058916, 31.3142068 ], [ 121.5055087, 31.3138078 ], [ 121.5051164, 31.3135285 ], [ 121.5046541, 31.3132891 ], [ 121.5049902, 31.3127507 ], [ 121.505403, 31.3120663 ], [ 121.5058036, 31.3114109 ], [ 121.5063551, 31.3105185 ], [ 121.506675, 31.3099856 ] ] ] ] } },
{ "type": "Feature", "properties": { "district": "杨浦区", "official_control_code_2023": "310110021000", "official_control_name_2023": "长海路街道", "osm_name": "长海路街道", "osm_relation_id_source": "13466408", "admin_level": "8", "boundary": "administrative", "geometry_is_approximate": true, "source_snapshot_date": "2026-08-19", "source_pbf_sha256": "cba608c2e67cbd2ee7616dcee6833e575e818237048faabf4c0e447acd6c0b6f", "source_url": "https://download.openstreetmap.fr/extracts/asia/china/shanghai.osm.pbf", "license": "OpenStreetMap contributors, Open Database License 1.0" }, "geometry": { "type": "MultiPolygon", "coordinates": [ [ [ [ 121.5174934, 31.288329 ], [ 121.5194342, 31.2891572 ], [ 121.5207254, 31.2894505 ], [ 121.5216093, 31.2895265 ], [ 121.5217854, 31.2895751 ], [ 121.5219775, 31.2897423 ], [ 121.5224185, 31.2904095 ], [ 121.5225359, 31.2906025 ], [ 121.5227973, 31.2908107 ], [ 121.5232206, 31.2909745 ], [ 121.5232971, 31.2909885 ], [ 121.5233406, 31.2910003 ], [ 121.5236713, 31.2910611 ], [ 121.5241937, 31.2910496 ], [ 121.5243388, 31.2910811 ], [ 121.5244359, 31.2911412 ], [ 121.5253579, 31.2921008 ], [ 121.5255834, 31.2921981 ], [ 121.5298429, 31.2941248 ], [ 121.5308318, 31.2948154 ], [ 121.5328652, 31.2962221 ], [ 121.5342935, 31.2971321 ], [ 121.5353085, 31.2977836 ], [ 121.5375219, 31.2988769 ], [ 121.5381773, 31.2994182 ], [ 121.5383739, 31.2999856 ], [ 121.5381773, 31.3006818 ], [ 121.5381641, 31.3009301 ], [ 121.5382799, 31.301253 ], [ 121.5384459, 31.3014322 ], [ 121.5387256, 31.3016533 ], [ 121.5393874, 31.3019137 ], [ 121.5405234, 31.3024438 ], [ 121.5409603, 31.3027387 ], [ 121.541052, 31.3028843 ], [ 121.5410957, 31.3031605 ], [ 121.5411896, 31.3036327 ], [ 121.5412595, 31.3038119 ], [ 121.5413556, 31.3039053 ], [ 121.541526, 31.3039612 ], [ 121.5497221, 31.305055 ], [ 121.5507914, 31.305265 ], [ 121.5511813, 31.3053499 ], [ 121.551549, 31.3054295 ], [ 121.5522608, 31.3055032 ], [ 121.552612, 31.3055242 ], [ 121.5529694, 31.3054821 ], [ 121.553466, 31.3054996 ], [ 121.5540036, 31.3055053 ], [ 121.5574946, 31.3055415 ], [ 121.5574027, 31.3118459 ], [ 121.5578885, 31.3182375 ], [ 121.5560195, 31.3182074 ], [ 121.5546525, 31.3181594 ], [ 121.5458418, 31.3170638 ], [ 121.5457218, 31.317014 ], [ 121.5456297, 31.3169453 ], [ 121.5452158, 31.3167092 ], [ 121.5449406, 31.3166893 ], [ 121.5416126, 31.3166517 ], [ 121.5416509, 31.3161514 ], [ 121.5416971, 31.3147142 ], [ 121.5416709, 31.3143962 ], [ 121.5416435, 31.3136394 ], [ 121.5410037, 31.3136303 ], [ 121.5276162, 31.3135736 ], [ 121.5276216, 31.3140462 ], [ 121.5276322, 31.3144741 ], [ 121.5276375, 31.3147734 ], [ 121.5276414, 31.3151687 ], [ 121.527652, 31.3156192 ], [ 121.5276604, 31.3159777 ], [ 121.5276703, 31.3164631 ], [ 121.5276722, 31.3167401 ], [ 121.5213957, 31.3167432 ], [ 121.521791, 31.3237593 ], [ 121.5218035, 31.3249904 ], [ 121.5213003, 31.3292347 ], [ 121.521237, 31.3293765 ], [ 121.5211716, 31.3294359 ], [ 121.5211344, 31.3294537 ], [ 121.5207749, 31.3291311 ], [ 121.519472, 31.3281259 ], [ 121.5182531, 31.3271884 ], [ 121.5169782, 31.326223 ], [ 121.5163571, 31.3257364 ], [ 121.5158574, 31.3253095 ], [ 121.5152036, 31.3247031 ], [ 121.5146058, 31.3240369 ], [ 121.5139007, 31.323255 ], [ 121.5132142, 31.3224811 ], [ 121.5126865, 31.3218827 ], [ 121.512028, 31.3210888 ], [ 121.5113555, 31.3203268 ], [ 121.5109352, 31.31988 ], [ 121.5104028, 31.3192696 ], [ 121.5098751, 31.3186831 ], [ 121.5093801, 31.3181326 ], [ 121.5088711, 31.317578 ], [ 121.5083667, 31.3170155 ], [ 121.5078203, 31.3164011 ], [ 121.5072226, 31.3156949 ], [ 121.5064613, 31.3148491 ], [ 121.5058916, 31.3142068 ], [ 121.5055087, 31.3138078 ], [ 121.5051164, 31.3135285 ], [ 121.5046541, 31.3132891 ], [ 121.5049902, 31.3127507 ], [ 121.505403, 31.3120663 ], [ 121.5058036, 31.3114109 ], [ 121.5063551, 31.3105185 ], [ 121.506675, 31.3099856 ], [ 121.5116024, 31.3099963 ], [ 121.5116767, 31.3099964 ], [ 121.5117523, 31.3099966 ], [ 121.5123034, 31.3099978 ], [ 121.5128337, 31.3099989 ], [ 121.5130569, 31.3100004 ], [ 121.5133397, 31.31 ], [ 121.5135141, 31.3100004 ], [ 121.5149096, 31.310006 ], [ 121.5149184, 31.3092042 ], [ 121.5149259, 31.3080362 ], [ 121.5149253, 31.3079117 ], [ 121.5150378, 31.3079514 ], [ 121.5151533, 31.3079608 ], [ 121.5157128, 31.3079535 ], [ 121.5160341, 31.3079552 ], [ 121.5161856, 31.3079869 ], [ 121.5163992, 31.3080411 ], [ 121.5169006, 31.3081835 ], [ 121.5173095, 31.308329 ], [ 121.5178592, 31.308456 ], [ 121.5179402, 31.3084747 ], [ 121.5182813, 31.3084942 ], [ 121.5183022, 31.3077431 ], [ 121.5184859, 31.3077944 ], [ 121.5186139, 31.3078318 ], [ 121.5187965, 31.3078468 ], [ 121.5201022, 31.3048451 ], [ 121.5179671, 31.3041817 ], [ 121.5185374, 31.302634 ], [ 121.5191651, 31.3027749 ], [ 121.5192922, 31.3022535 ], [ 121.5194142, 31.3017061 ], [ 121.5196735, 31.3009719 ], [ 121.5216209, 31.2958844 ], [ 121.5151244, 31.2936344 ], [ 121.5154231, 31.2929709 ], [ 121.5159368, 31.2918455 ], [ 121.5164038, 31.290796 ], [ 121.5168689, 31.2897379 ], [ 121.5174934, 31.288329 ] ] ] ] } },
{ "type": "Feature", "properties": { "district": "浦东新区", "official_control_code_2023": "310115004000", "official_control_name_2023": "潍坊新村街道", "osm_name": "潍坊新村街道", "osm_relation_id_source": "12867311", "admin_level": "8", "boundary": "administrative", "geometry_is_approximate": true, "source_snapshot_date": "2026-08-19", "source_pbf_sha256": "cba608c2e67cbd2ee7616dcee6833e575e818237048faabf4c0e447acd6c0b6f", "source_url": "https://download.openstreetmap.fr/extracts/asia/china/shanghai.osm.pbf", "license": "OpenStreetMap contributors, Open Database License 1.0" }, "geometry": { "type": "MultiPolygon", "coordinates": [ [ [ [ 121.5025807, 31.2254751 ], [ 121.5028044, 31.2251501 ], [ 121.5041588, 31.2230427 ], [ 121.504905, 31.2214984 ], [ 121.505739, 31.2188386 ], [ 121.5059334, 31.2177071 ], [ 121.5059457, 31.2175022 ], [ 121.5087762, 31.2172811 ], [ 121.5096381, 31.2172116 ], [ 121.5101504, 31.2171212 ], [ 121.5109147, 31.2170586 ], [ 121.5115408, 31.216996 ], [ 121.5120937, 31.2169682 ], [ 121.512614, 31.2170447 ], [ 121.513045, 31.2171212 ], [ 121.5134515, 31.2170169 ], [ 121.5139231, 31.21685 ], [ 121.5143785, 31.2168291 ], [ 121.5147931, 31.2168847 ], [ 121.5151184, 31.2171768 ], [ 121.5154761, 31.2174689 ], [ 121.5158583, 31.2175732 ], [ 121.5172324, 31.217601 ], [ 121.5174926, 31.2175384 ], [ 121.5176715, 31.2173576 ], [ 121.5179479, 31.2172672 ], [ 121.5181837, 31.2173645 ], [ 121.5184846, 31.2177192 ], [ 121.518883, 31.2178513 ], [ 121.5194115, 31.21774 ], [ 121.5199156, 31.2177261 ], [ 121.5205173, 31.2178443 ], [ 121.5209645, 31.2178096 ], [ 121.5213548, 31.2176357 ], [ 121.5216963, 31.2176079 ], [ 121.5221435, 31.2179069 ], [ 121.5226639, 31.2183867 ], [ 121.5231517, 31.2190612 ], [ 121.5237941, 31.2196801 ], [ 121.524225, 31.2201112 ], [ 121.5243632, 31.2205214 ], [ 121.524534, 31.22089 ], [ 121.524908, 31.2210638 ], [ 121.5257374, 31.2211194 ], [ 121.5264448, 31.2212933 ], [ 121.5272904, 31.2215366 ], [ 121.528014, 31.2215158 ], [ 121.5290467, 31.2212279 ], [ 121.5315466, 31.2202828 ], [ 121.532234, 31.2219191 ], [ 121.5327462, 31.2227535 ], [ 121.5335129, 31.223705 ], [ 121.5347796, 31.2247441 ], [ 121.534479, 31.2253283 ], [ 121.5343697, 31.2255571 ], [ 121.5318125, 31.231002 ], [ 121.5302855, 31.2333553 ], [ 121.5298312, 31.2340673 ], [ 121.5293907, 31.2348826 ], [ 121.5120481, 31.2292715 ], [ 121.5089635, 31.228124 ], [ 121.5066047, 31.2270933 ], [ 121.5045823, 31.2263292 ], [ 121.5025807, 31.2254751 ] ] ] ] } },
{ "type": "Feature", "properties": { "district": "浦东新区", "official_control_code_2023": "310115005000", "official_control_name_2023": "陆家嘴街道", "osm_name": "陆家嘴街道", "osm_relation_id_source": "12867312", "admin_level": "8", "boundary": "administrative", "geometry_is_approximate": true, "source_snapshot_date": "2026-08-19", "source_pbf_sha256": "cba608c2e67cbd2ee7616dcee6833e575e818237048faabf4c0e447acd6c0b6f", "source_url": "https://download.openstreetmap.fr/extracts/asia/china/shanghai.osm.pbf", "license": "OpenStreetMap contributors, Open Database License 1.0" }, "geometry": { "type": "MultiPolygon", "coordinates": [ [ [ [ 121.4936267, 31.2338598 ], [ 121.4956497, 31.2322923 ], [ 121.4975308, 31.2306944 ], [ 121.4998321, 31.2284531 ], [ 121.500917, 31.2272949 ], [ 121.5022212, 31.225874 ], [ 121.5025807, 31.2254751 ], [ 121.5045823, 31.2263292 ], [ 121.5066047, 31.2270933 ], [ 121.5089635, 31.228124 ], [ 121.5120481, 31.2292715 ], [ 121.5293907, 31.2348826 ], [ 121.5276748, 31.2382811 ], [ 121.5249888, 31.2429752 ], [ 121.5236712, 31.2447061 ], [ 121.5232286, 31.2453577 ], [ 121.5229396, 31.245783 ], [ 121.5224458, 31.2472189 ], [ 121.522173, 31.2492025 ], [ 121.5195853, 31.2490817 ], [ 121.5120974, 31.2493126 ], [ 121.5075567, 31.2494795 ], [ 121.5055451, 31.2494651 ], [ 121.5020037, 31.248981 ], [ 121.49842, 31.2480127 ], [ 121.4955632, 31.2469505 ], [ 121.4934671, 31.2460255 ], [ 121.4907192, 31.2445748 ], [ 121.4902829, 31.2441073 ], [ 121.4896255, 31.2431441 ], [ 121.4891892, 31.2421349 ], [ 121.4889903, 31.2413211 ], [ 121.4888963, 31.2404365 ], [ 121.4889214, 31.2399218 ], [ 121.4890969, 31.238887 ], [ 121.4893478, 31.2382276 ], [ 121.4897616, 31.2373912 ], [ 121.4901002, 31.236855 ], [ 121.4918497, 31.235134 ], [ 121.4930411, 31.2343136 ], [ 121.4936267, 31.2338598 ] ] ] ] } },
{ "type": "Feature", "properties": { "district": "浦东新区", "official_control_code_2023": "310115007000", "official_control_name_2023": "周家渡街道", "osm_name": "周家渡街道", "osm_relation_id_source": "14178772", "admin_level": "8", "boundary": "administrative", "geometry_is_approximate": true, "source_snapshot_date": "2026-08-19", "source_pbf_sha256": "cba608c2e67cbd2ee7616dcee6833e575e818237048faabf4c0e447acd6c0b6f", "source_url": "https://download.openstreetmap.fr/extracts/asia/china/shanghai.osm.pbf", "license": "OpenStreetMap contributors, Open Database License 1.0" }, "geometry": { "type": "MultiPolygon", "coordinates": [ [ [ [ 121.4918058, 31.1958894 ], [ 121.4883946, 31.1941676 ], [ 121.4870138, 31.1937125 ], [ 121.4874387, 31.1916993 ], [ 121.4880819, 31.1888761 ], [ 121.4882579, 31.1889617 ], [ 121.4886617, 31.187326 ], [ 121.4908719, 31.1768805 ], [ 121.4913225, 31.174402 ], [ 121.4915585, 31.1736401 ], [ 121.4922237, 31.1712626 ], [ 121.4924598, 31.1703813 ], [ 121.4925563, 31.1680404 ], [ 121.5023088, 31.1698672 ], [ 121.5097363, 31.1712926 ], [ 121.5150332, 31.1723091 ], [ 121.514883, 31.172713 ], [ 121.5144861, 31.1743561 ], [ 121.5144753, 31.1753292 ], [ 121.5144431, 31.1761461 ], [ 121.5147303, 31.1775448 ], [ 121.5155911, 31.1800932 ], [ 121.5161938, 31.181623 ], [ 121.5161154, 31.1816496 ], [ 121.5158406, 31.1818852 ], [ 121.5154517, 31.1827275 ], [ 121.5147006, 31.1848294 ], [ 121.5136155, 31.1876498 ], [ 121.5135741, 31.1877573 ], [ 121.512984, 31.1889597 ], [ 121.5115303, 31.1916305 ], [ 121.5109026, 31.1913368 ], [ 121.509186, 31.1909513 ], [ 121.5082848, 31.1902905 ], [ 121.5062356, 31.1894278 ], [ 121.5051627, 31.1893084 ], [ 121.5039289, 31.1889597 ], [ 121.5033817, 31.1886752 ], [ 121.5023732, 31.188253 ], [ 121.5019655, 31.1879776 ], [ 121.5015471, 31.1879225 ], [ 121.5002596, 31.1888587 ], [ 121.4997554, 31.189336 ], [ 121.4984894, 31.1898408 ], [ 121.498189, 31.1901528 ], [ 121.497792, 31.1905475 ], [ 121.4978027, 31.1909146 ], [ 121.4979207, 31.1915754 ], [ 121.4980709, 31.1922821 ], [ 121.4979207, 31.1939066 ], [ 121.4977813, 31.1953016 ], [ 121.4976311, 31.1959623 ], [ 121.497041, 31.1972747 ], [ 121.4964616, 31.198119 ], [ 121.4955619, 31.199746 ], [ 121.4939127, 31.1979277 ], [ 121.4918058, 31.1958894 ] ] ] ] } },
{ "type": "Feature", "properties": { "district": "浦东新区", "official_control_code_2023": "310115008000", "official_control_name_2023": "塘桥街道", "osm_name": "塘桥街道", "osm_relation_id_source": "12867313", "admin_level": "8", "boundary": "administrative", "geometry_is_approximate": true, "source_snapshot_date": "2026-08-19", "source_pbf_sha256": "cba608c2e67cbd2ee7616dcee6833e575e818237048faabf4c0e447acd6c0b6f", "source_url": "https://download.openstreetmap.fr/extracts/asia/china/shanghai.osm.pbf", "license": "OpenStreetMap contributors, Open Database License 1.0" }, "geometry": { "type": "MultiPolygon", "coordinates": [ [ [ [ 121.5315466, 31.2202828 ], [ 121.5290467, 31.2212279 ], [ 121.528014, 31.2215158 ], [ 121.5272904, 31.2215366 ], [ 121.5264448, 31.2212933 ], [ 121.5257374, 31.2211194 ], [ 121.524908, 31.2210638 ], [ 121.524534, 31.22089 ], [ 121.5243632, 31.2205214 ], [ 121.524225, 31.2201112 ], [ 121.5237941, 31.2196801 ], [ 121.5231517, 31.2190612 ], [ 121.5226639, 31.2183867 ], [ 121.5221435, 31.2179069 ], [ 121.5216963, 31.2176079 ], [ 121.5213548, 31.2176357 ], [ 121.5209645, 31.2178096 ], [ 121.5205173, 31.2178443 ], [ 121.5199156, 31.2177261 ], [ 121.5194115, 31.21774 ], [ 121.518883, 31.2178513 ], [ 121.5184846, 31.2177192 ], [ 121.5181837, 31.2173645 ], [ 121.5179479, 31.2172672 ], [ 121.5176715, 31.2173576 ], [ 121.5174926, 31.2175384 ], [ 121.5172324, 31.217601 ], [ 121.5158583, 31.2175732 ], [ 121.5154761, 31.2174689 ], [ 121.5151184, 31.2171768 ], [ 121.5147931, 31.2168847 ], [ 121.5143785, 31.2168291 ], [ 121.5139231, 31.21685 ], [ 121.5134515, 31.2170169 ], [ 121.513045, 31.2171212 ], [ 121.512614, 31.2170447 ], [ 121.5120937, 31.2169682 ], [ 121.5115408, 31.216996 ], [ 121.5109147, 31.2170586 ], [ 121.5101504, 31.2171212 ], [ 121.5096381, 31.2172116 ], [ 121.5087762, 31.2172811 ], [ 121.5059457, 31.2175022 ], [ 121.5059585, 31.2172888 ], [ 121.5058331, 31.2162592 ], [ 121.5052413, 31.2148401 ], [ 121.5052248, 31.2148005 ], [ 121.5041714, 31.2128645 ], [ 121.5016945, 31.2087672 ], [ 121.5009527, 31.2076117 ], [ 121.5037511, 31.2065323 ], [ 121.5086296, 31.2047032 ], [ 121.5124105, 31.2038478 ], [ 121.5224303, 31.2015462 ], [ 121.5226432, 31.201534 ], [ 121.5228131, 31.2015861 ], [ 121.5229562, 31.2016702 ], [ 121.5230885, 31.2017819 ], [ 121.523795, 31.202426 ], [ 121.5243728, 31.2029553 ], [ 121.5247877, 31.2035068 ], [ 121.525149, 31.2041317 ], [ 121.5255928, 31.2053513 ], [ 121.5315466, 31.2202828 ] ] ] ] } },
{ "type": "Feature", "properties": { "district": "浦东新区", "official_control_code_2023": "310115009000", "official_control_name_2023": "上钢新村街道", "osm_name": "上钢新村街道", "osm_relation_id_source": "14178805", "admin_level": "8", "boundary": "administrative", "geometry_is_approximate": true, "source_snapshot_date": "2026-08-19", "source_pbf_sha256": "cba608c2e67cbd2ee7616dcee6833e575e818237048faabf4c0e447acd6c0b6f", "source_url": "https://download.openstreetmap.fr/extracts/asia/china/shanghai.osm.pbf", "license": "OpenStreetMap contributors, Open Database License 1.0" }, "geometry": { "type": "MultiPolygon", "coordinates": [ [ [ [ 121.4870138, 31.1937125 ], [ 121.4853785, 31.1932557 ], [ 121.4788383, 31.1920596 ], [ 121.4751888, 31.1913032 ], [ 121.4719269, 31.1901912 ], [ 121.4695517, 31.1890599 ], [ 121.4662356, 31.1873516 ], [ 121.464541, 31.185988 ], [ 121.4628189, 31.1839897 ], [ 121.4618131, 31.1828064 ], [ 121.4610971, 31.1815773 ], [ 121.460656, 31.1798388 ], [ 121.4606296, 31.1790211 ], [ 121.4605838, 31.1779866 ], [ 121.4606662, 31.1765289 ], [ 121.4608586, 31.1755963 ], [ 121.4617288, 31.1732372 ], [ 121.462883, 31.1706037 ], [ 121.4646326, 31.1670688 ], [ 121.4650631, 31.1652817 ], [ 121.4653654, 31.1635338 ], [ 121.4653346, 31.1628135 ], [ 121.4668607, 31.1630555 ], [ 121.4743066, 31.1644142 ], [ 121.47892, 31.1651853 ], [ 121.4831257, 31.1663788 ], [ 121.4925563, 31.1680404 ], [ 121.4924598, 31.1703813 ], [ 121.4922237, 31.1712626 ], [ 121.4915585, 31.1736401 ], [ 121.4913225, 31.174402 ], [ 121.4908719, 31.1768805 ], [ 121.4886617, 31.187326 ], [ 121.4882579, 31.1889617 ], [ 121.4880819, 31.1888761 ], [ 121.4874387, 31.1916993 ], [ 121.4870138, 31.1937125 ] ] ] ] } },
{ "type": "Feature", "properties": { "district": "浦东新区", "official_control_code_2023": "310115010000", "official_control_name_2023": "南码头路街道", "osm_name": "南码头路街道", "osm_relation_id_source": "14178760", "admin_level": "8", "boundary": "administrative", "geometry_is_approximate": true, "source_snapshot_date": "2026-08-19", "source_pbf_sha256": "cba608c2e67cbd2ee7616dcee6833e575e818237048faabf4c0e447acd6c0b6f", "source_url": "https://download.openstreetmap.fr/extracts/asia/china/shanghai.osm.pbf", "license": "OpenStreetMap contributors, Open Database License 1.0" }, "geometry": { "type": "MultiPolygon", "coordinates": [ [ [ [ 121.4955619, 31.199746 ], [ 121.4964616, 31.198119 ], [ 121.497041, 31.1972747 ], [ 121.4976311, 31.1959623 ], [ 121.4977813, 31.1953016 ], [ 121.4979207, 31.1939066 ], [ 121.4980709, 31.1922821 ], [ 121.4979207, 31.1915754 ], [ 121.4978027, 31.1909146 ], [ 121.497792, 31.1905475 ], [ 121.498189, 31.1901528 ], [ 121.4984894, 31.1898408 ], [ 121.4997554, 31.189336 ], [ 121.5002596, 31.1888587 ], [ 121.5015471, 31.1879225 ], [ 121.5019655, 31.1879776 ], [ 121.5023732, 31.188253 ], [ 121.5033817, 31.1886752 ], [ 121.5039289, 31.1889597 ], [ 121.5051627, 31.1893084 ], [ 121.5062356, 31.1894278 ], [ 121.5082848, 31.1902905 ], [ 121.509186, 31.1909513 ], [ 121.5109026, 31.1913368 ], [ 121.5115303, 31.1916305 ], [ 121.512984, 31.1889597 ], [ 121.5135741, 31.1877573 ], [ 121.5136155, 31.1876498 ], [ 121.5147006, 31.1848294 ], [ 121.5154517, 31.1827275 ], [ 121.5158406, 31.1818852 ], [ 121.5161154, 31.1816496 ], [ 121.5161938, 31.181623 ], [ 121.5193629, 31.1897636 ], [ 121.5205538, 31.1926409 ], [ 121.521691, 31.1954217 ], [ 121.5226727, 31.1980189 ], [ 121.5230375, 31.1990927 ], [ 121.5231019, 31.1994597 ], [ 121.5229195, 31.2005197 ], [ 121.5228551, 31.2010795 ], [ 121.5226512, 31.201364 ], [ 121.5224303, 31.2015462 ], [ 121.5124105, 31.2038478 ], [ 121.5086296, 31.2047032 ], [ 121.5037511, 31.2065323 ], [ 121.5009527, 31.2076117 ], [ 121.5001143, 31.2063055 ], [ 121.4964899, 31.200808 ], [ 121.4955619, 31.199746 ] ] ] ] } },
{ "type": "Feature", "properties": { "district": "浦东新区", "official_control_code_2023": "310115011000", "official_control_name_2023": "沪东新村街道", "osm_name": "沪东新村街道", "osm_relation_id_source": "14178858", "admin_level": "8", "boundary": "administrative", "geometry_is_approximate": true, "source_snapshot_date": "2026-08-19", "source_pbf_sha256": "cba608c2e67cbd2ee7616dcee6833e575e818237048faabf4c0e447acd6c0b6f", "source_url": "https://download.openstreetmap.fr/extracts/asia/china/shanghai.osm.pbf", "license": "OpenStreetMap contributors, Open Database License 1.0" }, "geometry": { "type": "MultiPolygon", "coordinates": [ [ [ [ 121.5770244, 31.2586694 ], [ 121.5752864, 31.2595316 ], [ 121.5735054, 31.2608155 ], [ 121.5715742, 31.2624296 ], [ 121.5696859, 31.2649425 ], [ 121.5682268, 31.267015 ], [ 121.5619182, 31.2723521 ], [ 121.5608823, 31.2732235 ], [ 121.562259, 31.2749544 ], [ 121.5633891, 31.2768469 ], [ 121.5643049, 31.2789793 ], [ 121.5649621, 31.2827332 ], [ 121.5649468, 31.2846256 ], [ 121.5647584, 31.2862884 ], [ 121.5641265, 31.2884113 ], [ 121.5697717, 31.2892418 ], [ 121.5713596, 31.2891868 ], [ 121.5753722, 31.2890218 ], [ 121.5810156, 31.2890585 ], [ 121.5845024, 31.2891318 ], [ 121.5844488, 31.2875457 ], [ 121.584202, 31.2825211 ], [ 121.584084, 31.279156 ], [ 121.5836012, 31.2713526 ], [ 121.5833759, 31.2690509 ], [ 121.5829897, 31.2667949 ], [ 121.5817559, 31.264273 ], [ 121.5809727, 31.2630716 ], [ 121.5789235, 31.2607697 ], [ 121.5770244, 31.2586694 ] ] ] ] } },
{ "type": "Feature", "properties": { "district": "浦东新区", "official_control_code_2023": "310115012000", "official_control_name_2023": "金杨新村街道", "osm_name": "金杨新村街道", "osm_relation_id_source": "14178830", "admin_level": "8", "boundary": "administrative", "geometry_is_approximate": true, "source_snapshot_date": "2026-08-19", "source_pbf_sha256": "cba608c2e67cbd2ee7616dcee6833e575e818237048faabf4c0e447acd6c0b6f", "source_url": "https://download.openstreetmap.fr/extracts/asia/china/shanghai.osm.pbf", "license": "OpenStreetMap contributors, Open Database License 1.0" }, "geometry": { "type": "MultiPolygon", "coordinates": [ [ [ [ 121.5736821, 31.243296 ], [ 121.5783763, 31.2453884 ], [ 121.5832686, 31.2482135 ], [ 121.5878287, 31.251488 ], [ 121.5809297, 31.2574955 ], [ 121.5796852, 31.2580275 ], [ 121.5770244, 31.2586694 ], [ 121.5752864, 31.2595316 ], [ 121.5735054, 31.2608155 ], [ 121.5715742, 31.2624296 ], [ 121.5696859, 31.2649425 ], [ 121.5682268, 31.267015 ], [ 121.5619182, 31.2723521 ], [ 121.5608823, 31.2732235 ], [ 121.559892, 31.2719784 ], [ 121.5543485, 31.2669399 ], [ 121.5505917, 31.2639507 ], [ 121.5501162, 31.2636017 ], [ 121.5460561, 31.2606219 ], [ 121.5413621, 31.2573432 ], [ 121.5428961, 31.256042 ], [ 121.5462412, 31.2533867 ], [ 121.5471646, 31.2527792 ], [ 121.5484416, 31.2521018 ], [ 121.5519781, 31.2501842 ], [ 121.5528131, 31.2495991 ], [ 121.5540411, 31.2485801 ], [ 121.5549055, 31.2476983 ], [ 121.5576987, 31.2448679 ], [ 121.5600367, 31.2424491 ], [ 121.5605596, 31.2417463 ], [ 121.5610093, 31.2410296 ], [ 121.5611992, 31.2406321 ], [ 121.5615182, 31.2407377 ], [ 121.5617743, 31.2403102 ], [ 121.562128, 31.2399382 ], [ 121.562498, 31.2396914 ], [ 121.5629167, 31.2395281 ], [ 121.5634046, 31.2393473 ], [ 121.5639087, 31.2392639 ], [ 121.5643905, 31.2392934 ], [ 121.564856, 31.2393925 ], [ 121.5653296, 31.2395124 ], [ 121.5657869, 31.2397019 ], [ 121.5682181, 31.2409045 ], [ 121.5718608, 31.2425035 ], [ 121.5736821, 31.243296 ] ] ] ] } },
{ "type": "Feature", "properties": { "district": "浦东新区", "official_control_code_2023": "310115013000", "official_control_name_2023": "洋泾街道", "osm_name": "洋泾街道", "osm_relation_id_source": "5325929", "admin_level": "8", "boundary": "administrative", "geometry_is_approximate": true, "source_snapshot_date": "2026-08-19", "source_pbf_sha256": "cba608c2e67cbd2ee7616dcee6833e575e818237048faabf4c0e447acd6c0b6f", "source_url": "https://download.openstreetmap.fr/extracts/asia/china/shanghai.osm.pbf", "license": "OpenStreetMap contributors, Open Database License 1.0" }, "geometry": { "type": "MultiPolygon", "coordinates": [ [ [ [ 121.5611992, 31.2406321 ], [ 121.5610093, 31.2410296 ], [ 121.5605596, 31.2417463 ], [ 121.5600367, 31.2424491 ], [ 121.5576987, 31.2448679 ], [ 121.5549055, 31.2476983 ], [ 121.5540411, 31.2485801 ], [ 121.5528131, 31.2495991 ], [ 121.5519781, 31.2501842 ], [ 121.5484416, 31.2521018 ], [ 121.5471646, 31.2527792 ], [ 121.5462412, 31.2533867 ], [ 121.5428961, 31.256042 ], [ 121.5413621, 31.2573432 ], [ 121.5376384, 31.254873 ], [ 121.5339383, 31.2529256 ], [ 121.5328594, 31.2523235 ], [ 121.5292658, 31.2508032 ], [ 121.5257093, 31.2497581 ], [ 121.522173, 31.2492025 ], [ 121.5224458, 31.2472189 ], [ 121.5229396, 31.245783 ], [ 121.5232286, 31.2453577 ], [ 121.5236712, 31.2447061 ], [ 121.5249888, 31.2429752 ], [ 121.5276748, 31.2382811 ], [ 121.5293907, 31.2348826 ], [ 121.5298312, 31.2340673 ], [ 121.5302855, 31.2333553 ], [ 121.5318125, 31.231002 ], [ 121.5343697, 31.2255571 ], [ 121.534479, 31.2253283 ], [ 121.5347796, 31.2247441 ], [ 121.537281, 31.2262107 ], [ 121.5380732, 31.2267376 ], [ 121.5388492, 31.2273063 ], [ 121.5396471, 31.2278136 ], [ 121.5405589, 31.228293 ], [ 121.548474, 31.2310585 ], [ 121.5591219, 31.2364495 ], [ 121.5596113, 31.2367047 ], [ 121.5600032, 31.2370295 ], [ 121.5602277, 31.2373699 ], [ 121.5607305, 31.238509 ], [ 121.5610492, 31.239648 ], [ 121.561098, 31.2400254 ], [ 121.5610607, 31.2402792 ], [ 121.5609503, 31.2405261 ], [ 121.5611992, 31.2406321 ] ] ] ] } },
{ "type": "Feature", "properties": { "district": "浦东新区", "official_control_code_2023": "310115014000", "official_control_name_2023": "浦兴路街道", "osm_name": "浦兴路街道", "osm_relation_id_source": "14178857", "admin_level": "8", "boundary": "administrative", "geometry_is_approximate": true, "source_snapshot_date": "2026-08-19", "source_pbf_sha256": "cba608c2e67cbd2ee7616dcee6833e575e818237048faabf4c0e447acd6c0b6f", "source_url": "https://download.openstreetmap.fr/extracts/asia/china/shanghai.osm.pbf", "license": "OpenStreetMap contributors, Open Database License 1.0" }, "geometry": { "type": "MultiPolygon", "coordinates": [ [ [ [ 121.6001227, 31.2821913 ], [ 121.6001987, 31.2697845 ], [ 121.5992546, 31.2615309 ], [ 121.5984392, 31.2589996 ], [ 121.5974873, 31.2577544 ], [ 121.5938637, 31.2553875 ], [ 121.5878287, 31.251488 ], [ 121.5809297, 31.2574955 ], [ 121.5796852, 31.2580275 ], [ 121.5770244, 31.2586694 ], [ 121.5789235, 31.2607697 ], [ 121.5809727, 31.2630716 ], [ 121.5817559, 31.264273 ], [ 121.5829897, 31.2667949 ], [ 121.5833759, 31.2690509 ], [ 121.5836012, 31.2713526 ], [ 121.584084, 31.279156 ], [ 121.584202, 31.2825211 ], [ 121.5844488, 31.2875457 ], [ 121.5845024, 31.2891318 ], [ 121.5875387, 31.2890401 ], [ 121.5895128, 31.2890401 ], [ 121.5920019, 31.2893335 ], [ 121.595478, 31.2899937 ], [ 121.60007, 31.2908005 ], [ 121.6001227, 31.2821913 ] ] ] ] } },
{ "type": "Feature", "properties": { "district": "浦东新区", "official_control_code_2023": "310115015000", "official_control_name_2023": "东明路街道", "osm_name": "东明路街道", "osm_relation_id_source": "14178911", "admin_level": "8", "boundary": "administrative", "geometry_is_approximate": true, "source_snapshot_date": "2026-08-19", "source_pbf_sha256": "cba608c2e67cbd2ee7616dcee6833e575e818237048faabf4c0e447acd6c0b6f", "source_url": "https://download.openstreetmap.fr/extracts/asia/china/shanghai.osm.pbf", "license": "OpenStreetMap contributors, Open Database License 1.0" }, "geometry": { "type": "MultiPolygon", "coordinates": [ [ [ [ 121.5297114, 31.1453984 ], [ 121.5306226, 31.1436583 ], [ 121.5306008, 31.1426539 ], [ 121.530472, 31.1421121 ], [ 121.5299141, 31.1411387 ], [ 121.5292168, 31.1406061 ], [ 121.5285301, 31.1402939 ], [ 121.5278327, 31.14 ], [ 121.5202045, 31.1387787 ], [ 121.5116, 31.1373094 ], [ 121.508317, 31.1426355 ], [ 121.5074587, 31.1438476 ], [ 121.5065145, 31.1450597 ], [ 121.4964294, 31.1417999 ], [ 121.4955389, 31.1414877 ], [ 121.4936721, 31.1404592 ], [ 121.4925992, 31.1398347 ], [ 121.4900565, 31.1461248 ], [ 121.4846814, 31.1448944 ], [ 121.4830184, 31.1498711 ], [ 121.5063214, 31.1511382 ], [ 121.5090036, 31.151175 ], [ 121.5115356, 31.151781 ], [ 121.5224361, 31.1553985 ], [ 121.5234661, 31.1556923 ], [ 121.5252256, 31.1531949 ], [ 121.5270495, 31.1502935 ], [ 121.528547, 31.1477832 ], [ 121.529317, 31.1461533 ], [ 121.5297114, 31.1453984 ] ] ] ] } },
{ "type": "Feature", "properties": { "district": "浦东新区", "official_control_code_2023": "310115016000", "official_control_name_2023": "花木街道", "osm_name": "花木街道", "osm_relation_id_source": "12867438", "admin_level": "8", "boundary": "administrative", "geometry_is_approximate": true, "source_snapshot_date": "2026-08-19", "source_pbf_sha256": "cba608c2e67cbd2ee7616dcee6833e575e818237048faabf4c0e447acd6c0b6f", "source_url": "https://download.openstreetmap.fr/extracts/asia/china/shanghai.osm.pbf", "license": "OpenStreetMap contributors, Open Database License 1.0" }, "geometry": { "type": "MultiPolygon", "coordinates": [ [ [ [ 121.5193629, 31.1897636 ], [ 121.5204723, 31.1896462 ], [ 121.5217464, 31.1895615 ], [ 121.5228577, 31.189507 ], [ 121.5229123, 31.1893467 ], [ 121.5229995, 31.1890903 ], [ 121.5232329, 31.1884049 ], [ 121.5227799, 31.1879689 ], [ 121.5227925, 31.1877963 ], [ 121.5233957, 31.1879144 ], [ 121.5236173, 31.1875051 ], [ 121.5241453, 31.1877367 ], [ 121.5245424, 31.1877085 ], [ 121.5252213, 31.187594 ], [ 121.5255475, 31.187539 ], [ 121.5286608, 31.1870461 ], [ 121.5299702, 31.1878965 ], [ 121.5308958, 31.187818 ], [ 121.5320172, 31.1885018 ], [ 121.5327179, 31.18852 ], [ 121.5331851, 31.188968 ], [ 121.5332276, 31.1897068 ], [ 121.5365767, 31.1894186 ], [ 121.5415334, 31.1896939 ], [ 121.5484214, 31.1907219 ], [ 121.5553522, 31.1915479 ], [ 121.5635276, 31.1925024 ], [ 121.5673899, 31.1930714 ], [ 121.5744924, 31.195274 ], [ 121.5738487, 31.1974215 ], [ 121.5748144, 31.1981006 ], [ 121.575121, 31.1982796 ], [ 121.5750289, 31.1986422 ], [ 121.5744602, 31.2003674 ], [ 121.5740633, 31.202267 ], [ 121.573677, 31.2047631 ], [ 121.5730977, 31.2099569 ], [ 121.5731191, 31.2114618 ], [ 121.573205, 31.2128015 ], [ 121.5746856, 31.2131869 ], [ 121.5745997, 31.2145999 ], [ 121.5738058, 31.2172792 ], [ 121.572454, 31.2214998 ], [ 121.5708446, 31.2275734 ], [ 121.5708124, 31.2280412 ], [ 121.5706086, 31.2289862 ], [ 121.5705443, 31.229711 ], [ 121.5705549, 31.2300779 ], [ 121.5709841, 31.2310046 ], [ 121.5747499, 31.2323531 ], [ 121.57902, 31.2338484 ], [ 121.5759588, 31.2399938 ], [ 121.5745521, 31.2420864 ], [ 121.5736821, 31.243296 ], [ 121.5718608, 31.2425035 ], [ 121.5682181, 31.2409045 ], [ 121.5657869, 31.2397019 ], [ 121.5653296, 31.2395124 ], [ 121.564856, 31.2393925 ], [ 121.5643905, 31.2392934 ], [ 121.5639087, 31.2392639 ], [ 121.5634046, 31.2393473 ], [ 121.5629167, 31.2395281 ], [ 121.562498, 31.2396914 ], [ 121.562128, 31.2399382 ], [ 121.5617743, 31.2403102 ], [ 121.5615182, 31.2407377 ], [ 121.5611992, 31.2406321 ], [ 121.5609503, 31.2405261 ], [ 121.5610607, 31.2402792 ], [ 121.561098, 31.2400254 ], [ 121.5610492, 31.239648 ], [ 121.5607305, 31.238509 ], [ 121.5602277, 31.2373699 ], [ 121.5600032, 31.2370295 ], [ 121.5596113, 31.2367047 ], [ 121.5591219, 31.2364495 ], [ 121.548474, 31.2310585 ], [ 121.5405589, 31.228293 ], [ 121.5396471, 31.2278136 ], [ 121.5388492, 31.2273063 ], [ 121.5380732, 31.2267376 ], [ 121.537281, 31.2262107 ], [ 121.5347796, 31.2247441 ], [ 121.5335129, 31.223705 ], [ 121.5327462, 31.2227535 ], [ 121.532234, 31.2219191 ], [ 121.5315466, 31.2202828 ], [ 121.5255928, 31.2053513 ], [ 121.525149, 31.2041317 ], [ 121.5247877, 31.2035068 ], [ 121.5243728, 31.2029553 ], [ 121.523795, 31.202426 ], [ 121.5230885, 31.2017819 ], [ 121.5229562, 31.2016702 ], [ 121.5228131, 31.2015861 ], [ 121.5226432, 31.201534 ], [ 121.5224303, 31.2015462 ], [ 121.5226512, 31.201364 ], [ 121.5228551, 31.2010795 ], [ 121.5229195, 31.2005197 ], [ 121.5231019, 31.1994597 ], [ 121.5230375, 31.1990927 ], [ 121.5226727, 31.1980189 ], [ 121.521691, 31.1954217 ], [ 121.5205538, 31.1926409 ], [ 121.5193629, 31.1897636 ] ] ] ] } },
{ "type": "Feature", "properties": { "district": "浦东新区", "official_control_code_2023": "310115103000", "official_control_name_2023": "川沙新镇", "osm_name": "川沙新镇", "osm_relation_id_source": "14179063", "admin_level": "8", "boundary": "administrative", "geometry_is_approximate": true, "source_snapshot_date": "2026-08-19", "source_pbf_sha256": "cba608c2e67cbd2ee7616dcee6833e575e818237048faabf4c0e447acd6c0b6f", "source_url": "https://download.openstreetmap.fr/extracts/asia/china/shanghai.osm.pbf", "license": "OpenStreetMap contributors, Open Database License 1.0" }, "geometry": { "type": "MultiPolygon", "coordinates": [ [ [ [ 121.6735625, 31.0821395 ], [ 121.6753649, 31.0823049 ], [ 121.6837978, 31.0836647 ], [ 121.6851497, 31.0838944 ], [ 121.685847, 31.0840506 ], [ 121.6862333, 31.0841241 ], [ 121.6876709, 31.0840323 ], [ 121.688261, 31.0840598 ], [ 121.6914153, 31.0845652 ], [ 121.6960823, 31.0849511 ], [ 121.6977668, 31.0851349 ], [ 121.6979706, 31.0851992 ], [ 121.6975307, 31.0864855 ], [ 121.6988182, 31.0869908 ], [ 121.6987324, 31.0874686 ], [ 121.698153, 31.0883782 ], [ 121.6982388, 31.088709 ], [ 121.6988397, 31.0887733 ], [ 121.6992688, 31.0888652 ], [ 121.6996765, 31.0889479 ], [ 121.7003631, 31.0890673 ], [ 121.7010498, 31.0892327 ], [ 121.7013395, 31.0890673 ], [ 121.7019188, 31.0891224 ], [ 121.7021119, 31.0891316 ], [ 121.7022085, 31.088222 ], [ 121.7028201, 31.088268 ], [ 121.7027235, 31.0893429 ], [ 121.7045474, 31.089591 ], [ 121.7046976, 31.0884425 ], [ 121.7054379, 31.0884793 ], [ 121.7054808, 31.0876524 ], [ 121.7058778, 31.0876432 ], [ 121.7059851, 31.0890765 ], [ 121.7065644, 31.0901331 ], [ 121.7069185, 31.0908681 ], [ 121.7071009, 31.0911713 ], [ 121.7075622, 31.0920717 ], [ 121.7073476, 31.092871 ], [ 121.7080235, 31.0929629 ], [ 121.7084527, 31.0929629 ], [ 121.7088282, 31.0928802 ], [ 121.7090213, 31.0908865 ], [ 121.7091179, 31.0903352 ], [ 121.7134845, 31.0911162 ], [ 121.7131734, 31.0929353 ], [ 121.7123365, 31.0928894 ], [ 121.7123258, 31.0932569 ], [ 121.7131412, 31.0932569 ], [ 121.7143428, 31.0932385 ], [ 121.7147934, 31.0932752 ], [ 121.7151475, 31.0933304 ], [ 121.7154479, 31.0933304 ], [ 121.7155659, 31.0925954 ], [ 121.7162955, 31.0926321 ], [ 121.7161882, 31.0933212 ], [ 121.71651, 31.0933947 ], [ 121.7167568, 31.0925035 ], [ 121.7168963, 31.0922554 ], [ 121.7170572, 31.091842 ], [ 121.717819, 31.0918696 ], [ 121.717819, 31.0927975 ], [ 121.7179155, 31.0930639 ], [ 121.7177117, 31.0937989 ], [ 121.7183232, 31.0937805 ], [ 121.7192352, 31.0938449 ], [ 121.720072, 31.0938449 ], [ 121.7224109, 31.0939919 ], [ 121.7226791, 31.0939919 ], [ 121.7229473, 31.0924851 ], [ 121.7225933, 31.0923381 ], [ 121.7234731, 31.0885712 ], [ 121.7267775, 31.0889571 ], [ 121.7314767, 31.0899861 ], [ 121.7304468, 31.0925219 ], [ 121.7298889, 31.0913826 ], [ 121.729331, 31.0914929 ], [ 121.7289018, 31.0934774 ], [ 121.7300176, 31.0942124 ], [ 121.7309188, 31.0945799 ], [ 121.732378, 31.0948739 ], [ 121.7321634, 31.0956456 ], [ 121.7316484, 31.0959028 ], [ 121.7312192, 31.0973728 ], [ 121.729331, 31.0973728 ], [ 121.7259836, 31.0972625 ], [ 121.7243099, 31.0966745 ], [ 121.7231512, 31.0968215 ], [ 121.7222499, 31.100533 ], [ 121.7211771, 31.1008638 ], [ 121.7206192, 31.1025173 ], [ 121.7215204, 31.103583 ], [ 121.7281723, 31.1043546 ], [ 121.7316913, 31.1050895 ], [ 121.731348, 31.1086537 ], [ 121.7313051, 31.1112625 ], [ 121.7299318, 31.1121811 ], [ 121.7282634, 31.1235091 ], [ 121.7293417, 31.1234602 ], [ 121.7317879, 31.1235337 ], [ 121.734395, 31.1234419 ], [ 121.7362618, 31.1232123 ], [ 121.7377961, 31.1227714 ], [ 121.7390433, 31.1222915 ], [ 121.7392015, 31.1231755 ], [ 121.73962, 31.1249114 ], [ 121.7433643, 31.1249665 ], [ 121.7442763, 31.1250032 ], [ 121.7442787, 31.124529 ], [ 121.746819, 31.1242501 ], [ 121.7471301, 31.1244797 ], [ 121.7477417, 31.1245348 ], [ 121.7484605, 31.1246175 ], [ 121.7482889, 31.1260043 ], [ 121.7468619, 31.1296687 ], [ 121.7453681, 31.1336432 ], [ 121.7448776, 31.1347674 ], [ 121.7423343, 31.1344443 ], [ 121.7413901, 31.1352524 ], [ 121.744232, 31.1362028 ], [ 121.7418712, 31.14054 ], [ 121.7419051, 31.1409827 ], [ 121.7408543, 31.1443273 ], [ 121.7406843, 31.1445661 ], [ 121.740889, 31.1446627 ], [ 121.7407134, 31.1452105 ], [ 121.7410277, 31.1453722 ], [ 121.7409731, 31.1455894 ], [ 121.7407943, 31.1457557 ], [ 121.7396735, 31.1467126 ], [ 121.7383064, 31.1462154 ], [ 121.7373767, 31.1478373 ], [ 121.7393144, 31.1484896 ], [ 121.7384025, 31.149987 ], [ 121.7375218, 31.1514293 ], [ 121.7407035, 31.1520748 ], [ 121.7411712, 31.1526871 ], [ 121.7410928, 31.1531796 ], [ 121.7398452, 31.1528828 ], [ 121.7386436, 31.1536173 ], [ 121.7386436, 31.1551598 ], [ 121.7370557, 31.1569593 ], [ 121.7356395, 31.1574735 ], [ 121.7342662, 31.1586854 ], [ 121.7343092, 31.1604114 ], [ 121.7352962, 31.1605216 ], [ 121.7357254, 31.1600074 ], [ 121.7380428, 31.1604849 ], [ 121.7409181, 31.1610357 ], [ 121.7432785, 31.1618803 ], [ 121.7448663, 31.162321 ], [ 121.7462825, 31.1632024 ], [ 121.7461431, 31.1656994 ], [ 121.7462182, 31.167407 ], [ 121.7460894, 31.168325 ], [ 121.7419052, 31.1673886 ], [ 121.7416048, 31.1677926 ], [ 121.7342233, 31.165626 ], [ 121.73388, 31.1680496 ], [ 121.7266273, 31.1646713 ], [ 121.7262411, 31.165626 ], [ 121.7276144, 31.1661768 ], [ 121.7266702, 31.1688942 ], [ 121.7282581, 31.1693348 ], [ 121.7272281, 31.1714646 ], [ 121.7257261, 31.1705466 ], [ 121.7252969, 31.1697755 ], [ 121.7225933, 31.1692614 ], [ 121.7218208, 31.1703263 ], [ 121.7209196, 31.1706935 ], [ 121.7191171, 31.1705466 ], [ 121.7171859, 31.1703997 ], [ 121.7155551, 31.1695919 ], [ 121.7159414, 31.1716482 ], [ 121.7163276, 31.1726396 ], [ 121.7163276, 31.1734474 ], [ 121.7158126, 31.174806 ], [ 121.7151689, 31.1760177 ], [ 121.7145455, 31.1775784 ], [ 121.7235444, 31.1806814 ], [ 121.7241115, 31.1792463 ], [ 121.7283525, 31.1807244 ], [ 121.7286562, 31.1801224 ], [ 121.7319918, 31.1812406 ], [ 121.7338023, 31.1817683 ], [ 121.7358193, 31.182443 ], [ 121.7354974, 31.1830327 ], [ 121.7366669, 31.183471 ], [ 121.7373186, 31.1837005 ], [ 121.7384908, 31.1840263 ], [ 121.7396414, 31.1843613 ], [ 121.7393517, 31.1850818 ], [ 121.7390165, 31.1857151 ], [ 121.7386544, 31.186275 ], [ 121.7377424, 31.1859584 ], [ 121.7372274, 31.1861879 ], [ 121.7367124, 31.1872526 ], [ 121.7347812, 31.1911441 ], [ 121.7373132, 31.1917315 ], [ 121.737442, 31.1932366 ], [ 121.7389869, 31.1941544 ], [ 121.7342233, 31.1934936 ], [ 121.7340946, 31.194081 ], [ 121.7346525, 31.1946316 ], [ 121.7351245, 31.195476 ], [ 121.7333221, 31.1955127 ], [ 121.7326355, 31.1976785 ], [ 121.7350387, 31.1980823 ], [ 121.7344808, 31.1989633 ], [ 121.7347383, 31.1996241 ], [ 121.7341375, 31.2004317 ], [ 121.7335796, 31.2010924 ], [ 121.7335796, 31.2016063 ], [ 121.7349958, 31.201643 ], [ 121.73491, 31.2035518 ], [ 121.7300176, 31.2028177 ], [ 121.7294597, 31.2043961 ], [ 121.7310476, 31.2047998 ], [ 121.7306437, 31.2067273 ], [ 121.729331, 31.2065434 ], [ 121.7258119, 31.2052219 ], [ 121.7098903, 31.1996608 ], [ 121.7086029, 31.200395 ], [ 121.7064142, 31.1998811 ], [ 121.7056846, 31.1996241 ], [ 121.7038393, 31.2031113 ], [ 121.7003846, 31.2023038 ], [ 121.6983461, 31.2056808 ], [ 121.6952562, 31.2049283 ], [ 121.6946769, 31.2058459 ], [ 121.6920195, 31.2118739 ], [ 121.6772103, 31.2083786 ], [ 121.6741204, 31.2077546 ], [ 121.6716957, 31.2073692 ], [ 121.6705155, 31.2066351 ], [ 121.6692066, 31.2063048 ], [ 121.6677046, 31.2056624 ], [ 121.6672325, 31.2054789 ], [ 121.667726, 31.2042859 ], [ 121.6657519, 31.2035702 ], [ 121.6650224, 31.2043961 ], [ 121.6643357, 31.2038087 ], [ 121.6639495, 31.2038822 ], [ 121.663059, 31.2046071 ], [ 121.6634452, 31.2053229 ], [ 121.6628766, 31.2056165 ], [ 121.6625011, 31.2058184 ], [ 121.6615891, 31.2049466 ], [ 121.6611707, 31.2046805 ], [ 121.6603124, 31.2038913 ], [ 121.659894, 31.2035334 ], [ 121.6592717, 31.2032031 ], [ 121.6581452, 31.202836 ], [ 121.6576517, 31.20268 ], [ 121.658746, 31.1994405 ], [ 121.6612458, 31.1912909 ], [ 121.6615462, 31.1897123 ], [ 121.6610312, 31.1897123 ], [ 121.6617179, 31.1874728 ], [ 121.6613746, 31.1873168 ], [ 121.6617179, 31.1861603 ], [ 121.6609347, 31.1859767 ], [ 121.6612565, 31.1846459 ], [ 121.6616321, 31.183058 ], [ 121.6603553, 31.1826633 ], [ 121.6579306, 31.1818647 ], [ 121.6581666, 31.180956 ], [ 121.6594005, 31.1812956 ], [ 121.659776, 31.1802401 ], [ 121.6580701, 31.1796251 ], [ 121.6564286, 31.1789642 ], [ 121.6563105, 31.1786154 ], [ 121.6563642, 31.1782574 ], [ 121.6563535, 31.178083 ], [ 121.6551518, 31.1777342 ], [ 121.6549802, 31.1781564 ], [ 121.655302, 31.1782666 ], [ 121.655184, 31.1785052 ], [ 121.65277, 31.1777617 ], [ 121.6527271, 31.1768071 ], [ 121.6537893, 31.177165 ], [ 121.6538858, 31.1763297 ], [ 121.6531992, 31.175834 ], [ 121.6526842, 31.1756963 ], [ 121.6525662, 31.1750997 ], [ 121.6525876, 31.1742276 ], [ 121.6525555, 31.1738788 ], [ 121.6522765, 31.173686 ], [ 121.6524267, 31.1728966 ], [ 121.651665, 31.1722907 ], [ 121.6502702, 31.1718134 ], [ 121.6504955, 31.171437 ], [ 121.6495407, 31.1710331 ], [ 121.6494548, 31.1705649 ], [ 121.6496265, 31.1700325 ], [ 121.6511392, 31.170363 ], [ 121.6519654, 31.1703997 ], [ 121.6525447, 31.170519 ], [ 121.6534567, 31.1705282 ], [ 121.653285, 31.1691512 ], [ 121.6531777, 31.1679853 ], [ 121.6531455, 31.167508 ], [ 121.6519117, 31.1670581 ], [ 121.6513109, 31.1668929 ], [ 121.6509354, 31.1664798 ], [ 121.6505384, 31.1661217 ], [ 121.6505062, 31.1656903 ], [ 121.650635, 31.1653689 ], [ 121.6507423, 31.1652129 ], [ 121.650356, 31.1650017 ], [ 121.6503882, 31.1646804 ], [ 121.6500664, 31.1642765 ], [ 121.6497123, 31.1639827 ], [ 121.6494763, 31.1637073 ], [ 121.6496694, 31.1632207 ], [ 121.6494656, 31.1631197 ], [ 121.6496587, 31.1624495 ], [ 121.6501951, 31.1625505 ], [ 121.6512144, 31.1629086 ], [ 121.6522336, 31.1635328 ], [ 121.6525447, 31.1629177 ], [ 121.6529953, 31.1620456 ], [ 121.6528451, 31.1616233 ], [ 121.6520619, 31.1612927 ], [ 121.6510641, 31.1610816 ], [ 121.6505706, 31.1608704 ], [ 121.6500234, 31.1608704 ], [ 121.6494548, 31.1607694 ], [ 121.649133, 31.1605583 ], [ 121.648972, 31.1601635 ], [ 121.6489613, 31.1597779 ], [ 121.6481244, 31.1595484 ], [ 121.6481352, 31.1591628 ], [ 121.647073, 31.1589149 ], [ 121.6469872, 31.1587496 ], [ 121.6468048, 31.1584375 ], [ 121.6467941, 31.1581804 ], [ 121.6458607, 31.1577397 ], [ 121.6462898, 31.1571705 ], [ 121.646086, 31.156794 ], [ 121.6453028, 31.156592 ], [ 121.644938, 31.1569318 ], [ 121.6440046, 31.1565094 ], [ 121.6433287, 31.1561973 ], [ 121.6436827, 31.1558484 ], [ 121.643554, 31.1555454 ], [ 121.6434145, 31.1551781 ], [ 121.6429531, 31.1548384 ], [ 121.6425562, 31.1546548 ], [ 121.6429639, 31.1535622 ], [ 121.6432106, 31.1530113 ], [ 121.6431999, 31.1525614 ], [ 121.6416228, 31.1519278 ], [ 121.6420305, 31.1511015 ], [ 121.6425025, 31.1502017 ], [ 121.6427171, 31.1497609 ], [ 121.6419768, 31.1495865 ], [ 121.641655, 31.1495589 ], [ 121.6410434, 31.1495222 ], [ 121.6406464, 31.1494671 ], [ 121.6403997, 31.1492835 ], [ 121.64011, 31.149109 ], [ 121.6398418, 31.1489805 ], [ 121.6396701, 31.1488611 ], [ 121.6396701, 31.1485306 ], [ 121.6405177, 31.1467033 ], [ 121.641258, 31.14528 ], [ 121.6410756, 31.1450505 ], [ 121.6404533, 31.1447199 ], [ 121.6402119, 31.1445347 ], [ 121.6406464, 31.1437282 ], [ 121.6411507, 31.1427824 ], [ 121.641494, 31.1422406 ], [ 121.6417408, 31.1415703 ], [ 121.6417515, 31.1410102 ], [ 121.6417515, 31.140046 ], [ 121.6418266, 31.1392746 ], [ 121.6415799, 31.1363727 ], [ 121.6415477, 31.1357207 ], [ 121.6415477, 31.134885 ], [ 121.6429639, 31.1339483 ], [ 121.6416657, 31.1328647 ], [ 121.6418481, 31.1324973 ], [ 121.6419232, 31.1322126 ], [ 121.642009, 31.1317626 ], [ 121.6420412, 31.1315882 ], [ 121.6441548, 31.1316341 ], [ 121.6450882, 31.1312208 ], [ 121.6442299, 31.1308718 ], [ 121.644659, 31.1301004 ], [ 121.6449916, 31.1295769 ], [ 121.6462791, 31.1299351 ], [ 121.6470194, 31.1287687 ], [ 121.6492081, 31.1291361 ], [ 121.6494334, 31.1287871 ], [ 121.6505062, 31.1289432 ], [ 121.6507959, 31.1289708 ], [ 121.6509676, 31.1277585 ], [ 121.6526735, 31.1282269 ], [ 121.6524911, 31.1290075 ], [ 121.6559887, 31.1299902 ], [ 121.6577053, 31.1304402 ], [ 121.6596472, 31.1305596 ], [ 121.6630912, 31.1308626 ], [ 121.6651726, 31.1312392 ], [ 121.665312, 31.1296963 ], [ 121.6666531, 31.1297147 ], [ 121.6664922, 31.1272442 ], [ 121.6666531, 31.1259033 ], [ 121.666621, 31.1245624 ], [ 121.6673183, 31.1226704 ], [ 121.6673612, 31.1224591 ], [ 121.667211, 31.122202 ], [ 121.6673612, 31.1220826 ], [ 121.6677797, 31.1219448 ], [ 121.6680157, 31.1218438 ], [ 121.6682732, 31.1214029 ], [ 121.6685736, 31.1208518 ], [ 121.6689169, 31.1201538 ], [ 121.6692173, 31.1197221 ], [ 121.6709661, 31.1202181 ], [ 121.6717708, 31.1204936 ], [ 121.6727579, 31.1207416 ], [ 121.6730153, 31.1205487 ], [ 121.6730475, 31.120365 ], [ 121.6719746, 31.1200527 ], [ 121.6721034, 31.1194373 ], [ 121.6730368, 31.1178851 ], [ 121.6738307, 31.1162501 ], [ 121.673702, 31.1160573 ], [ 121.6737449, 31.1158552 ], [ 121.6743672, 31.1144682 ], [ 121.6746354, 31.1140732 ], [ 121.6749573, 31.114211 ], [ 121.6751611, 31.1137517 ], [ 121.6748822, 31.1134762 ], [ 121.6748714, 31.1132925 ], [ 121.6755795, 31.1120616 ], [ 121.6757619, 31.1117952 ], [ 121.6761911, 31.1118228 ], [ 121.676985, 31.1104358 ], [ 121.6772425, 31.1100959 ], [ 121.6783476, 31.1104174 ], [ 121.6789913, 31.1094253 ], [ 121.6793775, 31.1087547 ], [ 121.679163, 31.1086261 ], [ 121.6786802, 31.1084975 ], [ 121.6783047, 31.1083965 ], [ 121.677736, 31.1083138 ], [ 121.6771352, 31.1081577 ], [ 121.6765666, 31.1080015 ], [ 121.6758263, 31.1078913 ], [ 121.6750109, 31.1076524 ], [ 121.6694534, 31.1057601 ], [ 121.6684127, 31.1053651 ], [ 121.6690564, 31.1041892 ], [ 121.6696679, 31.1042995 ], [ 121.6697645, 31.1038585 ], [ 121.6694426, 31.1036656 ], [ 121.6699469, 31.1025541 ], [ 121.6691422, 31.1022233 ], [ 121.6693568, 31.1018099 ], [ 121.6695285, 31.1013231 ], [ 121.6696465, 31.1010015 ], [ 121.6699147, 31.1004871 ], [ 121.6691852, 31.1001655 ], [ 121.6689062, 31.0999175 ], [ 121.6686594, 31.0997797 ], [ 121.66852, 31.0996419 ], [ 121.6683483, 31.0993847 ], [ 121.6682303, 31.0992377 ], [ 121.6681123, 31.0990815 ], [ 121.6679084, 31.0989529 ], [ 121.6667068, 31.0985303 ], [ 121.6661703, 31.0982179 ], [ 121.6655373, 31.0981904 ], [ 121.6659129, 31.0972441 ], [ 121.6661274, 31.0952046 ], [ 121.6681015, 31.0955445 ], [ 121.6683912, 31.0949198 ], [ 121.6686487, 31.0949473 ], [ 121.6688311, 31.094341 ], [ 121.6691959, 31.0943502 ], [ 121.6712773, 31.0945431 ], [ 121.6713953, 31.0929261 ], [ 121.6715317, 31.0916346 ], [ 121.6717601, 31.0894716 ], [ 121.6718673, 31.0872849 ], [ 121.6730046, 31.0822314 ], [ 121.6735625, 31.0821395 ] ] ] ] } },
{ "type": "Feature", "properties": { "district": "浦东新区", "official_control_code_2023": "310115104000", "official_control_name_2023": "高桥镇", "osm_name": "高桥镇", "osm_relation_id_source": "14179071", "admin_level": "8", "boundary": "administrative", "geometry_is_approximate": true, "source_snapshot_date": "2026-08-19", "source_pbf_sha256": "cba608c2e67cbd2ee7616dcee6833e575e818237048faabf4c0e447acd6c0b6f", "source_url": "https://download.openstreetmap.fr/extracts/asia/china/shanghai.osm.pbf", "license": "OpenStreetMap contributors, Open Database License 1.0" }, "geometry": { "type": "MultiPolygon", "coordinates": [ [ [ [ 121.5550509, 31.3326407 ], [ 121.5579486, 31.3328366 ], [ 121.5592146, 31.3321951 ], [ 121.5602231, 31.3319569 ], [ 121.561253, 31.3318652 ], [ 121.5623688, 31.3315536 ], [ 121.5639138, 31.3311871 ], [ 121.5649223, 31.3309855 ], [ 121.5659308, 31.3309305 ], [ 121.5662312, 31.3310954 ], [ 121.5673899, 31.3349627 ], [ 121.5695143, 31.3323418 ], [ 121.5785694, 31.3331299 ], [ 121.5833974, 31.3332215 ], [ 121.5923023, 31.3333155 ], [ 121.5902585, 31.3368115 ], [ 121.595808, 31.339194 ], [ 121.5919295, 31.3441124 ], [ 121.5919751, 31.3441308 ], [ 121.5926403, 31.3444721 ], [ 121.59639, 31.3466048 ], [ 121.5959387, 31.3469946 ], [ 121.5960748, 31.34921 ], [ 121.596152, 31.3508685 ], [ 121.5951347, 31.3516396 ], [ 121.5912509, 31.3541134 ], [ 121.5874743, 31.356862 ], [ 121.5946786, 31.3650471 ], [ 121.5944213, 31.3650339 ], [ 121.5940028, 31.365121 ], [ 121.5936756, 31.3652492 ], [ 121.5925869, 31.3659404 ], [ 121.5925276, 31.3659921 ], [ 121.5924569, 31.3660297 ], [ 121.5922916, 31.3661493 ], [ 121.5917324, 31.3666337 ], [ 121.5916157, 31.3667047 ], [ 121.5914923, 31.3667287 ], [ 121.5913917, 31.366731 ], [ 121.5912603, 31.3667253 ], [ 121.5909518, 31.3667745 ], [ 121.5909174, 31.3668082 ], [ 121.5908273, 31.3668594 ], [ 121.5902334, 31.3672918 ], [ 121.5900484, 31.3675432 ], [ 121.5897114, 31.368174 ], [ 121.5896359, 31.3682192 ], [ 121.5895838, 31.3682446 ], [ 121.5881845, 31.3691397 ], [ 121.5880992, 31.3691824 ], [ 121.588051, 31.3692055 ], [ 121.5877157, 31.3694014 ], [ 121.5871766, 31.3697495 ], [ 121.586836, 31.3700059 ], [ 121.5865785, 31.3702716 ], [ 121.5865087, 31.3703792 ], [ 121.5864417, 31.3704777 ], [ 121.586388, 31.3704937 ], [ 121.586321, 31.3704915 ], [ 121.5862459, 31.3704617 ], [ 121.5861332, 31.370338 ], [ 121.585401, 31.3694128 ], [ 121.5853152, 31.3693739 ], [ 121.5851891, 31.3693693 ], [ 121.5850523, 31.3694197 ], [ 121.5848592, 31.3695342 ], [ 121.5848243, 31.3696441 ], [ 121.5848699, 31.3697403 ], [ 121.5858462, 31.3705854 ], [ 121.5859401, 31.370709 ], [ 121.5859589, 31.3708189 ], [ 121.585916, 31.3709151 ], [ 121.585755, 31.370993 ], [ 121.5854144, 31.3711373 ], [ 121.5846651, 31.3714936 ], [ 121.584548, 31.3715461 ], [ 121.584473, 31.3715861 ], [ 121.5826812, 31.3724988 ], [ 121.5826001, 31.3725279 ], [ 121.5824956, 31.3725748 ], [ 121.5806495, 31.3733987 ], [ 121.5805791, 31.3734308 ], [ 121.5805006, 31.3734651 ], [ 121.5792238, 31.3740354 ], [ 121.5785721, 31.3742357 ], [ 121.5785013, 31.3742503 ], [ 121.578391, 31.3742678 ], [ 121.5782583, 31.3742689 ], [ 121.5781443, 31.3742392 ], [ 121.5780839, 31.3741991 ], [ 121.5779445, 31.3740296 ], [ 121.5778828, 31.3740044 ], [ 121.5777755, 31.3739758 ], [ 121.5776145, 31.3739472 ], [ 121.5774523, 31.3739758 ], [ 121.5773423, 31.3740079 ], [ 121.5772285, 31.3740352 ], [ 121.57693, 31.37412 ], [ 121.5764853, 31.3742449 ], [ 121.5762493, 31.3743228 ], [ 121.5760052, 31.3744441 ], [ 121.5755171, 31.3746685 ], [ 121.5753601, 31.3747178 ], [ 121.5752234, 31.3747246 ], [ 121.5749833, 31.3747121 ], [ 121.5748847, 31.3747264 ], [ 121.5747961, 31.3747408 ], [ 121.5744525, 31.3748351 ], [ 121.5741563, 31.3749647 ], [ 121.5736811, 31.3752823 ], [ 121.5735805, 31.3753178 ], [ 121.5734182, 31.3753624 ], [ 121.5732492, 31.3753739 ], [ 121.5731111, 31.3753704 ], [ 121.5729971, 31.3753407 ], [ 121.5728402, 31.3753029 ], [ 121.5726954, 31.3752937 ], [ 121.5724298, 31.3753487 ], [ 121.5720972, 31.3754288 ], [ 121.5715957, 31.3756693 ], [ 121.5714213, 31.3757586 ], [ 121.5712161, 31.3758021 ], [ 121.5702519, 31.3759761 ], [ 121.5697946, 31.37607 ], [ 121.5693178, 31.376232 ], [ 121.5692072, 31.3762727 ], [ 121.5686935, 31.3766425 ], [ 121.5684172, 31.376741 ], [ 121.5681678, 31.3767639 ], [ 121.5678835, 31.3767593 ], [ 121.5674758, 31.3766998 ], [ 121.567048, 31.3765944 ], [ 121.5669139, 31.3765784 ], [ 121.5668173, 31.3766002 ], [ 121.5666604, 31.3766734 ], [ 121.566482, 31.3767811 ], [ 121.5662178, 31.3768704 ], [ 121.5659282, 31.3769207 ], [ 121.5657136, 31.3769219 ], [ 121.5655258, 31.3769001 ], [ 121.5652925, 31.3768223 ], [ 121.5650927, 31.3767868 ], [ 121.5648781, 31.3767959 ], [ 121.5647359, 31.3768166 ], [ 121.5645307, 31.3769139 ], [ 121.5642773, 31.377049 ], [ 121.5640359, 31.3772116 ], [ 121.5639085, 31.3773249 ], [ 121.5638481, 31.3774383 ], [ 121.5637904, 31.3775425 ], [ 121.5636671, 31.3775917 ], [ 121.5633573, 31.3777302 ], [ 121.5630689, 31.3778081 ], [ 121.5624279, 31.3779203 ], [ 121.5621731, 31.3779821 ], [ 121.5620551, 31.3780245 ], [ 121.5619967, 31.3781075 ], [ 121.5619625, 31.3781545 ], [ 121.5619062, 31.3781865 ], [ 121.561811, 31.3782226 ], [ 121.5614891, 31.3783325 ], [ 121.5613094, 31.3783783 ], [ 121.5610519, 31.3784172 ], [ 121.560604, 31.3784562 ], [ 121.5602902, 31.3784493 ], [ 121.5599924, 31.3784745 ], [ 121.5596572, 31.378589 ], [ 121.5592495, 31.378779 ], [ 121.5590912, 31.3788042 ], [ 121.5583321, 31.3788615 ], [ 121.5582249, 31.3788844 ], [ 121.5581551, 31.378921 ], [ 121.5581202, 31.3789897 ], [ 121.5581634, 31.3791739 ], [ 121.5582114, 31.3793607 ], [ 121.5582597, 31.3796057 ], [ 121.5582624, 31.3798072 ], [ 121.5582275, 31.3799561 ], [ 121.5581527, 31.3800715 ], [ 121.558021, 31.3801782 ], [ 121.5578523, 31.3802547 ], [ 121.5549231, 31.3811857 ], [ 121.554797, 31.3812258 ], [ 121.5522677, 31.3819895 ], [ 121.5519029, 31.382081 ], [ 121.5516454, 31.382081 ], [ 121.5514147, 31.3820673 ], [ 121.550535, 31.3818612 ], [ 121.5483302, 31.3813575 ], [ 121.5482175, 31.3813185 ], [ 121.5481183, 31.3812224 ], [ 121.5480459, 31.3811399 ], [ 121.5475363, 31.3800018 ], [ 121.5474585, 31.3799148 ], [ 121.5473646, 31.3798805 ], [ 121.5472895, 31.3798828 ], [ 121.5471151, 31.3799744 ], [ 121.5469167, 31.3801209 ], [ 121.5467477, 31.380343 ], [ 121.5464365, 31.3805354 ], [ 121.5454602, 31.3807461 ], [ 121.545306, 31.3807678 ], [ 121.5452456, 31.3807964 ], [ 121.5452322, 31.3808296 ], [ 121.545247, 31.3808846 ], [ 121.5453744, 31.3812338 ], [ 121.5453757, 31.3812659 ], [ 121.5453449, 31.3813117 ], [ 121.5453087, 31.381322 ], [ 121.5452564, 31.3813094 ], [ 121.5452175, 31.381267 ], [ 121.5450763, 31.381108 ], [ 121.544685, 31.3805553 ], [ 121.5445402, 31.3802972 ], [ 121.5444544, 31.3801942 ], [ 121.5443335, 31.3801387 ], [ 121.5442792, 31.3801014 ], [ 121.5441902, 31.3799847 ], [ 121.544154, 31.3799641 ], [ 121.5441191, 31.3799549 ], [ 121.5439971, 31.3799938 ], [ 121.5439729, 31.380019 ], [ 121.5439716, 31.3800614 ], [ 121.5440679, 31.3802013 ], [ 121.5440833, 31.3802698 ], [ 121.5440755, 31.3803116 ], [ 121.5440742, 31.3803327 ], [ 121.5440829, 31.3803591 ], [ 121.5443337, 31.3807459 ], [ 121.5446891, 31.3814182 ], [ 121.5447964, 31.3815681 ], [ 121.5448004, 31.3816219 ], [ 121.5447749, 31.3816551 ], [ 121.544736, 31.3816563 ], [ 121.5446904, 31.3816414 ], [ 121.5446256, 31.3815577 ], [ 121.5443082, 31.381125 ], [ 121.5442666, 31.3810964 ], [ 121.5441915, 31.3810907 ], [ 121.5441205, 31.3811147 ], [ 121.5440078, 31.3812006 ], [ 121.5438321, 31.3813529 ], [ 121.54369, 31.3815498 ], [ 121.5435719, 31.3816528 ], [ 121.5434217, 31.3817078 ], [ 121.5432394, 31.3817421 ], [ 121.5430382, 31.3817513 ], [ 121.5428263, 31.3817559 ], [ 121.5426975, 31.3817811 ], [ 121.542483, 31.3818452 ], [ 121.5417078, 31.382136 ], [ 121.5413511, 31.3822528 ], [ 121.5411506, 31.3823221 ], [ 121.5410728, 31.3823427 ], [ 121.5405411, 31.3825138 ], [ 121.5401736, 31.3826123 ], [ 121.5397713, 31.3827382 ], [ 121.5394065, 31.3828344 ], [ 121.539216, 31.3829168 ], [ 121.5390739, 31.382958 ], [ 121.5389283, 31.3830023 ], [ 121.5388781, 31.3830176 ], [ 121.5387145, 31.3830565 ], [ 121.5385938, 31.383084 ], [ 121.5384704, 31.3830931 ], [ 121.5383255, 31.3831389 ], [ 121.5381861, 31.3832031 ], [ 121.5380412, 31.3832718 ], [ 121.5379393, 31.3833404 ], [ 121.5377972, 31.3834206 ], [ 121.5376255, 31.3834962 ], [ 121.5375102, 31.3835328 ], [ 121.5373814, 31.3835603 ], [ 121.5371668, 31.3836175 ], [ 121.5370005, 31.3836931 ], [ 121.5368637, 31.3837435 ], [ 121.5366914, 31.3838121 ], [ 121.5364721, 31.3839129 ], [ 121.5363246, 31.3839679 ], [ 121.5358579, 31.3841739 ], [ 121.535536, 31.3843022 ], [ 121.5351042, 31.3845128 ], [ 121.5345305, 31.3848218 ], [ 121.5341415, 31.3850176 ], [ 121.5337202, 31.3852158 ], [ 121.5333259, 31.3854035 ], [ 121.5325896, 31.3857722 ], [ 121.5322235, 31.3859531 ], [ 121.5320157, 31.386055 ], [ 121.5317649, 31.3861992 ], [ 121.5311855, 31.3864866 ], [ 121.5307644, 31.3867156 ], [ 121.5303031, 31.3869857 ], [ 121.5297505, 31.3872468 ], [ 121.5293562, 31.3874597 ], [ 121.5289137, 31.3876681 ], [ 121.528632, 31.3878238 ], [ 121.5283746, 31.3879428 ], [ 121.5281171, 31.3880757 ], [ 121.5278649, 31.3882222 ], [ 121.5276262, 31.388371 ], [ 121.5274304, 31.3884809 ], [ 121.5270361, 31.3886435 ], [ 121.5266365, 31.3887877 ], [ 121.5261134, 31.388964 ], [ 121.5256521, 31.3890865 ], [ 121.5253249, 31.3891678 ], [ 121.5251452, 31.3892342 ], [ 121.5249909, 31.3892812 ], [ 121.5248783, 31.3893602 ], [ 121.5247576, 31.38943 ], [ 121.5244853, 31.3895136 ], [ 121.5240294, 31.3896235 ], [ 121.5235197, 31.3897105 ], [ 121.5230799, 31.3897792 ], [ 121.5226293, 31.3897975 ], [ 121.5223664, 31.3898112 ], [ 121.5221357, 31.3898021 ], [ 121.5218514, 31.3897837 ], [ 121.5149202, 31.3913715 ], [ 121.5143348, 31.391142 ], [ 121.5116147, 31.3905117 ], [ 121.5047715, 31.385273 ], [ 121.5013638, 31.3809056 ], [ 121.5002767, 31.3776422 ], [ 121.4992685, 31.3731212 ], [ 121.4992422, 31.3691839 ], [ 121.5001627, 31.3650892 ], [ 121.5006625, 31.3641385 ], [ 121.5016268, 31.3620124 ], [ 121.5027666, 31.3605302 ], [ 121.5054668, 31.3580372 ], [ 121.5124364, 31.353704 ], [ 121.517218, 31.3509506 ], [ 121.5210506, 31.3490958 ], [ 121.523536, 31.3477753 ], [ 121.5302554, 31.3448669 ], [ 121.5348827, 31.3438626 ], [ 121.5460155, 31.3401323 ], [ 121.5479039, 31.3392279 ], [ 121.5503168, 31.3377148 ], [ 121.5528366, 31.335093 ], [ 121.5550509, 31.3326407 ] ] ] ] } },
{ "type": "Feature", "properties": { "district": "浦东新区", "official_control_code_2023": "310115105000", "official_control_name_2023": "北蔡镇", "osm_name": "北蔡镇", "osm_relation_id_source": "14179101", "admin_level": "8", "boundary": "administrative", "geometry_is_approximate": true, "source_snapshot_date": "2026-08-19", "source_pbf_sha256": "cba608c2e67cbd2ee7616dcee6833e575e818237048faabf4c0e447acd6c0b6f", "source_url": "https://download.openstreetmap.fr/extracts/asia/china/shanghai.osm.pbf", "license": "OpenStreetMap contributors, Open Database License 1.0" }, "geometry": { "type": "MultiPolygon", "coordinates": [ [ [ [ 121.5161938, 31.181623 ], [ 121.5155911, 31.1800932 ], [ 121.5147303, 31.1775448 ], [ 121.5144431, 31.1761461 ], [ 121.5144753, 31.1753292 ], [ 121.5144861, 31.1743561 ], [ 121.514883, 31.172713 ], [ 121.5150332, 31.1723091 ], [ 121.5097363, 31.1712926 ], [ 121.5099049, 31.1704823 ], [ 121.5101731, 31.1701702 ], [ 121.5105527, 31.1697704 ], [ 121.5111387, 31.1698948 ], [ 121.5115142, 31.1696102 ], [ 121.5116215, 31.1691512 ], [ 121.5121794, 31.1689676 ], [ 121.5124261, 31.1688483 ], [ 121.5127694, 31.168325 ], [ 121.512748, 31.1679119 ], [ 121.513145, 31.1677007 ], [ 121.513263, 31.167205 ], [ 121.5135097, 31.1667185 ], [ 121.5140569, 31.1666634 ], [ 121.5160954, 31.1669204 ], [ 121.5180051, 31.1676916 ], [ 121.5181231, 31.1681781 ], [ 121.5184665, 31.1685178 ], [ 121.5184986, 31.170721 ], [ 121.5197968, 31.1712993 ], [ 121.51999, 31.1709872 ], [ 121.5203762, 31.1704915 ], [ 121.5198076, 31.1699866 ], [ 121.5201616, 31.1692797 ], [ 121.5221572, 31.1699958 ], [ 121.5227473, 31.1690227 ], [ 121.522994, 31.1690043 ], [ 121.5234232, 31.1694358 ], [ 121.5259337, 31.1703721 ], [ 121.5261698, 31.1705098 ], [ 121.5266633, 31.1706292 ], [ 121.5270281, 31.1709505 ], [ 121.5272963, 31.1711341 ], [ 121.5277576, 31.1712167 ], [ 121.5279615, 31.1713452 ], [ 121.5284872, 31.1714462 ], [ 121.5288627, 31.1714554 ], [ 121.5293777, 31.1720337 ], [ 121.5299785, 31.171896 ], [ 121.5304613, 31.1718593 ], [ 121.5310621, 31.1716298 ], [ 121.5313518, 31.171235 ], [ 121.5314591, 31.1706292 ], [ 121.5317273, 31.1701059 ], [ 121.5319848, 31.1697571 ], [ 121.5323496, 31.1692338 ], [ 121.5327358, 31.1686555 ], [ 121.5328431, 31.1685361 ], [ 121.5331221, 31.1682974 ], [ 121.5333474, 31.1679578 ], [ 121.5335512, 31.1677834 ], [ 121.5339589, 31.1677283 ], [ 121.53427, 31.1677099 ], [ 121.5350854, 31.1681138 ], [ 121.5360296, 31.1666358 ], [ 121.5370595, 31.1668837 ], [ 121.5375423, 31.166388 ], [ 121.5381217, 31.1653506 ], [ 121.5388083, 31.1648548 ], [ 121.5389371, 31.1644417 ], [ 121.5392375, 31.1637348 ], [ 121.5398705, 31.1626974 ], [ 121.5400958, 31.1622659 ], [ 121.5401065, 31.1618344 ], [ 121.5403211, 31.1613111 ], [ 121.5403104, 31.1610173 ], [ 121.54001, 31.1607603 ], [ 121.539377, 31.1605124 ], [ 121.53898, 31.1600809 ], [ 121.5391409, 31.1599156 ], [ 121.5398598, 31.1598054 ], [ 121.5404284, 31.1596126 ], [ 121.5410828, 31.1591995 ], [ 121.542381, 31.1585568 ], [ 121.5426063, 31.1583181 ], [ 121.5432072, 31.1579233 ], [ 121.5433466, 31.1572531 ], [ 121.5436363, 31.1565553 ], [ 121.5439582, 31.1563442 ], [ 121.5452135, 31.1551598 ], [ 121.546222, 31.1545354 ], [ 121.5466404, 31.1544069 ], [ 121.5474129, 31.1544161 ], [ 121.5479708, 31.1539937 ], [ 121.5483999, 31.1533602 ], [ 121.5487432, 31.1531949 ], [ 121.5489685, 31.1531949 ], [ 121.5509105, 31.1536265 ], [ 121.5521014, 31.1538284 ], [ 121.5538609, 31.1542049 ], [ 121.5576053, 31.1550312 ], [ 121.5576482, 31.1548017 ], [ 121.5577769, 31.1532316 ], [ 121.5587532, 31.1532959 ], [ 121.5610063, 31.1538468 ], [ 121.5620041, 31.1541314 ], [ 121.562165, 31.1539478 ], [ 121.5629482, 31.1541498 ], [ 121.5644073, 31.1544069 ], [ 121.5650807, 31.1548267 ], [ 121.5655337, 31.1549727 ], [ 121.5660021, 31.1551023 ], [ 121.5668447, 31.1553666 ], [ 121.5675252, 31.1554776 ], [ 121.5681463, 31.1555706 ], [ 121.5680283, 31.156514 ], [ 121.5685701, 31.1566173 ], [ 121.5683878, 31.1573173 ], [ 121.5687606, 31.1573908 ], [ 121.5693372, 31.1572737 ], [ 121.5697342, 31.1572347 ], [ 121.5702223, 31.157299 ], [ 121.5707749, 31.1573702 ], [ 121.5710217, 31.1574253 ], [ 121.5711772, 31.1574459 ], [ 121.5717566, 31.1576112 ], [ 121.5727866, 31.1581253 ], [ 121.5746856, 31.158667 ], [ 121.5765953, 31.159071 ], [ 121.5776253, 31.1595484 ], [ 121.5787625, 31.1597136 ], [ 121.5795994, 31.1599523 ], [ 121.5826785, 31.160292 ], [ 121.5852857, 31.1607603 ], [ 121.5888262, 31.1615337 ], [ 121.5882388, 31.1655847 ], [ 121.587992, 31.1661194 ], [ 121.5865785, 31.1688712 ], [ 121.5865543, 31.1689745 ], [ 121.5864712, 31.172075 ], [ 121.5864497, 31.1726877 ], [ 121.5863827, 31.1729723 ], [ 121.5857966, 31.1737755 ], [ 121.5814823, 31.1803324 ], [ 121.5826705, 31.1808068 ], [ 121.5831976, 31.1810122 ], [ 121.5855049, 31.1818613 ], [ 121.5857101, 31.1819272 ], [ 121.5864658, 31.1821493 ], [ 121.5873671, 31.1823787 ], [ 121.5876353, 31.1824418 ], [ 121.5888523, 31.182673 ], [ 121.5899339, 31.1828285 ], [ 121.592765, 31.183097 ], [ 121.5931432, 31.1831199 ], [ 121.5936609, 31.1831429 ], [ 121.5940605, 31.1831342 ], [ 121.5939599, 31.1833723 ], [ 121.5938741, 31.183962 ], [ 121.5927744, 31.1851254 ], [ 121.592246, 31.1859377 ], [ 121.5922084, 31.1860525 ], [ 121.5920837, 31.1869129 ], [ 121.5879934, 31.1861419 ], [ 121.5861963, 31.1935268 ], [ 121.5855458, 31.1934293 ], [ 121.5852535, 31.1934156 ], [ 121.5849477, 31.1934339 ], [ 121.5839955, 31.1936381 ], [ 121.5832713, 31.1936955 ], [ 121.5816841, 31.1934285 ], [ 121.580978, 31.1932251 ], [ 121.5807608, 31.1932136 ], [ 121.580573, 31.1933123 ], [ 121.5804926, 31.1934224 ], [ 121.5802726, 31.1942645 ], [ 121.5797308, 31.1947165 ], [ 121.5790683, 31.1949207 ], [ 121.5785962, 31.1949849 ], [ 121.577577, 31.1948519 ], [ 121.5773115, 31.1948932 ], [ 121.5771693, 31.194962 ], [ 121.5769333, 31.1953566 ], [ 121.5759945, 31.196513 ], [ 121.575121, 31.1982796 ], [ 121.5748144, 31.1981006 ], [ 121.5738487, 31.1974215 ], [ 121.5744924, 31.195274 ], [ 121.5673899, 31.1930714 ], [ 121.5635276, 31.1925024 ], [ 121.5553522, 31.1915479 ], [ 121.5484214, 31.1907219 ], [ 121.5415334, 31.1896939 ], [ 121.5365767, 31.1894186 ], [ 121.5332276, 31.1897068 ], [ 121.5331851, 31.188968 ], [ 121.5327179, 31.18852 ], [ 121.5320172, 31.1885018 ], [ 121.5308958, 31.187818 ], [ 121.5299702, 31.1878965 ], [ 121.5286608, 31.1870461 ], [ 121.5255475, 31.187539 ], [ 121.5252213, 31.187594 ], [ 121.5245424, 31.1877085 ], [ 121.5241453, 31.1877367 ], [ 121.5236173, 31.1875051 ], [ 121.5233957, 31.1879144 ], [ 121.5227925, 31.1877963 ], [ 121.5227799, 31.1879689 ], [ 121.5232329, 31.1884049 ], [ 121.5229995, 31.1890903 ], [ 121.5229123, 31.1893467 ], [ 121.5228577, 31.189507 ], [ 121.5217464, 31.1895615 ], [ 121.5204723, 31.1896462 ], [ 121.5193629, 31.1897636 ], [ 121.5161938, 31.181623 ] ] ] ] } },
{ "type": "Feature", "properties": { "district": "浦东新区", "official_control_code_2023": "310115110000", "official_control_name_2023": "合庆镇", "osm_name": "合庆镇", "osm_relation_id_source": "14179128", "admin_level": "8", "boundary": "administrative", "geometry_is_approximate": true, "source_snapshot_date": "2026-08-19", "source_pbf_sha256": "cba608c2e67cbd2ee7616dcee6833e575e818237048faabf4c0e447acd6c0b6f", "source_url": "https://download.openstreetmap.fr/extracts/asia/china/shanghai.osm.pbf", "license": "OpenStreetMap contributors, Open Database License 1.0" }, "geometry": { "type": "MultiPolygon", "coordinates": [ [ [ [ 121.6920195, 31.2118739 ], [ 121.6902351, 31.2159212 ], [ 121.689248, 31.2170223 ], [ 121.6885614, 31.2181967 ], [ 121.6881752, 31.2197382 ], [ 121.6878748, 31.2239036 ], [ 121.6882396, 31.2252981 ], [ 121.6877675, 31.2271881 ], [ 121.6877031, 31.2290229 ], [ 121.689012, 31.2293165 ], [ 121.6889906, 31.2305275 ], [ 121.6908359, 31.2309128 ], [ 121.6901493, 31.2339219 ], [ 121.6883532, 31.2338668 ], [ 121.687026, 31.2367827 ], [ 121.6864235, 31.2381881 ], [ 121.6857807, 31.2396488 ], [ 121.6843016, 31.2432327 ], [ 121.683452, 31.2452915 ], [ 121.6823818, 31.2481089 ], [ 121.6827893, 31.2482318 ], [ 121.6824031, 31.24925 ], [ 121.6830039, 31.2494059 ], [ 121.6829824, 31.2499471 ], [ 121.6839588, 31.2501213 ], [ 121.6840768, 31.2495435 ], [ 121.6854179, 31.2497728 ], [ 121.686126, 31.2499929 ], [ 121.6866088, 31.2501397 ], [ 121.6881966, 31.2505708 ], [ 121.689688, 31.2509377 ], [ 121.6908574, 31.251167 ], [ 121.6906428, 31.2515063 ], [ 121.6914153, 31.2516989 ], [ 121.6915333, 31.2515155 ], [ 121.6919517, 31.2516256 ], [ 121.6920376, 31.2520016 ], [ 121.6925311, 31.25213 ], [ 121.6924882, 31.2524052 ], [ 121.6926384, 31.2527537 ], [ 121.6933143, 31.2527629 ], [ 121.6934323, 31.2520933 ], [ 121.6935825, 31.2518365 ], [ 121.6952884, 31.2523593 ], [ 121.6950309, 31.2531573 ], [ 121.6988397, 31.254157 ], [ 121.7003739, 31.2545881 ], [ 121.7021119, 31.2549733 ], [ 121.7044938, 31.2553952 ], [ 121.7048585, 31.2555053 ], [ 121.7039895, 31.2567434 ], [ 121.7039359, 31.2569727 ], [ 121.708281, 31.2579174 ], [ 121.7137742, 31.2590546 ], [ 121.7134631, 31.2598617 ], [ 121.7151046, 31.2602286 ], [ 121.7150295, 31.2607238 ], [ 121.7158878, 31.2608981 ], [ 121.7158341, 31.2612374 ], [ 121.7148685, 31.2611182 ], [ 121.7145467, 31.261751 ], [ 121.7128944, 31.2614392 ], [ 121.7123687, 31.261375 ], [ 121.7110062, 31.2649516 ], [ 121.711725, 31.2651717 ], [ 121.7113602, 31.2663822 ], [ 121.7117357, 31.2665381 ], [ 121.7115855, 31.2670242 ], [ 121.7130446, 31.2673727 ], [ 121.7127764, 31.2680146 ], [ 121.7144072, 31.2684089 ], [ 121.7168856, 31.2688308 ], [ 121.7168105, 31.2691426 ], [ 121.7163598, 31.2696194 ], [ 121.7162096, 31.2697203 ], [ 121.7151904, 31.2694727 ], [ 121.7149222, 31.2703255 ], [ 121.7159307, 31.2705273 ], [ 121.7158449, 31.2710041 ], [ 121.715523, 31.2713709 ], [ 121.7176151, 31.2719853 ], [ 121.7196107, 31.2725814 ], [ 121.720866, 31.2714901 ], [ 121.7253613, 31.2715635 ], [ 121.7272496, 31.2695002 ], [ 121.7327722, 31.2729254 ], [ 121.7329707, 31.272719 ], [ 121.7331745, 31.2728474 ], [ 121.7407035, 31.2646857 ], [ 121.7392444, 31.2636952 ], [ 121.7399311, 31.2627415 ], [ 121.741476, 31.2636952 ], [ 121.7456388, 31.2591464 ], [ 121.7508316, 31.252983 ], [ 121.757183, 31.2424531 ], [ 121.7544365, 31.2411689 ], [ 121.7543935, 31.2407653 ], [ 121.7549085, 31.2407286 ], [ 121.7554664, 31.2404717 ], [ 121.7559385, 31.239958 ], [ 121.7646503, 31.2262706 ], [ 121.764822, 31.2253165 ], [ 121.764779, 31.2244357 ], [ 121.7645216, 31.2237017 ], [ 121.7640924, 31.2229678 ], [ 121.7633628, 31.2223072 ], [ 121.7625475, 31.2217567 ], [ 121.7615175, 31.2214264 ], [ 121.7604875, 31.2212429 ], [ 121.7606163, 31.2205456 ], [ 121.7615604, 31.2203621 ], [ 121.7621612, 31.2201419 ], [ 121.7625045, 31.2198116 ], [ 121.7606163, 31.2194079 ], [ 121.7610883, 31.2182334 ], [ 121.7633628, 31.2187105 ], [ 121.7632341, 31.2180132 ], [ 121.7683839, 31.2199951 ], [ 121.7691993, 31.2200318 ], [ 121.7699718, 31.2198483 ], [ 121.7705297, 31.2194446 ], [ 121.7741775, 31.2154808 ], [ 121.7745208, 31.2143063 ], [ 121.7750358, 31.2140127 ], [ 121.7745208, 31.2137558 ], [ 121.7676973, 31.2112599 ], [ 121.7669248, 31.2111131 ], [ 121.7675256, 31.2101221 ], [ 121.7636204, 31.2099386 ], [ 121.7564535, 31.2091494 ], [ 121.7527628, 31.2088558 ], [ 121.7443299, 31.2084337 ], [ 121.7404675, 31.2081033 ], [ 121.7306437, 31.2067273 ], [ 121.729331, 31.2065434 ], [ 121.7258119, 31.2052219 ], [ 121.7098903, 31.1996608 ], [ 121.7086029, 31.200395 ], [ 121.7064142, 31.1998811 ], [ 121.7056846, 31.1996241 ], [ 121.7038393, 31.2031113 ], [ 121.7003846, 31.2023038 ], [ 121.6983461, 31.2056808 ], [ 121.6952562, 31.2049283 ], [ 121.6946769, 31.2058459 ], [ 121.6920195, 31.2118739 ] ] ] ] } },
{ "type": "Feature", "properties": { "district": "浦东新区", "official_control_code_2023": "310115114000", "official_control_name_2023": "唐镇", "osm_name": "唐镇", "osm_relation_id_source": "14179148", "admin_level": "8", "boundary": "administrative", "geometry_is_approximate": true, "source_snapshot_date": "2026-08-19", "source_pbf_sha256": "cba608c2e67cbd2ee7616dcee6833e575e818237048faabf4c0e447acd6c0b6f", "source_url": "https://download.openstreetmap.fr/extracts/asia/china/shanghai.osm.pbf", "license": "OpenStreetMap contributors, Open Database License 1.0" }, "geometry": { "type": "MultiPolygon", "coordinates": [ [ [ [ 121.6823818, 31.2481089 ], [ 121.683452, 31.2452915 ], [ 121.6843016, 31.2432327 ], [ 121.6857807, 31.2396488 ], [ 121.6864235, 31.2381881 ], [ 121.687026, 31.2367827 ], [ 121.6883532, 31.2338668 ], [ 121.6901493, 31.2339219 ], [ 121.6908359, 31.2309128 ], [ 121.6889906, 31.2305275 ], [ 121.689012, 31.2293165 ], [ 121.6877031, 31.2290229 ], [ 121.6877675, 31.2271881 ], [ 121.6882396, 31.2252981 ], [ 121.6878748, 31.2239036 ], [ 121.6881752, 31.2197382 ], [ 121.6885614, 31.2181967 ], [ 121.689248, 31.2170223 ], [ 121.6902351, 31.2159212 ], [ 121.6920195, 31.2118739 ], [ 121.6772103, 31.2083786 ], [ 121.6741204, 31.2077546 ], [ 121.6716957, 31.2073692 ], [ 121.6705155, 31.2066351 ], [ 121.6692066, 31.2063048 ], [ 121.6677046, 31.2056624 ], [ 121.6672325, 31.2054789 ], [ 121.667726, 31.2042859 ], [ 121.6657519, 31.2035702 ], [ 121.6650224, 31.2043961 ], [ 121.6643357, 31.2038087 ], [ 121.6639495, 31.2038822 ], [ 121.663059, 31.2046071 ], [ 121.6634452, 31.2053229 ], [ 121.6628766, 31.2056165 ], [ 121.6625011, 31.2058184 ], [ 121.6615891, 31.2049466 ], [ 121.6611707, 31.2046805 ], [ 121.6603124, 31.2038913 ], [ 121.659894, 31.2035334 ], [ 121.6592717, 31.2032031 ], [ 121.6581452, 31.202836 ], [ 121.6576517, 31.20268 ], [ 121.658746, 31.1994405 ], [ 121.6366768, 31.1954209 ], [ 121.6339516, 31.1947968 ], [ 121.6323209, 31.1976969 ], [ 121.6329431, 31.1981557 ], [ 121.6326642, 31.1994038 ], [ 121.6334152, 31.1998076 ], [ 121.6303897, 31.2053504 ], [ 121.6288447, 31.2049375 ], [ 121.628598, 31.2057817 ], [ 121.6281795, 31.2058092 ], [ 121.6277611, 31.2062956 ], [ 121.6269565, 31.2072775 ], [ 121.626302, 31.2071582 ], [ 121.6257226, 31.2079382 ], [ 121.6264737, 31.208452 ], [ 121.6250253, 31.2102047 ], [ 121.6249394, 31.2106543 ], [ 121.6332972, 31.2143522 ], [ 121.6334474, 31.2148293 ], [ 121.632868, 31.2153798 ], [ 121.6288233, 31.2143889 ], [ 121.6282439, 31.2145265 ], [ 121.6258514, 31.2178297 ], [ 121.6265702, 31.2185087 ], [ 121.6256583, 31.2191417 ], [ 121.6251326, 31.2188573 ], [ 121.6245639, 31.2191234 ], [ 121.6241348, 31.2195088 ], [ 121.6255617, 31.2207749 ], [ 121.626302, 31.2213162 ], [ 121.6271603, 31.2215364 ], [ 121.6275036, 31.2208667 ], [ 121.6289627, 31.2212979 ], [ 121.6293275, 31.2211327 ], [ 121.6305613, 31.2214447 ], [ 121.6304111, 31.2219493 ], [ 121.6309583, 31.2221695 ], [ 121.6304541, 31.2227934 ], [ 121.6287804, 31.2225824 ], [ 121.6282761, 31.2233255 ], [ 121.6286409, 31.2237476 ], [ 121.6278791, 31.2239403 ], [ 121.6271388, 31.2238577 ], [ 121.6265058, 31.2247109 ], [ 121.6262483, 31.2254449 ], [ 121.6257656, 31.2266926 ], [ 121.6273641, 31.2271147 ], [ 121.6271174, 31.2278211 ], [ 121.6264737, 31.2278211 ], [ 121.6261732, 31.2279495 ], [ 121.6256583, 31.2286193 ], [ 121.6249394, 31.2305642 ], [ 121.6264844, 31.2310321 ], [ 121.6270208, 31.2311789 ], [ 121.6265809, 31.2318944 ], [ 121.6261732, 31.2318577 ], [ 121.6257119, 31.2324082 ], [ 121.6251326, 31.2324816 ], [ 121.6228366, 31.2362703 ], [ 121.6222572, 31.2363162 ], [ 121.6220641, 31.2366739 ], [ 121.6220856, 31.2395452 ], [ 121.622107, 31.2398846 ], [ 121.6244674, 31.2403341 ], [ 121.6243386, 31.2412422 ], [ 121.6251218, 31.2413431 ], [ 121.6253793, 31.2404809 ], [ 121.6275573, 31.240646 ], [ 121.6288125, 31.2406827 ], [ 121.6287589, 31.2412147 ], [ 121.6291988, 31.2413982 ], [ 121.6300678, 31.2413156 ], [ 121.6301215, 31.2406185 ], [ 121.632514, 31.2411688 ], [ 121.6331684, 31.2412606 ], [ 121.6343057, 31.2414257 ], [ 121.6353035, 31.2415908 ], [ 121.6350782, 31.2433245 ], [ 121.6356575, 31.2434071 ], [ 121.6356039, 31.2438382 ], [ 121.6359794, 31.243884 ], [ 121.6361403, 31.2433428 ], [ 121.6371274, 31.2436089 ], [ 121.6375351, 31.2437923 ], [ 121.6369986, 31.2444894 ], [ 121.6363764, 31.2447096 ], [ 121.6355824, 31.245049 ], [ 121.6352606, 31.2460029 ], [ 121.6346812, 31.2460121 ], [ 121.6339946, 31.246911 ], [ 121.6348314, 31.2472871 ], [ 121.6350996, 31.2475989 ], [ 121.6352713, 31.2477641 ], [ 121.6356468, 31.247709 ], [ 121.6358292, 31.2475164 ], [ 121.6357326, 31.2470761 ], [ 121.6356575, 31.2468285 ], [ 121.6359043, 31.2464616 ], [ 121.636194, 31.2464524 ], [ 121.6363764, 31.2468285 ], [ 121.63643, 31.2471495 ], [ 121.6365373, 31.2473788 ], [ 121.6366124, 31.2477182 ], [ 121.6368914, 31.2479383 ], [ 121.6372669, 31.2480484 ], [ 121.6374385, 31.2481401 ], [ 121.6375565, 31.2477457 ], [ 121.6378355, 31.2478833 ], [ 121.6381788, 31.2479108 ], [ 121.6385114, 31.2479475 ], [ 121.6386509, 31.2483694 ], [ 121.6386294, 31.2486721 ], [ 121.6391873, 31.2488647 ], [ 121.6395736, 31.2489381 ], [ 121.6399598, 31.2489106 ], [ 121.6400349, 31.2486263 ], [ 121.6405821, 31.2485162 ], [ 121.6408181, 31.2479934 ], [ 121.6408825, 31.2476173 ], [ 121.6421378, 31.247975 ], [ 121.642623, 31.2481395 ], [ 121.6440046, 31.2486079 ], [ 121.6440153, 31.2481493 ], [ 121.6446483, 31.2483969 ], [ 121.6444981, 31.249094 ], [ 121.643908, 31.2494151 ], [ 121.6436934, 31.2497544 ], [ 121.6436183, 31.2499562 ], [ 121.6433501, 31.2502406 ], [ 121.6433608, 31.2504607 ], [ 121.6436612, 31.2506717 ], [ 121.644305, 31.2507817 ], [ 121.6444981, 31.2512587 ], [ 121.6448092, 31.2516347 ], [ 121.645453, 31.2518732 ], [ 121.6461396, 31.2523135 ], [ 121.6465795, 31.2524327 ], [ 121.6468906, 31.2513779 ], [ 121.6477167, 31.2515797 ], [ 121.6477919, 31.2513596 ], [ 121.6503131, 31.2520108 ], [ 121.6503882, 31.2517723 ], [ 121.6503239, 31.2516164 ], [ 121.6503024, 31.2514238 ], [ 121.6500771, 31.2512587 ], [ 121.6502809, 31.2511394 ], [ 121.6517937, 31.2512954 ], [ 121.6523945, 31.2513596 ], [ 121.6524696, 31.250956 ], [ 121.6535854, 31.2512403 ], [ 121.6537249, 31.2509652 ], [ 121.6556454, 31.251433 ], [ 121.6561496, 31.2516623 ], [ 121.6566217, 31.2521117 ], [ 121.6567182, 31.2525611 ], [ 121.6567719, 31.2528088 ], [ 121.6584134, 31.2534508 ], [ 121.6584456, 31.2539369 ], [ 121.659261, 31.2541387 ], [ 121.6621148, 31.2548816 ], [ 121.6610098, 31.2563674 ], [ 121.6602158, 31.2568718 ], [ 121.6598189, 31.2572387 ], [ 121.6594648, 31.2577523 ], [ 121.6597545, 31.2579082 ], [ 121.660409, 31.2582842 ], [ 121.660999, 31.2586511 ], [ 121.6615784, 31.258807 ], [ 121.6621041, 31.2589904 ], [ 121.6646039, 31.2592564 ], [ 121.6661811, 31.2592839 ], [ 121.667608, 31.2592931 ], [ 121.6685843, 31.2594031 ], [ 121.6693139, 31.2596599 ], [ 121.6718244, 31.2609806 ], [ 121.672157, 31.2611365 ], [ 121.6726506, 31.2600726 ], [ 121.6741419, 31.2604762 ], [ 121.6751826, 31.2609164 ], [ 121.6756654, 31.2610173 ], [ 121.6759336, 31.2610815 ], [ 121.6764164, 31.2600176 ], [ 121.6765559, 31.2598434 ], [ 121.6769314, 31.2599351 ], [ 121.6772854, 31.259018 ], [ 121.6775751, 31.2584585 ], [ 121.6778433, 31.2579724 ], [ 121.6784871, 31.2581467 ], [ 121.6789913, 31.2561656 ], [ 121.6792273, 31.255386 ], [ 121.6825318, 31.2561106 ], [ 121.6835189, 31.2564224 ], [ 121.6838193, 31.2564408 ], [ 121.6845703, 31.2539828 ], [ 121.6848278, 31.2523318 ], [ 121.6849995, 31.2514421 ], [ 121.6849995, 31.2509101 ], [ 121.6839802, 31.2505616 ], [ 121.6839588, 31.2501213 ], [ 121.6829824, 31.2499471 ], [ 121.6830039, 31.2494059 ], [ 121.6824031, 31.24925 ], [ 121.6827893, 31.2482318 ], [ 121.6823818, 31.2481089 ] ] ] ] } },
{ "type": "Feature", "properties": { "district": "浦东新区", "official_control_code_2023": "310115117000", "official_control_name_2023": "曹路镇", "osm_name": "曹路镇", "osm_relation_id_source": "14179174", "admin_level": "8", "boundary": "administrative", "geometry_is_approximate": true, "source_snapshot_date": "2026-08-19", "source_pbf_sha256": "cba608c2e67cbd2ee7616dcee6833e575e818237048faabf4c0e447acd6c0b6f", "source_url": "https://download.openstreetmap.fr/extracts/asia/china/shanghai.osm.pbf", "license": "OpenStreetMap contributors, Open Database License 1.0" }, "geometry": { "type": "MultiPolygon", "coordinates": [ [ [ [ 121.622622, 31.2922948 ], [ 121.6250789, 31.2930925 ], [ 121.6254973, 31.2926157 ], [ 121.6259587, 31.2923315 ], [ 121.6266882, 31.292414 ], [ 121.6271496, 31.2921573 ], [ 121.6278577, 31.2924599 ], [ 121.6273749, 31.2934134 ], [ 121.627686, 31.2938259 ], [ 121.6282117, 31.294321 ], [ 121.6278469, 31.2949536 ], [ 121.6285658, 31.2953386 ], [ 121.6296494, 31.2956962 ], [ 121.6307652, 31.2959987 ], [ 121.6313445, 31.2961087 ], [ 121.6322887, 31.2964479 ], [ 121.6333187, 31.2968238 ], [ 121.6335976, 31.2961912 ], [ 121.6353357, 31.2968421 ], [ 121.6361189, 31.297108 ], [ 121.6361833, 31.2959987 ], [ 121.6372132, 31.2960262 ], [ 121.6369557, 31.2969338 ], [ 121.6374278, 31.2973188 ], [ 121.6379321, 31.297603 ], [ 121.6382217, 31.2980156 ], [ 121.6403246, 31.2990607 ], [ 121.6413546, 31.299409 ], [ 121.6429853, 31.2997391 ], [ 121.6431355, 31.298804 ], [ 121.6448307, 31.2991065 ], [ 121.6453028, 31.2992073 ], [ 121.6459036, 31.2986756 ], [ 121.645807, 31.2984648 ], [ 121.6462791, 31.2978689 ], [ 121.6463971, 31.297768 ], [ 121.6471267, 31.2979056 ], [ 121.6476524, 31.2980522 ], [ 121.6488755, 31.2984373 ], [ 121.649369, 31.2979147 ], [ 121.6496372, 31.2971722 ], [ 121.6503346, 31.2973188 ], [ 121.6505492, 31.297218 ], [ 121.6511285, 31.2955128 ], [ 121.652137, 31.295852 ], [ 121.651783, 31.2971263 ], [ 121.6517401, 31.297603 ], [ 121.6522872, 31.297713 ], [ 121.652298, 31.2982356 ], [ 121.6519868, 31.2989232 ], [ 121.651504, 31.299024 ], [ 121.6512144, 31.299354 ], [ 121.6509998, 31.2996382 ], [ 121.6514289, 31.2997849 ], [ 121.6516757, 31.2993999 ], [ 121.6521263, 31.299519 ], [ 121.6517079, 31.3001424 ], [ 121.6518044, 31.3004083 ], [ 121.6517937, 31.3007383 ], [ 121.6519761, 31.3008666 ], [ 121.6519225, 31.3015175 ], [ 121.6516864, 31.3019575 ], [ 121.6535103, 31.3022875 ], [ 121.6534781, 31.3026726 ], [ 121.6522872, 31.3024526 ], [ 121.6519976, 31.3034059 ], [ 121.6518581, 31.3038368 ], [ 121.6515899, 31.3044143 ], [ 121.65277, 31.3046526 ], [ 121.6523623, 31.3054135 ], [ 121.6528559, 31.3055877 ], [ 121.6526627, 31.306321 ], [ 121.6534138, 31.3064218 ], [ 121.6532957, 31.306651 ], [ 121.6553235, 31.3068068 ], [ 121.6563213, 31.3069168 ], [ 121.658864, 31.3070635 ], [ 121.6600335, 31.307256 ], [ 121.6608274, 31.3073935 ], [ 121.6613209, 31.3074577 ], [ 121.6611063, 31.308796 ], [ 121.6607094, 31.3088326 ], [ 121.6605163, 31.3098135 ], [ 121.6611922, 31.3099601 ], [ 121.6614818, 31.3089885 ], [ 121.6620505, 31.3090526 ], [ 121.663295, 31.3095935 ], [ 121.6637564, 31.3096118 ], [ 121.6641104, 31.309511 ], [ 121.6647434, 31.3093735 ], [ 121.6649473, 31.3089793 ], [ 121.6653013, 31.3089701 ], [ 121.6649794, 31.3098226 ], [ 121.6653979, 31.3100334 ], [ 121.665709, 31.3103634 ], [ 121.6674256, 31.3110784 ], [ 121.6676402, 31.3106568 ], [ 121.6691744, 31.3113901 ], [ 121.669625, 31.3114359 ], [ 121.6702902, 31.3103543 ], [ 121.6700327, 31.3102534 ], [ 121.6703224, 31.3097585 ], [ 121.6710198, 31.310006 ], [ 121.6717279, 31.3103176 ], [ 121.6721249, 31.3106476 ], [ 121.6718995, 31.3110509 ], [ 121.6722536, 31.3113717 ], [ 121.6725433, 31.3116192 ], [ 121.6724789, 31.3120592 ], [ 121.6719103, 31.3125725 ], [ 121.6717708, 31.3129116 ], [ 121.6723502, 31.3128658 ], [ 121.6729295, 31.3124075 ], [ 121.6733909, 31.3119584 ], [ 121.6741633, 31.3118117 ], [ 121.6764164, 31.3115459 ], [ 121.6768563, 31.3114817 ], [ 121.6773391, 31.3123525 ], [ 121.675837, 31.3131958 ], [ 121.6787875, 31.3166147 ], [ 121.6793454, 31.3176229 ], [ 121.6796015, 31.3181534 ], [ 121.6796525, 31.318253 ], [ 121.6798094, 31.3185647 ], [ 121.6799046, 31.3186815 ], [ 121.6799878, 31.318772 ], [ 121.680083, 31.3188431 ], [ 121.6801876, 31.3188591 ], [ 121.6803485, 31.3188305 ], [ 121.6804222, 31.3187508 ], [ 121.680437, 31.3185991 ], [ 121.6803887, 31.3183493 ], [ 121.6803807, 31.3182427 ], [ 121.6804357, 31.3181522 ], [ 121.6805296, 31.3180594 ], [ 121.6828738, 31.3161919 ], [ 121.6829543, 31.3161541 ], [ 121.6830522, 31.3161335 ], [ 121.6830938, 31.3161335 ], [ 121.683197, 31.3161472 ], [ 121.6833526, 31.3162114 ], [ 121.6835846, 31.3162449 ], [ 121.6837871, 31.3162251 ], [ 121.6839826, 31.3161482 ], [ 121.684378, 31.3157996 ], [ 121.6844492, 31.3157368 ], [ 121.6850437, 31.3152123 ], [ 121.685096, 31.3151745 ], [ 121.6851309, 31.3151642 ], [ 121.6851765, 31.3151711 ], [ 121.685493, 31.3154254 ], [ 121.6855721, 31.3154437 ], [ 121.6856365, 31.3154117 ], [ 121.6856644, 31.3153886 ], [ 121.6857274, 31.3153367 ], [ 121.6858691, 31.3152197 ], [ 121.6859661, 31.3151396 ], [ 121.6859919, 31.3151184 ], [ 121.6860348, 31.315045 ], [ 121.6860007, 31.3149713 ], [ 121.6857934, 31.3147173 ], [ 121.6857746, 31.314644 ], [ 121.6858122, 31.3145638 ], [ 121.6874349, 31.3132966 ], [ 121.6875502, 31.313072 ], [ 121.6875878, 31.3129071 ], [ 121.687569, 31.3126848 ], [ 121.6875315, 31.3125931 ], [ 121.6873693, 31.3124111 ], [ 121.6853211, 31.3113154 ], [ 121.6847902, 31.3109455 ], [ 121.6847151, 31.3108172 ], [ 121.6847259, 31.3106659 ], [ 121.6848117, 31.3105055 ], [ 121.6851953, 31.310077 ], [ 121.685263, 31.3100048 ], [ 121.6853381, 31.3099676 ], [ 121.6854259, 31.3099641 ], [ 121.6855466, 31.3099945 ], [ 121.6885024, 31.3118862 ], [ 121.6886607, 31.311987 ], [ 121.6888082, 31.3120076 ], [ 121.6889517, 31.3119767 ], [ 121.6892856, 31.3116765 ], [ 121.6897128, 31.311276 ], [ 121.689751, 31.3112606 ], [ 121.6897872, 31.3112623 ], [ 121.6900346, 31.3114284 ], [ 121.6900615, 31.3114296 ], [ 121.6901312, 31.3113988 ], [ 121.6902226, 31.3113444 ], [ 121.6902848, 31.3112812 ], [ 121.6902901, 31.3112319 ], [ 121.6900875, 31.3110032 ], [ 121.6900792, 31.3109771 ], [ 121.6900903, 31.3109615 ], [ 121.6909808, 31.3102489 ], [ 121.6910613, 31.310211 ], [ 121.6911216, 31.3102156 ], [ 121.6911726, 31.3102328 ], [ 121.6913791, 31.310431 ], [ 121.691414, 31.3104402 ], [ 121.6914522, 31.3104368 ], [ 121.6914712, 31.3104264 ], [ 121.6916862, 31.3102087 ], [ 121.691713, 31.3101555 ], [ 121.6917177, 31.3101182 ], [ 121.6917063, 31.3100804 ], [ 121.6915454, 31.3099005 ], [ 121.691536, 31.3098558 ], [ 121.6915467, 31.3098215 ], [ 121.6919976, 31.3094699 ], [ 121.6921771, 31.3093299 ], [ 121.6939259, 31.307916 ], [ 121.6962218, 31.3060552 ], [ 121.6990435, 31.303768 ], [ 121.7018545, 31.3014533 ], [ 121.7042685, 31.2993953 ], [ 121.7060816, 31.2980179 ], [ 121.7067763, 31.2974747 ], [ 121.7070714, 31.2972638 ], [ 121.7071988, 31.2971882 ], [ 121.7072403, 31.2971767 ], [ 121.707294, 31.2971762 ], [ 121.7073295, 31.2971653 ], [ 121.7073731, 31.2971418 ], [ 121.7081094, 31.2965121 ], [ 121.7090937, 31.2957695 ], [ 121.7092118, 31.2956939 ], [ 121.7092627, 31.2956297 ], [ 121.7092466, 31.2955317 ], [ 121.7092466, 31.2955036 ], [ 121.7092555, 31.2954676 ], [ 121.7093355, 31.2954031 ], [ 121.7094887, 31.2953117 ], [ 121.7098877, 31.2949925 ], [ 121.7105387, 31.2944664 ], [ 121.710624, 31.2943961 ], [ 121.7117143, 31.2934981 ], [ 121.7130232, 31.2924507 ], [ 121.7155123, 31.2904016 ], [ 121.7180282, 31.2884304 ], [ 121.7191333, 31.2876419 ], [ 121.719659, 31.2872385 ], [ 121.720072, 31.2868167 ], [ 121.7203402, 31.2865004 ], [ 121.7205173, 31.2862483 ], [ 121.7207962, 31.2859182 ], [ 121.7219603, 31.2847538 ], [ 121.7238003, 31.2830759 ], [ 121.7250502, 31.2818999 ], [ 121.726917, 31.2798758 ], [ 121.7275661, 31.279179 ], [ 121.7282152, 31.2784638 ], [ 121.7291057, 31.2775055 ], [ 121.7310262, 31.2754378 ], [ 121.7318845, 31.2745575 ], [ 121.7321956, 31.2742411 ], [ 121.7323388, 31.2740991 ], [ 121.7323984, 31.27404 ], [ 121.7327469, 31.2736946 ], [ 121.7333352, 31.2730904 ], [ 121.7331745, 31.2728474 ], [ 121.7329707, 31.272719 ], [ 121.7327722, 31.2729254 ], [ 121.7272496, 31.2695002 ], [ 121.7253613, 31.2715635 ], [ 121.720866, 31.2714901 ], [ 121.7196107, 31.2725814 ], [ 121.7176151, 31.2719853 ], [ 121.715523, 31.2713709 ], [ 121.7158449, 31.2710041 ], [ 121.7159307, 31.2705273 ], [ 121.7149222, 31.2703255 ], [ 121.7151904, 31.2694727 ], [ 121.7162096, 31.2697203 ], [ 121.7163598, 31.2696194 ], [ 121.7168105, 31.2691426 ], [ 121.7168856, 31.2688308 ], [ 121.7144072, 31.2684089 ], [ 121.7127764, 31.2680146 ], [ 121.7130446, 31.2673727 ], [ 121.7115855, 31.2670242 ], [ 121.7117357, 31.2665381 ], [ 121.7113602, 31.2663822 ], [ 121.711725, 31.2651717 ], [ 121.7110062, 31.2649516 ], [ 121.7123687, 31.261375 ], [ 121.7128944, 31.2614392 ], [ 121.7145467, 31.261751 ], [ 121.7148685, 31.2611182 ], [ 121.7158341, 31.2612374 ], [ 121.7158878, 31.2608981 ], [ 121.7150295, 31.2607238 ], [ 121.7151046, 31.2602286 ], [ 121.7134631, 31.2598617 ], [ 121.7137742, 31.2590546 ], [ 121.708281, 31.2579174 ], [ 121.7039359, 31.2569727 ], [ 121.7039895, 31.2567434 ], [ 121.7048585, 31.2555053 ], [ 121.7044938, 31.2553952 ], [ 121.7021119, 31.2549733 ], [ 121.7003739, 31.2545881 ], [ 121.6988397, 31.254157 ], [ 121.6950309, 31.2531573 ], [ 121.6952884, 31.2523593 ], [ 121.6935825, 31.2518365 ], [ 121.6934323, 31.2520933 ], [ 121.6933143, 31.2527629 ], [ 121.6926384, 31.2527537 ], [ 121.6924882, 31.2524052 ], [ 121.6925311, 31.25213 ], [ 121.6920376, 31.2520016 ], [ 121.6919517, 31.2516256 ], [ 121.6915333, 31.2515155 ], [ 121.6914153, 31.2516989 ], [ 121.6906428, 31.2515063 ], [ 121.6908574, 31.251167 ], [ 121.689688, 31.2509377 ], [ 121.6881966, 31.2505708 ], [ 121.6866088, 31.2501397 ], [ 121.686126, 31.2499929 ], [ 121.6854179, 31.2497728 ], [ 121.6840768, 31.2495435 ], [ 121.6839588, 31.2501213 ], [ 121.6839802, 31.2505616 ], [ 121.6849995, 31.2509101 ], [ 121.6849995, 31.2514421 ], [ 121.6848278, 31.2523318 ], [ 121.6845703, 31.2539828 ], [ 121.6838193, 31.2564408 ], [ 121.6835189, 31.2564224 ], [ 121.6825318, 31.2561106 ], [ 121.6792273, 31.255386 ], [ 121.6789913, 31.2561656 ], [ 121.6784871, 31.2581467 ], [ 121.6778433, 31.2579724 ], [ 121.6775751, 31.2584585 ], [ 121.6772854, 31.259018 ], [ 121.6769314, 31.2599351 ], [ 121.6765559, 31.2598434 ], [ 121.6764164, 31.2600176 ], [ 121.6759336, 31.2610815 ], [ 121.6756654, 31.2610173 ], [ 121.6751826, 31.2609164 ], [ 121.6741419, 31.2604762 ], [ 121.6726506, 31.2600726 ], [ 121.672157, 31.2611365 ], [ 121.6718244, 31.2609806 ], [ 121.6693139, 31.2596599 ], [ 121.6685843, 31.2594031 ], [ 121.667608, 31.2592931 ], [ 121.6661811, 31.2592839 ], [ 121.6646039, 31.2592564 ], [ 121.6621041, 31.2589904 ], [ 121.6615784, 31.258807 ], [ 121.660999, 31.2586511 ], [ 121.660409, 31.2582842 ], [ 121.6597545, 31.2579082 ], [ 121.6594648, 31.2577523 ], [ 121.6598189, 31.2572387 ], [ 121.6602158, 31.2568718 ], [ 121.6610098, 31.2563674 ], [ 121.6621148, 31.2548816 ], [ 121.659261, 31.2541387 ], [ 121.6584456, 31.2539369 ], [ 121.6584134, 31.2534508 ], [ 121.6567719, 31.2528088 ], [ 121.6567182, 31.2525611 ], [ 121.6566217, 31.2521117 ], [ 121.6561496, 31.2516623 ], [ 121.6556454, 31.251433 ], [ 121.6537249, 31.2509652 ], [ 121.6535854, 31.2512403 ], [ 121.6524696, 31.250956 ], [ 121.6523945, 31.2513596 ], [ 121.6517937, 31.2512954 ], [ 121.6502809, 31.2511394 ], [ 121.6500771, 31.2512587 ], [ 121.6503024, 31.2514238 ], [ 121.6503239, 31.2516164 ], [ 121.6503882, 31.2517723 ], [ 121.6503131, 31.2520108 ], [ 121.6477919, 31.2513596 ], [ 121.6477167, 31.2515797 ], [ 121.6468906, 31.2513779 ], [ 121.6465795, 31.2524327 ], [ 121.6461396, 31.2523135 ], [ 121.645453, 31.2518732 ], [ 121.6448092, 31.2516347 ], [ 121.6444981, 31.2512587 ], [ 121.644305, 31.2507817 ], [ 121.6436612, 31.2506717 ], [ 121.6433608, 31.2504607 ], [ 121.6433501, 31.2502406 ], [ 121.6436183, 31.2499562 ], [ 121.6436934, 31.2497544 ], [ 121.643908, 31.2494151 ], [ 121.6444981, 31.249094 ], [ 121.6446483, 31.2483969 ], [ 121.6440153, 31.2481493 ], [ 121.6440046, 31.2486079 ], [ 121.642623, 31.2481395 ], [ 121.6422343, 31.2491307 ], [ 121.6420305, 31.2495251 ], [ 121.6416979, 31.249892 ], [ 121.641494, 31.2499838 ], [ 121.6412258, 31.2503323 ], [ 121.6410112, 31.2506075 ], [ 121.6407645, 31.2511486 ], [ 121.640389, 31.2513871 ], [ 121.6395306, 31.2512495 ], [ 121.6393483, 31.2517173 ], [ 121.6389513, 31.2521025 ], [ 121.6387582, 31.252341 ], [ 121.6386187, 31.2526895 ], [ 121.6393912, 31.2532949 ], [ 121.6390049, 31.2537351 ], [ 121.6392732, 31.2540011 ], [ 121.6390586, 31.2545514 ], [ 121.6388011, 31.2549916 ], [ 121.6387045, 31.2553585 ], [ 121.6382968, 31.2558446 ], [ 121.6380501, 31.2561289 ], [ 121.6362691, 31.2553402 ], [ 121.6362047, 31.2557437 ], [ 121.6365802, 31.2560464 ], [ 121.6370201, 31.2562207 ], [ 121.6371703, 31.2564499 ], [ 121.6371918, 31.2567159 ], [ 121.6375029, 31.2568902 ], [ 121.6388547, 31.2573579 ], [ 121.638329, 31.2579816 ], [ 121.6387582, 31.2582934 ], [ 121.6387582, 31.2587245 ], [ 121.6384685, 31.2593756 ], [ 121.6382325, 31.2600635 ], [ 121.6374493, 31.2617326 ], [ 121.637063, 31.2616226 ], [ 121.6349816, 31.2606321 ], [ 121.6347926, 31.2609207 ], [ 121.6337263, 31.2625488 ], [ 121.6361296, 31.2637502 ], [ 121.6352069, 31.264649 ], [ 121.6342091, 31.2653826 ], [ 121.6337049, 31.2658779 ], [ 121.6343057, 31.2663822 ], [ 121.6340268, 31.2668591 ], [ 121.6350567, 31.2674277 ], [ 121.6346061, 31.2679137 ], [ 121.6335869, 31.2672901 ], [ 121.6332972, 31.2675836 ], [ 121.6323423, 31.2671801 ], [ 121.6319883, 31.2676661 ], [ 121.6310227, 31.2680238 ], [ 121.6308725, 31.2688308 ], [ 121.6307008, 31.2691792 ], [ 121.627289, 31.2692618 ], [ 121.6271067, 31.2758367 ], [ 121.6294134, 31.2758 ], [ 121.6293919, 31.2767078 ], [ 121.6291881, 31.2774597 ], [ 121.629349, 31.2782574 ], [ 121.6292846, 31.2790919 ], [ 121.628437, 31.2798804 ], [ 121.6281688, 31.2802197 ], [ 121.627289, 31.2815859 ], [ 121.6267526, 31.2815309 ], [ 121.6262269, 31.2820902 ], [ 121.6256368, 31.2830254 ], [ 121.625036, 31.2829979 ], [ 121.6241455, 31.2832088 ], [ 121.6237807, 31.283273 ], [ 121.6237807, 31.2855927 ], [ 121.6237807, 31.2856936 ], [ 121.62377, 31.2873256 ], [ 121.6246498, 31.2873715 ], [ 121.6245747, 31.2879399 ], [ 121.6244566, 31.2890493 ], [ 121.6255295, 31.2893427 ], [ 121.6265058, 31.2895811 ], [ 121.6273641, 31.2899111 ], [ 121.6278469, 31.2901862 ], [ 121.6282654, 31.2905621 ], [ 121.6282654, 31.291048 ], [ 121.6277718, 31.2913872 ], [ 121.6270316, 31.2910021 ], [ 121.6263771, 31.290883 ], [ 121.626066, 31.2910113 ], [ 121.6253257, 31.2908096 ], [ 121.6245317, 31.2904337 ], [ 121.6239846, 31.2905254 ], [ 121.6237271, 31.2909563 ], [ 121.623491, 31.2910388 ], [ 121.622622, 31.2922948 ] ] ] ] } },
{ "type": "Feature", "properties": { "district": "浦东新区", "official_control_code_2023": "310115120000", "official_control_name_2023": "金桥镇", "osm_name": "金桥镇", "osm_relation_id_source": "14179186", "admin_level": "8", "boundary": "administrative", "geometry_is_approximate": true, "source_snapshot_date": "2026-08-19", "source_pbf_sha256": "cba608c2e67cbd2ee7616dcee6833e575e818237048faabf4c0e447acd6c0b6f", "source_url": "https://download.openstreetmap.fr/extracts/asia/china/shanghai.osm.pbf", "license": "OpenStreetMap contributors, Open Database License 1.0" }, "geometry": { "type": "MultiPolygon", "coordinates": [ [ [ [ 121.642623, 31.2481395 ], [ 121.6422343, 31.2491307 ], [ 121.6420305, 31.2495251 ], [ 121.6416979, 31.249892 ], [ 121.641494, 31.2499838 ], [ 121.6412258, 31.2503323 ], [ 121.6410112, 31.2506075 ], [ 121.6407645, 31.2511486 ], [ 121.640389, 31.2513871 ], [ 121.6395306, 31.2512495 ], [ 121.6393483, 31.2517173 ], [ 121.6389513, 31.2521025 ], [ 121.6387582, 31.252341 ], [ 121.6386187, 31.2526895 ], [ 121.6393912, 31.2532949 ], [ 121.6390049, 31.2537351 ], [ 121.6392732, 31.2540011 ], [ 121.6390586, 31.2545514 ], [ 121.6388011, 31.2549916 ], [ 121.6387045, 31.2553585 ], [ 121.6382968, 31.2558446 ], [ 121.6380501, 31.2561289 ], [ 121.6362691, 31.2553402 ], [ 121.6362047, 31.2557437 ], [ 121.6365802, 31.2560464 ], [ 121.6370201, 31.2562207 ], [ 121.6371703, 31.2564499 ], [ 121.6371918, 31.2567159 ], [ 121.6375029, 31.2568902 ], [ 121.6388547, 31.2573579 ], [ 121.638329, 31.2579816 ], [ 121.6387582, 31.2582934 ], [ 121.6387582, 31.2587245 ], [ 121.6384685, 31.2593756 ], [ 121.6382325, 31.2600635 ], [ 121.6374493, 31.2617326 ], [ 121.637063, 31.2616226 ], [ 121.6349816, 31.2606321 ], [ 121.6347926, 31.2609207 ], [ 121.6337263, 31.2625488 ], [ 121.6361296, 31.2637502 ], [ 121.6352069, 31.264649 ], [ 121.6342091, 31.2653826 ], [ 121.6337049, 31.2658779 ], [ 121.6343057, 31.2663822 ], [ 121.6340268, 31.2668591 ], [ 121.6350567, 31.2674277 ], [ 121.6346061, 31.2679137 ], [ 121.6335869, 31.2672901 ], [ 121.6332972, 31.2675836 ], [ 121.6323423, 31.2671801 ], [ 121.6319883, 31.2676661 ], [ 121.6310227, 31.2680238 ], [ 121.6308725, 31.2688308 ], [ 121.6307008, 31.2691792 ], [ 121.627289, 31.2692618 ], [ 121.6271067, 31.2758367 ], [ 121.6294134, 31.2758 ], [ 121.6293919, 31.2767078 ], [ 121.6291881, 31.2774597 ], [ 121.629349, 31.2782574 ], [ 121.6292846, 31.2790919 ], [ 121.628437, 31.2798804 ], [ 121.6281688, 31.2802197 ], [ 121.627289, 31.2815859 ], [ 121.6267526, 31.2815309 ], [ 121.6262269, 31.2820902 ], [ 121.6256368, 31.2830254 ], [ 121.625036, 31.2829979 ], [ 121.6241455, 31.2832088 ], [ 121.6237807, 31.283273 ], [ 121.6237807, 31.2855927 ], [ 121.6210878, 31.2855652 ], [ 121.6211092, 31.2820077 ], [ 121.6106915, 31.2820077 ], [ 121.608578, 31.2820627 ], [ 121.6051876, 31.2824753 ], [ 121.6025913, 31.282402 ], [ 121.6001227, 31.2821913 ], [ 121.6001987, 31.2697845 ], [ 121.5992546, 31.2615309 ], [ 121.5984392, 31.2589996 ], [ 121.5974873, 31.2577544 ], [ 121.5938637, 31.2553875 ], [ 121.5878287, 31.251488 ], [ 121.5832686, 31.2482135 ], [ 121.5783763, 31.2453884 ], [ 121.5736821, 31.243296 ], [ 121.5745521, 31.2420864 ], [ 121.5759588, 31.2399938 ], [ 121.57902, 31.2338484 ], [ 121.5747499, 31.2323531 ], [ 121.5709841, 31.2310046 ], [ 121.5705549, 31.2300779 ], [ 121.5705443, 31.229711 ], [ 121.5706086, 31.2289862 ], [ 121.5708124, 31.2280412 ], [ 121.5708446, 31.2275734 ], [ 121.5732694, 31.2278486 ], [ 121.5807795, 31.2278027 ], [ 121.5823782, 31.2277936 ], [ 121.5827214, 31.2268991 ], [ 121.5830433, 31.2256009 ], [ 121.5831077, 31.2251788 ], [ 121.5832821, 31.2210846 ], [ 121.5834618, 31.2152537 ], [ 121.5834658, 31.2151344 ], [ 121.5838225, 31.2153477 ], [ 121.5866026, 31.2173159 ], [ 121.5868279, 31.217426 ], [ 121.5866965, 31.2187954 ], [ 121.5865678, 31.2228152 ], [ 121.5865543, 31.2229528 ], [ 121.5860099, 31.2257236 ], [ 121.5856357, 31.2276261 ], [ 121.5855539, 31.227953 ], [ 121.5939438, 31.2298429 ], [ 121.5941584, 31.2270023 ], [ 121.5943757, 31.2251559 ], [ 121.5946171, 31.2228966 ], [ 121.594951, 31.2200822 ], [ 121.6018885, 31.2214929 ], [ 121.6055712, 31.2222429 ], [ 121.6051434, 31.2233425 ], [ 121.604619, 31.2246903 ], [ 121.6033879, 31.2267018 ], [ 121.6026865, 31.2281605 ], [ 121.6026302, 31.2283566 ], [ 121.6037017, 31.2292248 ], [ 121.6040504, 31.2293991 ], [ 121.6043562, 31.2294816 ], [ 121.6050214, 31.2295711 ], [ 121.6080523, 31.229938 ], [ 121.6097072, 31.2301433 ], [ 121.6101229, 31.2302098 ], [ 121.610705, 31.2303096 ], [ 121.6111931, 31.2304369 ], [ 121.6124135, 31.230766 ], [ 121.6132236, 31.2309839 ], [ 121.6181105, 31.2322958 ], [ 121.6186953, 31.2324563 ], [ 121.6205031, 31.2329402 ], [ 121.6209751, 31.2330561 ], [ 121.6209724, 31.2260252 ], [ 121.6213775, 31.2255733 ], [ 121.6217208, 31.2252247 ], [ 121.6228795, 31.2258945 ], [ 121.6224611, 31.2267018 ], [ 121.6239631, 31.2272431 ], [ 121.6254008, 31.2276651 ], [ 121.6261732, 31.2279495 ], [ 121.6256583, 31.2286193 ], [ 121.6249394, 31.2305642 ], [ 121.6264844, 31.2310321 ], [ 121.6270208, 31.2311789 ], [ 121.6265809, 31.2318944 ], [ 121.6261732, 31.2318577 ], [ 121.6257119, 31.2324082 ], [ 121.6251326, 31.2324816 ], [ 121.6228366, 31.2362703 ], [ 121.6222572, 31.2363162 ], [ 121.6220641, 31.2366739 ], [ 121.6220856, 31.2395452 ], [ 121.622107, 31.2398846 ], [ 121.6244674, 31.2403341 ], [ 121.6243386, 31.2412422 ], [ 121.6251218, 31.2413431 ], [ 121.6253793, 31.2404809 ], [ 121.6275573, 31.240646 ], [ 121.6288125, 31.2406827 ], [ 121.6287589, 31.2412147 ], [ 121.6291988, 31.2413982 ], [ 121.6300678, 31.2413156 ], [ 121.6301215, 31.2406185 ], [ 121.632514, 31.2411688 ], [ 121.6331684, 31.2412606 ], [ 121.6343057, 31.2414257 ], [ 121.6353035, 31.2415908 ], [ 121.6350782, 31.2433245 ], [ 121.6356575, 31.2434071 ], [ 121.6356039, 31.2438382 ], [ 121.6359794, 31.243884 ], [ 121.6361403, 31.2433428 ], [ 121.6371274, 31.2436089 ], [ 121.6375351, 31.2437923 ], [ 121.6369986, 31.2444894 ], [ 121.6363764, 31.2447096 ], [ 121.6355824, 31.245049 ], [ 121.6352606, 31.2460029 ], [ 121.6346812, 31.2460121 ], [ 121.6339946, 31.246911 ], [ 121.6348314, 31.2472871 ], [ 121.6350996, 31.2475989 ], [ 121.6352713, 31.2477641 ], [ 121.6356468, 31.247709 ], [ 121.6358292, 31.2475164 ], [ 121.6357326, 31.2470761 ], [ 121.6356575, 31.2468285 ], [ 121.6359043, 31.2464616 ], [ 121.636194, 31.2464524 ], [ 121.6363764, 31.2468285 ], [ 121.63643, 31.2471495 ], [ 121.6365373, 31.2473788 ], [ 121.6366124, 31.2477182 ], [ 121.6368914, 31.2479383 ], [ 121.6372669, 31.2480484 ], [ 121.6374385, 31.2481401 ], [ 121.6375565, 31.2477457 ], [ 121.6378355, 31.2478833 ], [ 121.6381788, 31.2479108 ], [ 121.6385114, 31.2479475 ], [ 121.6386509, 31.2483694 ], [ 121.6386294, 31.2486721 ], [ 121.6391873, 31.2488647 ], [ 121.6395736, 31.2489381 ], [ 121.6399598, 31.2489106 ], [ 121.6400349, 31.2486263 ], [ 121.6405821, 31.2485162 ], [ 121.6408181, 31.2479934 ], [ 121.6408825, 31.2476173 ], [ 121.6421378, 31.247975 ], [ 121.642623, 31.2481395 ] ] ] ] } },
{ "type": "Feature", "properties": { "district": "浦东新区", "official_control_code_2023": "310115121000", "official_control_name_2023": "高行镇", "osm_name": "高行镇", "osm_relation_id_source": "14179185", "admin_level": "8", "boundary": "administrative", "geometry_is_approximate": true, "source_snapshot_date": "2026-08-19", "source_pbf_sha256": "cba608c2e67cbd2ee7616dcee6833e575e818237048faabf4c0e447acd6c0b6f", "source_url": "https://download.openstreetmap.fr/extracts/asia/china/shanghai.osm.pbf", "license": "OpenStreetMap contributors, Open Database License 1.0" }, "geometry": { "type": "MultiPolygon", "coordinates": [ [ [ [ 121.5845024, 31.2891318 ], [ 121.5810156, 31.2890585 ], [ 121.5753722, 31.2890218 ], [ 121.5713596, 31.2891868 ], [ 121.5697717, 31.2892418 ], [ 121.5641265, 31.2884113 ], [ 121.5640763, 31.2885799 ], [ 121.5631295, 31.2911247 ], [ 121.5617093, 31.2939304 ], [ 121.5595102, 31.2978452 ], [ 121.5584259, 31.3004681 ], [ 121.5576165, 31.3040825 ], [ 121.5574946, 31.3055415 ], [ 121.5574027, 31.3118459 ], [ 121.5578885, 31.3182375 ], [ 121.5579372, 31.318878 ], [ 121.5579831, 31.3221395 ], [ 121.5576013, 31.3258575 ], [ 121.556181, 31.3299014 ], [ 121.5550509, 31.3326407 ], [ 121.5579486, 31.3328366 ], [ 121.5592146, 31.3321951 ], [ 121.5602231, 31.3319569 ], [ 121.561253, 31.3318652 ], [ 121.5623688, 31.3315536 ], [ 121.5639138, 31.3311871 ], [ 121.5649223, 31.3309855 ], [ 121.5659308, 31.3309305 ], [ 121.5662312, 31.3310954 ], [ 121.5673899, 31.3349627 ], [ 121.5695143, 31.3323418 ], [ 121.5785694, 31.3331299 ], [ 121.5833974, 31.3332215 ], [ 121.5923023, 31.3333155 ], [ 121.5940189, 31.3307105 ], [ 121.5946412, 31.3303623 ], [ 121.5957999, 31.3303623 ], [ 121.596272, 31.3306739 ], [ 121.5973663, 31.3298124 ], [ 121.5982246, 31.3299957 ], [ 121.5986109, 31.3303806 ], [ 121.5994906, 31.3298124 ], [ 121.6000271, 31.3290243 ], [ 121.6006493, 31.3284194 ], [ 121.6032672, 31.3275396 ], [ 121.6043615, 31.3279245 ], [ 121.6044044, 31.3276129 ], [ 121.6020441, 31.3260549 ], [ 121.6014647, 31.3254317 ], [ 121.6011643, 31.3249551 ], [ 121.6019368, 31.323947 ], [ 121.6006064, 31.3228288 ], [ 121.6000485, 31.3223156 ], [ 121.5995335, 31.3222423 ], [ 121.5995121, 31.3211241 ], [ 121.5975165, 31.3197676 ], [ 121.5994906, 31.3173663 ], [ 121.5980315, 31.3162664 ], [ 121.5978813, 31.3157898 ], [ 121.596787, 31.3140849 ], [ 121.5960789, 31.313425 ], [ 121.5945124, 31.3120867 ], [ 121.5946626, 31.3112984 ], [ 121.5952849, 31.3109684 ], [ 121.5961432, 31.3104734 ], [ 121.5965295, 31.3096301 ], [ 121.596787, 31.3090252 ], [ 121.5971303, 31.3081818 ], [ 121.5975594, 31.3077052 ], [ 121.5981388, 31.3074302 ], [ 121.5997267, 31.3062202 ], [ 121.6004133, 31.3054502 ], [ 121.6007995, 31.3048085 ], [ 121.6014433, 31.3042951 ], [ 121.6021943, 31.3051018 ], [ 121.602323, 31.3056885 ], [ 121.6027307, 31.3062385 ], [ 121.6110778, 31.3059818 ], [ 121.6094255, 31.3053952 ], [ 121.6098547, 31.3045701 ], [ 121.6101551, 31.3040751 ], [ 121.6112494, 31.3044601 ], [ 121.6114211, 31.3001883 ], [ 121.6120863, 31.2996566 ], [ 121.6135025, 31.2999132 ], [ 121.6143608, 31.2998766 ], [ 121.614747, 31.2990148 ], [ 121.6151547, 31.2981714 ], [ 121.6154337, 31.297383 ], [ 121.6142964, 31.2969796 ], [ 121.6140175, 31.2965213 ], [ 121.6141462, 31.2956778 ], [ 121.6141677, 31.2947794 ], [ 121.6144681, 31.2937526 ], [ 121.6143822, 31.2931292 ], [ 121.6153908, 31.2925241 ], [ 121.6150474, 31.2919373 ], [ 121.6148972, 31.2909288 ], [ 121.6151118, 31.2904887 ], [ 121.6155195, 31.2898286 ], [ 121.622622, 31.2922948 ], [ 121.623491, 31.2910388 ], [ 121.6237271, 31.2909563 ], [ 121.6239846, 31.2905254 ], [ 121.6245317, 31.2904337 ], [ 121.6253257, 31.2908096 ], [ 121.626066, 31.2910113 ], [ 121.6263771, 31.290883 ], [ 121.6270316, 31.2910021 ], [ 121.6277718, 31.2913872 ], [ 121.6282654, 31.291048 ], [ 121.6282654, 31.2905621 ], [ 121.6278469, 31.2901862 ], [ 121.6273641, 31.2899111 ], [ 121.6265058, 31.2895811 ], [ 121.6255295, 31.2893427 ], [ 121.6244566, 31.2890493 ], [ 121.6245747, 31.2879399 ], [ 121.6246498, 31.2873715 ], [ 121.62377, 31.2873256 ], [ 121.6237807, 31.2856936 ], [ 121.6237807, 31.2855927 ], [ 121.6210878, 31.2855652 ], [ 121.6211092, 31.2820077 ], [ 121.6106915, 31.2820077 ], [ 121.608578, 31.2820627 ], [ 121.6051876, 31.2824753 ], [ 121.6025913, 31.282402 ], [ 121.6001227, 31.2821913 ], [ 121.60007, 31.2908005 ], [ 121.595478, 31.2899937 ], [ 121.5920019, 31.2893335 ], [ 121.5895128, 31.2890401 ], [ 121.5875387, 31.2890401 ], [ 121.5845024, 31.2891318 ] ] ] ] } },
{ "type": "Feature", "properties": { "district": "浦东新区", "official_control_code_2023": "310115123000", "official_control_name_2023": "高东镇", "osm_name": "高东镇", "osm_relation_id_source": "14179184", "admin_level": "8", "boundary": "administrative", "geometry_is_approximate": true, "source_snapshot_date": "2026-08-19", "source_pbf_sha256": "cba608c2e67cbd2ee7616dcee6833e575e818237048faabf4c0e447acd6c0b6f", "source_url": "https://download.openstreetmap.fr/extracts/asia/china/shanghai.osm.pbf", "license": "OpenStreetMap contributors, Open Database License 1.0" }, "geometry": { "type": "MultiPolygon", "coordinates": [ [ [ [ 121.6796015, 31.3181534 ], [ 121.6795586, 31.3181075 ], [ 121.679515, 31.3180835 ], [ 121.6794889, 31.3180594 ], [ 121.6794587, 31.3180187 ], [ 121.6794211, 31.3179746 ], [ 121.6793916, 31.3179666 ], [ 121.6793715, 31.3179683 ], [ 121.6793487, 31.3179901 ], [ 121.6793481, 31.3180187 ], [ 121.6793769, 31.3181144 ], [ 121.6793648, 31.3181751 ], [ 121.6793769, 31.3182347 ], [ 121.6795439, 31.3186563 ], [ 121.6795841, 31.3189359 ], [ 121.6796109, 31.3190596 ], [ 121.6795868, 31.3191902 ], [ 121.6795224, 31.3193437 ], [ 121.679454, 31.3194185 ], [ 121.6776145, 31.3205509 ], [ 121.6775418, 31.3205965 ], [ 121.6773196, 31.3207359 ], [ 121.6750643, 31.3221509 ], [ 121.674874, 31.3222702 ], [ 121.6731212, 31.3233699 ], [ 121.6729483, 31.3236216 ], [ 121.6711163, 31.3247558 ], [ 121.6698852, 31.325458 ], [ 121.6696197, 31.3256104 ], [ 121.6685763, 31.3262634 ], [ 121.667215, 31.3269335 ], [ 121.6670377, 31.3270254 ], [ 121.6669697, 31.3270607 ], [ 121.6667595, 31.3271931 ], [ 121.666585, 31.327303 ], [ 121.6657948, 31.3278008 ], [ 121.6642896, 31.3286986 ], [ 121.6641244, 31.3287971 ], [ 121.6623992, 31.3298261 ], [ 121.6618493, 31.33014 ], [ 121.661573, 31.3302958 ], [ 121.6593045, 31.3315762 ], [ 121.6590726, 31.3317074 ], [ 121.6590226, 31.3317356 ], [ 121.6537686, 31.3347836 ], [ 121.6536069, 31.334855 ], [ 121.6534718, 31.3349444 ], [ 121.6507618, 31.3364129 ], [ 121.6506243, 31.3364999 ], [ 121.6504741, 31.3365893 ], [ 121.647782, 31.3380275 ], [ 121.6476685, 31.3380967 ], [ 121.6475364, 31.3381606 ], [ 121.6447801, 31.3396541 ], [ 121.6446778, 31.3397164 ], [ 121.6445592, 31.3397738 ], [ 121.6444506, 31.3398326 ], [ 121.644313, 31.3399157 ], [ 121.6441789, 31.3399958 ], [ 121.6408044, 31.3417271 ], [ 121.6407124, 31.341777 ], [ 121.6406531, 31.3418092 ], [ 121.6374506, 31.3433107 ], [ 121.6373862, 31.3433427 ], [ 121.6373312, 31.3433748 ], [ 121.6358909, 31.3440895 ], [ 121.6358748, 31.3441078 ], [ 121.6358708, 31.3441325 ], [ 121.6358855, 31.3441582 ], [ 121.6363501, 31.3448584 ], [ 121.6364448, 31.3449909 ], [ 121.6364864, 31.345039 ], [ 121.6365387, 31.3450619 ], [ 121.6365883, 31.3451032 ], [ 121.6366003, 31.3451593 ], [ 121.6365843, 31.3452246 ], [ 121.6365467, 31.3452555 ], [ 121.6364796, 31.3452853 ], [ 121.6364206, 31.3452945 ], [ 121.6363241, 31.3452967 ], [ 121.6362464, 31.3453037 ], [ 121.6361821, 31.3453366 ], [ 121.636051, 31.345399 ], [ 121.6359711, 31.3454398 ], [ 121.6346488, 31.3460559 ], [ 121.6350574, 31.346713 ], [ 121.6350425, 31.3467763 ], [ 121.6347718, 31.3469053 ], [ 121.6346895, 31.3468714 ], [ 121.6342427, 31.346252 ], [ 121.6326729, 31.3469847 ], [ 121.6324292, 31.3471134 ], [ 121.6322592, 31.3472301 ], [ 121.6321626, 31.3472668 ], [ 121.6320902, 31.3472679 ], [ 121.6320527, 31.347253 ], [ 121.6320312, 31.3472301 ], [ 121.6320205, 31.3472049 ], [ 121.6320285, 31.3471625 ], [ 121.63205, 31.3471179 ], [ 121.6320446, 31.3470812 ], [ 121.6320071, 31.3470239 ], [ 121.6319185, 31.3469827 ], [ 121.6318113, 31.3469827 ], [ 121.6316798, 31.3469987 ], [ 121.6315001, 31.3470285 ], [ 121.6313982, 31.3470239 ], [ 121.6313365, 31.3469965 ], [ 121.6312587, 31.3469186 ], [ 121.6311353, 31.3467903 ], [ 121.6308658, 31.3466025 ], [ 121.6307451, 31.3465876 ], [ 121.6301255, 31.3467869 ], [ 121.6299283, 31.3468705 ], [ 121.6267915, 31.3484545 ], [ 121.6266923, 31.3485083 ], [ 121.6261397, 31.3487591 ], [ 121.6260338, 31.3488095 ], [ 121.6250119, 31.3492906 ], [ 121.6249274, 31.3493295 ], [ 121.6224101, 31.3504954 ], [ 121.6216993, 31.3508459 ], [ 121.6216215, 31.3508963 ], [ 121.621462, 31.3509547 ], [ 121.6211951, 31.3510692 ], [ 121.6211575, 31.3510921 ], [ 121.6211079, 31.3511563 ], [ 121.6210234, 31.3513189 ], [ 121.62101, 31.3513418 ], [ 121.6209631, 31.3514197 ], [ 121.6209, 31.3514701 ], [ 121.6208571, 31.3515056 ], [ 121.6207914, 31.3515342 ], [ 121.6206841, 31.3515789 ], [ 121.6206063, 31.3515995 ], [ 121.620491, 31.3516373 ], [ 121.6203314, 31.3516831 ], [ 121.6200122, 31.3518148 ], [ 121.6194651, 31.3520771 ], [ 121.6192666, 31.3521561 ], [ 121.6192009, 31.3521802 ], [ 121.6191459, 31.3522134 ], [ 121.619107, 31.3522592 ], [ 121.6190989, 31.3522993 ], [ 121.6191244, 31.3523497 ], [ 121.6191351, 31.3523863 ], [ 121.6191298, 31.3524149 ], [ 121.6191123, 31.3524447 ], [ 121.6190587, 31.3524871 ], [ 121.6190305, 31.3525008 ], [ 121.6189849, 31.3525237 ], [ 121.6189125, 31.3525329 ], [ 121.6188723, 31.35251 ], [ 121.6188025, 31.3524527 ], [ 121.6187328, 31.3524275 ], [ 121.6186416, 31.352455 ], [ 121.6185129, 31.3525352 ], [ 121.618242, 31.3526658 ], [ 121.6180918, 31.3527184 ], [ 121.6179121, 31.3527391 ], [ 121.6177297, 31.3526978 ], [ 121.6174909, 31.3525169 ], [ 121.6173273, 31.3523405 ], [ 121.617271, 31.3523176 ], [ 121.6172227, 31.3523313 ], [ 121.617153, 31.352368 ], [ 121.6169572, 31.3524917 ], [ 121.6167614, 31.3525627 ], [ 121.616579, 31.3526291 ], [ 121.6164717, 31.3526497 ], [ 121.6163135, 31.3526635 ], [ 121.6161928, 31.3526245 ], [ 121.6161016, 31.3525604 ], [ 121.616005, 31.352455 ], [ 121.6158494, 31.3521939 ], [ 121.6157649, 31.3520828 ], [ 121.6156939, 31.3520152 ], [ 121.6156416, 31.3519877 ], [ 121.6155839, 31.3519717 ], [ 121.6154592, 31.3519832 ], [ 121.6153613, 31.3520267 ], [ 121.6153197, 31.3520679 ], [ 121.6153023, 31.3521252 ], [ 121.615313, 31.3521664 ], [ 121.6158655, 31.3532979 ], [ 121.6158763, 31.3534445 ], [ 121.6158441, 31.3535453 ], [ 121.6157381, 31.3536656 ], [ 121.6156188, 31.3537125 ], [ 121.6150796, 31.3539507 ], [ 121.6149643, 31.3540034 ], [ 121.6144493, 31.3543035 ], [ 121.614342, 31.3543562 ], [ 121.6142267, 31.3544203 ], [ 121.6140389, 31.3544913 ], [ 121.6135964, 31.3546425 ], [ 121.6134703, 31.3546883 ], [ 121.613296, 31.3547685 ], [ 121.612582, 31.3551563 ], [ 121.6124859, 31.3552037 ], [ 121.6111238, 31.3558252 ], [ 121.611008, 31.3558656 ], [ 121.6107935, 31.3559595 ], [ 121.6105762, 31.355987 ], [ 121.6103321, 31.3559412 ], [ 121.6100666, 31.3558496 ], [ 121.6098708, 31.355774 ], [ 121.6097689, 31.3557625 ], [ 121.6096455, 31.3557809 ], [ 121.6093343, 31.355932 ], [ 121.6073441, 31.3571368 ], [ 121.6058072, 31.3581148 ], [ 121.6040644, 31.3591571 ], [ 121.6038639, 31.3593067 ], [ 121.6022661, 31.3603129 ], [ 121.5996425, 31.361965 ], [ 121.5951902, 31.3649654 ], [ 121.5949363, 31.3650603 ], [ 121.5946786, 31.3650471 ], [ 121.5874743, 31.356862 ], [ 121.5912509, 31.3541134 ], [ 121.5951347, 31.3516396 ], [ 121.596152, 31.3508685 ], [ 121.5960748, 31.34921 ], [ 121.5959387, 31.3469946 ], [ 121.59639, 31.3466048 ], [ 121.5926403, 31.3444721 ], [ 121.5919751, 31.3441308 ], [ 121.5919295, 31.3441124 ], [ 121.595808, 31.339194 ], [ 121.5902585, 31.3368115 ], [ 121.5923023, 31.3333155 ], [ 121.5940189, 31.3307105 ], [ 121.5946412, 31.3303623 ], [ 121.5957999, 31.3303623 ], [ 121.596272, 31.3306739 ], [ 121.5973663, 31.3298124 ], [ 121.5982246, 31.3299957 ], [ 121.5986109, 31.3303806 ], [ 121.5994906, 31.3298124 ], [ 121.6000271, 31.3290243 ], [ 121.6006493, 31.3284194 ], [ 121.6032672, 31.3275396 ], [ 121.6043615, 31.3279245 ], [ 121.6044044, 31.3276129 ], [ 121.6020441, 31.3260549 ], [ 121.6014647, 31.3254317 ], [ 121.6011643, 31.3249551 ], [ 121.6019368, 31.323947 ], [ 121.6006064, 31.3228288 ], [ 121.6000485, 31.3223156 ], [ 121.5995335, 31.3222423 ], [ 121.5995121, 31.3211241 ], [ 121.5975165, 31.3197676 ], [ 121.5994906, 31.3173663 ], [ 121.5980315, 31.3162664 ], [ 121.5978813, 31.3157898 ], [ 121.596787, 31.3140849 ], [ 121.5960789, 31.313425 ], [ 121.5945124, 31.3120867 ], [ 121.5946626, 31.3112984 ], [ 121.5952849, 31.3109684 ], [ 121.5961432, 31.3104734 ], [ 121.5965295, 31.3096301 ], [ 121.596787, 31.3090252 ], [ 121.5971303, 31.3081818 ], [ 121.5975594, 31.3077052 ], [ 121.5981388, 31.3074302 ], [ 121.5997267, 31.3062202 ], [ 121.6004133, 31.3054502 ], [ 121.6007995, 31.3048085 ], [ 121.6014433, 31.3042951 ], [ 121.6021943, 31.3051018 ], [ 121.602323, 31.3056885 ], [ 121.6027307, 31.3062385 ], [ 121.6110778, 31.3059818 ], [ 121.6094255, 31.3053952 ], [ 121.6098547, 31.3045701 ], [ 121.6101551, 31.3040751 ], [ 121.6112494, 31.3044601 ], [ 121.6114211, 31.3001883 ], [ 121.6120863, 31.2996566 ], [ 121.6135025, 31.2999132 ], [ 121.6143608, 31.2998766 ], [ 121.614747, 31.2990148 ], [ 121.6151547, 31.2981714 ], [ 121.6154337, 31.297383 ], [ 121.6142964, 31.2969796 ], [ 121.6140175, 31.2965213 ], [ 121.6141462, 31.2956778 ], [ 121.6141677, 31.2947794 ], [ 121.6144681, 31.2937526 ], [ 121.6143822, 31.2931292 ], [ 121.6153908, 31.2925241 ], [ 121.6150474, 31.2919373 ], [ 121.6148972, 31.2909288 ], [ 121.6151118, 31.2904887 ], [ 121.6155195, 31.2898286 ], [ 121.622622, 31.2922948 ], [ 121.6250789, 31.2930925 ], [ 121.6254973, 31.2926157 ], [ 121.6259587, 31.2923315 ], [ 121.6266882, 31.292414 ], [ 121.6271496, 31.2921573 ], [ 121.6278577, 31.2924599 ], [ 121.6273749, 31.2934134 ], [ 121.627686, 31.2938259 ], [ 121.6282117, 31.294321 ], [ 121.6278469, 31.2949536 ], [ 121.6285658, 31.2953386 ], [ 121.6296494, 31.2956962 ], [ 121.6307652, 31.2959987 ], [ 121.6313445, 31.2961087 ], [ 121.6322887, 31.2964479 ], [ 121.6333187, 31.2968238 ], [ 121.6335976, 31.2961912 ], [ 121.6353357, 31.2968421 ], [ 121.6361189, 31.297108 ], [ 121.6361833, 31.2959987 ], [ 121.6372132, 31.2960262 ], [ 121.6369557, 31.2969338 ], [ 121.6374278, 31.2973188 ], [ 121.6379321, 31.297603 ], [ 121.6382217, 31.2980156 ], [ 121.6403246, 31.2990607 ], [ 121.6413546, 31.299409 ], [ 121.6429853, 31.2997391 ], [ 121.6431355, 31.298804 ], [ 121.6448307, 31.2991065 ], [ 121.6453028, 31.2992073 ], [ 121.6459036, 31.2986756 ], [ 121.645807, 31.2984648 ], [ 121.6462791, 31.2978689 ], [ 121.6463971, 31.297768 ], [ 121.6471267, 31.2979056 ], [ 121.6476524, 31.2980522 ], [ 121.6488755, 31.2984373 ], [ 121.649369, 31.2979147 ], [ 121.6496372, 31.2971722 ], [ 121.6503346, 31.2973188 ], [ 121.6505492, 31.297218 ], [ 121.6511285, 31.2955128 ], [ 121.652137, 31.295852 ], [ 121.651783, 31.2971263 ], [ 121.6517401, 31.297603 ], [ 121.6522872, 31.297713 ], [ 121.652298, 31.2982356 ], [ 121.6519868, 31.2989232 ], [ 121.651504, 31.299024 ], [ 121.6512144, 31.299354 ], [ 121.6509998, 31.2996382 ], [ 121.6514289, 31.2997849 ], [ 121.6516757, 31.2993999 ], [ 121.6521263, 31.299519 ], [ 121.6517079, 31.3001424 ], [ 121.6518044, 31.3004083 ], [ 121.6517937, 31.3007383 ], [ 121.6519761, 31.3008666 ], [ 121.6519225, 31.3015175 ], [ 121.6516864, 31.3019575 ], [ 121.6535103, 31.3022875 ], [ 121.6534781, 31.3026726 ], [ 121.6522872, 31.3024526 ], [ 121.6519976, 31.3034059 ], [ 121.6518581, 31.3038368 ], [ 121.6515899, 31.3044143 ], [ 121.65277, 31.3046526 ], [ 121.6523623, 31.3054135 ], [ 121.6528559, 31.3055877 ], [ 121.6526627, 31.306321 ], [ 121.6534138, 31.3064218 ], [ 121.6532957, 31.306651 ], [ 121.6553235, 31.3068068 ], [ 121.6563213, 31.3069168 ], [ 121.658864, 31.3070635 ], [ 121.6600335, 31.307256 ], [ 121.6608274, 31.3073935 ], [ 121.6613209, 31.3074577 ], [ 121.6611063, 31.308796 ], [ 121.6607094, 31.3088326 ], [ 121.6605163, 31.3098135 ], [ 121.6611922, 31.3099601 ], [ 121.6614818, 31.3089885 ], [ 121.6620505, 31.3090526 ], [ 121.663295, 31.3095935 ], [ 121.6637564, 31.3096118 ], [ 121.6641104, 31.309511 ], [ 121.6647434, 31.3093735 ], [ 121.6649473, 31.3089793 ], [ 121.6653013, 31.3089701 ], [ 121.6649794, 31.3098226 ], [ 121.6653979, 31.3100334 ], [ 121.665709, 31.3103634 ], [ 121.6674256, 31.3110784 ], [ 121.6676402, 31.3106568 ], [ 121.6691744, 31.3113901 ], [ 121.669625, 31.3114359 ], [ 121.6702902, 31.3103543 ], [ 121.6700327, 31.3102534 ], [ 121.6703224, 31.3097585 ], [ 121.6710198, 31.310006 ], [ 121.6717279, 31.3103176 ], [ 121.6721249, 31.3106476 ], [ 121.6718995, 31.3110509 ], [ 121.6722536, 31.3113717 ], [ 121.6725433, 31.3116192 ], [ 121.6724789, 31.3120592 ], [ 121.6719103, 31.3125725 ], [ 121.6717708, 31.3129116 ], [ 121.6723502, 31.3128658 ], [ 121.6729295, 31.3124075 ], [ 121.6733909, 31.3119584 ], [ 121.6741633, 31.3118117 ], [ 121.6764164, 31.3115459 ], [ 121.6768563, 31.3114817 ], [ 121.6773391, 31.3123525 ], [ 121.675837, 31.3131958 ], [ 121.6787875, 31.3166147 ], [ 121.6793454, 31.3176229 ], [ 121.6796015, 31.3181534 ] ] ] ] } },
{ "type": "Feature", "properties": { "district": "浦东新区", "official_control_code_2023": "310115125000", "official_control_name_2023": "张江镇", "osm_name": "张江镇", "osm_relation_id_source": "14179188", "admin_level": "8", "boundary": "administrative", "geometry_is_approximate": true, "source_snapshot_date": "2026-08-19", "source_pbf_sha256": "cba608c2e67cbd2ee7616dcee6833e575e818237048faabf4c0e447acd6c0b6f", "source_url": "https://download.openstreetmap.fr/extracts/asia/china/shanghai.osm.pbf", "license": "OpenStreetMap contributors, Open Database License 1.0" }, "geometry": { "type": "MultiPolygon", "coordinates": [ [ [ [ 121.575121, 31.1982796 ], [ 121.5759945, 31.196513 ], [ 121.5769333, 31.1953566 ], [ 121.5771693, 31.194962 ], [ 121.5773115, 31.1948932 ], [ 121.577577, 31.1948519 ], [ 121.5785962, 31.1949849 ], [ 121.5790683, 31.1949207 ], [ 121.5797308, 31.1947165 ], [ 121.5802726, 31.1942645 ], [ 121.5804926, 31.1934224 ], [ 121.580573, 31.1933123 ], [ 121.5807608, 31.1932136 ], [ 121.580978, 31.1932251 ], [ 121.5816841, 31.1934285 ], [ 121.5832713, 31.1936955 ], [ 121.5839955, 31.1936381 ], [ 121.5849477, 31.1934339 ], [ 121.5852535, 31.1934156 ], [ 121.5855458, 31.1934293 ], [ 121.5861963, 31.1935268 ], [ 121.5879934, 31.1861419 ], [ 121.5920837, 31.1869129 ], [ 121.5922084, 31.1860525 ], [ 121.592246, 31.1859377 ], [ 121.5927744, 31.1851254 ], [ 121.5938741, 31.183962 ], [ 121.5939599, 31.1833723 ], [ 121.5940605, 31.1831342 ], [ 121.5936609, 31.1831429 ], [ 121.5931432, 31.1831199 ], [ 121.592765, 31.183097 ], [ 121.5899339, 31.1828285 ], [ 121.5888523, 31.182673 ], [ 121.5876353, 31.1824418 ], [ 121.5873671, 31.1823787 ], [ 121.5864658, 31.1821493 ], [ 121.5857101, 31.1819272 ], [ 121.5855049, 31.1818613 ], [ 121.5831976, 31.1810122 ], [ 121.5826705, 31.1808068 ], [ 121.5814823, 31.1803324 ], [ 121.5857966, 31.1737755 ], [ 121.5863827, 31.1729723 ], [ 121.5864497, 31.1726877 ], [ 121.5864712, 31.172075 ], [ 121.5865543, 31.1689745 ], [ 121.5865785, 31.1688712 ], [ 121.587992, 31.1661194 ], [ 121.5882388, 31.1655847 ], [ 121.5888262, 31.1615337 ], [ 121.5852857, 31.1607603 ], [ 121.5826785, 31.160292 ], [ 121.5795994, 31.1599523 ], [ 121.5787625, 31.1597136 ], [ 121.5791166, 31.1590893 ], [ 121.5794492, 31.1587955 ], [ 121.5795779, 31.1584466 ], [ 121.5798139, 31.158061 ], [ 121.5803826, 31.1575561 ], [ 121.5809083, 31.1569868 ], [ 121.5814555, 31.1564176 ], [ 121.5831292, 31.1545171 ], [ 121.584245, 31.1552424 ], [ 121.5844595, 31.1553985 ], [ 121.5846848, 31.155325 ], [ 121.5855217, 31.1557382 ], [ 121.5863049, 31.1561054 ], [ 121.5866911, 31.1562432 ], [ 121.5868628, 31.1562432 ], [ 121.5880752, 31.1545446 ], [ 121.5882254, 31.1544436 ], [ 121.5895128, 31.154765 ], [ 121.5900814, 31.1550404 ], [ 121.5903711, 31.1551781 ], [ 121.5906823, 31.1552883 ], [ 121.5910792, 31.1553158 ], [ 121.5922594, 31.1554444 ], [ 121.592828, 31.1556464 ], [ 121.5934181, 31.1559218 ], [ 121.5937507, 31.1560871 ], [ 121.5944374, 31.1563074 ], [ 121.5947699, 31.1564635 ], [ 121.5951133, 31.1566288 ], [ 121.5967333, 31.157299 ], [ 121.5974629, 31.1575469 ], [ 121.597935, 31.1576846 ], [ 121.5990722, 31.154159 ], [ 121.5991044, 31.1537274 ], [ 121.6010356, 31.154462 ], [ 121.601218, 31.1542233 ], [ 121.6019475, 31.1545354 ], [ 121.6024196, 31.1550404 ], [ 121.6037178, 31.1555821 ], [ 121.6043723, 31.1557933 ], [ 121.6039753, 31.156996 ], [ 121.6042757, 31.1570695 ], [ 121.604737, 31.1569501 ], [ 121.605134, 31.156895 ], [ 121.6057134, 31.1568032 ], [ 121.6070223, 31.1569318 ], [ 121.6075694, 31.1571246 ], [ 121.6081917, 31.1572072 ], [ 121.608578, 31.1573174 ], [ 121.6090929, 31.1576846 ], [ 121.6095436, 31.158061 ], [ 121.6101122, 31.1580794 ], [ 121.6107559, 31.1582538 ], [ 121.6113353, 31.1584191 ], [ 121.6121507, 31.1588965 ], [ 121.6134381, 31.1597871 ], [ 121.6148436, 31.1606593 ], [ 121.6157341, 31.1611275 ], [ 121.6162169, 31.1615131 ], [ 121.616646, 31.1617334 ], [ 121.6171503, 31.1620364 ], [ 121.6174185, 31.1620364 ], [ 121.6179013, 31.1619446 ], [ 121.6182125, 31.1619446 ], [ 121.6187274, 31.1619446 ], [ 121.6195106, 31.1621098 ], [ 121.6208732, 31.1623577 ], [ 121.6225254, 31.1627158 ], [ 121.6233086, 31.1628718 ], [ 121.6236305, 31.1628718 ], [ 121.6248858, 31.1630095 ], [ 121.6257763, 31.1631013 ], [ 121.6262269, 31.1631105 ], [ 121.6274392, 31.1632299 ], [ 121.6281903, 31.1634869 ], [ 121.6288447, 31.163845 ], [ 121.6295636, 31.1642214 ], [ 121.6301, 31.1644417 ], [ 121.6302395, 31.1648732 ], [ 121.6304648, 31.165066 ], [ 121.6306901, 31.1651945 ], [ 121.6319775, 31.1653047 ], [ 121.6320634, 31.1655342 ], [ 121.6322672, 31.1657178 ], [ 121.632632, 31.1657362 ], [ 121.6328788, 31.1657637 ], [ 121.6338336, 31.1631013 ], [ 121.6344237, 31.1618528 ], [ 121.6346705, 31.1610816 ], [ 121.6351104, 31.1595759 ], [ 121.6361618, 31.1601268 ], [ 121.6368377, 31.1603563 ], [ 121.6371059, 31.1602553 ], [ 121.637578, 31.1597779 ], [ 121.6379321, 31.1594566 ], [ 121.6381466, 31.1595851 ], [ 121.6385007, 31.1589608 ], [ 121.6393375, 31.1591169 ], [ 121.6398418, 31.159227 ], [ 121.6403782, 31.1593005 ], [ 121.6406894, 31.1587129 ], [ 121.6384256, 31.1576387 ], [ 121.6389942, 31.156436 ], [ 121.6394341, 31.1565002 ], [ 121.6398954, 31.1556005 ], [ 121.6408288, 31.1560871 ], [ 121.6410541, 31.155729 ], [ 121.642524, 31.1563074 ], [ 121.642524, 31.1559585 ], [ 121.641022, 31.155224 ], [ 121.6407001, 31.1548109 ], [ 121.6408503, 31.1542875 ], [ 121.6410327, 31.1536724 ], [ 121.6425562, 31.1546548 ], [ 121.6429531, 31.1548384 ], [ 121.6434145, 31.1551781 ], [ 121.643554, 31.1555454 ], [ 121.6436827, 31.1558484 ], [ 121.6433287, 31.1561973 ], [ 121.6440046, 31.1565094 ], [ 121.644938, 31.1569318 ], [ 121.6453028, 31.156592 ], [ 121.646086, 31.156794 ], [ 121.6462898, 31.1571705 ], [ 121.6458607, 31.1577397 ], [ 121.6467941, 31.1581804 ], [ 121.6468048, 31.1584375 ], [ 121.6469872, 31.1587496 ], [ 121.647073, 31.1589149 ], [ 121.6481352, 31.1591628 ], [ 121.6481244, 31.1595484 ], [ 121.6489613, 31.1597779 ], [ 121.648972, 31.1601635 ], [ 121.649133, 31.1605583 ], [ 121.6494548, 31.1607694 ], [ 121.6500234, 31.1608704 ], [ 121.6505706, 31.1608704 ], [ 121.6510641, 31.1610816 ], [ 121.6520619, 31.1612927 ], [ 121.6528451, 31.1616233 ], [ 121.6529953, 31.1620456 ], [ 121.6525447, 31.1629177 ], [ 121.6522336, 31.1635328 ], [ 121.6512144, 31.1629086 ], [ 121.6501951, 31.1625505 ], [ 121.6496587, 31.1624495 ], [ 121.6494656, 31.1631197 ], [ 121.6496694, 31.1632207 ], [ 121.6494763, 31.1637073 ], [ 121.6497123, 31.1639827 ], [ 121.6500664, 31.1642765 ], [ 121.6503882, 31.1646804 ], [ 121.650356, 31.1650017 ], [ 121.6507423, 31.1652129 ], [ 121.650635, 31.1653689 ], [ 121.6505062, 31.1656903 ], [ 121.6505384, 31.1661217 ], [ 121.6509354, 31.1664798 ], [ 121.6513109, 31.1668929 ], [ 121.6519117, 31.1670581 ], [ 121.6531455, 31.167508 ], [ 121.6531777, 31.1679853 ], [ 121.653285, 31.1691512 ], [ 121.6534567, 31.1705282 ], [ 121.6525447, 31.170519 ], [ 121.6519654, 31.1703997 ], [ 121.6511392, 31.170363 ], [ 121.6496265, 31.1700325 ], [ 121.6494548, 31.1705649 ], [ 121.6495407, 31.1710331 ], [ 121.6504955, 31.171437 ], [ 121.6502702, 31.1718134 ], [ 121.651665, 31.1722907 ], [ 121.6524267, 31.1728966 ], [ 121.6522765, 31.173686 ], [ 121.6525555, 31.1738788 ], [ 121.6525876, 31.1742276 ], [ 121.6525662, 31.1750997 ], [ 121.6526842, 31.1756963 ], [ 121.6531992, 31.175834 ], [ 121.6538858, 31.1763297 ], [ 121.6537893, 31.177165 ], [ 121.6527271, 31.1768071 ], [ 121.65277, 31.1777617 ], [ 121.655184, 31.1785052 ], [ 121.655302, 31.1782666 ], [ 121.6549802, 31.1781564 ], [ 121.6551518, 31.1777342 ], [ 121.6563535, 31.178083 ], [ 121.6563642, 31.1782574 ], [ 121.6563105, 31.1786154 ], [ 121.6564286, 31.1789642 ], [ 121.6580701, 31.1796251 ], [ 121.659776, 31.1802401 ], [ 121.6594005, 31.1812956 ], [ 121.6581666, 31.180956 ], [ 121.6579306, 31.1818647 ], [ 121.6603553, 31.1826633 ], [ 121.6616321, 31.183058 ], [ 121.6612565, 31.1846459 ], [ 121.6609347, 31.1859767 ], [ 121.6617179, 31.1861603 ], [ 121.6613746, 31.1873168 ], [ 121.6617179, 31.1874728 ], [ 121.6610312, 31.1897123 ], [ 121.6615462, 31.1897123 ], [ 121.6612458, 31.1912909 ], [ 121.658746, 31.1994405 ], [ 121.6366768, 31.1954209 ], [ 121.6339516, 31.1947968 ], [ 121.6323209, 31.1976969 ], [ 121.6329431, 31.1981557 ], [ 121.6326642, 31.1994038 ], [ 121.6334152, 31.1998076 ], [ 121.6303897, 31.2053504 ], [ 121.6288447, 31.2049375 ], [ 121.628598, 31.2057817 ], [ 121.6281795, 31.2058092 ], [ 121.6277611, 31.2062956 ], [ 121.6269565, 31.2072775 ], [ 121.626302, 31.2071582 ], [ 121.6257226, 31.2079382 ], [ 121.6264737, 31.208452 ], [ 121.6250253, 31.2102047 ], [ 121.6249394, 31.2106543 ], [ 121.6332972, 31.2143522 ], [ 121.6334474, 31.2148293 ], [ 121.632868, 31.2153798 ], [ 121.6288233, 31.2143889 ], [ 121.6282439, 31.2145265 ], [ 121.6258514, 31.2178297 ], [ 121.6265702, 31.2185087 ], [ 121.6256583, 31.2191417 ], [ 121.6251326, 31.2188573 ], [ 121.6245639, 31.2191234 ], [ 121.6241348, 31.2195088 ], [ 121.6255617, 31.2207749 ], [ 121.626302, 31.2213162 ], [ 121.6271603, 31.2215364 ], [ 121.6275036, 31.2208667 ], [ 121.6289627, 31.2212979 ], [ 121.6293275, 31.2211327 ], [ 121.6305613, 31.2214447 ], [ 121.6304111, 31.2219493 ], [ 121.6309583, 31.2221695 ], [ 121.6304541, 31.2227934 ], [ 121.6287804, 31.2225824 ], [ 121.6282761, 31.2233255 ], [ 121.6286409, 31.2237476 ], [ 121.6278791, 31.2239403 ], [ 121.6271388, 31.2238577 ], [ 121.6265058, 31.2247109 ], [ 121.6262483, 31.2254449 ], [ 121.6257656, 31.2266926 ], [ 121.6273641, 31.2271147 ], [ 121.6271174, 31.2278211 ], [ 121.6264737, 31.2278211 ], [ 121.6261732, 31.2279495 ], [ 121.6254008, 31.2276651 ], [ 121.6239631, 31.2272431 ], [ 121.6224611, 31.2267018 ], [ 121.6228795, 31.2258945 ], [ 121.6217208, 31.2252247 ], [ 121.6213775, 31.2255733 ], [ 121.6209724, 31.2260252 ], [ 121.6209751, 31.2330561 ], [ 121.6205031, 31.2329402 ], [ 121.6186953, 31.2324563 ], [ 121.6181105, 31.2322958 ], [ 121.6132236, 31.2309839 ], [ 121.6124135, 31.230766 ], [ 121.6111931, 31.2304369 ], [ 121.610705, 31.2303096 ], [ 121.6101229, 31.2302098 ], [ 121.6097072, 31.2301433 ], [ 121.6080523, 31.229938 ], [ 121.6050214, 31.2295711 ], [ 121.6043562, 31.2294816 ], [ 121.6040504, 31.2293991 ], [ 121.6037017, 31.2292248 ], [ 121.6026302, 31.2283566 ], [ 121.6026865, 31.2281605 ], [ 121.6033879, 31.2267018 ], [ 121.604619, 31.2246903 ], [ 121.6051434, 31.2233425 ], [ 121.6055712, 31.2222429 ], [ 121.6018885, 31.2214929 ], [ 121.594951, 31.2200822 ], [ 121.5946171, 31.2228966 ], [ 121.5943757, 31.2251559 ], [ 121.5941584, 31.2270023 ], [ 121.5939438, 31.2298429 ], [ 121.5855539, 31.227953 ], [ 121.5856357, 31.2276261 ], [ 121.5860099, 31.2257236 ], [ 121.5865543, 31.2229528 ], [ 121.5865678, 31.2228152 ], [ 121.5866965, 31.2187954 ], [ 121.5868279, 31.217426 ], [ 121.5866026, 31.2173159 ], [ 121.5838225, 31.2153477 ], [ 121.5834658, 31.2151344 ], [ 121.5834618, 31.2152537 ], [ 121.5832821, 31.2210846 ], [ 121.5831077, 31.2251788 ], [ 121.5830433, 31.2256009 ], [ 121.5827214, 31.2268991 ], [ 121.5823782, 31.2277936 ], [ 121.5807795, 31.2278027 ], [ 121.5732694, 31.2278486 ], [ 121.5708446, 31.2275734 ], [ 121.572454, 31.2214998 ], [ 121.5738058, 31.2172792 ], [ 121.5745997, 31.2145999 ], [ 121.5746856, 31.2131869 ], [ 121.573205, 31.2128015 ], [ 121.5731191, 31.2114618 ], [ 121.5730977, 31.2099569 ], [ 121.573677, 31.2047631 ], [ 121.5740633, 31.202267 ], [ 121.5744602, 31.2003674 ], [ 121.5750289, 31.1986422 ], [ 121.575121, 31.1982796 ] ] ] ] } },
{ "type": "Feature", "properties": { "district": "浦东新区", "official_control_code_2023": "310115130000", "official_control_name_2023": "三林镇", "osm_name": "三林镇", "osm_relation_id_source": "14179226", "admin_level": "8", "boundary": "administrative", "geometry_is_approximate": true, "source_snapshot_date": "2026-08-19", "source_pbf_sha256": "cba608c2e67cbd2ee7616dcee6833e575e818237048faabf4c0e447acd6c0b6f", "source_url": "https://download.openstreetmap.fr/extracts/asia/china/shanghai.osm.pbf", "license": "OpenStreetMap contributors, Open Database License 1.0" }, "geometry": { "type": "MultiPolygon", "coordinates": [ [ [ [ 121.5410828, 31.1591995 ], [ 121.5404284, 31.1596126 ], [ 121.5398598, 31.1598054 ], [ 121.5391409, 31.1599156 ], [ 121.53898, 31.1600809 ], [ 121.539377, 31.1605124 ], [ 121.54001, 31.1607603 ], [ 121.5403104, 31.1610173 ], [ 121.5403211, 31.1613111 ], [ 121.5401065, 31.1618344 ], [ 121.5400958, 31.1622659 ], [ 121.5398705, 31.1626974 ], [ 121.5392375, 31.1637348 ], [ 121.5389371, 31.1644417 ], [ 121.5388083, 31.1648548 ], [ 121.5381217, 31.1653506 ], [ 121.5375423, 31.166388 ], [ 121.5370595, 31.1668837 ], [ 121.5360296, 31.1666358 ], [ 121.5350854, 31.1681138 ], [ 121.53427, 31.1677099 ], [ 121.5339589, 31.1677283 ], [ 121.5335512, 31.1677834 ], [ 121.5333474, 31.1679578 ], [ 121.5331221, 31.1682974 ], [ 121.5328431, 31.1685361 ], [ 121.5327358, 31.1686555 ], [ 121.5323496, 31.1692338 ], [ 121.5319848, 31.1697571 ], [ 121.5317273, 31.1701059 ], [ 121.5314591, 31.1706292 ], [ 121.5313518, 31.171235 ], [ 121.5310621, 31.1716298 ], [ 121.5304613, 31.1718593 ], [ 121.5299785, 31.171896 ], [ 121.5293777, 31.1720337 ], [ 121.5288627, 31.1714554 ], [ 121.5284872, 31.1714462 ], [ 121.5279615, 31.1713452 ], [ 121.5277576, 31.1712167 ], [ 121.5272963, 31.1711341 ], [ 121.5270281, 31.1709505 ], [ 121.5266633, 31.1706292 ], [ 121.5261698, 31.1705098 ], [ 121.5259337, 31.1703721 ], [ 121.5234232, 31.1694358 ], [ 121.522994, 31.1690043 ], [ 121.5227473, 31.1690227 ], [ 121.5221572, 31.1699958 ], [ 121.5201616, 31.1692797 ], [ 121.5198076, 31.1699866 ], [ 121.5203762, 31.1704915 ], [ 121.51999, 31.1709872 ], [ 121.5197968, 31.1712993 ], [ 121.5184986, 31.170721 ], [ 121.5184665, 31.1685178 ], [ 121.5181231, 31.1681781 ], [ 121.5180051, 31.1676916 ], [ 121.5160954, 31.1669204 ], [ 121.5140569, 31.1666634 ], [ 121.5135097, 31.1667185 ], [ 121.513263, 31.167205 ], [ 121.513145, 31.1677007 ], [ 121.512748, 31.1679119 ], [ 121.5127694, 31.168325 ], [ 121.5124261, 31.1688483 ], [ 121.5121794, 31.1689676 ], [ 121.5116215, 31.1691512 ], [ 121.5115142, 31.1696102 ], [ 121.5111387, 31.1698948 ], [ 121.5105527, 31.1697704 ], [ 121.5101731, 31.1701702 ], [ 121.5099049, 31.1704823 ], [ 121.5097363, 31.1712926 ], [ 121.5023088, 31.1698672 ], [ 121.4925563, 31.1680404 ], [ 121.4831257, 31.1663788 ], [ 121.47892, 31.1651853 ], [ 121.4743066, 31.1644142 ], [ 121.4668607, 31.1630555 ], [ 121.4653346, 31.1628135 ], [ 121.4653013, 31.1620366 ], [ 121.4644402, 31.1601005 ], [ 121.464039, 31.1595608 ], [ 121.4628869, 31.1580113 ], [ 121.4543456, 31.1506154 ], [ 121.4537945, 31.1500943 ], [ 121.4533384, 31.149278 ], [ 121.4525228, 31.1473143 ], [ 121.4525367, 31.1452914 ], [ 121.4531034, 31.143375 ], [ 121.4537392, 31.1418607 ], [ 121.4553841, 31.1389504 ], [ 121.4568631, 31.1370693 ], [ 121.45866, 31.1355076 ], [ 121.4588537, 31.1353299 ], [ 121.4632904, 31.1312601 ], [ 121.464258, 31.1300651 ], [ 121.4654191, 31.1273082 ], [ 121.4659581, 31.1240306 ], [ 121.4657646, 31.1221611 ], [ 121.4652532, 31.1205636 ], [ 121.4640092, 31.1184751 ], [ 121.4607126, 31.1142978 ], [ 121.4643271, 31.1132032 ], [ 121.4658545, 31.1129073 ], [ 121.4670137, 31.1121387 ], [ 121.4683625, 31.1128709 ], [ 121.4684065, 31.1131554 ], [ 121.4667742, 31.1140215 ], [ 121.4676441, 31.114055 ], [ 121.4685335, 31.1147537 ], [ 121.4692568, 31.1149127 ], [ 121.469638, 31.115147 ], [ 121.4696917, 31.115465 ], [ 121.4696135, 31.116172 ], [ 121.4696878, 31.1163945 ], [ 121.4698744, 31.1165365 ], [ 121.4703547, 31.1160129 ], [ 121.4703374, 31.115794 ], [ 121.4704031, 31.1157111 ], [ 121.4706312, 31.1157318 ], [ 121.4707452, 31.1154271 ], [ 121.4711357, 31.1152674 ], [ 121.4711875, 31.114939 ], [ 121.4714709, 31.1146904 ], [ 121.472086, 31.1138887 ], [ 121.4722, 31.1135337 ], [ 121.47239, 31.1133177 ], [ 121.4723486, 31.112942 ], [ 121.4725144, 31.1121403 ], [ 121.4724108, 31.1114657 ], [ 121.4724903, 31.1113592 ], [ 121.4726389, 31.1113503 ], [ 121.4729775, 31.1114983 ], [ 121.4733922, 31.1115545 ], [ 121.4734613, 31.1116432 ], [ 121.4728773, 31.1125811 ], [ 121.4729153, 31.1127823 ], [ 121.4740245, 31.1134095 ], [ 121.4742388, 31.1129627 ], [ 121.4747295, 31.1119627 ], [ 121.4753688, 31.111942 ], [ 121.4768132, 31.1126994 ], [ 121.4764295, 31.1132935 ], [ 121.475014, 31.115485 ], [ 121.4751362, 31.1155855 ], [ 121.4746494, 31.1162955 ], [ 121.4745031, 31.1162089 ], [ 121.4739744, 31.1169189 ], [ 121.4737342, 31.1167962 ], [ 121.4735974, 31.1170012 ], [ 121.4733887, 31.1169112 ], [ 121.4732372, 31.1170158 ], [ 121.4730124, 31.1175263 ], [ 121.4733056, 31.1176476 ], [ 121.4731248, 31.1179153 ], [ 121.4729977, 31.1178568 ], [ 121.472812, 31.1181831 ], [ 121.4734766, 31.1185555 ], [ 121.4729489, 31.1193462 ], [ 121.4729537, 31.1195512 ], [ 121.4732714, 31.119434 ], [ 121.4735011, 31.1194549 ], [ 121.4744687, 31.1198273 ], [ 121.4750063, 31.1191537 ], [ 121.4758196, 31.1195954 ], [ 121.4766075, 31.1200539 ], [ 121.4765764, 31.1201516 ], [ 121.4765245, 31.1203379 ], [ 121.4766973, 31.1203113 ], [ 121.4770602, 31.1204267 ], [ 121.4773159, 31.1205835 ], [ 121.4774368, 31.1207314 ], [ 121.4775128, 31.1213556 ], [ 121.47723, 31.1220108 ], [ 121.4772603, 31.1221491 ], [ 121.4775682, 31.1222053 ], [ 121.4784062, 31.122054 ], [ 121.4788706, 31.122175 ], [ 121.4793552, 31.1225207 ], [ 121.4794309, 31.1227238 ], [ 121.4789918, 31.1232553 ], [ 121.4789413, 31.1234368 ], [ 121.4792189, 31.1236529 ], [ 121.4796732, 31.1236832 ], [ 121.4803547, 31.1233375 ], [ 121.4807434, 31.1235535 ], [ 121.4811119, 31.1241412 ], [ 121.4811069, 31.1250617 ], [ 121.4816268, 31.1254246 ], [ 121.4813492, 31.1260858 ], [ 121.4814653, 31.1262068 ], [ 121.4817732, 31.1261074 ], [ 121.4839691, 31.1266389 ], [ 121.484176, 31.1265654 ], [ 121.4843123, 31.1267729 ], [ 121.4847414, 31.1268593 ], [ 121.4849282, 31.1267858 ], [ 121.4851856, 31.1262154 ], [ 121.4856349, 31.1263364 ], [ 121.4861498, 31.1248802 ], [ 121.4864476, 31.1248283 ], [ 121.4865082, 31.1242363 ], [ 121.4863567, 31.1242363 ], [ 121.4863971, 31.1237739 ], [ 121.4872856, 31.1236227 ], [ 121.4877954, 31.122672 ], [ 121.487962, 31.1218509 ], [ 121.4881639, 31.1215181 ], [ 121.4881336, 31.1211422 ], [ 121.4883255, 31.1207187 ], [ 121.4889539, 31.120857 ], [ 121.4889665, 31.1210082 ], [ 121.4890801, 31.1211335 ], [ 121.4889994, 31.1214706 ], [ 121.4906854, 31.122054 ], [ 121.4907604, 31.122036 ], [ 121.4909378, 31.1219935 ], [ 121.4913242, 31.1216603 ], [ 121.492577, 31.1225006 ], [ 121.4928269, 31.1226503 ], [ 121.4929006, 31.1226692 ], [ 121.4940726, 31.1234509 ], [ 121.4941476, 31.1233257 ], [ 121.4946545, 31.1230568 ], [ 121.4948258, 31.1228551 ], [ 121.4949555, 31.1221358 ], [ 121.4953946, 31.1211721 ], [ 121.4956672, 31.1203338 ], [ 121.4960408, 31.1197806 ], [ 121.4959903, 31.1193355 ], [ 121.496061, 31.1190805 ], [ 121.4963538, 31.1186786 ], [ 121.4966516, 31.1184928 ], [ 121.4964396, 31.1181211 ], [ 121.4968686, 31.1177754 ], [ 121.4969848, 31.1168506 ], [ 121.4970706, 31.1167641 ], [ 121.4987667, 31.1176414 ], [ 121.4988929, 31.1175853 ], [ 121.4992008, 31.11695 ], [ 121.4994179, 31.1167555 ], [ 121.5008784, 31.1176147 ], [ 121.4999771, 31.1189075 ], [ 121.4999582, 31.1190287 ], [ 121.5004773, 31.1192146 ], [ 121.4996362, 31.1203293 ], [ 121.4998232, 31.1204508 ], [ 121.5014938, 31.1214339 ], [ 121.5010032, 31.1218539 ], [ 121.5010922, 31.1219253 ], [ 121.5020043, 31.1226566 ], [ 121.5025049, 31.1220881 ], [ 121.5026183, 31.1220138 ], [ 121.5039098, 31.122588 ], [ 121.5050011, 31.1229284 ], [ 121.5047834, 31.1233632 ], [ 121.5052578, 31.1236022 ], [ 121.5055648, 31.1231196 ], [ 121.5069883, 31.1235526 ], [ 121.5070218, 31.1232038 ], [ 121.5071502, 31.1228837 ], [ 121.5082651, 31.1216397 ], [ 121.5084325, 31.1213148 ], [ 121.5084868, 31.12091 ], [ 121.5085665, 31.1206602 ], [ 121.5088289, 31.120426 ], [ 121.5092307, 31.1202062 ], [ 121.5093591, 31.1197045 ], [ 121.5093982, 31.1186819 ], [ 121.5096159, 31.1180941 ], [ 121.5097009, 31.1176692 ], [ 121.5098795, 31.1174733 ], [ 121.5103316, 31.1172726 ], [ 121.5111968, 31.1173395 ], [ 121.5125643, 31.117588 ], [ 121.5172697, 31.118429 ], [ 121.5182911, 31.1180468 ], [ 121.5185256, 31.1177983 ], [ 121.5186651, 31.1173873 ], [ 121.5193796, 31.1174829 ], [ 121.5193733, 31.117553 ], [ 121.51972, 31.1176406 ], [ 121.5197926, 31.1174685 ], [ 121.5199154, 31.1175259 ], [ 121.5194932, 31.1186018 ], [ 121.5192801, 31.1187809 ], [ 121.5192682, 31.1189701 ], [ 121.5194103, 31.1190884 ], [ 121.5196747, 31.1191425 ], [ 121.519805, 31.1187775 ], [ 121.5198997, 31.118737 ], [ 121.5204207, 31.1188586 ], [ 121.5206744, 31.1190012 ], [ 121.5205528, 31.1197015 ], [ 121.5203239, 31.1204178 ], [ 121.520545, 31.120428 ], [ 121.5207183, 31.1196397 ], [ 121.5208983, 31.1187201 ], [ 121.5222712, 31.1191901 ], [ 121.5223314, 31.1192782 ], [ 121.5222446, 31.1195046 ], [ 121.5223117, 31.1196026 ], [ 121.5223985, 31.1195553 ], [ 121.5225056, 31.1191519 ], [ 121.5239936, 31.1196066 ], [ 121.5242081, 31.1195649 ], [ 121.5254317, 31.1200699 ], [ 121.5255195, 31.1199864 ], [ 121.5260703, 31.1202076 ], [ 121.526431, 31.1200991 ], [ 121.526977, 31.1204121 ], [ 121.5278155, 31.1189598 ], [ 121.52927, 31.1194684 ], [ 121.5307729, 31.1199848 ], [ 121.5320921, 31.1204109 ], [ 121.531899, 31.1210447 ], [ 121.5321135, 31.1211733 ], [ 121.5323067, 31.1213202 ], [ 121.5323067, 31.1215315 ], [ 121.532253, 31.1218254 ], [ 121.5324783, 31.1219264 ], [ 121.5326071, 31.1220734 ], [ 121.5326071, 31.1222846 ], [ 121.5326929, 31.1223765 ], [ 121.5325212, 31.1232765 ], [ 121.5323388, 31.1235796 ], [ 121.5314376, 31.1234878 ], [ 121.5313518, 31.1239562 ], [ 121.5319312, 31.1241031 ], [ 121.5325749, 31.1242317 ], [ 121.5329718, 31.1243236 ], [ 121.5331864, 31.124443 ], [ 121.5332723, 31.1246175 ], [ 121.5329933, 31.1247093 ], [ 121.5324676, 31.1248379 ], [ 121.5316307, 31.1250767 ], [ 121.5310085, 31.1253339 ], [ 121.5304828, 31.1255726 ], [ 121.5301502, 31.1258757 ], [ 121.5299463, 31.1266472 ], [ 121.5307724, 31.1267758 ], [ 121.5306651, 31.1272258 ], [ 121.5313089, 31.1272993 ], [ 121.5310085, 31.1284748 ], [ 121.5304828, 31.1283738 ], [ 121.5298605, 31.1298524 ], [ 121.5288627, 31.1296412 ], [ 121.5283906, 31.1309545 ], [ 121.5270066, 31.1306239 ], [ 121.5258479, 31.1302565 ], [ 121.526202, 31.1294483 ], [ 121.5261376, 31.1292738 ], [ 121.525923, 31.1291361 ], [ 121.5255475, 31.1291361 ], [ 121.5252578, 31.129182 ], [ 121.5249145, 31.1291636 ], [ 121.5246677, 31.1296687 ], [ 121.5243995, 31.1301463 ], [ 121.5242171, 31.1302014 ], [ 121.5231764, 31.1315514 ], [ 121.5232837, 31.1316433 ], [ 121.5234876, 31.1317535 ], [ 121.5237343, 31.1320565 ], [ 121.523788, 31.1323045 ], [ 121.5238738, 31.1327637 ], [ 121.5239918, 31.13303 ], [ 121.5241849, 31.1331677 ], [ 121.5245819, 31.1333239 ], [ 121.5250969, 31.1335167 ], [ 121.5261161, 31.1337647 ], [ 121.5272319, 31.1340126 ], [ 121.527468, 31.1342698 ], [ 121.5276503, 31.1348942 ], [ 121.5277791, 31.1350779 ], [ 121.5282726, 31.1352799 ], [ 121.5287554, 31.1353993 ], [ 121.5292382, 31.1354544 ], [ 121.5297961, 31.1355554 ], [ 121.5301287, 31.1358401 ], [ 121.5308905, 31.1360697 ], [ 121.5313625, 31.135987 ], [ 121.5315449, 31.135785 ], [ 121.5315986, 31.135335 ], [ 121.53162, 31.1350503 ], [ 121.5319526, 31.1348759 ], [ 121.5323496, 31.1348942 ], [ 121.5331328, 31.1349952 ], [ 121.5335941, 31.135133 ], [ 121.53427, 31.1353718 ], [ 121.5349674, 31.1360881 ], [ 121.5355468, 31.1363085 ], [ 121.5360296, 31.1366023 ], [ 121.5372956, 31.1368135 ], [ 121.5376603, 31.1367768 ], [ 121.5379286, 31.1366023 ], [ 121.5381753, 31.1364462 ], [ 121.5385616, 31.1363544 ], [ 121.5387761, 31.136235 ], [ 121.5388298, 31.1357575 ], [ 121.5390336, 31.1357758 ], [ 121.5391195, 31.1360789 ], [ 121.5395164, 31.1361891 ], [ 121.5400851, 31.1365197 ], [ 121.5403104, 31.1363085 ], [ 121.5405786, 31.1360513 ], [ 121.541115, 31.1362717 ], [ 121.5414476, 31.1364095 ], [ 121.5417802, 31.1364921 ], [ 121.5422737, 31.136538 ], [ 121.5425098, 31.1366574 ], [ 121.5427136, 31.1368043 ], [ 121.5429926, 31.1370523 ], [ 121.5430462, 31.137236 ], [ 121.5431964, 31.1375849 ], [ 121.5437651, 31.1379339 ], [ 121.5436256, 31.1384298 ], [ 121.5434003, 31.1388981 ], [ 121.5443659, 31.1391919 ], [ 121.5443551, 31.1394858 ], [ 121.5437221, 31.1407439 ], [ 121.5433359, 31.141405 ], [ 121.5429497, 31.1424702 ], [ 121.5425527, 31.1434895 ], [ 121.5418875, 31.1451331 ], [ 121.541748, 31.1462075 ], [ 121.5411258, 31.1483745 ], [ 121.5408468, 31.1491733 ], [ 121.5403747, 31.1499446 ], [ 121.539849, 31.1506975 ], [ 121.5393555, 31.1516065 ], [ 121.5388405, 31.1522859 ], [ 121.5381861, 31.1533969 ], [ 121.5375209, 31.1553801 ], [ 121.5371561, 31.1557474 ], [ 121.536566, 31.1559126 ], [ 121.5359223, 31.1559494 ], [ 121.5357935, 31.1561146 ], [ 121.5357184, 31.1563992 ], [ 121.5356862, 31.1567298 ], [ 121.5354288, 31.1569226 ], [ 121.5352249, 31.1570327 ], [ 121.5351498, 31.1573633 ], [ 121.5353966, 31.1575377 ], [ 121.535815, 31.1577856 ], [ 121.5362012, 31.1581069 ], [ 121.5373921, 31.1585293 ], [ 121.5380037, 31.1585476 ], [ 121.5383363, 31.1583181 ], [ 121.5387225, 31.1582079 ], [ 121.5394091, 31.1582447 ], [ 121.539967, 31.1584099 ], [ 121.5410828, 31.1591995 ] ], [ [ 121.529317, 31.1461533 ], [ 121.5297114, 31.1453984 ], [ 121.5306226, 31.1436583 ], [ 121.5306008, 31.1426539 ], [ 121.530472, 31.1421121 ], [ 121.5299141, 31.1411387 ], [ 121.5292168, 31.1406061 ], [ 121.5285301, 31.1402939 ], [ 121.5278327, 31.14 ], [ 121.5202045, 31.1387787 ], [ 121.5116, 31.1373094 ], [ 121.508317, 31.1426355 ], [ 121.5074587, 31.1438476 ], [ 121.5065145, 31.1450597 ], [ 121.4964294, 31.1417999 ], [ 121.4955389, 31.1414877 ], [ 121.4936721, 31.1404592 ], [ 121.4925992, 31.1398347 ], [ 121.4900565, 31.1461248 ], [ 121.4846814, 31.1448944 ], [ 121.4830184, 31.1498711 ], [ 121.5063214, 31.1511382 ], [ 121.5090036, 31.151175 ], [ 121.5115356, 31.151781 ], [ 121.5224361, 31.1553985 ], [ 121.5234661, 31.1556923 ], [ 121.5252256, 31.1531949 ], [ 121.5270495, 31.1502935 ], [ 121.528547, 31.1477832 ], [ 121.529317, 31.1461533 ] ] ] ] } },
{ "type": "Feature", "properties": { "district": "浦东新区", "official_control_code_2023": "310115131000", "official_control_name_2023": "惠南镇", "osm_name": "惠南镇", "osm_relation_id_source": "14179286", "admin_level": "8", "boundary": "administrative", "geometry_is_approximate": true, "source_snapshot_date": "2026-08-19", "source_pbf_sha256": "cba608c2e67cbd2ee7616dcee6833e575e818237048faabf4c0e447acd6c0b6f", "source_url": "https://download.openstreetmap.fr/extracts/asia/china/shanghai.osm.pbf", "license": "OpenStreetMap contributors, Open Database License 1.0" }, "geometry": { "type": "MultiPolygon", "coordinates": [ [ [ [ 121.7315948, 31.0765343 ], [ 121.7318094, 31.0746873 ], [ 121.7291379, 31.0744851 ], [ 121.7264235, 31.0742554 ], [ 121.7264128, 31.0739706 ], [ 121.7266273, 31.0713332 ], [ 121.7268848, 31.0712137 ], [ 121.7277646, 31.071177 ], [ 121.7278612, 31.0705153 ], [ 121.7278719, 31.0699548 ], [ 121.729846, 31.0698445 ], [ 121.7298782, 31.0688796 ], [ 121.7295027, 31.068705 ], [ 121.7275607, 31.068126 ], [ 121.7265844, 31.0678044 ], [ 121.7267132, 31.0674459 ], [ 121.7253506, 31.0667843 ], [ 121.7255866, 31.0655069 ], [ 121.7255866, 31.0653047 ], [ 121.7244065, 31.0648544 ], [ 121.724031, 31.0646706 ], [ 121.7238593, 31.0645787 ], [ 121.7242241, 31.0629152 ], [ 121.7243314, 31.0619778 ], [ 121.7247713, 31.0605349 ], [ 121.7248785, 31.0597996 ], [ 121.7255223, 31.0596066 ], [ 121.7255974, 31.0592574 ], [ 121.7254257, 31.0590368 ], [ 121.7249751, 31.0589541 ], [ 121.7233658, 31.0588898 ], [ 121.7217779, 31.0590184 ], [ 121.7216277, 31.0573457 ], [ 121.7194176, 31.0568862 ], [ 121.7195248, 31.0560406 ], [ 121.7194819, 31.0555075 ], [ 121.7187738, 31.0556546 ], [ 121.7186022, 31.0563715 ], [ 121.7180657, 31.0567759 ], [ 121.717658, 31.0553421 ], [ 121.7176151, 31.0549009 ], [ 121.7202008, 31.0543219 ], [ 121.7207265, 31.0540461 ], [ 121.7252111, 31.0518402 ], [ 121.7257368, 31.0517207 ], [ 121.7263377, 31.051638 ], [ 121.726563, 31.0520424 ], [ 121.7270243, 31.0518586 ], [ 121.7269814, 31.0508843 ], [ 121.7275286, 31.0505902 ], [ 121.7283118, 31.0503328 ], [ 121.7291593, 31.0500663 ], [ 121.7302537, 31.0497997 ], [ 121.7303717, 31.049285 ], [ 121.7297172, 31.049285 ], [ 121.7297065, 31.0485313 ], [ 121.7282367, 31.0485956 ], [ 121.727668, 31.0485221 ], [ 121.7277002, 31.0479981 ], [ 121.7277646, 31.0453968 ], [ 121.7273998, 31.0451762 ], [ 121.726917, 31.0451578 ], [ 121.7267346, 31.0453509 ], [ 121.7267024, 31.0460403 ], [ 121.7257798, 31.0459116 ], [ 121.7258334, 31.0453049 ], [ 121.7252648, 31.0452957 ], [ 121.7249966, 31.0451946 ], [ 121.7249751, 31.0445604 ], [ 121.7245138, 31.0445971 ], [ 121.7244708, 31.0449372 ], [ 121.7241382, 31.0450659 ], [ 121.7233872, 31.0451303 ], [ 121.723237, 31.0460403 ], [ 121.7227113, 31.0460862 ], [ 121.7226577, 31.0465091 ], [ 121.7219496, 31.0466377 ], [ 121.7219388, 31.045691 ], [ 121.7215097, 31.0451211 ], [ 121.7214453, 31.0443581 ], [ 121.720866, 31.0445144 ], [ 121.7197823, 31.0448269 ], [ 121.7192566, 31.0449464 ], [ 121.7187846, 31.0450016 ], [ 121.7183125, 31.0450475 ], [ 121.7178941, 31.0451027 ], [ 121.7167139, 31.0450291 ], [ 121.7166656, 31.0460035 ], [ 121.7165798, 31.0461552 ], [ 121.7161936, 31.0461506 ], [ 121.715818, 31.0460954 ], [ 121.7151314, 31.0461368 ], [ 121.7151153, 31.0464907 ], [ 121.715067, 31.0467894 ], [ 121.7148739, 31.046794 ], [ 121.7145681, 31.0467986 ], [ 121.7144823, 31.0470927 ], [ 121.7132592, 31.0469732 ], [ 121.7132324, 31.0463482 ], [ 121.7128676, 31.0463114 ], [ 121.7120629, 31.0462149 ], [ 121.7113602, 31.0461736 ], [ 121.7113709, 31.0468859 ], [ 121.7097938, 31.046817 ], [ 121.7097014, 31.0456474 ], [ 121.7073331, 31.0456556 ], [ 121.706858, 31.0453697 ], [ 121.7057664, 31.0453677 ], [ 121.704225, 31.0452985 ], [ 121.7043543, 31.0426024 ], [ 121.7040539, 31.0424737 ], [ 121.7042255, 31.0410765 ], [ 121.702348, 31.0404698 ], [ 121.702348, 31.0399826 ], [ 121.7023802, 31.0384106 ], [ 121.7024875, 31.0368938 ], [ 121.7024445, 31.0349541 ], [ 121.7038822, 31.0347335 ], [ 121.704129, 31.0344025 ], [ 121.7040753, 31.0338601 ], [ 121.706028, 31.0340164 ], [ 121.7060065, 31.0331155 ], [ 121.7060709, 31.0323892 ], [ 121.7066288, 31.032187 ], [ 121.7076158, 31.032141 ], [ 121.7076158, 31.0311573 ], [ 121.7072403, 31.031001 ], [ 121.7070794, 31.0306241 ], [ 121.7068112, 31.0304494 ], [ 121.7027771, 31.0305046 ], [ 121.7029381, 31.0294565 ], [ 121.7021227, 31.029291 ], [ 121.7021441, 31.0282246 ], [ 121.7037964, 31.0283717 ], [ 121.7038822, 31.0273052 ], [ 121.7022514, 31.0271949 ], [ 121.7023587, 31.0246206 ], [ 121.7042684, 31.0242712 ], [ 121.7071652, 31.023646 ], [ 121.7075515, 31.0235357 ], [ 121.7078304, 31.0222669 ], [ 121.7163491, 31.0224876 ], [ 121.7167997, 31.0224876 ], [ 121.717143, 31.026772 ], [ 121.7234945, 31.0262939 ], [ 121.7305541, 31.0248229 ], [ 121.7355108, 31.0239218 ], [ 121.7378282, 31.0230484 ], [ 121.7384076, 31.0239218 ], [ 121.7375171, 31.0242252 ], [ 121.7367232, 31.0244735 ], [ 121.7361116, 31.0247401 ], [ 121.7360687, 31.0254664 ], [ 121.7384827, 31.0249883 ], [ 121.7386436, 31.0258342 ], [ 121.7380965, 31.0260916 ], [ 121.7376673, 31.0262387 ], [ 121.7379463, 31.0268823 ], [ 121.7386114, 31.0268547 ], [ 121.7395341, 31.0276178 ], [ 121.7395127, 31.0280131 ], [ 121.7411435, 31.0276454 ], [ 121.7414653, 31.028721 ], [ 121.7430425, 31.0281786 ], [ 121.7440188, 31.0277925 ], [ 121.7459607, 31.027103 ], [ 121.7479777, 31.0265513 ], [ 121.7511213, 31.0254756 ], [ 121.7535245, 31.0245011 ], [ 121.7540717, 31.0241701 ], [ 121.7543614, 31.0233518 ], [ 121.7545009, 31.0228369 ], [ 121.7546725, 31.0225887 ], [ 121.752795, 31.019389 ], [ 121.7537284, 31.0188466 ], [ 121.7539966, 31.0186811 ], [ 121.7537069, 31.0180926 ], [ 121.7543828, 31.0175685 ], [ 121.754179, 31.0172835 ], [ 121.7540073, 31.0170076 ], [ 121.7550158, 31.0165847 ], [ 121.7543828, 31.0151962 ], [ 121.7542112, 31.014617 ], [ 121.7535031, 31.0128331 ], [ 121.7532349, 31.0122998 ], [ 121.7530095, 31.0118216 ], [ 121.7529774, 31.0112515 ], [ 121.7669677, 31.0107182 ], [ 121.7671394, 31.0099458 ], [ 121.7670643, 31.0090906 ], [ 121.7670643, 31.0085113 ], [ 121.7676544, 31.0084285 ], [ 121.7677617, 31.0081618 ], [ 121.7676973, 31.0079136 ], [ 121.7674613, 31.0075182 ], [ 121.768266, 31.0072147 ], [ 121.7686415, 31.0071503 ], [ 121.7690384, 31.0069756 ], [ 121.7688882, 31.0065618 ], [ 121.7687166, 31.0061572 ], [ 121.7685664, 31.0053112 ], [ 121.7685664, 31.0051548 ], [ 121.769886, 31.0050353 ], [ 121.7729652, 31.0049249 ], [ 121.7736411, 31.0048698 ], [ 121.7730832, 31.0038674 ], [ 121.7716563, 31.0042812 ], [ 121.7714524, 31.0039686 ], [ 121.7727184, 31.0033156 ], [ 121.7725789, 31.0029846 ], [ 121.7723751, 31.0024328 ], [ 121.7728901, 31.0022857 ], [ 121.7732119, 31.0020742 ], [ 121.773448, 31.0021845 ], [ 121.7732012, 31.0011177 ], [ 121.7733514, 31.0008878 ], [ 121.7743492, 31.0003912 ], [ 121.7753684, 30.9999682 ], [ 121.7758727, 30.9996187 ], [ 121.7763662, 30.999444 ], [ 121.7762697, 30.9991497 ], [ 121.7758298, 30.9991497 ], [ 121.7756903, 30.9978346 ], [ 121.7752075, 30.9975679 ], [ 121.7748856, 30.9974575 ], [ 121.7736411, 30.997715 ], [ 121.7732012, 30.9976599 ], [ 121.7737162, 30.9970345 ], [ 121.7742205, 30.9966298 ], [ 121.7758727, 30.9963815 ], [ 121.7763877, 30.9962528 ], [ 121.7768061, 30.9973472 ], [ 121.776334, 30.9974116 ], [ 121.7765272, 30.9976691 ], [ 121.7768705, 30.9977702 ], [ 121.7769992, 30.9983956 ], [ 121.777643, 30.9982117 ], [ 121.7772996, 30.9976047 ], [ 121.7777717, 30.997246 ], [ 121.7784369, 30.9969149 ], [ 121.7790377, 30.9966023 ], [ 121.7795956, 30.9964183 ], [ 121.779896, 30.996685 ], [ 121.7805612, 30.996262 ], [ 121.7807436, 30.9962988 ], [ 121.7813444, 30.9959033 ], [ 121.7817199, 30.9961056 ], [ 121.7826211, 30.9962712 ], [ 121.7828572, 30.9966023 ], [ 121.7829859, 30.9969057 ], [ 121.7838228, 30.9975587 ], [ 121.7843914, 30.9972184 ], [ 121.7852282, 30.99846 ], [ 121.7871165, 30.9983036 ], [ 121.7881572, 30.9978806 ], [ 121.7886078, 30.9976231 ], [ 121.7882001, 30.9964919 ], [ 121.7887795, 30.9959493 ], [ 121.7899382, 30.9953331 ], [ 121.7904639, 30.9950572 ], [ 121.7909574, 30.9948732 ], [ 121.7923522, 30.9944226 ], [ 121.7926633, 30.9952043 ], [ 121.7935109, 30.9949928 ], [ 121.7942083, 30.9945973 ], [ 121.7944658, 30.9944042 ], [ 121.7950237, 30.9947537 ], [ 121.7951417, 30.994956 ], [ 121.794852, 30.99514 ], [ 121.7944121, 30.9953699 ], [ 121.7949164, 30.9965655 ], [ 121.7958283, 30.9963355 ], [ 121.7970514, 30.99617 ], [ 121.7984784, 30.9958573 ], [ 121.8006349, 30.9956918 ], [ 121.8011927, 30.9957102 ], [ 121.8021047, 30.9957561 ], [ 121.8026304, 30.995701 ], [ 121.8032849, 30.9955446 ], [ 121.8055916, 30.9946065 ], [ 121.806407, 30.9944134 ], [ 121.80704, 30.9962436 ], [ 121.8078768, 30.9959769 ], [ 121.8086922, 30.9956366 ], [ 121.809808, 30.9952687 ], [ 121.809808, 30.9949376 ], [ 121.8105376, 30.9947445 ], [ 121.8100977, 30.993089 ], [ 121.8108487, 30.9928683 ], [ 121.8114495, 30.992666 ], [ 121.811986, 30.9926108 ], [ 121.8122435, 30.9942846 ], [ 121.8129623, 30.9939811 ], [ 121.8130374, 30.9936684 ], [ 121.8144536, 30.9935305 ], [ 121.8148613, 30.9933833 ], [ 121.8148935, 30.993043 ], [ 121.8188095, 30.992528 ], [ 121.829195, 30.989824 ], [ 121.829474, 30.9904678 ], [ 121.8274355, 30.9910197 ], [ 121.8265772, 30.9912588 ], [ 121.8268776, 30.9919394 ], [ 121.8181228, 30.9936685 ], [ 121.8174791, 30.9938892 ], [ 121.8182087, 30.9975311 ], [ 121.8184232, 30.9991129 ], [ 121.8190241, 30.9989658 ], [ 121.8191099, 31.0000878 ], [ 121.8192816, 31.0021293 ], [ 121.8191099, 31.0026627 ], [ 121.8188739, 31.0031409 ], [ 121.8181658, 31.0087136 ], [ 121.8145394, 31.0089527 ], [ 121.8145394, 31.0101665 ], [ 121.8138957, 31.0103872 ], [ 121.8141961, 31.0116929 ], [ 121.8148827, 31.0116193 ], [ 121.8146896, 31.0127044 ], [ 121.81499, 31.0127412 ], [ 121.8149256, 31.0136423 ], [ 121.8149471, 31.014525 ], [ 121.8151831, 31.0148928 ], [ 121.8151617, 31.0156836 ], [ 121.8148613, 31.0166031 ], [ 121.814003, 31.0168237 ], [ 121.8131661, 31.0172099 ], [ 121.8118787, 31.0178719 ], [ 121.8110847, 31.0182029 ], [ 121.8085098, 31.019196 ], [ 121.8066644, 31.0203177 ], [ 121.8061924, 31.0206855 ], [ 121.8059563, 31.0213107 ], [ 121.8058491, 31.021752 ], [ 121.8048191, 31.0225243 ], [ 121.8050551, 31.023315 ], [ 121.8043256, 31.0236092 ], [ 121.8045401, 31.0241793 ], [ 121.8049907, 31.0242712 ], [ 121.8066644, 31.0240873 ], [ 121.8075228, 31.0244183 ], [ 121.8076944, 31.0246941 ], [ 121.8085313, 31.0247861 ], [ 121.8085742, 31.0259997 ], [ 121.8076086, 31.0263307 ], [ 121.8077802, 31.0271949 ], [ 121.8083811, 31.0273236 ], [ 121.8095827, 31.0274155 ], [ 121.8097544, 31.0265697 ], [ 121.8105483, 31.0262387 ], [ 121.8110847, 31.0264226 ], [ 121.8119645, 31.0264594 ], [ 121.8120074, 31.0268271 ], [ 121.8125009, 31.0270294 ], [ 121.812737, 31.0276546 ], [ 121.8133592, 31.0280959 ], [ 121.812737, 31.0289049 ], [ 121.8132305, 31.0299346 ], [ 121.8132949, 31.0307068 ], [ 121.8135309, 31.0309275 ], [ 121.8136382, 31.0314055 ], [ 121.8144536, 31.0317917 ], [ 121.8146467, 31.0325271 ], [ 121.8151188, 31.0325823 ], [ 121.8162775, 31.0322881 ], [ 121.8174362, 31.0323617 ], [ 121.8181014, 31.0329684 ], [ 121.8181228, 31.0337039 ], [ 121.8174147, 31.0347151 ], [ 121.8163204, 31.0365353 ], [ 121.8157625, 31.0374546 ], [ 121.8156767, 31.0377855 ], [ 121.8159985, 31.0380613 ], [ 121.8164921, 31.0383923 ], [ 121.8164277, 31.0388335 ], [ 121.8161058, 31.0395138 ], [ 121.8160414, 31.0412787 ], [ 121.8159556, 31.0425105 ], [ 121.8149042, 31.0424186 ], [ 121.8143248, 31.042106 ], [ 121.8131661, 31.0417751 ], [ 121.8122005, 31.0415913 ], [ 121.8117928, 31.0415361 ], [ 121.8119001, 31.0423267 ], [ 121.8111491, 31.0423634 ], [ 121.8102908, 31.0425105 ], [ 121.8095398, 31.0426576 ], [ 121.8075228, 31.0432827 ], [ 121.806128, 31.0436871 ], [ 121.8051195, 31.0439261 ], [ 121.8047976, 31.0439261 ], [ 121.8045616, 31.0471065 ], [ 121.8065786, 31.0468676 ], [ 121.8072867, 31.0468492 ], [ 121.8076515, 31.0473639 ], [ 121.8087458, 31.0471985 ], [ 121.8109131, 31.0468676 ], [ 121.8122434, 31.0471249 ], [ 121.8125438, 31.047511 ], [ 121.8124366, 31.0484302 ], [ 121.8121576, 31.0486691 ], [ 121.812222, 31.0500295 ], [ 121.8116426, 31.0501766 ], [ 121.810677, 31.0500663 ], [ 121.8100451, 31.0500428 ], [ 121.8105483, 31.0511141 ], [ 121.8107199, 31.0519046 ], [ 121.8107199, 31.0525847 ], [ 121.8102693, 31.0530259 ], [ 121.8098831, 31.0533384 ], [ 121.8089819, 31.0533017 ], [ 121.8079304, 31.0535406 ], [ 121.8079519, 31.0541289 ], [ 121.8077802, 31.0544597 ], [ 121.8072653, 31.0546987 ], [ 121.8070936, 31.0553237 ], [ 121.8061924, 31.055195 ], [ 121.8054414, 31.0552686 ], [ 121.8049478, 31.0557281 ], [ 121.8054199, 31.0562061 ], [ 121.8063426, 31.0560958 ], [ 121.8069863, 31.0564266 ], [ 121.8071151, 31.0568127 ], [ 121.8070292, 31.0577685 ], [ 121.8072438, 31.0582097 ], [ 121.8072438, 31.0584486 ], [ 121.8059993, 31.0584486 ], [ 121.8050551, 31.0585405 ], [ 121.8038964, 31.0585405 ], [ 121.80336, 31.0585405 ], [ 121.8025017, 31.0585957 ], [ 121.8015361, 31.0588163 ], [ 121.8016004, 31.0593309 ], [ 121.8015575, 31.0595147 ], [ 121.8013859, 31.0601765 ], [ 121.8008923, 31.0606176 ], [ 121.8004417, 31.0610955 ], [ 121.8000126, 31.0615183 ], [ 121.7999053, 31.0620697 ], [ 121.7997765, 31.0628049 ], [ 121.7995834, 31.0633747 ], [ 121.7998194, 31.0643489 ], [ 121.7999911, 31.0647165 ], [ 121.7994547, 31.0649555 ], [ 121.7987036, 31.0650657 ], [ 121.7987036, 31.0654517 ], [ 121.799047, 31.0655988 ], [ 121.7990255, 31.0660031 ], [ 121.798253, 31.0660767 ], [ 121.7976522, 31.066095 ], [ 121.7969227, 31.066095 ], [ 121.7961287, 31.0660031 ], [ 121.7957425, 31.0658929 ], [ 121.79497, 31.0657091 ], [ 121.794219, 31.0657091 ], [ 121.7938113, 31.065801 ], [ 121.7935324, 31.0664259 ], [ 121.7930174, 31.0665913 ], [ 121.7925882, 31.0667016 ], [ 121.7921376, 31.0669038 ], [ 121.7919016, 31.0671243 ], [ 121.791451, 31.0672346 ], [ 121.7909145, 31.0672897 ], [ 121.7900777, 31.0672713 ], [ 121.7894983, 31.0676573 ], [ 121.7894339, 31.0681352 ], [ 121.7891335, 31.0683558 ], [ 121.7892408, 31.069238 ], [ 121.7874813, 31.0694034 ], [ 121.7838979, 31.0693299 ], [ 121.7821383, 31.069385 ], [ 121.7814731, 31.0697342 ], [ 121.7815375, 31.0702856 ], [ 121.7816019, 31.0710208 ], [ 121.7815161, 31.0713883 ], [ 121.781795, 31.0716456 ], [ 121.7826104, 31.0717927 ], [ 121.7824816, 31.0722154 ], [ 121.7814946, 31.0726381 ], [ 121.781795, 31.0730608 ], [ 121.7831898, 31.0729873 ], [ 121.7831039, 31.0762219 ], [ 121.7829752, 31.0771959 ], [ 121.78128, 31.0769386 ], [ 121.780293, 31.0768284 ], [ 121.7798853, 31.0769019 ], [ 121.7794347, 31.0770122 ], [ 121.7789197, 31.0771224 ], [ 121.7749715, 31.0772143 ], [ 121.7703795, 31.0774716 ], [ 121.7697787, 31.077637 ], [ 121.7694998, 31.0778208 ], [ 121.7697572, 31.0780781 ], [ 121.7698216, 31.0782619 ], [ 121.7697358, 31.0787029 ], [ 121.7692423, 31.0787029 ], [ 121.7689848, 31.0782067 ], [ 121.7682767, 31.0783537 ], [ 121.7674827, 31.0784089 ], [ 121.7674827, 31.0772878 ], [ 121.7669248, 31.077104 ], [ 121.7650151, 31.0776921 ], [ 121.7641997, 31.077637 ], [ 121.7610025, 31.07749 ], [ 121.760627, 31.0774808 ], [ 121.7599833, 31.0774716 ], [ 121.7600047, 31.0780873 ], [ 121.7589211, 31.0779954 ], [ 121.7589533, 31.0773154 ], [ 121.7580521, 31.0772878 ], [ 121.7580414, 31.0781148 ], [ 121.7576229, 31.0780781 ], [ 121.75758, 31.0798791 ], [ 121.7577517, 31.0812114 ], [ 121.7579019, 31.0829389 ], [ 121.7577946, 31.0833431 ], [ 121.7574084, 31.083922 ], [ 121.7573655, 31.0843355 ], [ 121.7573547, 31.0846295 ], [ 121.7572689, 31.0849419 ], [ 121.7571831, 31.0850705 ], [ 121.7566359, 31.0851624 ], [ 121.7561853, 31.0852451 ], [ 121.7559171, 31.0854197 ], [ 121.7557669, 31.0854656 ], [ 121.7556703, 31.0858883 ], [ 121.7553055, 31.0870735 ], [ 121.7552304, 31.0873951 ], [ 121.7552411, 31.087781 ], [ 121.7553377, 31.0880015 ], [ 121.7546511, 31.0880107 ], [ 121.7539966, 31.0878729 ], [ 121.7535245, 31.087928 ], [ 121.7529666, 31.0879831 ], [ 121.7525482, 31.0879923 ], [ 121.7520118, 31.0879923 ], [ 121.7511535, 31.0878086 ], [ 121.7508209, 31.0876156 ], [ 121.7498875, 31.0875054 ], [ 121.7493081, 31.0875054 ], [ 121.7456174, 31.0863753 ], [ 121.7461216, 31.0849143 ], [ 121.7455637, 31.0847581 ], [ 121.7461002, 31.0841701 ], [ 121.7462611, 31.0839863 ], [ 121.7460573, 31.0839312 ], [ 121.7452741, 31.083628 ], [ 121.7438149, 31.082948 ], [ 121.7424416, 31.0825989 ], [ 121.7408001, 31.0820108 ], [ 121.7412615, 31.0805682 ], [ 121.7408538, 31.0804947 ], [ 121.7409289, 31.0792634 ], [ 121.7390728, 31.0790337 ], [ 121.7389119, 31.0789418 ], [ 121.7390299, 31.0779862 ], [ 121.7379463, 31.0778116 ], [ 121.7377424, 31.0788775 ], [ 121.7348456, 31.078611 ], [ 121.7349744, 31.0778024 ], [ 121.7333007, 31.0776002 ], [ 121.7333543, 31.0767824 ], [ 121.7315948, 31.0765343 ] ] ] ] } },
{ "type": "Feature", "properties": { "district": "浦东新区", "official_control_code_2023": "310115132000", "official_control_name_2023": "周浦镇", "osm_name": "周浦镇", "osm_relation_id_source": "14179320", "admin_level": "8", "boundary": "administrative", "geometry_is_approximate": true, "source_snapshot_date": "2026-08-19", "source_pbf_sha256": "cba608c2e67cbd2ee7616dcee6833e575e818237048faabf4c0e447acd6c0b6f", "source_url": "https://download.openstreetmap.fr/extracts/asia/china/shanghai.osm.pbf", "license": "OpenStreetMap contributors, Open Database License 1.0" }, "geometry": { "type": "MultiPolygon", "coordinates": [ [ [ [ 121.6235209, 31.0863691 ], [ 121.623373, 31.0878637 ], [ 121.6212809, 31.0876891 ], [ 121.6212487, 31.0869265 ], [ 121.6200042, 31.0869173 ], [ 121.6198969, 31.0874962 ], [ 121.6210019, 31.0876156 ], [ 121.6202831, 31.0913826 ], [ 121.6189742, 31.0913459 ], [ 121.618309, 31.0911989 ], [ 121.6176438, 31.0909232 ], [ 121.6173219, 31.0906844 ], [ 121.6169143, 31.0905557 ], [ 121.6166138, 31.0904822 ], [ 121.6162705, 31.0904639 ], [ 121.6156268, 31.0904822 ], [ 121.6150689, 31.0904822 ], [ 121.6144466, 31.0904455 ], [ 121.6138458, 31.0904271 ], [ 121.61273, 31.0905925 ], [ 121.6124296, 31.0905925 ], [ 121.6118932, 31.0904822 ], [ 121.6107774, 31.090326 ], [ 121.6102731, 31.0903444 ], [ 121.6096938, 31.0905374 ], [ 121.609329, 31.09062 ], [ 121.6087067, 31.0905649 ], [ 121.6081059, 31.090326 ], [ 121.6077411, 31.0901607 ], [ 121.6075373, 31.090179 ], [ 121.6070652, 31.0902801 ], [ 121.6066468, 31.0903077 ], [ 121.6064858, 31.0902893 ], [ 121.6062069, 31.0901882 ], [ 121.6056275, 31.0900688 ], [ 121.6050589, 31.0900137 ], [ 121.6046727, 31.0899402 ], [ 121.6043293, 31.0900412 ], [ 121.6040826, 31.0901974 ], [ 121.6038358, 31.0903628 ], [ 121.6035676, 31.0904455 ], [ 121.6032994, 31.0903812 ], [ 121.6029346, 31.0902709 ], [ 121.6027093, 31.0902158 ], [ 121.6020012, 31.0899953 ], [ 121.6015506, 31.0900137 ], [ 121.6009819, 31.0898391 ], [ 121.6006601, 31.0896553 ], [ 121.6003597, 31.0894624 ], [ 121.6001344, 31.0893521 ], [ 121.5997267, 31.0892878 ], [ 121.5990615, 31.0892878 ], [ 121.5980637, 31.0894256 ], [ 121.5973663, 31.0895267 ], [ 121.5967226, 31.0896278 ], [ 121.5963149, 31.0896829 ], [ 121.5959179, 31.0894532 ], [ 121.5952098, 31.08915 ], [ 121.5949309, 31.0890949 ], [ 121.5944803, 31.0890765 ], [ 121.5943301, 31.0891041 ], [ 121.592989, 31.0893889 ], [ 121.5926778, 31.0894165 ], [ 121.5922701, 31.0893705 ], [ 121.5920663, 31.0892419 ], [ 121.5918088, 31.0889938 ], [ 121.5915942, 31.0888652 ], [ 121.5914011, 31.0887641 ], [ 121.5912294, 31.0886722 ], [ 121.590929, 31.0886263 ], [ 121.5906823, 31.0886447 ], [ 121.5901995, 31.0887917 ], [ 121.5899742, 31.0888468 ], [ 121.5895343, 31.0889662 ], [ 121.5891588, 31.0890489 ], [ 121.5884721, 31.0891133 ], [ 121.5882146, 31.0890489 ], [ 121.5877962, 31.0889571 ], [ 121.5874314, 31.0889203 ], [ 121.5869164, 31.0885712 ], [ 121.5865838, 31.0885528 ], [ 121.5863156, 31.088856 ], [ 121.5860689, 31.0892327 ], [ 121.5859294, 31.0897196 ], [ 121.5857577, 31.0901882 ], [ 121.5855539, 31.0905006 ], [ 121.585232, 31.0906017 ], [ 121.5847063, 31.0906109 ], [ 121.584245, 31.0903995 ], [ 121.5839231, 31.0901607 ], [ 121.5837514, 31.0900596 ], [ 121.5836012, 31.0899585 ], [ 121.5832472, 31.0898207 ], [ 121.5828073, 31.0897564 ], [ 121.5820241, 31.0897013 ], [ 121.581316, 31.0896278 ], [ 121.5808332, 31.0895267 ], [ 121.5804577, 31.0894073 ], [ 121.5789556, 31.0889846 ], [ 121.5782046, 31.0888652 ], [ 121.5779471, 31.0888652 ], [ 121.5777111, 31.0889295 ], [ 121.5774858, 31.08915 ], [ 121.5771854, 31.0892603 ], [ 121.5765524, 31.0892143 ], [ 121.5760052, 31.0891868 ], [ 121.5758765, 31.0886355 ], [ 121.5758765, 31.0879648 ], [ 121.5758443, 31.0877167 ], [ 121.5747607, 31.0875238 ], [ 121.5746856, 31.0878453 ], [ 121.5742135, 31.087781 ], [ 121.5741277, 31.0885987 ], [ 121.573838, 31.0887274 ], [ 121.5739238, 31.0891959 ], [ 121.5739989, 31.0894348 ], [ 121.5737843, 31.0895543 ], [ 121.5734196, 31.0895543 ], [ 121.573087, 31.089444 ], [ 121.5725934, 31.0892511 ], [ 121.5714455, 31.0890214 ], [ 121.5706301, 31.088856 ], [ 121.5702975, 31.0888376 ], [ 121.5700078, 31.0889203 ], [ 121.5698898, 31.0890306 ], [ 121.5696323, 31.0891776 ], [ 121.5693748, 31.0892878 ], [ 121.5690744, 31.089297 ], [ 121.5688169, 31.0891959 ], [ 121.5686238, 31.0890489 ], [ 121.5679157, 31.0887917 ], [ 121.567229, 31.0887366 ], [ 121.5667999, 31.0887366 ], [ 121.566596, 31.0887366 ], [ 121.5662205, 31.0884977 ], [ 121.5660059, 31.0882312 ], [ 121.5657484, 31.0878453 ], [ 121.5654695, 31.0875789 ], [ 121.5649438, 31.0873767 ], [ 121.5646326, 31.0872849 ], [ 121.5640962, 31.087147 ], [ 121.56371, 31.0870827 ], [ 121.5633452, 31.0870184 ], [ 121.5628087, 31.0867703 ], [ 121.5627015, 31.0866325 ], [ 121.5633881, 31.0854473 ], [ 121.5638494, 31.0855483 ], [ 121.5643, 31.084363 ], [ 121.5642404, 31.0841546 ], [ 121.5640332, 31.0843055 ], [ 121.5637857, 31.084384 ], [ 121.5633235, 31.0844042 ], [ 121.5632369, 31.0843635 ], [ 121.5630511, 31.0842652 ], [ 121.5625809, 31.0841266 ], [ 121.5623275, 31.084172 ], [ 121.5622201, 31.084242 ], [ 121.5619091, 31.0844446 ], [ 121.5615849, 31.0848685 ], [ 121.5611724, 31.0850099 ], [ 121.5608954, 31.0849796 ], [ 121.5603347, 31.08474 ], [ 121.5603089, 31.084729 ], [ 121.5603116, 31.0847286 ], [ 121.5601267, 31.084735 ], [ 121.5600785, 31.0847367 ], [ 121.5597673, 31.0847475 ], [ 121.55944, 31.08482 ], [ 121.5592949, 31.0848637 ], [ 121.5589803, 31.0849585 ], [ 121.5591274, 31.085409 ], [ 121.5589067, 31.0854468 ], [ 121.5587302, 31.0850499 ], [ 121.5579307, 31.0852399 ], [ 121.5576006, 31.0857706 ], [ 121.557385, 31.0860014 ], [ 121.5571425, 31.0860533 ], [ 121.5565767, 31.085886 ], [ 121.5560445, 31.0857591 ], [ 121.5552698, 31.0857072 ], [ 121.5548319, 31.0856033 ], [ 121.5546702, 31.0852629 ], [ 121.5544344, 31.0849226 ], [ 121.5540841, 31.0849514 ], [ 121.5531478, 31.085061 ], [ 121.5527503, 31.0849168 ], [ 121.5521238, 31.084588 ], [ 121.5519487, 31.0844033 ], [ 121.5519015, 31.0841437 ], [ 121.5522046, 31.0835668 ], [ 121.5522787, 31.0833591 ], [ 121.5521238, 31.0832149 ], [ 121.5517466, 31.0832206 ], [ 121.5515992, 31.0832855 ], [ 121.5514973, 31.0833303 ], [ 121.5510123, 31.0835033 ], [ 121.5498401, 31.0832956 ], [ 121.54951, 31.0830822 ], [ 121.5494404, 31.0826646 ], [ 121.5493566, 31.0826889 ], [ 121.5491753, 31.0827414 ], [ 121.5487542, 31.0828982 ], [ 121.5486315, 31.0829439 ], [ 121.5484697, 31.0831436 ], [ 121.548269, 31.0833859 ], [ 121.5480615, 31.0834647 ], [ 121.5478278, 31.0835536 ], [ 121.5475825, 31.0837695 ], [ 121.5475091, 31.0838341 ], [ 121.5474521, 31.0839047 ], [ 121.5474287, 31.0839371 ], [ 121.5474204, 31.0839486 ], [ 121.5473788, 31.0840555 ], [ 121.5473683, 31.0841971 ], [ 121.5473667, 31.0842198 ], [ 121.5473785, 31.0843466 ], [ 121.5473921, 31.084437 ], [ 121.5473542, 31.0846171 ], [ 121.5473511, 31.084632 ], [ 121.5472923, 31.084755 ], [ 121.5472102, 31.0847772 ], [ 121.5470065, 31.0846982 ], [ 121.5467886, 31.0846601 ], [ 121.5462929, 31.0846926 ], [ 121.546025, 31.0846992 ], [ 121.5459455, 31.085052 ], [ 121.5455809, 31.0858626 ], [ 121.5452002, 31.0866183 ], [ 121.5439793, 31.088703 ], [ 121.5443531, 31.0888968 ], [ 121.5446715, 31.0891898 ], [ 121.5448837, 31.0893752 ], [ 121.5450606, 31.0895009 ], [ 121.5453484, 31.0894553 ], [ 121.5457053, 31.0894229 ], [ 121.5461481, 31.0894411 ], [ 121.5470363, 31.0898928 ], [ 121.5468974, 31.0901916 ], [ 121.5468443, 31.0903455 ], [ 121.5464415, 31.090187 ], [ 121.5463989, 31.0905087 ], [ 121.546985, 31.0907606 ], [ 121.5473666, 31.0909089 ], [ 121.5476503, 31.0909814 ], [ 121.5474778, 31.0914861 ], [ 121.5473977, 31.0918756 ], [ 121.5473628, 31.0920381 ], [ 121.5475042, 31.0921875 ], [ 121.5486955, 31.0924535 ], [ 121.5486825, 31.0923169 ], [ 121.5487711, 31.0922327 ], [ 121.5489127, 31.0921347 ], [ 121.5501414, 31.0927331 ], [ 121.5505269, 31.0929389 ], [ 121.5508769, 31.0928829 ], [ 121.5511441, 31.0929161 ], [ 121.5513985, 31.0930082 ], [ 121.5516192, 31.0932476 ], [ 121.5517213, 31.0935721 ], [ 121.5518949, 31.0936192 ], [ 121.552493, 31.0937198 ], [ 121.5530009, 31.0939851 ], [ 121.5538511, 31.0937788 ], [ 121.5540537, 31.0938158 ], [ 121.5543469, 31.0939524 ], [ 121.5546616, 31.0940188 ], [ 121.5550798, 31.0940225 ], [ 121.5553256, 31.0940927 ], [ 121.555426, 31.0941841 ], [ 121.5556317, 31.0945468 ], [ 121.555955, 31.0946391 ], [ 121.5563474, 31.0946981 ], [ 121.5564888, 31.0946802 ], [ 121.5566578, 31.0946464 ], [ 121.556882, 31.0944951 ], [ 121.5568266, 31.0951724 ], [ 121.5572596, 31.0951767 ], [ 121.5572365, 31.0941588 ], [ 121.5574216, 31.0940247 ], [ 121.5576673, 31.0939424 ], [ 121.5592003, 31.0938375 ], [ 121.5594959, 31.0939412 ], [ 121.5599053, 31.0942095 ], [ 121.5609984, 31.0943254 ], [ 121.5618779, 31.0945083 ], [ 121.5622696, 31.0946 ], [ 121.563171, 31.0952123 ], [ 121.5629544, 31.0960531 ], [ 121.5625516, 31.0988989 ], [ 121.5612785, 31.0988183 ], [ 121.5613817, 31.0983153 ], [ 121.5609295, 31.0982787 ], [ 121.5604976, 31.1003077 ], [ 121.559935, 31.1002711 ], [ 121.5592911, 31.1001087 ], [ 121.558315, 31.0998625 ], [ 121.5582865, 31.1000302 ], [ 121.5580337, 31.100393 ], [ 121.5586995, 31.1006278 ], [ 121.5585861, 31.1010648 ], [ 121.557745, 31.1024255 ], [ 121.5574658, 31.1031043 ], [ 121.5575865, 31.1032489 ], [ 121.5589722, 31.1035382 ], [ 121.5590032, 31.1036798 ], [ 121.5584551, 31.1045682 ], [ 121.5573969, 31.1058963 ], [ 121.55648, 31.1070651 ], [ 121.5562904, 31.1071123 ], [ 121.5559043, 31.1069382 ], [ 121.5556251, 31.1072185 ], [ 121.5556424, 31.107313 ], [ 121.5568833, 31.1079357 ], [ 121.556872, 31.1080646 ], [ 121.5565746, 31.1083609 ], [ 121.5560287, 31.1089077 ], [ 121.5543399, 31.1106425 ], [ 121.5535551, 31.1105548 ], [ 121.5535402, 31.1106873 ], [ 121.5534126, 31.1106135 ], [ 121.5534023, 31.1106844 ], [ 121.553616, 31.1107286 ], [ 121.553554, 31.1108349 ], [ 121.5537401, 31.110885 ], [ 121.5535919, 31.1109972 ], [ 121.5537647, 31.1111308 ], [ 121.553209, 31.1115941 ], [ 121.5530774, 31.1118695 ], [ 121.5530774, 31.1122493 ], [ 121.5549639, 31.1124121 ], [ 121.5550029, 31.1129254 ], [ 121.5557034, 31.1131382 ], [ 121.555835, 31.1125484 ], [ 121.5585387, 31.1128332 ], [ 121.5583348, 31.11332 ], [ 121.5593755, 31.1142753 ], [ 121.5597188, 31.1146795 ], [ 121.5600622, 31.1149091 ], [ 121.5600192, 31.1158276 ], [ 121.5608561, 31.1159195 ], [ 121.5619182, 31.1161032 ], [ 121.5633666, 31.1165624 ], [ 121.5641177, 31.117233 ], [ 121.5648579, 31.1174626 ], [ 121.564924, 31.1175668 ], [ 121.5655339, 31.118528 ], [ 121.5662849, 31.1186107 ], [ 121.5668321, 31.1185556 ], [ 121.5675509, 31.1186934 ], [ 121.5680659, 31.1189505 ], [ 121.5681302, 31.1194465 ], [ 121.5679371, 31.1206681 ], [ 121.5706408, 31.1211273 ], [ 121.5712953, 31.1210998 ], [ 121.5712108, 31.1234741 ], [ 121.5711343, 31.1242777 ], [ 121.5709734, 31.12549 ], [ 121.5707052, 31.1267666 ], [ 121.5715527, 31.1269778 ], [ 121.5717244, 31.1265186 ], [ 121.5723252, 31.1265645 ], [ 121.5721643, 31.1271982 ], [ 121.5728724, 31.1275289 ], [ 121.5722394, 31.1278503 ], [ 121.5719497, 31.1277952 ], [ 121.571542, 31.1286218 ], [ 121.5721536, 31.1286585 ], [ 121.5714669, 31.1311749 ], [ 121.5714776, 31.1332871 ], [ 121.5715313, 31.1350228 ], [ 121.5715742, 31.1355922 ], [ 121.5711021, 31.1368227 ], [ 121.5710378, 31.1372268 ], [ 121.5741706, 31.1377686 ], [ 121.5742242, 31.1373645 ], [ 121.5755331, 31.1375849 ], [ 121.5758657, 31.1376951 ], [ 121.5759301, 31.1382828 ], [ 121.577003, 31.1390175 ], [ 121.5780759, 31.1395501 ], [ 121.5788913, 31.1400276 ], [ 121.5791273, 31.1400643 ], [ 121.5793526, 31.1400643 ], [ 121.5796208, 31.1381083 ], [ 121.5798139, 31.1367033 ], [ 121.5807581, 31.13719 ], [ 121.5808332, 31.1367401 ], [ 121.5811765, 31.1354636 ], [ 121.581434, 31.1348116 ], [ 121.5827751, 31.1355279 ], [ 121.5831077, 31.1344075 ], [ 121.582979, 31.134031 ], [ 121.5827644, 31.1336545 ], [ 121.5826249, 31.1333881 ], [ 121.5823138, 31.1331677 ], [ 121.5818739, 31.1329749 ], [ 121.5811014, 31.132681 ], [ 121.5826034, 31.1308626 ], [ 121.5839231, 31.1314228 ], [ 121.5845132, 31.1304861 ], [ 121.5838694, 31.1302473 ], [ 121.5839124, 31.1299351 ], [ 121.5836978, 31.1297881 ], [ 121.5826678, 31.1295034 ], [ 121.5822601, 31.1292646 ], [ 121.5823889, 31.1283463 ], [ 121.5826571, 31.1277126 ], [ 121.5828824, 31.1269962 ], [ 121.582936, 31.1266472 ], [ 121.5835905, 31.126739 ], [ 121.5840948, 31.1267758 ], [ 121.5845775, 31.1267574 ], [ 121.5849316, 31.1265921 ], [ 121.5858436, 31.1267299 ], [ 121.5864015, 31.1269135 ], [ 121.5880966, 31.1273727 ], [ 121.5894055, 31.1277309 ], [ 121.5897918, 31.1276391 ], [ 121.5905213, 31.1274278 ], [ 121.5910256, 31.1273268 ], [ 121.591841, 31.1256645 ], [ 121.5921628, 31.1248655 ], [ 121.5920555, 31.1244154 ], [ 121.5916479, 31.1237725 ], [ 121.5914869, 31.1235245 ], [ 121.5914869, 31.1231296 ], [ 121.5915406, 31.122551 ], [ 121.59168, 31.1220091 ], [ 121.5922594, 31.119915 ], [ 121.5923881, 31.119419 ], [ 121.5930533, 31.1197129 ], [ 121.593858, 31.1197864 ], [ 121.5942228, 31.1197956 ], [ 121.5944481, 31.1200987 ], [ 121.594491, 31.1206222 ], [ 121.5945876, 31.1209437 ], [ 121.5951347, 31.1212651 ], [ 121.5956926, 31.1214396 ], [ 121.5963149, 31.1216509 ], [ 121.5968943, 31.1221836 ], [ 121.5971732, 31.1225877 ], [ 121.5972268, 31.1227071 ], [ 121.5976345, 31.122799 ], [ 121.5983748, 31.1228357 ], [ 121.598922, 31.1229092 ], [ 121.6001236, 31.1234051 ], [ 121.6013574, 31.1240848 ], [ 121.6019797, 31.1233133 ], [ 121.6024732, 31.1231112 ], [ 121.6032672, 31.1214396 ], [ 121.6035461, 31.1211274 ], [ 121.6081381, 31.1221744 ], [ 121.6084385, 31.1217703 ], [ 121.6104769, 31.122303 ], [ 121.6110348, 31.1208702 ], [ 121.6112923, 31.120117 ], [ 121.6115927, 31.119272 ], [ 121.6124296, 31.117086 ], [ 121.6123867, 31.1167553 ], [ 121.6118717, 31.1163696 ], [ 121.6116357, 31.1162961 ], [ 121.6110134, 31.116737 ], [ 121.6108203, 31.1153592 ], [ 121.6110134, 31.1141467 ], [ 121.611743, 31.1138344 ], [ 121.61376, 31.1137426 ], [ 121.6151118, 31.1136691 ], [ 121.6155195, 31.1145325 ], [ 121.6158628, 31.1145325 ], [ 121.6159701, 31.1151571 ], [ 121.6170859, 31.1154327 ], [ 121.6177296, 31.1156164 ], [ 121.6183948, 31.1155613 ], [ 121.6189527, 31.1155429 ], [ 121.6196179, 31.1158919 ], [ 121.6200042, 31.116094 ], [ 121.6204762, 31.1165716 ], [ 121.6208625, 31.1161491 ], [ 121.6211843, 31.1160389 ], [ 121.6230726, 31.1155245 ], [ 121.6236949, 31.1154327 ], [ 121.6233945, 31.1167553 ], [ 121.6235447, 31.1171779 ], [ 121.623888, 31.1173616 ], [ 121.624403, 31.1175636 ], [ 121.6250038, 31.1176555 ], [ 121.6253686, 31.1176738 ], [ 121.6257334, 31.1176922 ], [ 121.6259694, 31.1177657 ], [ 121.6262483, 31.1179127 ], [ 121.6265058, 31.1181515 ], [ 121.6268062, 31.1182066 ], [ 121.6271281, 31.1182066 ], [ 121.6276002, 31.1180596 ], [ 121.6279971, 31.1182709 ], [ 121.628319, 31.1183443 ], [ 121.6285229, 31.1183352 ], [ 121.6287267, 31.1181239 ], [ 121.6288984, 31.1170768 ], [ 121.6295314, 31.1171411 ], [ 121.6304004, 31.117481 ], [ 121.631012, 31.1177473 ], [ 121.6315162, 31.1180321 ], [ 121.6313553, 31.1183535 ], [ 121.6316235, 31.1184178 ], [ 121.6317415, 31.1182341 ], [ 121.6328359, 31.1184913 ], [ 121.6321707, 31.120117 ], [ 121.6325569, 31.1202364 ], [ 121.6330612, 31.1203099 ], [ 121.6333508, 31.1202915 ], [ 121.6338658, 31.1198599 ], [ 121.6343057, 31.1198139 ], [ 121.634767, 31.1202824 ], [ 121.6349387, 31.1205671 ], [ 121.6354108, 31.1197496 ], [ 121.6364837, 31.1198782 ], [ 121.6360009, 31.1211733 ], [ 121.636827, 31.1211733 ], [ 121.6372776, 31.1215223 ], [ 121.6377067, 31.1217795 ], [ 121.6381252, 31.1217519 ], [ 121.6382968, 31.1213937 ], [ 121.6384256, 31.1211365 ], [ 121.6386938, 31.1209528 ], [ 121.6389298, 31.1209528 ], [ 121.6392517, 31.1212651 ], [ 121.6395521, 31.1213937 ], [ 121.6400349, 31.1212651 ], [ 121.6403139, 31.1211733 ], [ 121.640389, 31.1214304 ], [ 121.6409469, 31.1215039 ], [ 121.6411507, 31.1215407 ], [ 121.6411936, 31.1218438 ], [ 121.6408503, 31.1232398 ], [ 121.6395521, 31.1230286 ], [ 121.6393053, 31.1230837 ], [ 121.6390586, 31.1236072 ], [ 121.6385007, 31.1253522 ], [ 121.6374814, 31.1250308 ], [ 121.6372776, 31.1257196 ], [ 121.6366768, 31.1255084 ], [ 121.6361403, 31.1267299 ], [ 121.6366982, 31.1268401 ], [ 121.6363871, 31.1277309 ], [ 121.6361081, 31.1277309 ], [ 121.6358721, 31.1285391 ], [ 121.6353142, 31.1283463 ], [ 121.6350675, 31.128585 ], [ 121.6343593, 31.1305596 ], [ 121.6342306, 31.1309177 ], [ 121.6341126, 31.1311473 ], [ 121.6354108, 31.1312667 ], [ 121.6369986, 31.1315055 ], [ 121.6378784, 31.1316157 ], [ 121.6386187, 31.1318361 ], [ 121.6395306, 31.1319463 ], [ 121.640346, 31.131983 ], [ 121.6406894, 31.1320198 ], [ 121.6412151, 31.1324514 ], [ 121.6416657, 31.1328647 ], [ 121.6418481, 31.1324973 ], [ 121.6419232, 31.1322126 ], [ 121.642009, 31.1317626 ], [ 121.6420412, 31.1315882 ], [ 121.6441548, 31.1316341 ], [ 121.6450882, 31.1312208 ], [ 121.6442299, 31.1308718 ], [ 121.644659, 31.1301004 ], [ 121.6449916, 31.1295769 ], [ 121.6462791, 31.1299351 ], [ 121.6470194, 31.1287687 ], [ 121.6492081, 31.1291361 ], [ 121.6494334, 31.1287871 ], [ 121.6505062, 31.1289432 ], [ 121.6507959, 31.1289708 ], [ 121.6509676, 31.1277585 ], [ 121.6526735, 31.1282269 ], [ 121.6524911, 31.1290075 ], [ 121.6559887, 31.1299902 ], [ 121.6577053, 31.1304402 ], [ 121.6596472, 31.1305596 ], [ 121.6630912, 31.1308626 ], [ 121.6651726, 31.1312392 ], [ 121.665312, 31.1296963 ], [ 121.6666531, 31.1297147 ], [ 121.6664922, 31.1272442 ], [ 121.6666531, 31.1259033 ], [ 121.666621, 31.1245624 ], [ 121.6673183, 31.1226704 ], [ 121.6673612, 31.1224591 ], [ 121.667211, 31.122202 ], [ 121.6673612, 31.1220826 ], [ 121.6677797, 31.1219448 ], [ 121.6680157, 31.1218438 ], [ 121.6682732, 31.1214029 ], [ 121.6685736, 31.1208518 ], [ 121.6689169, 31.1201538 ], [ 121.6692173, 31.1197221 ], [ 121.6709661, 31.1202181 ], [ 121.6717708, 31.1204936 ], [ 121.6727579, 31.1207416 ], [ 121.6730153, 31.1205487 ], [ 121.6730475, 31.120365 ], [ 121.6719746, 31.1200527 ], [ 121.6721034, 31.1194373 ], [ 121.6730368, 31.1178851 ], [ 121.6738307, 31.1162501 ], [ 121.673702, 31.1160573 ], [ 121.6737449, 31.1158552 ], [ 121.6743672, 31.1144682 ], [ 121.6746354, 31.1140732 ], [ 121.6749573, 31.114211 ], [ 121.6751611, 31.1137517 ], [ 121.6748822, 31.1134762 ], [ 121.6748714, 31.1132925 ], [ 121.6755795, 31.1120616 ], [ 121.6757619, 31.1117952 ], [ 121.6761911, 31.1118228 ], [ 121.676985, 31.1104358 ], [ 121.6772425, 31.1100959 ], [ 121.6783476, 31.1104174 ], [ 121.6789913, 31.1094253 ], [ 121.6793775, 31.1087547 ], [ 121.679163, 31.1086261 ], [ 121.6786802, 31.1084975 ], [ 121.6783047, 31.1083965 ], [ 121.677736, 31.1083138 ], [ 121.6771352, 31.1081577 ], [ 121.6765666, 31.1080015 ], [ 121.6758263, 31.1078913 ], [ 121.6750109, 31.1076524 ], [ 121.6694534, 31.1057601 ], [ 121.6684127, 31.1053651 ], [ 121.6690564, 31.1041892 ], [ 121.6696679, 31.1042995 ], [ 121.6697645, 31.1038585 ], [ 121.6694426, 31.1036656 ], [ 121.6699469, 31.1025541 ], [ 121.6691422, 31.1022233 ], [ 121.6693568, 31.1018099 ], [ 121.6695285, 31.1013231 ], [ 121.6696465, 31.1010015 ], [ 121.6699147, 31.1004871 ], [ 121.6691852, 31.1001655 ], [ 121.6689062, 31.0999175 ], [ 121.6686594, 31.0997797 ], [ 121.66852, 31.0996419 ], [ 121.6683483, 31.0993847 ], [ 121.6682303, 31.0992377 ], [ 121.6681123, 31.0990815 ], [ 121.6679084, 31.0989529 ], [ 121.6667068, 31.0985303 ], [ 121.6661703, 31.0982179 ], [ 121.6655373, 31.0981904 ], [ 121.6659129, 31.0972441 ], [ 121.6661274, 31.0952046 ], [ 121.6681015, 31.0955445 ], [ 121.6683912, 31.0949198 ], [ 121.6686487, 31.0949473 ], [ 121.6688311, 31.094341 ], [ 121.6691959, 31.0943502 ], [ 121.6712773, 31.0945431 ], [ 121.6713953, 31.0929261 ], [ 121.6715317, 31.0916346 ], [ 121.6680908, 31.0914194 ], [ 121.6673827, 31.0897105 ], [ 121.667372, 31.0895359 ], [ 121.6684341, 31.0895818 ], [ 121.6684234, 31.0891224 ], [ 121.6670608, 31.0893154 ], [ 121.6663206, 31.089444 ], [ 121.6653979, 31.0895818 ], [ 121.6617179, 31.0903352 ], [ 121.6594434, 31.0907395 ], [ 121.6591537, 31.0906706 ], [ 121.6591215, 31.0901928 ], [ 121.6592288, 31.0897564 ], [ 121.6581559, 31.0903352 ], [ 121.6562891, 31.0875605 ], [ 121.6576731, 31.0865039 ], [ 121.6573298, 31.0862374 ], [ 121.655817, 31.0854105 ], [ 121.6551411, 31.0858883 ], [ 121.6553879, 31.0861731 ], [ 121.6548729, 31.0866325 ], [ 121.6545725, 31.086899 ], [ 121.6545832, 31.087046 ], [ 121.6544759, 31.0872114 ], [ 121.6547441, 31.0876064 ], [ 121.6543579, 31.087928 ], [ 121.6530597, 31.0886079 ], [ 121.6514611, 31.0892694 ], [ 121.65115, 31.0892878 ], [ 121.6508603, 31.0896461 ], [ 121.6504633, 31.0900504 ], [ 121.6499805, 31.0903352 ], [ 121.6497123, 31.090519 ], [ 121.6495192, 31.0907762 ], [ 121.6494977, 31.0911437 ], [ 121.6495621, 31.091548 ], [ 121.6495836, 31.0920074 ], [ 121.6497338, 31.093018 ], [ 121.6496265, 31.0933212 ], [ 121.6493046, 31.0932661 ], [ 121.6486931, 31.0929353 ], [ 121.648103, 31.0929445 ], [ 121.6475451, 31.0929445 ], [ 121.6471374, 31.0929353 ], [ 121.6466653, 31.0927424 ], [ 121.6461396, 31.0926321 ], [ 121.6452384, 31.0925678 ], [ 121.6448629, 31.0925586 ], [ 121.6447341, 31.0925586 ], [ 121.6440046, 31.0924667 ], [ 121.6434252, 31.0922738 ], [ 121.6429853, 31.0922095 ], [ 121.6427922, 31.0922371 ], [ 121.6426313, 31.0923381 ], [ 121.6425025, 31.0920257 ], [ 121.6417086, 31.0919706 ], [ 121.641376, 31.091989 ], [ 121.6407215, 31.0918052 ], [ 121.6404641, 31.0917317 ], [ 121.640346, 31.0918971 ], [ 121.6400134, 31.0918971 ], [ 121.6395736, 31.0918696 ], [ 121.6398954, 31.0906844 ], [ 121.6381252, 31.0906476 ], [ 121.637696, 31.0918971 ], [ 121.6373098, 31.0919155 ], [ 121.6355502, 31.0919706 ], [ 121.6346168, 31.0918512 ], [ 121.633898, 31.0917226 ], [ 121.6342842, 31.0903444 ], [ 121.6333616, 31.090225 ], [ 121.6340053, 31.0881761 ], [ 121.6346168, 31.0881945 ], [ 121.6346276, 31.0873676 ], [ 121.6336298, 31.0873216 ], [ 121.6328895, 31.0873032 ], [ 121.632911, 31.0875421 ], [ 121.6334152, 31.0876524 ], [ 121.6334689, 31.0880107 ], [ 121.6327929, 31.0880107 ], [ 121.6325784, 31.0883231 ], [ 121.6323423, 31.0886998 ], [ 121.6317895, 31.0886511 ], [ 121.6312694, 31.0885528 ], [ 121.6292632, 31.0883415 ], [ 121.6289735, 31.0879005 ], [ 121.6289413, 31.0872757 ], [ 121.6288769, 31.0867979 ], [ 121.6297245, 31.0868898 ], [ 121.6297352, 31.0863936 ], [ 121.6291129, 31.0863753 ], [ 121.6290593, 31.086072 ], [ 121.628437, 31.0860261 ], [ 121.628201, 31.085824 ], [ 121.6281366, 31.0856034 ], [ 121.6274071, 31.0855575 ], [ 121.6272139, 31.0854564 ], [ 121.6272139, 31.0852267 ], [ 121.6264737, 31.085144 ], [ 121.6257334, 31.0851165 ], [ 121.6251326, 31.0849695 ], [ 121.6240489, 31.0849695 ], [ 121.6237271, 31.0863936 ], [ 121.6235209, 31.0863691 ] ] ] ] } },
{ "type": "Feature", "properties": { "district": "浦东新区", "official_control_code_2023": "310115133000", "official_control_name_2023": "新场镇", "osm_name": "新场镇", "osm_relation_id_source": "14179332", "admin_level": "8", "boundary": "administrative", "geometry_is_approximate": true, "source_snapshot_date": "2026-08-19", "source_pbf_sha256": "cba608c2e67cbd2ee7616dcee6833e575e818237048faabf4c0e447acd6c0b6f", "source_url": "https://download.openstreetmap.fr/extracts/asia/china/shanghai.osm.pbf", "license": "OpenStreetMap contributors, Open Database License 1.0" }, "geometry": { "type": "MultiPolygon", "coordinates": [ [ [ [ 121.6396837, 30.9955901 ], [ 121.6414206, 30.9956241 ], [ 121.6431265, 30.9955668 ], [ 121.6436925, 30.9954298 ], [ 121.6456539, 30.995552 ], [ 121.6485573, 30.9953594 ], [ 121.6538912, 30.9952557 ], [ 121.6553947, 30.9950928 ], [ 121.6587128, 30.9949965 ], [ 121.6585447, 30.9936923 ], [ 121.6591557, 30.9936583 ], [ 121.6593299, 30.9944989 ], [ 121.6594093, 30.9945618 ], [ 121.6610224, 30.9944099 ], [ 121.6610987, 30.9942501 ], [ 121.6634236, 30.994203 ], [ 121.6635288, 30.9940027 ], [ 121.665099, 30.9937984 ], [ 121.6652922, 30.9932042 ], [ 121.6657458, 30.9931079 ], [ 121.6658697, 30.992563 ], [ 121.6662153, 30.9924556 ], [ 121.6672436, 30.9924075 ], [ 121.6672954, 30.9921742 ], [ 121.6676367, 30.9921594 ], [ 121.6676281, 30.9918816 ], [ 121.6689026, 30.9918186 ], [ 121.6689545, 30.9919149 ], [ 121.6686745, 30.9925161 ], [ 121.6687478, 30.9931813 ], [ 121.6693649, 30.9930608 ], [ 121.6694565, 30.9932389 ], [ 121.6700431, 30.9931184 ], [ 121.6700675, 30.9937522 ], [ 121.6701729, 30.9939879 ], [ 121.673538, 30.9934903 ], [ 121.6742693, 30.9933508 ], [ 121.6749143, 30.9952871 ], [ 121.6761803, 30.9949744 ], [ 121.6770386, 30.9948641 ], [ 121.6779184, 30.9949008 ], [ 121.6783905, 30.9949008 ], [ 121.6798925, 30.9949928 ], [ 121.6807079, 30.995048 ], [ 121.6807508, 30.9961516 ], [ 121.6813731, 30.9962436 ], [ 121.681416, 30.9973104 ], [ 121.6820812, 30.9975311 ], [ 121.6821241, 30.9998487 ], [ 121.6825104, 30.999867 ], [ 121.6827035, 31.0000878 ], [ 121.6823387, 31.0005108 ], [ 121.6824245, 31.0012649 ], [ 121.6820383, 31.001412 ], [ 121.6815662, 31.0016511 ], [ 121.6789055, 31.0019638 ], [ 121.6765237, 31.0021845 ], [ 121.6758156, 31.0022581 ], [ 121.6748929, 31.0022949 ], [ 121.6741633, 31.00235 ], [ 121.674056, 31.0033432 ], [ 121.6735625, 31.0033616 ], [ 121.6735625, 31.0024972 ], [ 121.6732836, 31.0020742 ], [ 121.6719961, 31.0019822 ], [ 121.6719746, 31.0029938 ], [ 121.6706657, 31.0031041 ], [ 121.6706657, 31.0036007 ], [ 121.6699362, 31.0038214 ], [ 121.6700434, 31.0052744 ], [ 121.6689813, 31.0054491 ], [ 121.6686702, 31.0054123 ], [ 121.6681445, 31.0053571 ], [ 121.6680372, 31.0041709 ], [ 121.6663313, 31.0041985 ], [ 121.6661918, 31.0047226 ], [ 121.6652691, 31.0042352 ], [ 121.6643035, 31.0041341 ], [ 121.6640139, 31.007794 ], [ 121.6638851, 31.0078676 ], [ 121.6629839, 31.0079044 ], [ 121.6630375, 31.0088515 ], [ 121.6631877, 31.009109 ], [ 121.6630804, 31.0095228 ], [ 121.6623509, 31.0097619 ], [ 121.6622329, 31.0093849 ], [ 121.6618359, 31.00944 ], [ 121.6616964, 31.0090354 ], [ 121.6607523, 31.0090446 ], [ 121.6591537, 31.0089803 ], [ 121.6591322, 31.0092101 ], [ 121.6591322, 31.0095964 ], [ 121.658982, 31.0098998 ], [ 121.6593146, 31.0108653 ], [ 121.6598511, 31.0118492 ], [ 121.6603553, 31.0115734 ], [ 121.6609132, 31.0112883 ], [ 121.6616642, 31.0109849 ], [ 121.6619539, 31.01104 ], [ 121.6618895, 31.0112699 ], [ 121.6615569, 31.0116101 ], [ 121.6615033, 31.0118032 ], [ 121.6620076, 31.0128423 ], [ 121.661278, 31.0128607 ], [ 121.6602695, 31.0129526 ], [ 121.6597867, 31.0130354 ], [ 121.6587889, 31.0129986 ], [ 121.6587031, 31.0145342 ], [ 121.6617179, 31.0142124 ], [ 121.6620827, 31.0158583 ], [ 121.665709, 31.0157387 ], [ 121.66911, 31.0158675 ], [ 121.6727364, 31.0158767 ], [ 121.6743672, 31.0158491 ], [ 121.6744959, 31.0159594 ], [ 121.6745067, 31.017072 ], [ 121.674217, 31.017072 ], [ 121.6741204, 31.0175133 ], [ 121.6737664, 31.0176053 ], [ 121.672951, 31.0178168 ], [ 121.6722965, 31.01778 ], [ 121.6722429, 31.0182489 ], [ 121.671921, 31.0182213 ], [ 121.6719103, 31.0184236 ], [ 121.6712451, 31.0185064 ], [ 121.671685, 31.0209981 ], [ 121.6690135, 31.0207038 ], [ 121.6666853, 31.0204188 ], [ 121.6673291, 31.0226714 ], [ 121.6683161, 31.0226438 ], [ 121.6683805, 31.0228093 ], [ 121.6683161, 31.0232139 ], [ 121.6672754, 31.0232139 ], [ 121.6671681, 31.0239862 ], [ 121.6670823, 31.0246666 ], [ 121.6668999, 31.0247953 ], [ 121.6656554, 31.0246482 ], [ 121.6643572, 31.0243815 ], [ 121.6638744, 31.0244551 ], [ 121.6637349, 31.0258526 ], [ 121.6640246, 31.0259169 ], [ 121.6635632, 31.0273879 ], [ 121.6641962, 31.0274523 ], [ 121.6640997, 31.0282154 ], [ 121.6644108, 31.0280131 ], [ 121.6655373, 31.0277925 ], [ 121.6656124, 31.0287302 ], [ 121.6659987, 31.0288773 ], [ 121.6669321, 31.0289601 ], [ 121.6682839, 31.0291347 ], [ 121.6687024, 31.0276913 ], [ 121.6695499, 31.0278476 ], [ 121.6699362, 31.0279304 ], [ 121.6704297, 31.0279947 ], [ 121.6713416, 31.028151 ], [ 121.6721892, 31.0284636 ], [ 121.673305, 31.0288314 ], [ 121.674056, 31.029337 ], [ 121.674571, 31.0295393 ], [ 121.6748822, 31.0296772 ], [ 121.6751611, 31.029291 ], [ 121.6755474, 31.0293094 ], [ 121.6759229, 31.0293462 ], [ 121.6768241, 31.0295025 ], [ 121.6788626, 31.0297047 ], [ 121.6788304, 31.0301552 ], [ 121.6782939, 31.0322605 ], [ 121.6785407, 31.0325271 ], [ 121.6785407, 31.0328029 ], [ 121.6789698, 31.0331523 ], [ 121.678884, 31.0335843 ], [ 121.6792595, 31.0336211 ], [ 121.6792595, 31.0338326 ], [ 121.6791522, 31.0344853 ], [ 121.6790557, 31.0351196 ], [ 121.6788626, 31.0370685 ], [ 121.6794097, 31.0372156 ], [ 121.6790771, 31.0384934 ], [ 121.6801822, 31.03876 ], [ 121.6802144, 31.0390909 ], [ 121.6802144, 31.0396516 ], [ 121.6798925, 31.0397252 ], [ 121.6797316, 31.0401297 ], [ 121.6795063, 31.0414258 ], [ 121.6765129, 31.0410305 ], [ 121.6720605, 31.0409294 ], [ 121.669786, 31.0409937 ], [ 121.6675544, 31.0406904 ], [ 121.6655481, 31.0405433 ], [ 121.6653657, 31.0416556 ], [ 121.6654086, 31.0419222 ], [ 121.665591, 31.042106 ], [ 121.6655373, 31.0424278 ], [ 121.6651189, 31.0427863 ], [ 121.6651082, 31.0428782 ], [ 121.6650009, 31.0431999 ], [ 121.6649043, 31.0438801 ], [ 121.6648829, 31.0439812 ], [ 121.6646147, 31.0441099 ], [ 121.6644645, 31.0443489 ], [ 121.6644108, 31.0446063 ], [ 121.6642713, 31.0448085 ], [ 121.6636062, 31.0448085 ], [ 121.6636169, 31.0451946 ], [ 121.6614497, 31.0448361 ], [ 121.6614175, 31.0453325 ], [ 121.6639602, 31.0457553 ], [ 121.6666639, 31.0464171 ], [ 121.6684019, 31.0466194 ], [ 121.6689491, 31.0467756 ], [ 121.6700756, 31.0469503 ], [ 121.6700542, 31.0473731 ], [ 121.6708374, 31.0474926 ], [ 121.6709554, 31.0470881 ], [ 121.6713416, 31.047079 ], [ 121.6726506, 31.0473363 ], [ 121.6731977, 31.0474834 ], [ 121.6750109, 31.047511 ], [ 121.674968, 31.0471617 ], [ 121.6770923, 31.0472904 ], [ 121.6771781, 31.046987 ], [ 121.677897, 31.0469687 ], [ 121.6798603, 31.0470881 ], [ 121.6805899, 31.0471341 ], [ 121.6810405, 31.0472352 ], [ 121.6807723, 31.0479981 ], [ 121.6801715, 31.0503696 ], [ 121.6807401, 31.0504339 ], [ 121.6805577, 31.0512336 ], [ 121.6803431, 31.0525572 ], [ 121.6801608, 31.0533292 ], [ 121.6802144, 31.0535774 ], [ 121.6806865, 31.0535958 ], [ 121.6812658, 31.0536509 ], [ 121.6814053, 31.0536969 ], [ 121.6813517, 31.0538255 ], [ 121.6811049, 31.05457 ], [ 121.680901, 31.0552134 ], [ 121.6808689, 31.0560957 ], [ 121.6805255, 31.0570332 ], [ 121.6800213, 31.0568586 ], [ 121.6800213, 31.0564634 ], [ 121.6796672, 31.0564266 ], [ 121.6798925, 31.055673 ], [ 121.6790342, 31.0555535 ], [ 121.6790235, 31.0567851 ], [ 121.6778433, 31.0568954 ], [ 121.6778541, 31.0573273 ], [ 121.6778326, 31.0580534 ], [ 121.6776395, 31.0588254 ], [ 121.677221, 31.0588254 ], [ 121.6766524, 31.0587519 ], [ 121.6759765, 31.0587887 ], [ 121.6757727, 31.0596894 ], [ 121.675483, 31.0610312 ], [ 121.672951, 31.0606819 ], [ 121.6726291, 31.0625936 ], [ 121.6731548, 31.0627314 ], [ 121.6732514, 31.0625384 ], [ 121.6733694, 31.0625384 ], [ 121.6737234, 31.0625384 ], [ 121.6737878, 31.0627406 ], [ 121.6737878, 31.0633472 ], [ 121.6737449, 31.0639353 ], [ 121.6737986, 31.0641467 ], [ 121.6765451, 31.064303 ], [ 121.6780043, 31.0643765 ], [ 121.6790879, 31.0645051 ], [ 121.6797531, 31.0645511 ], [ 121.6806543, 31.0645878 ], [ 121.6806757, 31.0648636 ], [ 121.6808045, 31.0661134 ], [ 121.6821992, 31.0662788 ], [ 121.6821778, 31.0667108 ], [ 121.6821027, 31.0681903 ], [ 121.6807508, 31.0681995 ], [ 121.6806006, 31.0675287 ], [ 121.6794741, 31.0675011 ], [ 121.6794097, 31.0682547 ], [ 121.6794634, 31.0689898 ], [ 121.678133, 31.0686039 ], [ 121.6780364, 31.0701753 ], [ 121.6790342, 31.070304 ], [ 121.6791201, 31.0704418 ], [ 121.6790771, 31.0707543 ], [ 121.6786909, 31.0720959 ], [ 121.6786587, 31.0723808 ], [ 121.67853, 31.0729597 ], [ 121.6782725, 31.0740165 ], [ 121.6778755, 31.0749262 ], [ 121.6782403, 31.0750089 ], [ 121.6788626, 31.0751192 ], [ 121.6788196, 31.0752479 ], [ 121.6788411, 31.0754868 ], [ 121.6787982, 31.0757992 ], [ 121.6786373, 31.0762311 ], [ 121.6785192, 31.0766905 ], [ 121.6780901, 31.0782527 ], [ 121.6778433, 31.0787764 ], [ 121.6773927, 31.0786937 ], [ 121.6774464, 31.0782802 ], [ 121.6773176, 31.0782343 ], [ 121.6772532, 31.0784364 ], [ 121.6766631, 31.080219 ], [ 121.6765237, 31.080219 ], [ 121.6760623, 31.0803385 ], [ 121.6756117, 31.0803936 ], [ 121.6751504, 31.0805406 ], [ 121.6747749, 31.0806142 ], [ 121.6738629, 31.0806693 ], [ 121.6735625, 31.0821395 ], [ 121.6730046, 31.0822314 ], [ 121.6718673, 31.0872849 ], [ 121.6717601, 31.0894716 ], [ 121.6715317, 31.0916346 ], [ 121.6680908, 31.0914194 ], [ 121.6673827, 31.0897105 ], [ 121.667372, 31.0895359 ], [ 121.6684341, 31.0895818 ], [ 121.6684234, 31.0891224 ], [ 121.6670608, 31.0893154 ], [ 121.6663206, 31.089444 ], [ 121.6653979, 31.0895818 ], [ 121.6617179, 31.0903352 ], [ 121.6594434, 31.0907395 ], [ 121.6591537, 31.0906706 ], [ 121.6591215, 31.0901928 ], [ 121.6592288, 31.0897564 ], [ 121.6581559, 31.0903352 ], [ 121.6562891, 31.0875605 ], [ 121.6576731, 31.0865039 ], [ 121.6573298, 31.0862374 ], [ 121.655817, 31.0854105 ], [ 121.6551411, 31.0858883 ], [ 121.6553879, 31.0861731 ], [ 121.6548729, 31.0866325 ], [ 121.6545725, 31.086899 ], [ 121.6545832, 31.087046 ], [ 121.6544759, 31.0872114 ], [ 121.6547441, 31.0876064 ], [ 121.6543579, 31.087928 ], [ 121.6530597, 31.0886079 ], [ 121.6514611, 31.0892694 ], [ 121.65115, 31.0892878 ], [ 121.6508603, 31.0896461 ], [ 121.6504633, 31.0900504 ], [ 121.6499805, 31.0903352 ], [ 121.6497123, 31.090519 ], [ 121.6495192, 31.0907762 ], [ 121.6494977, 31.0911437 ], [ 121.6495621, 31.091548 ], [ 121.6495836, 31.0920074 ], [ 121.6497338, 31.093018 ], [ 121.6496265, 31.0933212 ], [ 121.6493046, 31.0932661 ], [ 121.6486931, 31.0929353 ], [ 121.648103, 31.0929445 ], [ 121.6475451, 31.0929445 ], [ 121.6471374, 31.0929353 ], [ 121.6466653, 31.0927424 ], [ 121.6461396, 31.0926321 ], [ 121.6452384, 31.0925678 ], [ 121.6448629, 31.0925586 ], [ 121.6447341, 31.0925586 ], [ 121.6440046, 31.0924667 ], [ 121.6434252, 31.0922738 ], [ 121.6429853, 31.0922095 ], [ 121.6427922, 31.0922371 ], [ 121.6426313, 31.0923381 ], [ 121.6425025, 31.0920257 ], [ 121.6417086, 31.0919706 ], [ 121.641376, 31.091989 ], [ 121.6407215, 31.0918052 ], [ 121.6404641, 31.0917317 ], [ 121.640346, 31.0918971 ], [ 121.6400134, 31.0918971 ], [ 121.6395736, 31.0918696 ], [ 121.6398954, 31.0906844 ], [ 121.6381252, 31.0906476 ], [ 121.637696, 31.0918971 ], [ 121.6373098, 31.0919155 ], [ 121.6355502, 31.0919706 ], [ 121.6346168, 31.0918512 ], [ 121.633898, 31.0917226 ], [ 121.6342842, 31.0903444 ], [ 121.6333616, 31.090225 ], [ 121.6340053, 31.0881761 ], [ 121.6346168, 31.0881945 ], [ 121.6346276, 31.0873676 ], [ 121.6336298, 31.0873216 ], [ 121.6328895, 31.0873032 ], [ 121.632911, 31.0875421 ], [ 121.6334152, 31.0876524 ], [ 121.6334689, 31.0880107 ], [ 121.6327929, 31.0880107 ], [ 121.6325784, 31.0883231 ], [ 121.6323423, 31.0886998 ], [ 121.6317895, 31.0886511 ], [ 121.6312694, 31.0885528 ], [ 121.6292632, 31.0883415 ], [ 121.6289735, 31.0879005 ], [ 121.6289413, 31.0872757 ], [ 121.6288769, 31.0867979 ], [ 121.6297245, 31.0868898 ], [ 121.6297352, 31.0863936 ], [ 121.6291129, 31.0863753 ], [ 121.6290593, 31.086072 ], [ 121.628437, 31.0860261 ], [ 121.628201, 31.085824 ], [ 121.6281366, 31.0856034 ], [ 121.6274071, 31.0855575 ], [ 121.6272139, 31.0854564 ], [ 121.6272139, 31.0852267 ], [ 121.6264737, 31.085144 ], [ 121.6257334, 31.0851165 ], [ 121.6251326, 31.0849695 ], [ 121.6240489, 31.0849695 ], [ 121.6237271, 31.0863936 ], [ 121.6235209, 31.0863691 ], [ 121.6225684, 31.0862558 ], [ 121.6226435, 31.0857688 ], [ 121.6221714, 31.0856126 ], [ 121.6221714, 31.0853921 ], [ 121.621871, 31.0851992 ], [ 121.6221285, 31.084069 ], [ 121.6213667, 31.0839496 ], [ 121.6211414, 31.0839496 ], [ 121.6206157, 31.0839588 ], [ 121.6207659, 31.083288 ], [ 121.6210556, 31.0830859 ], [ 121.6210127, 31.082994 ], [ 121.6205728, 31.0829297 ], [ 121.6193175, 31.0827459 ], [ 121.6168499, 31.0823232 ], [ 121.6158199, 31.082213 ], [ 121.6114211, 31.0816433 ], [ 121.6116571, 31.080945 ], [ 121.6126871, 31.0810552 ], [ 121.6138887, 31.0813676 ], [ 121.6146827, 31.081386 ], [ 121.615262, 31.0814411 ], [ 121.615262, 31.0810368 ], [ 121.6168499, 31.0810368 ], [ 121.6171288, 31.0805407 ], [ 121.6182661, 31.0806693 ], [ 121.6184163, 31.0800996 ], [ 121.6173649, 31.0799526 ], [ 121.6177726, 31.0779311 ], [ 121.6175151, 31.0775084 ], [ 121.6176653, 31.0770305 ], [ 121.6176867, 31.0767549 ], [ 121.6170645, 31.0767549 ], [ 121.6170215, 31.0762954 ], [ 121.6172898, 31.0761392 ], [ 121.6180837, 31.0762495 ], [ 121.6180944, 31.0758819 ], [ 121.6178155, 31.0757073 ], [ 121.6175794, 31.0756797 ], [ 121.6177511, 31.0751927 ], [ 121.6176331, 31.0748711 ], [ 121.6170859, 31.0747241 ], [ 121.6180837, 31.0726749 ], [ 121.6185987, 31.0720316 ], [ 121.6196179, 31.0710759 ], [ 121.6199398, 31.0706256 ], [ 121.6203046, 31.0702029 ], [ 121.6210019, 31.070304 ], [ 121.6208732, 31.0706348 ], [ 121.6219568, 31.070791 ], [ 121.6224825, 31.0693574 ], [ 121.6226864, 31.0681995 ], [ 121.6227615, 31.0680433 ], [ 121.6232657, 31.0681168 ], [ 121.6234589, 31.067786 ], [ 121.6239631, 31.0677584 ], [ 121.6242528, 31.0665545 ], [ 121.6242421, 31.0663615 ], [ 121.6233086, 31.0662696 ], [ 121.6229117, 31.0660858 ], [ 121.622901, 31.0650474 ], [ 121.6227293, 31.0638986 ], [ 121.6225147, 31.0623087 ], [ 121.6226864, 31.060783 ], [ 121.6228795, 31.0593861 ], [ 121.6231155, 31.0587979 ], [ 121.6230833, 31.057502 ], [ 121.6232765, 31.0560222 ], [ 121.6234374, 31.0550296 ], [ 121.6233945, 31.0526123 ], [ 121.623255, 31.0510957 ], [ 121.6232121, 31.0506729 ], [ 121.6232228, 31.0502133 ], [ 121.6232657, 31.0500019 ], [ 121.6229439, 31.0499927 ], [ 121.6228688, 31.0497078 ], [ 121.6229653, 31.0490368 ], [ 121.6230726, 31.0480992 ], [ 121.6232228, 31.0476672 ], [ 121.6234803, 31.0472352 ], [ 121.6235983, 31.0468308 ], [ 121.6236842, 31.0464447 ], [ 121.6237485, 31.0453325 ], [ 121.6237056, 31.0447258 ], [ 121.6235018, 31.0434297 ], [ 121.6188669, 31.0429885 ], [ 121.618942, 31.0402675 ], [ 121.6185021, 31.0402767 ], [ 121.6183948, 31.0404698 ], [ 121.6181052, 31.0404422 ], [ 121.6180408, 31.0401297 ], [ 121.6179657, 31.0398171 ], [ 121.618824, 31.0393207 ], [ 121.619339, 31.0391093 ], [ 121.6194999, 31.0389254 ], [ 121.6195857, 31.0385026 ], [ 121.6196287, 31.0378499 ], [ 121.619575, 31.0375281 ], [ 121.6195106, 31.0370593 ], [ 121.619457, 31.0369674 ], [ 121.6176438, 31.0368019 ], [ 121.618073, 31.0355884 ], [ 121.6184914, 31.0343566 ], [ 121.6189313, 31.0285555 ], [ 121.6191244, 31.0285188 ], [ 121.6193282, 31.0285555 ], [ 121.6195106, 31.0277189 ], [ 121.6197574, 31.0265145 ], [ 121.6198647, 31.0259353 ], [ 121.6191888, 31.0257974 ], [ 121.618942, 31.0254572 ], [ 121.6188455, 31.025163 ], [ 121.6194355, 31.0243264 ], [ 121.6195428, 31.0238023 ], [ 121.619693, 31.0235541 ], [ 121.6198861, 31.0234345 ], [ 121.6198861, 31.0225979 ], [ 121.6197467, 31.0222025 ], [ 121.62009, 31.0201706 ], [ 121.6205406, 31.0185339 ], [ 121.6207445, 31.0175869 ], [ 121.6206908, 31.0165571 ], [ 121.6206372, 31.0159686 ], [ 121.6200471, 31.0159778 ], [ 121.6197681, 31.0151319 ], [ 121.619693, 31.0145066 ], [ 121.6193819, 31.0132009 ], [ 121.6191351, 31.0129067 ], [ 121.6181588, 31.013063 ], [ 121.6182339, 31.011886 ], [ 121.6190064, 31.0118308 ], [ 121.6195106, 31.0117297 ], [ 121.6198861, 31.0116745 ], [ 121.6202724, 31.0116745 ], [ 121.6204977, 31.0113435 ], [ 121.6208088, 31.0103872 ], [ 121.6206586, 31.0102952 ], [ 121.6206801, 31.0099918 ], [ 121.6208196, 31.0089986 ], [ 121.6189206, 31.0090262 ], [ 121.6191244, 31.0074722 ], [ 121.6184377, 31.0074998 ], [ 121.6182929, 31.0071319 ], [ 121.6180623, 31.00704 ], [ 121.6178048, 31.0070354 ], [ 121.6170537, 31.0069572 ], [ 121.6171503, 31.0050491 ], [ 121.6174829, 31.005164 ], [ 121.6179872, 31.0052698 ], [ 121.6182876, 31.005279 ], [ 121.6186738, 31.0052698 ], [ 121.6189313, 31.0052698 ], [ 121.6190332, 31.0052882 ], [ 121.6194892, 31.0054353 ], [ 121.6197413, 31.0054491 ], [ 121.6200525, 31.0054491 ], [ 121.6202187, 31.0053893 ], [ 121.6204119, 31.0048789 ], [ 121.6206908, 31.0040099 ], [ 121.6207391, 31.0037019 ], [ 121.6207606, 31.0035639 ], [ 121.6212434, 31.0036145 ], [ 121.6214043, 31.0030076 ], [ 121.6216028, 31.0023362 ], [ 121.6221178, 31.002327 ], [ 121.6222787, 31.0017569 ], [ 121.6223699, 31.0010626 ], [ 121.6223431, 31.0008235 ], [ 121.6218442, 31.0009154 ], [ 121.6217637, 31.0006211 ], [ 121.6217476, 30.9997337 ], [ 121.6215652, 30.9990899 ], [ 121.6215491, 30.9988692 ], [ 121.6223592, 30.998975 ], [ 121.6224986, 30.9984738 ], [ 121.6227293, 30.9975725 ], [ 121.6227561, 30.9971954 ], [ 121.6229707, 30.9969701 ], [ 121.6231155, 30.9968322 ], [ 121.6231745, 30.9965655 ], [ 121.6232228, 30.9962666 ], [ 121.6232711, 30.9960229 ], [ 121.6232531, 30.9949884 ], [ 121.6247228, 30.9950427 ], [ 121.6247691, 30.995761 ], [ 121.6249348, 30.9957326 ], [ 121.6255607, 30.9952812 ], [ 121.625786, 30.9952045 ], [ 121.6269982, 30.9951562 ], [ 121.6270976, 30.994648 ], [ 121.6274221, 30.9949405 ], [ 121.6276407, 30.9953209 ], [ 121.6278362, 30.9954373 ], [ 121.6280481, 30.9954458 ], [ 121.6286476, 30.9952613 ], [ 121.6290318, 30.9952499 ], [ 121.6295684, 30.9954544 ], [ 121.6297869, 30.9953771 ], [ 121.6303908, 30.9951514 ], [ 121.6317842, 30.9953976 ], [ 121.6331951, 30.9954629 ], [ 121.6396837, 30.9955901 ] ] ] ] } },
{ "type": "Feature", "properties": { "district": "浦东新区", "official_control_code_2023": "310115134000", "official_control_name_2023": "大团镇", "osm_name": "大团镇", "osm_relation_id_source": "14179370", "admin_level": "8", "boundary": "administrative", "geometry_is_approximate": true, "source_snapshot_date": "2026-08-19", "source_pbf_sha256": "cba608c2e67cbd2ee7616dcee6833e575e818237048faabf4c0e447acd6c0b6f", "source_url": "https://download.openstreetmap.fr/extracts/asia/china/shanghai.osm.pbf", "license": "OpenStreetMap contributors, Open Database License 1.0" }, "geometry": { "type": "MultiPolygon", "coordinates": [ [ [ [ 121.7167997, 31.0224876 ], [ 121.717143, 31.026772 ], [ 121.7234945, 31.0262939 ], [ 121.7305541, 31.0248229 ], [ 121.7355108, 31.0239218 ], [ 121.7378282, 31.0230484 ], [ 121.7384076, 31.0239218 ], [ 121.7375171, 31.0242252 ], [ 121.7367232, 31.0244735 ], [ 121.7361116, 31.0247401 ], [ 121.7360687, 31.0254664 ], [ 121.7384827, 31.0249883 ], [ 121.7386436, 31.0258342 ], [ 121.7380965, 31.0260916 ], [ 121.7376673, 31.0262387 ], [ 121.7379463, 31.0268823 ], [ 121.7386114, 31.0268547 ], [ 121.7395341, 31.0276178 ], [ 121.7395127, 31.0280131 ], [ 121.7411435, 31.0276454 ], [ 121.7414653, 31.028721 ], [ 121.7430425, 31.0281786 ], [ 121.7440188, 31.0277925 ], [ 121.7459607, 31.027103 ], [ 121.7479777, 31.0265513 ], [ 121.7511213, 31.0254756 ], [ 121.7535245, 31.0245011 ], [ 121.7540717, 31.0241701 ], [ 121.7543614, 31.0233518 ], [ 121.7545009, 31.0228369 ], [ 121.7546725, 31.0225887 ], [ 121.752795, 31.019389 ], [ 121.7537284, 31.0188466 ], [ 121.7539966, 31.0186811 ], [ 121.7537069, 31.0180926 ], [ 121.7543828, 31.0175685 ], [ 121.754179, 31.0172835 ], [ 121.7540073, 31.0170076 ], [ 121.7550158, 31.0165847 ], [ 121.7543828, 31.0151962 ], [ 121.7542112, 31.014617 ], [ 121.7535031, 31.0128331 ], [ 121.7532349, 31.0122998 ], [ 121.7530095, 31.0118216 ], [ 121.7529774, 31.0112515 ], [ 121.7669677, 31.0107182 ], [ 121.7671394, 31.0099458 ], [ 121.7670643, 31.0090906 ], [ 121.7670643, 31.0085113 ], [ 121.7676544, 31.0084285 ], [ 121.7677617, 31.0081618 ], [ 121.7676973, 31.0079136 ], [ 121.7674613, 31.0075182 ], [ 121.768266, 31.0072147 ], [ 121.7686415, 31.0071503 ], [ 121.7690384, 31.0069756 ], [ 121.7688882, 31.0065618 ], [ 121.7687166, 31.0061572 ], [ 121.7685664, 31.0053112 ], [ 121.7685664, 31.0051548 ], [ 121.769886, 31.0050353 ], [ 121.7729652, 31.0049249 ], [ 121.7736411, 31.0048698 ], [ 121.7730832, 31.0038674 ], [ 121.7716563, 31.0042812 ], [ 121.7714524, 31.0039686 ], [ 121.7727184, 31.0033156 ], [ 121.7725789, 31.0029846 ], [ 121.7723751, 31.0024328 ], [ 121.7728901, 31.0022857 ], [ 121.7732119, 31.0020742 ], [ 121.773448, 31.0021845 ], [ 121.7732012, 31.0011177 ], [ 121.7733514, 31.0008878 ], [ 121.7743492, 31.0003912 ], [ 121.7753684, 30.9999682 ], [ 121.7758727, 30.9996187 ], [ 121.7763662, 30.999444 ], [ 121.7762697, 30.9991497 ], [ 121.7758298, 30.9991497 ], [ 121.7756903, 30.9978346 ], [ 121.7752075, 30.9975679 ], [ 121.7748856, 30.9974575 ], [ 121.7736411, 30.997715 ], [ 121.7732012, 30.9976599 ], [ 121.7737162, 30.9970345 ], [ 121.7742205, 30.9966298 ], [ 121.7758727, 30.9963815 ], [ 121.7763877, 30.9962528 ], [ 121.7768061, 30.9973472 ], [ 121.776334, 30.9974116 ], [ 121.7765272, 30.9976691 ], [ 121.7768705, 30.9977702 ], [ 121.7769992, 30.9983956 ], [ 121.777643, 30.9982117 ], [ 121.7772996, 30.9976047 ], [ 121.7777717, 30.997246 ], [ 121.7784369, 30.9969149 ], [ 121.7790377, 30.9966023 ], [ 121.7795956, 30.9964183 ], [ 121.779896, 30.996685 ], [ 121.7805612, 30.996262 ], [ 121.7807436, 30.9962988 ], [ 121.7813444, 30.9959033 ], [ 121.7817199, 30.9961056 ], [ 121.7826211, 30.9962712 ], [ 121.7828572, 30.9966023 ], [ 121.7829859, 30.9969057 ], [ 121.7838228, 30.9975587 ], [ 121.7843914, 30.9972184 ], [ 121.7852282, 30.99846 ], [ 121.7871165, 30.9983036 ], [ 121.7881572, 30.9978806 ], [ 121.7886078, 30.9976231 ], [ 121.7882001, 30.9964919 ], [ 121.7887795, 30.9959493 ], [ 121.7899382, 30.9953331 ], [ 121.7904639, 30.9950572 ], [ 121.7909574, 30.9948732 ], [ 121.7923522, 30.9944226 ], [ 121.7926633, 30.9952043 ], [ 121.7935109, 30.9949928 ], [ 121.7942083, 30.9945973 ], [ 121.7944658, 30.9944042 ], [ 121.7950237, 30.9947537 ], [ 121.7951417, 30.994956 ], [ 121.794852, 30.99514 ], [ 121.7944121, 30.9953699 ], [ 121.7949164, 30.9965655 ], [ 121.7958283, 30.9963355 ], [ 121.7970514, 30.99617 ], [ 121.7984784, 30.9958573 ], [ 121.7979741, 30.9912588 ], [ 121.797502, 30.9844342 ], [ 121.7963433, 30.9846274 ], [ 121.7961609, 30.9843974 ], [ 121.7961502, 30.9840019 ], [ 121.7948413, 30.9840479 ], [ 121.7947018, 30.9832661 ], [ 121.7940581, 30.9832753 ], [ 121.7936075, 30.9832477 ], [ 121.791805, 30.9831005 ], [ 121.7911506, 30.9829717 ], [ 121.7906892, 30.9829717 ], [ 121.7903352, 30.9830729 ], [ 121.7896807, 30.9833028 ], [ 121.789273, 30.9832569 ], [ 121.7893159, 30.9828337 ], [ 121.7893588, 30.9824474 ], [ 121.7892623, 30.9823554 ], [ 121.7891014, 30.9820887 ], [ 121.7886615, 30.981822 ], [ 121.7886078, 30.9814356 ], [ 121.788243, 30.9815276 ], [ 121.7877066, 30.9813436 ], [ 121.7874384, 30.9809849 ], [ 121.7870414, 30.9812333 ], [ 121.7866874, 30.9814172 ], [ 121.7863011, 30.9817852 ], [ 121.7860436, 30.9815552 ], [ 121.7859363, 30.9811965 ], [ 121.7858183, 30.9807918 ], [ 121.7862153, 30.980525 ], [ 121.7865693, 30.9803962 ], [ 121.78702, 30.9802399 ], [ 121.7873955, 30.9801479 ], [ 121.78761, 30.9800743 ], [ 121.7878032, 30.9798995 ], [ 121.7883825, 30.9796328 ], [ 121.7856788, 30.9714643 ], [ 121.7850673, 30.9719426 ], [ 121.7846489, 30.9692104 ], [ 121.784606, 30.9687229 ], [ 121.7843699, 30.9673154 ], [ 121.7846811, 30.9672602 ], [ 121.7854643, 30.9666806 ], [ 121.7856789, 30.9664322 ], [ 121.7859685, 30.9659814 ], [ 121.7860758, 30.9656502 ], [ 121.7871272, 30.9649786 ], [ 121.7874598, 30.9648498 ], [ 121.7876208, 30.9647302 ], [ 121.7875564, 30.9645002 ], [ 121.7871165, 30.9642243 ], [ 121.7868376, 30.9632491 ], [ 121.7863333, 30.9631571 ], [ 121.786108, 30.9627155 ], [ 121.7870629, 30.9624211 ], [ 121.7872882, 30.9627431 ], [ 121.7876422, 30.9632951 ], [ 121.7881036, 30.9631571 ], [ 121.7886722, 30.9629915 ], [ 121.7890477, 30.9628535 ], [ 121.7894876, 30.9629363 ], [ 121.7898524, 30.9630835 ], [ 121.7900348, 30.9628535 ], [ 121.7904961, 30.9622187 ], [ 121.7909038, 30.9619519 ], [ 121.7909145, 30.9616299 ], [ 121.7903137, 30.9613539 ], [ 121.7906141, 30.9611238 ], [ 121.790818, 30.9607558 ], [ 121.790539, 30.9601302 ], [ 121.7907858, 30.9601946 ], [ 121.7909789, 30.9600566 ], [ 121.791451, 30.9598542 ], [ 121.7917943, 30.959799 ], [ 121.7921269, 30.9596886 ], [ 121.7922771, 30.9593482 ], [ 121.7921591, 30.958925 ], [ 121.7917621, 30.9587226 ], [ 121.7920625, 30.9585386 ], [ 121.7924702, 30.9584374 ], [ 121.792953, 30.9580877 ], [ 121.7921203, 30.9545887 ], [ 121.7913437, 30.9513252 ], [ 121.7898524, 30.9517116 ], [ 121.789273, 30.951178 ], [ 121.789037, 30.9511964 ], [ 121.7886937, 30.951316 ], [ 121.7883718, 30.9515092 ], [ 121.7881787, 30.951822 ], [ 121.7878783, 30.9518864 ], [ 121.7870307, 30.9522637 ], [ 121.7868054, 30.9521073 ], [ 121.786623, 30.9519509 ], [ 121.7863548, 30.9517484 ], [ 121.7859471, 30.9515552 ], [ 121.7857969, 30.9512608 ], [ 121.7855286, 30.9511044 ], [ 121.7851853, 30.9512608 ], [ 121.7848527, 30.951454 ], [ 121.7843807, 30.9517116 ], [ 121.7840266, 30.9517208 ], [ 121.7837906, 30.9513528 ], [ 121.7831576, 30.9505615 ], [ 121.7827821, 30.9499818 ], [ 121.7825568, 30.9496414 ], [ 121.7821813, 30.9493285 ], [ 121.7819774, 30.9492917 ], [ 121.7817092, 30.9488224 ], [ 121.7813766, 30.9483716 ], [ 121.7803788, 30.9490157 ], [ 121.7801428, 30.9486568 ], [ 121.780132, 30.9483716 ], [ 121.7799497, 30.9478839 ], [ 121.7796707, 30.9474698 ], [ 121.7794347, 30.9474606 ], [ 121.7790699, 30.9475435 ], [ 121.7788768, 30.9477827 ], [ 121.7793059, 30.948528 ], [ 121.7791235, 30.9487212 ], [ 121.7786729, 30.9490249 ], [ 121.7777181, 30.9461448 ], [ 121.7837798, 30.944737 ], [ 121.7841983, 30.9444057 ], [ 121.7842948, 30.944056 ], [ 121.7841768, 30.9438996 ], [ 121.7836404, 30.9437156 ], [ 121.783458, 30.9435131 ], [ 121.7833722, 30.9431635 ], [ 121.7836726, 30.9429978 ], [ 121.7836726, 30.9427034 ], [ 121.7835653, 30.9423353 ], [ 121.7834151, 30.9420132 ], [ 121.7832219, 30.9413599 ], [ 121.7831147, 30.9410378 ], [ 121.7827177, 30.9403108 ], [ 121.7825675, 30.9395286 ], [ 121.782428, 30.9391145 ], [ 121.7819559, 30.9389489 ], [ 121.7813659, 30.9387465 ], [ 121.7813337, 30.9384244 ], [ 121.7821169, 30.9381667 ], [ 121.7827499, 30.9380287 ], [ 121.7833185, 30.9378078 ], [ 121.7837047, 30.9376514 ], [ 121.7838764, 30.9374029 ], [ 121.7843056, 30.9371176 ], [ 121.7846703, 30.9368047 ], [ 121.7844236, 30.9367403 ], [ 121.7838657, 30.9365655 ], [ 121.783458, 30.9362618 ], [ 121.7832112, 30.9358661 ], [ 121.7824495, 30.9362986 ], [ 121.7821169, 30.9357372 ], [ 121.7831254, 30.9352771 ], [ 121.7833722, 30.9348814 ], [ 121.7832649, 30.9346421 ], [ 121.7829645, 30.9344581 ], [ 121.7827284, 30.9343753 ], [ 121.7824066, 30.9342464 ], [ 121.7822134, 30.9341728 ], [ 121.7819989, 30.9335838 ], [ 121.7816985, 30.9335838 ], [ 121.7812478, 30.9337495 ], [ 121.7811298, 30.9342924 ], [ 121.7808616, 30.9342464 ], [ 121.7806148, 30.933409 ], [ 121.7805076, 30.9332617 ], [ 121.7804003, 30.932958 ], [ 121.7804003, 30.9326543 ], [ 121.7802286, 30.932231 ], [ 121.7802501, 30.9320101 ], [ 121.7805076, 30.9316328 ], [ 121.7803037, 30.9315316 ], [ 121.7794883, 30.9312095 ], [ 121.7796922, 30.930556 ], [ 121.7794347, 30.9303168 ], [ 121.7789948, 30.9301235 ], [ 121.7784476, 30.9301143 ], [ 121.7775464, 30.9295621 ], [ 121.7771065, 30.9288351 ], [ 121.7766344, 30.9284301 ], [ 121.7759693, 30.9284853 ], [ 121.7747891, 30.9288627 ], [ 121.7738029, 30.9280853 ], [ 121.7733625, 30.9288315 ], [ 121.7733572, 30.9290155 ], [ 121.7739013, 30.9295002 ], [ 121.7735508, 30.9297201 ], [ 121.7732578, 30.9300702 ], [ 121.7731323, 30.9304517 ], [ 121.7732526, 30.9306581 ], [ 121.7732055, 30.9310351 ], [ 121.77342, 30.931246 ], [ 121.7736711, 30.9313627 ], [ 121.7744978, 30.9313627 ], [ 121.7744873, 30.9320897 ], [ 121.774299, 30.9323141 ], [ 121.7735665, 30.9323904 ], [ 121.7733101, 30.9317801 ], [ 121.7730956, 30.931807 ], [ 121.7732264, 30.9324622 ], [ 121.7730643, 30.9326058 ], [ 121.7733415, 30.9329514 ], [ 121.7725149, 30.9332161 ], [ 121.7724678, 30.9335482 ], [ 121.7721539, 30.9336694 ], [ 121.7718191, 30.9337008 ], [ 121.7713953, 30.9334944 ], [ 121.7709977, 30.9337098 ], [ 121.7704797, 30.9335707 ], [ 121.7696217, 30.933629 ], [ 121.769177, 30.9335707 ], [ 121.7690043, 30.933804 ], [ 121.7686747, 30.9339207 ], [ 121.7687061, 30.9342169 ], [ 121.7686015, 30.9342842 ], [ 121.7687794, 30.9345894 ], [ 121.7686852, 30.9346477 ], [ 121.7687532, 30.9352311 ], [ 121.7683817, 30.9352446 ], [ 121.7683922, 30.9359715 ], [ 121.7678324, 30.9360613 ], [ 121.7676702, 30.9358818 ], [ 121.7675237, 30.9358414 ], [ 121.7668645, 30.9361017 ], [ 121.7667599, 30.9365101 ], [ 121.7666029, 30.9366537 ], [ 121.7663623, 30.9367614 ], [ 121.7663466, 30.9369857 ], [ 121.7655775, 30.9372236 ], [ 121.7648973, 30.9376544 ], [ 121.7648659, 30.9378339 ], [ 121.765342, 30.9385967 ], [ 121.765274, 30.9386685 ], [ 121.7644579, 30.9386596 ], [ 121.7644108, 30.9385564 ], [ 121.7639085, 30.9388166 ], [ 121.7638719, 30.9389333 ], [ 121.7639556, 30.9392923 ], [ 121.7643532, 30.9393686 ], [ 121.7643009, 30.93975 ], [ 121.7637568, 30.9398846 ], [ 121.7636992, 30.9400103 ], [ 121.7637463, 30.9401539 ], [ 121.7634608, 30.9404123 ], [ 121.7630428, 30.9398824 ], [ 121.7626655, 30.9396539 ], [ 121.7619256, 30.939546 ], [ 121.7622184, 30.9391695 ], [ 121.761758, 30.9385996 ], [ 121.761172, 30.9385771 ], [ 121.7605599, 30.9390349 ], [ 121.7603035, 30.9386489 ], [ 121.7601518, 30.9385951 ], [ 121.7598222, 30.9390393 ], [ 121.7594298, 30.9388823 ], [ 121.7591264, 30.9390124 ], [ 121.7591107, 30.9393355 ], [ 121.7594612, 30.9396766 ], [ 121.7598536, 30.9394298 ], [ 121.7600733, 30.9395868 ], [ 121.7601361, 30.9400221 ], [ 121.7600001, 30.9402509 ], [ 121.7597437, 30.9404484 ], [ 121.75887, 30.940426 ], [ 121.7585833, 30.9407573 ], [ 121.7585561, 30.9412696 ], [ 121.7582841, 30.9412785 ], [ 121.7578613, 30.9406227 ], [ 121.7571443, 30.9406663 ], [ 121.756989, 30.9417261 ], [ 121.7570852, 30.9418149 ], [ 121.7577807, 30.9416944 ], [ 121.7580766, 30.9419419 ], [ 121.75801, 30.9421005 ], [ 121.7584614, 30.9424876 ], [ 121.7584466, 30.9426653 ], [ 121.7582468, 30.9429826 ], [ 121.7582838, 30.9430968 ], [ 121.7585427, 30.9432936 ], [ 121.7584392, 30.9435474 ], [ 121.7586981, 30.9437124 ], [ 121.7591103, 30.943478 ], [ 121.7596822, 30.943833 ], [ 121.7586918, 30.9451338 ], [ 121.7584459, 30.9452909 ], [ 121.7579122, 30.9453268 ], [ 121.7568711, 30.9463364 ], [ 121.7564892, 30.9468255 ], [ 121.7565049, 30.9470588 ], [ 121.7568659, 30.9475299 ], [ 121.7568711, 30.9477588 ], [ 121.7567037, 30.9479831 ], [ 121.7561962, 30.9481043 ], [ 121.7561125, 30.9481985 ], [ 121.7565572, 30.9493651 ], [ 121.756531, 30.949733 ], [ 121.7552754, 30.950092 ], [ 121.7547383, 30.9503491 ], [ 121.7547904, 30.9509948 ], [ 121.7538647, 30.9513806 ], [ 121.7535257, 30.9511458 ], [ 121.7533008, 30.9511821 ], [ 121.7529129, 30.9514952 ], [ 121.7528966, 30.9516182 ], [ 121.7532193, 30.9519789 ], [ 121.7530269, 30.9520991 ], [ 121.7527792, 30.9520348 ], [ 121.7525021, 30.952155 ], [ 121.7513255, 30.9528849 ], [ 121.7503867, 30.9533433 ], [ 121.7494219, 30.954059 ], [ 121.748307, 30.9546516 ], [ 121.7475638, 30.954646 ], [ 121.7446432, 30.954987 ], [ 121.7441086, 30.9546795 ], [ 121.7435545, 30.9538689 ], [ 121.7433784, 30.953908 ], [ 121.7424201, 30.9550541 ], [ 121.7415139, 30.9562561 ], [ 121.7409598, 30.9568655 ], [ 121.7402035, 30.9580675 ], [ 121.7389909, 30.9590962 ], [ 121.7385607, 30.9586489 ], [ 121.7384694, 30.9586433 ], [ 121.7366635, 30.9599739 ], [ 121.7356856, 30.9587887 ], [ 121.7335734, 30.9600074 ], [ 121.7323086, 30.960846 ], [ 121.7324977, 30.9611367 ], [ 121.7323347, 30.9613995 ], [ 121.7326737, 30.9618243 ], [ 121.7329345, 30.9617013 ], [ 121.7332083, 30.9619641 ], [ 121.7329866, 30.9622045 ], [ 121.7334756, 30.9627523 ], [ 121.7321848, 30.9637642 ], [ 121.731761, 30.9642002 ], [ 121.7308157, 30.9652903 ], [ 121.7306071, 30.9657207 ], [ 121.7294392, 30.9666079 ], [ 121.7295777, 30.9671511 ], [ 121.7291719, 30.9678377 ], [ 121.7276594, 30.969423 ], [ 121.7227871, 30.9735579 ], [ 121.7207675, 30.9747592 ], [ 121.7163748, 30.9776055 ], [ 121.7142668, 30.9788717 ], [ 121.7124365, 30.9800621 ], [ 121.7097731, 30.9822265 ], [ 121.7074506, 30.9839688 ], [ 121.7047872, 30.9853431 ], [ 121.7037948, 30.98575 ], [ 121.7059314, 30.9923441 ], [ 121.7082167, 30.9915163 ], [ 121.70856, 30.9920682 ], [ 121.7087531, 30.9929971 ], [ 121.7090106, 30.9939719 ], [ 121.7100406, 30.9934017 ], [ 121.7099655, 30.9927671 ], [ 121.7095363, 30.9928315 ], [ 121.7093968, 30.9925372 ], [ 121.7099011, 30.9923717 ], [ 121.7103624, 30.9920682 ], [ 121.7108989, 30.9918658 ], [ 121.7107057, 30.9916359 ], [ 121.711092, 30.9913968 ], [ 121.7112851, 30.99136 ], [ 121.711725, 30.991967 ], [ 121.7120898, 30.9918106 ], [ 121.7125404, 30.9925188 ], [ 121.7111885, 30.9931166 ], [ 121.711446, 30.9939444 ], [ 121.7115641, 30.9938616 ], [ 121.7116606, 30.9940363 ], [ 121.7121649, 30.9950664 ], [ 121.7115426, 30.9953699 ], [ 121.711725, 30.9957745 ], [ 121.7119825, 30.9964919 ], [ 121.7113817, 30.9967954 ], [ 121.711725, 30.9975587 ], [ 121.7108881, 30.9982485 ], [ 121.7113602, 30.9995728 ], [ 121.7154479, 30.9974116 ], [ 121.7158127, 30.997292 ], [ 121.7161453, 30.9981289 ], [ 121.7156839, 30.9982668 ], [ 121.7157161, 30.9986623 ], [ 121.7158019, 30.9990945 ], [ 121.7159736, 30.9998578 ], [ 121.7161989, 31.0015132 ], [ 121.7160916, 31.0023592 ], [ 121.7163491, 31.0024236 ], [ 121.7171645, 31.0021201 ], [ 121.7181945, 31.001504 ], [ 121.7201793, 31.0005384 ], [ 121.7208552, 31.0026351 ], [ 121.7209625, 31.0029938 ], [ 121.7212629, 31.0027455 ], [ 121.7214024, 31.0029478 ], [ 121.7216921, 31.0028558 ], [ 121.7224109, 31.0025064 ], [ 121.7225289, 31.0031225 ], [ 121.7231727, 31.0029662 ], [ 121.7233336, 31.0025432 ], [ 121.7234301, 31.00235 ], [ 121.7236769, 31.0024788 ], [ 121.7237735, 31.0025248 ], [ 121.7239666, 31.0026535 ], [ 121.7242241, 31.0028098 ], [ 121.7239666, 31.0030857 ], [ 121.7236447, 31.0033064 ], [ 121.7238271, 31.0036375 ], [ 121.7223465, 31.0044835 ], [ 121.7225182, 31.0049065 ], [ 121.7228293, 31.0053847 ], [ 121.7225826, 31.005587 ], [ 121.721853, 31.0058353 ], [ 121.7221963, 31.0066078 ], [ 121.7217886, 31.0068101 ], [ 121.7216921, 31.0074814 ], [ 121.7210591, 31.0076653 ], [ 121.7207265, 31.006994 ], [ 121.7209732, 31.0065894 ], [ 121.7207587, 31.0060192 ], [ 121.7193425, 31.0068193 ], [ 121.7185807, 31.006902 ], [ 121.7169177, 31.0075641 ], [ 121.7172074, 31.008171 ], [ 121.717143, 31.0083366 ], [ 121.7166817, 31.0085113 ], [ 121.7166388, 31.0089894 ], [ 121.7155981, 31.0092469 ], [ 121.7158019, 31.0124009 ], [ 121.7163813, 31.0125573 ], [ 121.723237, 31.012355 ], [ 121.7237735, 31.0135779 ], [ 121.7242241, 31.0145986 ], [ 121.7248571, 31.0147457 ], [ 121.7259622, 31.0148009 ], [ 121.7265415, 31.0145894 ], [ 121.7268526, 31.0163548 ], [ 121.7260802, 31.0164008 ], [ 121.7255759, 31.0154537 ], [ 121.7251575, 31.0155916 ], [ 121.7242563, 31.015895 ], [ 121.7234087, 31.0166674 ], [ 121.7237198, 31.0182765 ], [ 121.7219818, 31.0188282 ], [ 121.7236555, 31.0214118 ], [ 121.7234194, 31.0216417 ], [ 121.7229795, 31.0217796 ], [ 121.7220247, 31.0219359 ], [ 121.7201364, 31.0220738 ], [ 121.7167997, 31.0224876 ] ] ] ] } },
{ "type": "Feature", "properties": { "district": "浦东新区", "official_control_code_2023": "310115136000", "official_control_name_2023": "康桥镇", "osm_name": "康桥镇", "osm_relation_id_source": "14179369", "admin_level": "8", "boundary": "administrative", "geometry_is_approximate": true, "source_snapshot_date": "2026-08-19", "source_pbf_sha256": "cba608c2e67cbd2ee7616dcee6833e575e818237048faabf4c0e447acd6c0b6f", "source_url": "https://download.openstreetmap.fr/extracts/asia/china/shanghai.osm.pbf", "license": "OpenStreetMap contributors, Open Database License 1.0" }, "geometry": { "type": "MultiPolygon", "coordinates": [ [ [ [ 121.6425562, 31.1546548 ], [ 121.6429639, 31.1535622 ], [ 121.6432106, 31.1530113 ], [ 121.6431999, 31.1525614 ], [ 121.6416228, 31.1519278 ], [ 121.6420305, 31.1511015 ], [ 121.6425025, 31.1502017 ], [ 121.6427171, 31.1497609 ], [ 121.6419768, 31.1495865 ], [ 121.641655, 31.1495589 ], [ 121.6410434, 31.1495222 ], [ 121.6406464, 31.1494671 ], [ 121.6403997, 31.1492835 ], [ 121.64011, 31.149109 ], [ 121.6398418, 31.1489805 ], [ 121.6396701, 31.1488611 ], [ 121.6396701, 31.1485306 ], [ 121.6405177, 31.1467033 ], [ 121.641258, 31.14528 ], [ 121.6410756, 31.1450505 ], [ 121.6404533, 31.1447199 ], [ 121.6402119, 31.1445347 ], [ 121.6406464, 31.1437282 ], [ 121.6411507, 31.1427824 ], [ 121.641494, 31.1422406 ], [ 121.6417408, 31.1415703 ], [ 121.6417515, 31.1410102 ], [ 121.6417515, 31.140046 ], [ 121.6418266, 31.1392746 ], [ 121.6415799, 31.1363727 ], [ 121.6415477, 31.1357207 ], [ 121.6415477, 31.134885 ], [ 121.6429639, 31.1339483 ], [ 121.6416657, 31.1328647 ], [ 121.6412151, 31.1324514 ], [ 121.6406894, 31.1320198 ], [ 121.640346, 31.131983 ], [ 121.6395306, 31.1319463 ], [ 121.6386187, 31.1318361 ], [ 121.6378784, 31.1316157 ], [ 121.6369986, 31.1315055 ], [ 121.6354108, 31.1312667 ], [ 121.6341126, 31.1311473 ], [ 121.6342306, 31.1309177 ], [ 121.6343593, 31.1305596 ], [ 121.6350675, 31.128585 ], [ 121.6353142, 31.1283463 ], [ 121.6358721, 31.1285391 ], [ 121.6361081, 31.1277309 ], [ 121.6363871, 31.1277309 ], [ 121.6366982, 31.1268401 ], [ 121.6361403, 31.1267299 ], [ 121.6366768, 31.1255084 ], [ 121.6372776, 31.1257196 ], [ 121.6374814, 31.1250308 ], [ 121.6385007, 31.1253522 ], [ 121.6390586, 31.1236072 ], [ 121.6393053, 31.1230837 ], [ 121.6395521, 31.1230286 ], [ 121.6408503, 31.1232398 ], [ 121.6411936, 31.1218438 ], [ 121.6411507, 31.1215407 ], [ 121.6409469, 31.1215039 ], [ 121.640389, 31.1214304 ], [ 121.6403139, 31.1211733 ], [ 121.6400349, 31.1212651 ], [ 121.6395521, 31.1213937 ], [ 121.6392517, 31.1212651 ], [ 121.6389298, 31.1209528 ], [ 121.6386938, 31.1209528 ], [ 121.6384256, 31.1211365 ], [ 121.6382968, 31.1213937 ], [ 121.6381252, 31.1217519 ], [ 121.6377067, 31.1217795 ], [ 121.6372776, 31.1215223 ], [ 121.636827, 31.1211733 ], [ 121.6360009, 31.1211733 ], [ 121.6364837, 31.1198782 ], [ 121.6354108, 31.1197496 ], [ 121.6349387, 31.1205671 ], [ 121.634767, 31.1202824 ], [ 121.6343057, 31.1198139 ], [ 121.6338658, 31.1198599 ], [ 121.6333508, 31.1202915 ], [ 121.6330612, 31.1203099 ], [ 121.6325569, 31.1202364 ], [ 121.6321707, 31.120117 ], [ 121.6328359, 31.1184913 ], [ 121.6317415, 31.1182341 ], [ 121.6316235, 31.1184178 ], [ 121.6313553, 31.1183535 ], [ 121.6315162, 31.1180321 ], [ 121.631012, 31.1177473 ], [ 121.6304004, 31.117481 ], [ 121.6295314, 31.1171411 ], [ 121.6288984, 31.1170768 ], [ 121.6287267, 31.1181239 ], [ 121.6285229, 31.1183352 ], [ 121.628319, 31.1183443 ], [ 121.6279971, 31.1182709 ], [ 121.6276002, 31.1180596 ], [ 121.6271281, 31.1182066 ], [ 121.6268062, 31.1182066 ], [ 121.6265058, 31.1181515 ], [ 121.6262483, 31.1179127 ], [ 121.6259694, 31.1177657 ], [ 121.6257334, 31.1176922 ], [ 121.6253686, 31.1176738 ], [ 121.6250038, 31.1176555 ], [ 121.624403, 31.1175636 ], [ 121.623888, 31.1173616 ], [ 121.6235447, 31.1171779 ], [ 121.6233945, 31.1167553 ], [ 121.6236949, 31.1154327 ], [ 121.6230726, 31.1155245 ], [ 121.6211843, 31.1160389 ], [ 121.6208625, 31.1161491 ], [ 121.6204762, 31.1165716 ], [ 121.6200042, 31.116094 ], [ 121.6196179, 31.1158919 ], [ 121.6189527, 31.1155429 ], [ 121.6183948, 31.1155613 ], [ 121.6177296, 31.1156164 ], [ 121.6170859, 31.1154327 ], [ 121.6159701, 31.1151571 ], [ 121.6158628, 31.1145325 ], [ 121.6155195, 31.1145325 ], [ 121.6151118, 31.1136691 ], [ 121.61376, 31.1137426 ], [ 121.611743, 31.1138344 ], [ 121.6110134, 31.1141467 ], [ 121.6108203, 31.1153592 ], [ 121.6110134, 31.116737 ], [ 121.6116357, 31.1162961 ], [ 121.6118717, 31.1163696 ], [ 121.6123867, 31.1167553 ], [ 121.6124296, 31.117086 ], [ 121.6115927, 31.119272 ], [ 121.6112923, 31.120117 ], [ 121.6110348, 31.1208702 ], [ 121.6104769, 31.122303 ], [ 121.6084385, 31.1217703 ], [ 121.6081381, 31.1221744 ], [ 121.6035461, 31.1211274 ], [ 121.6032672, 31.1214396 ], [ 121.6024732, 31.1231112 ], [ 121.6019797, 31.1233133 ], [ 121.6013574, 31.1240848 ], [ 121.6001236, 31.1234051 ], [ 121.598922, 31.1229092 ], [ 121.5983748, 31.1228357 ], [ 121.5976345, 31.122799 ], [ 121.5972268, 31.1227071 ], [ 121.5971732, 31.1225877 ], [ 121.5968943, 31.1221836 ], [ 121.5963149, 31.1216509 ], [ 121.5956926, 31.1214396 ], [ 121.5951347, 31.1212651 ], [ 121.5945876, 31.1209437 ], [ 121.594491, 31.1206222 ], [ 121.5944481, 31.1200987 ], [ 121.5942228, 31.1197956 ], [ 121.593858, 31.1197864 ], [ 121.5930533, 31.1197129 ], [ 121.5923881, 31.119419 ], [ 121.5922594, 31.119915 ], [ 121.59168, 31.1220091 ], [ 121.5915406, 31.122551 ], [ 121.5914869, 31.1231296 ], [ 121.5914869, 31.1235245 ], [ 121.5916479, 31.1237725 ], [ 121.5920555, 31.1244154 ], [ 121.5921628, 31.1248655 ], [ 121.591841, 31.1256645 ], [ 121.5910256, 31.1273268 ], [ 121.5905213, 31.1274278 ], [ 121.5897918, 31.1276391 ], [ 121.5894055, 31.1277309 ], [ 121.5880966, 31.1273727 ], [ 121.5864015, 31.1269135 ], [ 121.5858436, 31.1267299 ], [ 121.5849316, 31.1265921 ], [ 121.5845775, 31.1267574 ], [ 121.5840948, 31.1267758 ], [ 121.5835905, 31.126739 ], [ 121.582936, 31.1266472 ], [ 121.5828824, 31.1269962 ], [ 121.5826571, 31.1277126 ], [ 121.5823889, 31.1283463 ], [ 121.5822601, 31.1292646 ], [ 121.5826678, 31.1295034 ], [ 121.5836978, 31.1297881 ], [ 121.5839124, 31.1299351 ], [ 121.5838694, 31.1302473 ], [ 121.5845132, 31.1304861 ], [ 121.5839231, 31.1314228 ], [ 121.5826034, 31.1308626 ], [ 121.5811014, 31.132681 ], [ 121.5818739, 31.1329749 ], [ 121.5823138, 31.1331677 ], [ 121.5826249, 31.1333881 ], [ 121.5827644, 31.1336545 ], [ 121.582979, 31.134031 ], [ 121.5831077, 31.1344075 ], [ 121.5827751, 31.1355279 ], [ 121.581434, 31.1348116 ], [ 121.5811765, 31.1354636 ], [ 121.5808332, 31.1367401 ], [ 121.5807581, 31.13719 ], [ 121.5798139, 31.1367033 ], [ 121.5796208, 31.1381083 ], [ 121.5793526, 31.1400643 ], [ 121.5791273, 31.1400643 ], [ 121.5788913, 31.1400276 ], [ 121.5780759, 31.1395501 ], [ 121.577003, 31.1390175 ], [ 121.5759301, 31.1382828 ], [ 121.5758657, 31.1376951 ], [ 121.5755331, 31.1375849 ], [ 121.5742242, 31.1373645 ], [ 121.5741706, 31.1377686 ], [ 121.5710378, 31.1372268 ], [ 121.5711021, 31.1368227 ], [ 121.5715742, 31.1355922 ], [ 121.5715313, 31.1350228 ], [ 121.5714776, 31.1332871 ], [ 121.5714669, 31.1311749 ], [ 121.5721536, 31.1286585 ], [ 121.571542, 31.1286218 ], [ 121.5719497, 31.1277952 ], [ 121.5722394, 31.1278503 ], [ 121.5728724, 31.1275289 ], [ 121.5721643, 31.1271982 ], [ 121.5723252, 31.1265645 ], [ 121.5717244, 31.1265186 ], [ 121.5715527, 31.1269778 ], [ 121.5707052, 31.1267666 ], [ 121.5709734, 31.12549 ], [ 121.5711343, 31.1242777 ], [ 121.5712108, 31.1234741 ], [ 121.5712953, 31.1210998 ], [ 121.5706408, 31.1211273 ], [ 121.5679371, 31.1206681 ], [ 121.5681302, 31.1194465 ], [ 121.5680659, 31.1189505 ], [ 121.5675509, 31.1186934 ], [ 121.5668321, 31.1185556 ], [ 121.5662849, 31.1186107 ], [ 121.5655339, 31.118528 ], [ 121.564924, 31.1175668 ], [ 121.5648579, 31.1174626 ], [ 121.5641177, 31.117233 ], [ 121.5633666, 31.1165624 ], [ 121.5619182, 31.1161032 ], [ 121.5608561, 31.1159195 ], [ 121.5600192, 31.1158276 ], [ 121.5600622, 31.1149091 ], [ 121.5597188, 31.1146795 ], [ 121.5593755, 31.1142753 ], [ 121.5583348, 31.11332 ], [ 121.5585387, 31.1128332 ], [ 121.555835, 31.1125484 ], [ 121.5557034, 31.1131382 ], [ 121.5559096, 31.1132009 ], [ 121.5558219, 31.1135223 ], [ 121.5542035, 31.1147952 ], [ 121.5537306, 31.115271 ], [ 121.5528044, 31.1149538 ], [ 121.5525265, 31.1150372 ], [ 121.5522487, 31.1149329 ], [ 121.5511323, 31.1163894 ], [ 121.5500404, 31.1161432 ], [ 121.5494213, 31.1156257 ], [ 121.5494261, 31.1155381 ], [ 121.550094, 31.1149371 ], [ 121.5488217, 31.1143862 ], [ 121.5482611, 31.114983 ], [ 121.5477541, 31.1156966 ], [ 121.5449462, 31.1150665 ], [ 121.5453752, 31.1144989 ], [ 121.5454532, 31.1141942 ], [ 121.5460625, 31.113372 ], [ 121.5455, 31.1128173 ], [ 121.5446313, 31.1122624 ], [ 121.5431634, 31.111808 ], [ 121.5432706, 31.111449 ], [ 121.5412818, 31.1117162 ], [ 121.5414426, 31.1120083 ], [ 121.5414935, 31.1124917 ], [ 121.541342, 31.112808 ], [ 121.5410933, 31.1133273 ], [ 121.5402005, 31.1132033 ], [ 121.5396455, 31.113888 ], [ 121.5390285, 31.1140828 ], [ 121.5387838, 31.1146818 ], [ 121.5387734, 31.1154314 ], [ 121.5382185, 31.1162046 ], [ 121.5381805, 31.1169099 ], [ 121.5381219, 31.1181021 ], [ 121.5354264, 31.1175296 ], [ 121.5353781, 31.1173644 ], [ 121.5352334, 31.117202 ], [ 121.5353506, 31.116786 ], [ 121.5349714, 31.1165558 ], [ 121.5351299, 31.116243 ], [ 121.5349714, 31.116122 ], [ 121.5342062, 31.1160098 ], [ 121.5335581, 31.115818 ], [ 121.5334926, 31.1158918 ], [ 121.5331134, 31.1175709 ], [ 121.5326067, 31.1174145 ], [ 121.5324068, 31.1179309 ], [ 121.5325033, 31.1179605 ], [ 121.5324206, 31.11817 ], [ 121.5325516, 31.1182083 ], [ 121.532424, 31.1183028 ], [ 121.5323413, 31.118592 ], [ 121.5322758, 31.1186392 ], [ 121.5312659, 31.1181641 ], [ 121.5310866, 31.1182556 ], [ 121.5310177, 31.1184592 ], [ 121.5310177, 31.1186657 ], [ 121.5313279, 31.1188015 ], [ 121.5307729, 31.1199848 ], [ 121.5320921, 31.1204109 ], [ 121.531899, 31.1210447 ], [ 121.5321135, 31.1211733 ], [ 121.5323067, 31.1213202 ], [ 121.5323067, 31.1215315 ], [ 121.532253, 31.1218254 ], [ 121.5324783, 31.1219264 ], [ 121.5326071, 31.1220734 ], [ 121.5326071, 31.1222846 ], [ 121.5326929, 31.1223765 ], [ 121.5325212, 31.1232765 ], [ 121.5323388, 31.1235796 ], [ 121.5314376, 31.1234878 ], [ 121.5313518, 31.1239562 ], [ 121.5319312, 31.1241031 ], [ 121.5325749, 31.1242317 ], [ 121.5329718, 31.1243236 ], [ 121.5331864, 31.124443 ], [ 121.5332723, 31.1246175 ], [ 121.5329933, 31.1247093 ], [ 121.5324676, 31.1248379 ], [ 121.5316307, 31.1250767 ], [ 121.5310085, 31.1253339 ], [ 121.5304828, 31.1255726 ], [ 121.5301502, 31.1258757 ], [ 121.5299463, 31.1266472 ], [ 121.5307724, 31.1267758 ], [ 121.5306651, 31.1272258 ], [ 121.5313089, 31.1272993 ], [ 121.5310085, 31.1284748 ], [ 121.5304828, 31.1283738 ], [ 121.5298605, 31.1298524 ], [ 121.5288627, 31.1296412 ], [ 121.5283906, 31.1309545 ], [ 121.5270066, 31.1306239 ], [ 121.5258479, 31.1302565 ], [ 121.526202, 31.1294483 ], [ 121.5261376, 31.1292738 ], [ 121.525923, 31.1291361 ], [ 121.5255475, 31.1291361 ], [ 121.5252578, 31.129182 ], [ 121.5249145, 31.1291636 ], [ 121.5246677, 31.1296687 ], [ 121.5243995, 31.1301463 ], [ 121.5242171, 31.1302014 ], [ 121.5231764, 31.1315514 ], [ 121.5232837, 31.1316433 ], [ 121.5234876, 31.1317535 ], [ 121.5237343, 31.1320565 ], [ 121.523788, 31.1323045 ], [ 121.5238738, 31.1327637 ], [ 121.5239918, 31.13303 ], [ 121.5241849, 31.1331677 ], [ 121.5245819, 31.1333239 ], [ 121.5250969, 31.1335167 ], [ 121.5261161, 31.1337647 ], [ 121.5272319, 31.1340126 ], [ 121.527468, 31.1342698 ], [ 121.5276503, 31.1348942 ], [ 121.5277791, 31.1350779 ], [ 121.5282726, 31.1352799 ], [ 121.5287554, 31.1353993 ], [ 121.5292382, 31.1354544 ], [ 121.5297961, 31.1355554 ], [ 121.5301287, 31.1358401 ], [ 121.5308905, 31.1360697 ], [ 121.5313625, 31.135987 ], [ 121.5315449, 31.135785 ], [ 121.5315986, 31.135335 ], [ 121.53162, 31.1350503 ], [ 121.5319526, 31.1348759 ], [ 121.5323496, 31.1348942 ], [ 121.5331328, 31.1349952 ], [ 121.5335941, 31.135133 ], [ 121.53427, 31.1353718 ], [ 121.5349674, 31.1360881 ], [ 121.5355468, 31.1363085 ], [ 121.5360296, 31.1366023 ], [ 121.5372956, 31.1368135 ], [ 121.5376603, 31.1367768 ], [ 121.5379286, 31.1366023 ], [ 121.5381753, 31.1364462 ], [ 121.5385616, 31.1363544 ], [ 121.5387761, 31.136235 ], [ 121.5388298, 31.1357575 ], [ 121.5390336, 31.1357758 ], [ 121.5391195, 31.1360789 ], [ 121.5395164, 31.1361891 ], [ 121.5400851, 31.1365197 ], [ 121.5403104, 31.1363085 ], [ 121.5405786, 31.1360513 ], [ 121.541115, 31.1362717 ], [ 121.5414476, 31.1364095 ], [ 121.5417802, 31.1364921 ], [ 121.5422737, 31.136538 ], [ 121.5425098, 31.1366574 ], [ 121.5427136, 31.1368043 ], [ 121.5429926, 31.1370523 ], [ 121.5430462, 31.137236 ], [ 121.5431964, 31.1375849 ], [ 121.5437651, 31.1379339 ], [ 121.5436256, 31.1384298 ], [ 121.5434003, 31.1388981 ], [ 121.5443659, 31.1391919 ], [ 121.5443551, 31.1394858 ], [ 121.5437221, 31.1407439 ], [ 121.5433359, 31.141405 ], [ 121.5429497, 31.1424702 ], [ 121.5425527, 31.1434895 ], [ 121.5418875, 31.1451331 ], [ 121.541748, 31.1462075 ], [ 121.5411258, 31.1483745 ], [ 121.5408468, 31.1491733 ], [ 121.5403747, 31.1499446 ], [ 121.539849, 31.1506975 ], [ 121.5393555, 31.1516065 ], [ 121.5388405, 31.1522859 ], [ 121.5381861, 31.1533969 ], [ 121.5375209, 31.1553801 ], [ 121.5371561, 31.1557474 ], [ 121.536566, 31.1559126 ], [ 121.5359223, 31.1559494 ], [ 121.5357935, 31.1561146 ], [ 121.5357184, 31.1563992 ], [ 121.5356862, 31.1567298 ], [ 121.5354288, 31.1569226 ], [ 121.5352249, 31.1570327 ], [ 121.5351498, 31.1573633 ], [ 121.5353966, 31.1575377 ], [ 121.535815, 31.1577856 ], [ 121.5362012, 31.1581069 ], [ 121.5373921, 31.1585293 ], [ 121.5380037, 31.1585476 ], [ 121.5383363, 31.1583181 ], [ 121.5387225, 31.1582079 ], [ 121.5394091, 31.1582447 ], [ 121.539967, 31.1584099 ], [ 121.5410828, 31.1591995 ], [ 121.542381, 31.1585568 ], [ 121.5426063, 31.1583181 ], [ 121.5432072, 31.1579233 ], [ 121.5433466, 31.1572531 ], [ 121.5436363, 31.1565553 ], [ 121.5439582, 31.1563442 ], [ 121.5452135, 31.1551598 ], [ 121.546222, 31.1545354 ], [ 121.5466404, 31.1544069 ], [ 121.5474129, 31.1544161 ], [ 121.5479708, 31.1539937 ], [ 121.5483999, 31.1533602 ], [ 121.5487432, 31.1531949 ], [ 121.5489685, 31.1531949 ], [ 121.5509105, 31.1536265 ], [ 121.5521014, 31.1538284 ], [ 121.5538609, 31.1542049 ], [ 121.5576053, 31.1550312 ], [ 121.5576482, 31.1548017 ], [ 121.5577769, 31.1532316 ], [ 121.5587532, 31.1532959 ], [ 121.5610063, 31.1538468 ], [ 121.5620041, 31.1541314 ], [ 121.562165, 31.1539478 ], [ 121.5629482, 31.1541498 ], [ 121.5644073, 31.1544069 ], [ 121.5650807, 31.1548267 ], [ 121.5655337, 31.1549727 ], [ 121.5660021, 31.1551023 ], [ 121.5668447, 31.1553666 ], [ 121.5675252, 31.1554776 ], [ 121.5681463, 31.1555706 ], [ 121.5680283, 31.156514 ], [ 121.5685701, 31.1566173 ], [ 121.5683878, 31.1573173 ], [ 121.5687606, 31.1573908 ], [ 121.5693372, 31.1572737 ], [ 121.5697342, 31.1572347 ], [ 121.5702223, 31.157299 ], [ 121.5707749, 31.1573702 ], [ 121.5710217, 31.1574253 ], [ 121.5711772, 31.1574459 ], [ 121.5717566, 31.1576112 ], [ 121.5727866, 31.1581253 ], [ 121.5746856, 31.158667 ], [ 121.5765953, 31.159071 ], [ 121.5776253, 31.1595484 ], [ 121.5787625, 31.1597136 ], [ 121.5791166, 31.1590893 ], [ 121.5794492, 31.1587955 ], [ 121.5795779, 31.1584466 ], [ 121.5798139, 31.158061 ], [ 121.5803826, 31.1575561 ], [ 121.5809083, 31.1569868 ], [ 121.5814555, 31.1564176 ], [ 121.5831292, 31.1545171 ], [ 121.584245, 31.1552424 ], [ 121.5844595, 31.1553985 ], [ 121.5846848, 31.155325 ], [ 121.5855217, 31.1557382 ], [ 121.5863049, 31.1561054 ], [ 121.5866911, 31.1562432 ], [ 121.5868628, 31.1562432 ], [ 121.5880752, 31.1545446 ], [ 121.5882254, 31.1544436 ], [ 121.5895128, 31.154765 ], [ 121.5900814, 31.1550404 ], [ 121.5903711, 31.1551781 ], [ 121.5906823, 31.1552883 ], [ 121.5910792, 31.1553158 ], [ 121.5922594, 31.1554444 ], [ 121.592828, 31.1556464 ], [ 121.5934181, 31.1559218 ], [ 121.5937507, 31.1560871 ], [ 121.5944374, 31.1563074 ], [ 121.5947699, 31.1564635 ], [ 121.5951133, 31.1566288 ], [ 121.5967333, 31.157299 ], [ 121.5974629, 31.1575469 ], [ 121.597935, 31.1576846 ], [ 121.5990722, 31.154159 ], [ 121.5991044, 31.1537274 ], [ 121.6010356, 31.154462 ], [ 121.601218, 31.1542233 ], [ 121.6019475, 31.1545354 ], [ 121.6024196, 31.1550404 ], [ 121.6037178, 31.1555821 ], [ 121.6043723, 31.1557933 ], [ 121.6039753, 31.156996 ], [ 121.6042757, 31.1570695 ], [ 121.604737, 31.1569501 ], [ 121.605134, 31.156895 ], [ 121.6057134, 31.1568032 ], [ 121.6070223, 31.1569318 ], [ 121.6075694, 31.1571246 ], [ 121.6081917, 31.1572072 ], [ 121.608578, 31.1573174 ], [ 121.6090929, 31.1576846 ], [ 121.6095436, 31.158061 ], [ 121.6101122, 31.1580794 ], [ 121.6107559, 31.1582538 ], [ 121.6113353, 31.1584191 ], [ 121.6121507, 31.1588965 ], [ 121.6134381, 31.1597871 ], [ 121.6148436, 31.1606593 ], [ 121.6157341, 31.1611275 ], [ 121.6162169, 31.1615131 ], [ 121.616646, 31.1617334 ], [ 121.6171503, 31.1620364 ], [ 121.6174185, 31.1620364 ], [ 121.6179013, 31.1619446 ], [ 121.6182125, 31.1619446 ], [ 121.6187274, 31.1619446 ], [ 121.6195106, 31.1621098 ], [ 121.6208732, 31.1623577 ], [ 121.6225254, 31.1627158 ], [ 121.6233086, 31.1628718 ], [ 121.6236305, 31.1628718 ], [ 121.6248858, 31.1630095 ], [ 121.6257763, 31.1631013 ], [ 121.6262269, 31.1631105 ], [ 121.6274392, 31.1632299 ], [ 121.6281903, 31.1634869 ], [ 121.6288447, 31.163845 ], [ 121.6295636, 31.1642214 ], [ 121.6301, 31.1644417 ], [ 121.6302395, 31.1648732 ], [ 121.6304648, 31.165066 ], [ 121.6306901, 31.1651945 ], [ 121.6319775, 31.1653047 ], [ 121.6320634, 31.1655342 ], [ 121.6322672, 31.1657178 ], [ 121.632632, 31.1657362 ], [ 121.6328788, 31.1657637 ], [ 121.6338336, 31.1631013 ], [ 121.6344237, 31.1618528 ], [ 121.6346705, 31.1610816 ], [ 121.6351104, 31.1595759 ], [ 121.6361618, 31.1601268 ], [ 121.6368377, 31.1603563 ], [ 121.6371059, 31.1602553 ], [ 121.637578, 31.1597779 ], [ 121.6379321, 31.1594566 ], [ 121.6381466, 31.1595851 ], [ 121.6385007, 31.1589608 ], [ 121.6393375, 31.1591169 ], [ 121.6398418, 31.159227 ], [ 121.6403782, 31.1593005 ], [ 121.6406894, 31.1587129 ], [ 121.6384256, 31.1576387 ], [ 121.6389942, 31.156436 ], [ 121.6394341, 31.1565002 ], [ 121.6398954, 31.1556005 ], [ 121.6408288, 31.1560871 ], [ 121.6410541, 31.155729 ], [ 121.642524, 31.1563074 ], [ 121.642524, 31.1559585 ], [ 121.641022, 31.155224 ], [ 121.6407001, 31.1548109 ], [ 121.6408503, 31.1542875 ], [ 121.6410327, 31.1536724 ], [ 121.6425562, 31.1546548 ] ] ] ] } },
{ "type": "Feature", "properties": { "district": "浦东新区", "official_control_code_2023": "310115137000", "official_control_name_2023": "航头镇", "osm_name": "航头镇", "osm_relation_id_source": "14179368", "admin_level": "8", "boundary": "administrative", "geometry_is_approximate": true, "source_snapshot_date": "2026-08-19", "source_pbf_sha256": "cba608c2e67cbd2ee7616dcee6833e575e818237048faabf4c0e447acd6c0b6f", "source_url": "https://download.openstreetmap.fr/extracts/asia/china/shanghai.osm.pbf", "license": "OpenStreetMap contributors, Open Database License 1.0" }, "geometry": { "type": "MultiPolygon", "coordinates": [ [ [ [ 121.5661714, 31.000567 ], [ 121.5662686, 31.0010081 ], [ 121.5660599, 31.0016851 ], [ 121.565885, 31.0017383 ], [ 121.5654337, 31.0016803 ], [ 121.564531, 31.0029666 ], [ 121.5643279, 31.003102 ], [ 121.5637582, 31.0031261 ], [ 121.5634648, 31.0032712 ], [ 121.5638033, 31.0035227 ], [ 121.5640572, 31.003542 ], [ 121.5652983, 31.0040304 ], [ 121.5661107, 31.0043737 ], [ 121.5660881, 31.0045623 ], [ 121.5662912, 31.0048573 ], [ 121.5659414, 31.0050749 ], [ 121.5659245, 31.0052199 ], [ 121.5660994, 31.0054472 ], [ 121.5659696, 31.0059694 ], [ 121.5657835, 31.006042 ], [ 121.5654393, 31.0067141 ], [ 121.5654055, 31.0068543 ], [ 121.5663696, 31.0075435 ], [ 121.5664255, 31.0076734 ], [ 121.5664614, 31.0076119 ], [ 121.5670079, 31.0079196 ], [ 121.566593, 31.0087333 ], [ 121.5664095, 31.0086991 ], [ 121.5658877, 31.00986 ], [ 121.566059, 31.01011 ], [ 121.5659224, 31.0106015 ], [ 121.5658132, 31.0107045 ], [ 121.5655401, 31.0106343 ], [ 121.5654254, 31.0107092 ], [ 121.565101, 31.0127802 ], [ 121.5649426, 31.0128691 ], [ 121.563184, 31.0123355 ], [ 121.562829, 31.0135666 ], [ 121.5624904, 31.0134963 ], [ 121.5625559, 31.0132763 ], [ 121.5621845, 31.0132717 ], [ 121.5621135, 31.0135432 ], [ 121.5619661, 31.0135993 ], [ 121.5614363, 31.0134542 ], [ 121.5615837, 31.0127661 ], [ 121.5609338, 31.0126351 ], [ 121.560699, 31.0133466 ], [ 121.5608246, 31.0134121 ], [ 121.5607481, 31.013707 ], [ 121.5629491, 31.0143951 ], [ 121.5653304, 31.014924 ], [ 121.5652048, 31.0154997 ], [ 121.565811, 31.015598 ], [ 121.5657564, 31.0160521 ], [ 121.5664992, 31.0161363 ], [ 121.5664664, 31.0164125 ], [ 121.5667723, 31.0164874 ], [ 121.5665101, 31.0177371 ], [ 121.5664719, 31.0190009 ], [ 121.5667832, 31.019043 ], [ 121.5668433, 31.0192583 ], [ 121.5672092, 31.0193613 ], [ 121.5672311, 31.0195953 ], [ 121.5675151, 31.0196 ], [ 121.5676789, 31.019937 ], [ 121.5680011, 31.0199557 ], [ 121.5679684, 31.0206531 ], [ 121.5697816, 31.0207795 ], [ 121.5695249, 31.0214862 ], [ 121.569514, 31.0223053 ], [ 121.5698854, 31.0223006 ], [ 121.5697926, 31.0229091 ], [ 121.570366, 31.0230495 ], [ 121.570011, 31.0250386 ], [ 121.5693447, 31.0248327 ], [ 121.5689242, 31.0247812 ], [ 121.5685855, 31.0255862 ], [ 121.5686456, 31.0256798 ], [ 121.5689733, 31.0258062 ], [ 121.5689405, 31.0263585 ], [ 121.5688149, 31.0264053 ], [ 121.5684982, 31.0262976 ], [ 121.5683998, 31.0263772 ], [ 121.568378, 31.0273694 ], [ 121.566958, 31.0272618 ], [ 121.5669744, 31.028254 ], [ 121.5676461, 31.0284084 ], [ 121.5676298, 31.0287641 ], [ 121.5668651, 31.0285488 ], [ 121.565332, 31.0276026 ], [ 121.5651912, 31.0276578 ], [ 121.5650191, 31.0277157 ], [ 121.5649208, 31.0277532 ], [ 121.5641289, 31.0273226 ], [ 121.5639869, 31.0275051 ], [ 121.5632168, 31.0271962 ], [ 121.5631949, 31.0269295 ], [ 121.5627962, 31.0264802 ], [ 121.5630475, 31.0263866 ], [ 121.563965, 31.0269763 ], [ 121.5643091, 31.0264848 ], [ 121.5634243, 31.0258764 ], [ 121.5632932, 31.0259607 ], [ 121.5626105, 31.0256658 ], [ 121.5631622, 31.025165 ], [ 121.5625508, 31.0247104 ], [ 121.5621392, 31.0247706 ], [ 121.5616623, 31.0243232 ], [ 121.561587, 31.0241598 ], [ 121.5616121, 31.0237554 ], [ 121.5613912, 31.0237597 ], [ 121.5613912, 31.0234414 ], [ 121.5599104, 31.0235059 ], [ 121.5595741, 31.0240479 ], [ 121.5594636, 31.0240264 ], [ 121.5593733, 31.0244695 ], [ 121.5588813, 31.0253513 ], [ 121.5578523, 31.0252266 ], [ 121.5578774, 31.0249943 ], [ 121.5568282, 31.0247233 ], [ 121.5568282, 31.025132 ], [ 121.5576565, 31.0253384 ], [ 121.5576113, 31.0255406 ], [ 121.557285, 31.025489 ], [ 121.5572148, 31.0255879 ], [ 121.5568935, 31.0254933 ], [ 121.5568885, 31.0260568 ], [ 121.5574708, 31.0261687 ], [ 121.5574005, 31.0266375 ], [ 121.5554327, 31.0261084 ], [ 121.5556386, 31.0252309 ], [ 121.555498, 31.0247749 ], [ 121.555493, 31.0248825 ], [ 121.5554077, 31.0248997 ], [ 121.5554177, 31.0251492 ], [ 121.5549157, 31.0251105 ], [ 121.5548956, 31.0246932 ], [ 121.5542983, 31.0247233 ], [ 121.5541878, 31.0246588 ], [ 121.5541075, 31.0236049 ], [ 121.5538465, 31.023592 ], [ 121.5538867, 31.0222541 ], [ 121.5528275, 31.0222842 ], [ 121.5517583, 31.0224305 ], [ 121.5516278, 31.021183 ], [ 121.5516378, 31.0207528 ], [ 121.551447, 31.0206194 ], [ 121.5502574, 31.0204732 ], [ 121.5502574, 31.0206624 ], [ 121.5499612, 31.0206323 ], [ 121.5497805, 31.0207571 ], [ 121.5491078, 31.0207485 ], [ 121.5490978, 31.0210367 ], [ 121.5494693, 31.0210453 ], [ 121.5494793, 31.0213292 ], [ 121.5489673, 31.0214325 ], [ 121.5490225, 31.0216303 ], [ 121.5484804, 31.0216174 ], [ 121.5485155, 31.0225036 ], [ 121.5482796, 31.0225509 ], [ 121.5482796, 31.022409 ], [ 121.5479834, 31.022452 ], [ 121.5480085, 31.0230542 ], [ 121.5479081, 31.0231403 ], [ 121.5472204, 31.0230241 ], [ 121.5471853, 31.0235489 ], [ 121.5474463, 31.0235403 ], [ 121.5474714, 31.0239533 ], [ 121.5477625, 31.0239662 ], [ 121.5479884, 31.0254245 ], [ 121.5506389, 31.0249771 ], [ 121.5512563, 31.0248265 ], [ 121.5514822, 31.0253815 ], [ 121.5518988, 31.0253341 ], [ 121.5519741, 31.0254159 ], [ 121.5522803, 31.0253599 ], [ 121.5524126, 31.0260797 ], [ 121.5535981, 31.0266759 ], [ 121.5535201, 31.0276614 ], [ 121.553875, 31.0277161 ], [ 121.5536975, 31.0286043 ], [ 121.552583, 31.0282636 ], [ 121.5523416, 31.0287929 ], [ 121.5536329, 31.029265 ], [ 121.5532922, 31.0300747 ], [ 121.5538327, 31.0302654 ], [ 121.55386, 31.0303432 ], [ 121.5533467, 31.0309972 ], [ 121.5533512, 31.0311606 ], [ 121.5538782, 31.0315538 ], [ 121.5546004, 31.0318146 ], [ 121.5550683, 31.0319781 ], [ 121.5557769, 31.0319002 ], [ 121.5556725, 31.0323556 ], [ 121.5547958, 31.0322583 ], [ 121.5546646, 31.0392996 ], [ 121.5546147, 31.0434391 ], [ 121.5557403, 31.0438996 ], [ 121.5571729, 31.0454792 ], [ 121.5571665, 31.0457104 ], [ 121.5567618, 31.0465635 ], [ 121.5563057, 31.0470698 ], [ 121.555595, 31.0464378 ], [ 121.5562149, 31.0459617 ], [ 121.5559676, 31.0458131 ], [ 121.5558166, 31.0459507 ], [ 121.5555822, 31.0458242 ], [ 121.5554633, 31.045926 ], [ 121.5551646, 31.0456755 ], [ 121.5545896, 31.0461929 ], [ 121.555179, 31.0468249 ], [ 121.5543532, 31.0475878 ], [ 121.5544007, 31.0477479 ], [ 121.5548426, 31.0479954 ], [ 121.554275, 31.0487932 ], [ 121.5536463, 31.0484583 ], [ 121.5532724, 31.0490028 ], [ 121.5529699, 31.0489766 ], [ 121.5524704, 31.0496405 ], [ 121.5524364, 31.0499287 ], [ 121.5514848, 31.0495211 ], [ 121.5510837, 31.0502344 ], [ 121.5504176, 31.051568 ], [ 121.5502953, 31.0515621 ], [ 121.5501797, 31.0518154 ], [ 121.5503259, 31.0519203 ], [ 121.5502749, 31.0521328 ], [ 121.5501729, 31.0521677 ], [ 121.5500947, 31.0526481 ], [ 121.549521, 31.0524652 ], [ 121.5488103, 31.0517409 ], [ 121.5486265, 31.0516286 ], [ 121.5484532, 31.0515709 ], [ 121.5483071, 31.0516815 ], [ 121.5478105, 31.0518801 ], [ 121.5475661, 31.0519779 ], [ 121.547381, 31.0519731 ], [ 121.547016, 31.0519636 ], [ 121.5465076, 31.0517923 ], [ 121.5461029, 31.0515464 ], [ 121.5460492, 31.0515138 ], [ 121.5457575, 31.0511211 ], [ 121.5455742, 31.0503571 ], [ 121.5455268, 31.0502734 ], [ 121.5454619, 31.0501589 ], [ 121.5450786, 31.0500669 ], [ 121.5449026, 31.0501024 ], [ 121.544732, 31.0501367 ], [ 121.5440251, 31.0506201 ], [ 121.5442528, 31.049898 ], [ 121.5440319, 31.0498427 ], [ 121.544297, 31.0490623 ], [ 121.5438925, 31.0489721 ], [ 121.5436376, 31.0498077 ], [ 121.5431618, 31.0498165 ], [ 121.5430939, 31.0500523 ], [ 121.5427744, 31.0500232 ], [ 121.5426452, 31.050358 ], [ 121.5425239, 31.0503875 ], [ 121.5423387, 31.0499969 ], [ 121.5421777, 31.0495973 ], [ 121.5421374, 31.0504547 ], [ 121.5421643, 31.0517436 ], [ 121.5421576, 31.0524111 ], [ 121.5421576, 31.0533317 ], [ 121.5420978, 31.0553928 ], [ 121.5421026, 31.0565971 ], [ 121.5420884, 31.0573702 ], [ 121.5420741, 31.0587657 ], [ 121.5425633, 31.0589813 ], [ 121.5425633, 31.0593027 ], [ 121.5423211, 31.0592335 ], [ 121.5422831, 31.0596119 ], [ 121.5426488, 31.0597014 ], [ 121.5426915, 31.0595468 ], [ 121.5429147, 31.059559 ], [ 121.5428862, 31.0592173 ], [ 121.5430525, 31.0587819 ], [ 121.5437886, 31.0588633 ], [ 121.5436366, 31.059677 ], [ 121.5438836, 31.0597136 ], [ 121.5439596, 31.0598438 ], [ 121.5439453, 31.0601042 ], [ 121.5435618, 31.0620211 ], [ 121.5430529, 31.0628671 ], [ 121.5437131, 31.0631275 ], [ 121.5430767, 31.0641242 ], [ 121.5439505, 31.0644659 ], [ 121.5440883, 31.0643724 ], [ 121.544511, 31.0645636 ], [ 121.5437748, 31.0656539 ], [ 121.5444492, 31.0658491 ], [ 121.5447294, 31.0654016 ], [ 121.5451046, 31.0655277 ], [ 121.5449052, 31.0658084 ], [ 121.5451474, 31.0657312 ], [ 121.5458123, 31.0659264 ], [ 121.5464012, 31.0659183 ], [ 121.5467431, 31.0659874 ], [ 121.5465437, 31.0663861 ], [ 121.5468619, 31.0665244 ], [ 121.5467764, 31.0668865 ], [ 121.5470613, 31.0669597 ], [ 121.5472038, 31.0667401 ], [ 121.5474935, 31.0669109 ], [ 121.5472798, 31.0672445 ], [ 121.5473812, 31.0673003 ], [ 121.5472738, 31.0674585 ], [ 121.5473611, 31.0675074 ], [ 121.5472671, 31.0676657 ], [ 121.5477305, 31.0679504 ], [ 121.5481704, 31.0675995 ], [ 121.548382, 31.0675535 ], [ 121.5486862, 31.0676426 ], [ 121.5490462, 31.067748 ], [ 121.5490792, 31.0677577 ], [ 121.54949, 31.0679621 ], [ 121.5499942, 31.0682131 ], [ 121.5504315, 31.0684307 ], [ 121.5512769, 31.0685568 ], [ 121.5521365, 31.0689962 ], [ 121.5522172, 31.069163 ], [ 121.5520747, 31.0693379 ], [ 121.551747, 31.0696471 ], [ 121.5513291, 31.0696145 ], [ 121.5506879, 31.070245 ], [ 121.5501418, 31.0699155 ], [ 121.5499755, 31.069704 ], [ 121.5486077, 31.0691426 ], [ 121.5484985, 31.0693013 ], [ 121.5488262, 31.0694681 ], [ 121.5485507, 31.0699847 ], [ 121.5495382, 31.0703862 ], [ 121.5491925, 31.0709556 ], [ 121.5487632, 31.0714242 ], [ 121.5487822, 31.0715348 ], [ 121.5494926, 31.0722052 ], [ 121.5500131, 31.072677 ], [ 121.5500397, 31.0728527 ], [ 121.5499067, 31.0730707 ], [ 121.5510274, 31.0736239 ], [ 121.5512782, 31.0738777 ], [ 121.5514465, 31.0739152 ], [ 121.5525205, 31.0741543 ], [ 121.5529042, 31.0736629 ], [ 121.5537931, 31.0739102 ], [ 121.5546593, 31.0742746 ], [ 121.554534, 31.0744862 ], [ 121.5546973, 31.0745773 ], [ 121.5546023, 31.074779 ], [ 121.5540097, 31.0747595 ], [ 121.5538729, 31.0749807 ], [ 121.5534474, 31.0748766 ], [ 121.5534018, 31.0750295 ], [ 121.5531511, 31.0750393 ], [ 121.5529497, 31.0756543 ], [ 121.5533562, 31.0755957 ], [ 121.5533486, 31.0754883 ], [ 121.5539831, 31.0755534 ], [ 121.5539755, 31.0758235 ], [ 121.5551646, 31.0759699 ], [ 121.555233, 31.0758137 ], [ 121.5563461, 31.0762074 ], [ 121.556574, 31.0756803 ], [ 121.5571895, 31.0757584 ], [ 121.5571468, 31.0761262 ], [ 121.5581031, 31.0762919 ], [ 121.5581031, 31.0763747 ], [ 121.5581837, 31.0764115 ], [ 121.5580145, 31.0769686 ], [ 121.5612914, 31.0776868 ], [ 121.5618358, 31.0778317 ], [ 121.5615967, 31.0786287 ], [ 121.5625493, 31.0788271 ], [ 121.5629355, 31.0781751 ], [ 121.563866, 31.0783452 ], [ 121.5645464, 31.0787988 ], [ 121.5657674, 31.079224 ], [ 121.566297, 31.0794319 ], [ 121.5663338, 31.079517 ], [ 121.5662602, 31.0799296 ], [ 121.5660212, 31.0804273 ], [ 121.5657049, 31.0811486 ], [ 121.5657968, 31.0812494 ], [ 121.5662712, 31.0813412 ], [ 121.5667899, 31.0814415 ], [ 121.5672245, 31.0805793 ], [ 121.567574, 31.080693 ], [ 121.5679877, 31.0808055 ], [ 121.568342, 31.0809229 ], [ 121.5686105, 31.0810488 ], [ 121.5695994, 31.0814805 ], [ 121.5698133, 31.081574 ], [ 121.5702762, 31.0817409 ], [ 121.5704142, 31.0817907 ], [ 121.5705, 31.0818217 ], [ 121.5701964, 31.0822776 ], [ 121.57029, 31.0823139 ], [ 121.5705018, 31.0823875 ], [ 121.5706488, 31.0824386 ], [ 121.5708049, 31.0827415 ], [ 121.5709089, 31.0826881 ], [ 121.5712366, 31.082158 ], [ 121.5718191, 31.0824208 ], [ 121.5714342, 31.0832182 ], [ 121.5713599, 31.0832717 ], [ 121.5713354, 31.0832894 ], [ 121.570309, 31.0829803 ], [ 121.5701963, 31.0829464 ], [ 121.5696658, 31.0828796 ], [ 121.5694838, 31.0832449 ], [ 121.5692913, 31.0833028 ], [ 121.5679962, 31.0830623 ], [ 121.5680126, 31.082957 ], [ 121.5680586, 31.0826614 ], [ 121.5680066, 31.0825455 ], [ 121.5672264, 31.0824119 ], [ 121.567372, 31.0820823 ], [ 121.5673356, 31.0820199 ], [ 121.5667583, 31.0819843 ], [ 121.5666126, 31.0824654 ], [ 121.5656712, 31.0823406 ], [ 121.5653175, 31.0830311 ], [ 121.5650991, 31.0834988 ], [ 121.564249, 31.0833459 ], [ 121.5642356, 31.0834053 ], [ 121.5641951, 31.0835838 ], [ 121.5642874, 31.0837616 ], [ 121.5643016, 31.0840094 ], [ 121.5642404, 31.0841546 ], [ 121.5643, 31.084363 ], [ 121.5638494, 31.0855483 ], [ 121.5633881, 31.0854473 ], [ 121.5627015, 31.0866325 ], [ 121.5628087, 31.0867703 ], [ 121.5633452, 31.0870184 ], [ 121.56371, 31.0870827 ], [ 121.5640962, 31.087147 ], [ 121.5646326, 31.0872849 ], [ 121.5649438, 31.0873767 ], [ 121.5654695, 31.0875789 ], [ 121.5657484, 31.0878453 ], [ 121.5660059, 31.0882312 ], [ 121.5662205, 31.0884977 ], [ 121.566596, 31.0887366 ], [ 121.5667999, 31.0887366 ], [ 121.567229, 31.0887366 ], [ 121.5679157, 31.0887917 ], [ 121.5686238, 31.0890489 ], [ 121.5688169, 31.0891959 ], [ 121.5690744, 31.089297 ], [ 121.5693748, 31.0892878 ], [ 121.5696323, 31.0891776 ], [ 121.5698898, 31.0890306 ], [ 121.5700078, 31.0889203 ], [ 121.5702975, 31.0888376 ], [ 121.5706301, 31.088856 ], [ 121.5714455, 31.0890214 ], [ 121.5725934, 31.0892511 ], [ 121.573087, 31.089444 ], [ 121.5734196, 31.0895543 ], [ 121.5737843, 31.0895543 ], [ 121.5739989, 31.0894348 ], [ 121.5739238, 31.0891959 ], [ 121.573838, 31.0887274 ], [ 121.5741277, 31.0885987 ], [ 121.5742135, 31.087781 ], [ 121.5746856, 31.0878453 ], [ 121.5747607, 31.0875238 ], [ 121.5758443, 31.0877167 ], [ 121.5758765, 31.0879648 ], [ 121.5758765, 31.0886355 ], [ 121.5760052, 31.0891868 ], [ 121.5765524, 31.0892143 ], [ 121.5771854, 31.0892603 ], [ 121.5774858, 31.08915 ], [ 121.5777111, 31.0889295 ], [ 121.5779471, 31.0888652 ], [ 121.5782046, 31.0888652 ], [ 121.5789556, 31.0889846 ], [ 121.5804577, 31.0894073 ], [ 121.5808332, 31.0895267 ], [ 121.581316, 31.0896278 ], [ 121.5820241, 31.0897013 ], [ 121.5828073, 31.0897564 ], [ 121.5832472, 31.0898207 ], [ 121.5836012, 31.0899585 ], [ 121.5837514, 31.0900596 ], [ 121.5839231, 31.0901607 ], [ 121.584245, 31.0903995 ], [ 121.5847063, 31.0906109 ], [ 121.585232, 31.0906017 ], [ 121.5855539, 31.0905006 ], [ 121.5857577, 31.0901882 ], [ 121.5859294, 31.0897196 ], [ 121.5860689, 31.0892327 ], [ 121.5863156, 31.088856 ], [ 121.5865838, 31.0885528 ], [ 121.5869164, 31.0885712 ], [ 121.5874314, 31.0889203 ], [ 121.5877962, 31.0889571 ], [ 121.5882146, 31.0890489 ], [ 121.5884721, 31.0891133 ], [ 121.5891588, 31.0890489 ], [ 121.5895343, 31.0889662 ], [ 121.5899742, 31.0888468 ], [ 121.5901995, 31.0887917 ], [ 121.5906823, 31.0886447 ], [ 121.590929, 31.0886263 ], [ 121.5912294, 31.0886722 ], [ 121.5914011, 31.0887641 ], [ 121.5915942, 31.0888652 ], [ 121.5918088, 31.0889938 ], [ 121.5920663, 31.0892419 ], [ 121.5922701, 31.0893705 ], [ 121.5926778, 31.0894165 ], [ 121.592989, 31.0893889 ], [ 121.5943301, 31.0891041 ], [ 121.5944803, 31.0890765 ], [ 121.5949309, 31.0890949 ], [ 121.5952098, 31.08915 ], [ 121.5959179, 31.0894532 ], [ 121.5963149, 31.0896829 ], [ 121.5967226, 31.0896278 ], [ 121.5973663, 31.0895267 ], [ 121.5980637, 31.0894256 ], [ 121.5990615, 31.0892878 ], [ 121.5997267, 31.0892878 ], [ 121.6001344, 31.0893521 ], [ 121.6003597, 31.0894624 ], [ 121.6006601, 31.0896553 ], [ 121.6009819, 31.0898391 ], [ 121.6015506, 31.0900137 ], [ 121.6020012, 31.0899953 ], [ 121.6027093, 31.0902158 ], [ 121.6029346, 31.0902709 ], [ 121.6032994, 31.0903812 ], [ 121.6035676, 31.0904455 ], [ 121.6038358, 31.0903628 ], [ 121.6040826, 31.0901974 ], [ 121.6043293, 31.0900412 ], [ 121.6046727, 31.0899402 ], [ 121.6050589, 31.0900137 ], [ 121.6056275, 31.0900688 ], [ 121.6062069, 31.0901882 ], [ 121.6064858, 31.0902893 ], [ 121.6066468, 31.0903077 ], [ 121.6070652, 31.0902801 ], [ 121.6075373, 31.090179 ], [ 121.6077411, 31.0901607 ], [ 121.6081059, 31.090326 ], [ 121.6087067, 31.0905649 ], [ 121.609329, 31.09062 ], [ 121.6096938, 31.0905374 ], [ 121.6102731, 31.0903444 ], [ 121.6107774, 31.090326 ], [ 121.6118932, 31.0904822 ], [ 121.6124296, 31.0905925 ], [ 121.61273, 31.0905925 ], [ 121.6138458, 31.0904271 ], [ 121.6144466, 31.0904455 ], [ 121.6150689, 31.0904822 ], [ 121.6156268, 31.0904822 ], [ 121.6162705, 31.0904639 ], [ 121.6166138, 31.0904822 ], [ 121.6169143, 31.0905557 ], [ 121.6173219, 31.0906844 ], [ 121.6176438, 31.0909232 ], [ 121.618309, 31.0911989 ], [ 121.6189742, 31.0913459 ], [ 121.6202831, 31.0913826 ], [ 121.6210019, 31.0876156 ], [ 121.6198969, 31.0874962 ], [ 121.6200042, 31.0869173 ], [ 121.6212487, 31.0869265 ], [ 121.6212809, 31.0876891 ], [ 121.623373, 31.0878637 ], [ 121.6235209, 31.0863691 ], [ 121.6225684, 31.0862558 ], [ 121.6226435, 31.0857688 ], [ 121.6221714, 31.0856126 ], [ 121.6221714, 31.0853921 ], [ 121.621871, 31.0851992 ], [ 121.6221285, 31.084069 ], [ 121.6213667, 31.0839496 ], [ 121.6211414, 31.0839496 ], [ 121.6206157, 31.0839588 ], [ 121.6207659, 31.083288 ], [ 121.6210556, 31.0830859 ], [ 121.6210127, 31.082994 ], [ 121.6205728, 31.0829297 ], [ 121.6193175, 31.0827459 ], [ 121.6168499, 31.0823232 ], [ 121.6158199, 31.082213 ], [ 121.6114211, 31.0816433 ], [ 121.6116571, 31.080945 ], [ 121.6126871, 31.0810552 ], [ 121.6138887, 31.0813676 ], [ 121.6146827, 31.081386 ], [ 121.615262, 31.0814411 ], [ 121.615262, 31.0810368 ], [ 121.6168499, 31.0810368 ], [ 121.6171288, 31.0805407 ], [ 121.6182661, 31.0806693 ], [ 121.6184163, 31.0800996 ], [ 121.6173649, 31.0799526 ], [ 121.6177726, 31.0779311 ], [ 121.6175151, 31.0775084 ], [ 121.6176653, 31.0770305 ], [ 121.6176867, 31.0767549 ], [ 121.6170645, 31.0767549 ], [ 121.6170215, 31.0762954 ], [ 121.6172898, 31.0761392 ], [ 121.6180837, 31.0762495 ], [ 121.6180944, 31.0758819 ], [ 121.6178155, 31.0757073 ], [ 121.6175794, 31.0756797 ], [ 121.6177511, 31.0751927 ], [ 121.6176331, 31.0748711 ], [ 121.6170859, 31.0747241 ], [ 121.6180837, 31.0726749 ], [ 121.6185987, 31.0720316 ], [ 121.6196179, 31.0710759 ], [ 121.6199398, 31.0706256 ], [ 121.6203046, 31.0702029 ], [ 121.6210019, 31.070304 ], [ 121.6208732, 31.0706348 ], [ 121.6219568, 31.070791 ], [ 121.6224825, 31.0693574 ], [ 121.6226864, 31.0681995 ], [ 121.6227615, 31.0680433 ], [ 121.6232657, 31.0681168 ], [ 121.6234589, 31.067786 ], [ 121.6239631, 31.0677584 ], [ 121.6242528, 31.0665545 ], [ 121.6242421, 31.0663615 ], [ 121.6233086, 31.0662696 ], [ 121.6229117, 31.0660858 ], [ 121.622901, 31.0650474 ], [ 121.6227293, 31.0638986 ], [ 121.6225147, 31.0623087 ], [ 121.6226864, 31.060783 ], [ 121.6228795, 31.0593861 ], [ 121.6231155, 31.0587979 ], [ 121.6230833, 31.057502 ], [ 121.6232765, 31.0560222 ], [ 121.6234374, 31.0550296 ], [ 121.6233945, 31.0526123 ], [ 121.623255, 31.0510957 ], [ 121.6232121, 31.0506729 ], [ 121.6232228, 31.0502133 ], [ 121.6232657, 31.0500019 ], [ 121.6229439, 31.0499927 ], [ 121.6228688, 31.0497078 ], [ 121.6229653, 31.0490368 ], [ 121.6230726, 31.0480992 ], [ 121.6232228, 31.0476672 ], [ 121.6234803, 31.0472352 ], [ 121.6235983, 31.0468308 ], [ 121.6236842, 31.0464447 ], [ 121.6237485, 31.0453325 ], [ 121.6237056, 31.0447258 ], [ 121.6235018, 31.0434297 ], [ 121.6188669, 31.0429885 ], [ 121.618942, 31.0402675 ], [ 121.6185021, 31.0402767 ], [ 121.6183948, 31.0404698 ], [ 121.6181052, 31.0404422 ], [ 121.6180408, 31.0401297 ], [ 121.6179657, 31.0398171 ], [ 121.618824, 31.0393207 ], [ 121.619339, 31.0391093 ], [ 121.6194999, 31.0389254 ], [ 121.6195857, 31.0385026 ], [ 121.6196287, 31.0378499 ], [ 121.619575, 31.0375281 ], [ 121.6195106, 31.0370593 ], [ 121.619457, 31.0369674 ], [ 121.6176438, 31.0368019 ], [ 121.618073, 31.0355884 ], [ 121.6184914, 31.0343566 ], [ 121.6189313, 31.0285555 ], [ 121.6191244, 31.0285188 ], [ 121.6193282, 31.0285555 ], [ 121.6195106, 31.0277189 ], [ 121.6197574, 31.0265145 ], [ 121.6198647, 31.0259353 ], [ 121.6191888, 31.0257974 ], [ 121.618942, 31.0254572 ], [ 121.6188455, 31.025163 ], [ 121.6194355, 31.0243264 ], [ 121.6195428, 31.0238023 ], [ 121.619693, 31.0235541 ], [ 121.6198861, 31.0234345 ], [ 121.6198861, 31.0225979 ], [ 121.6197467, 31.0222025 ], [ 121.62009, 31.0201706 ], [ 121.6205406, 31.0185339 ], [ 121.6207445, 31.0175869 ], [ 121.6206908, 31.0165571 ], [ 121.6206372, 31.0159686 ], [ 121.6200471, 31.0159778 ], [ 121.6197681, 31.0151319 ], [ 121.619693, 31.0145066 ], [ 121.6193819, 31.0132009 ], [ 121.6191351, 31.0129067 ], [ 121.6181588, 31.013063 ], [ 121.6182339, 31.011886 ], [ 121.6190064, 31.0118308 ], [ 121.6195106, 31.0117297 ], [ 121.6198861, 31.0116745 ], [ 121.6202724, 31.0116745 ], [ 121.6204977, 31.0113435 ], [ 121.6208088, 31.0103872 ], [ 121.6206586, 31.0102952 ], [ 121.6206801, 31.0099918 ], [ 121.6208196, 31.0089986 ], [ 121.6189206, 31.0090262 ], [ 121.6191244, 31.0074722 ], [ 121.6184377, 31.0074998 ], [ 121.6182929, 31.0071319 ], [ 121.6180623, 31.00704 ], [ 121.6178048, 31.0070354 ], [ 121.6170537, 31.0069572 ], [ 121.6171503, 31.0050491 ], [ 121.6174829, 31.005164 ], [ 121.6179872, 31.0052698 ], [ 121.6182876, 31.005279 ], [ 121.6186738, 31.0052698 ], [ 121.6189313, 31.0052698 ], [ 121.6190332, 31.0052882 ], [ 121.6194892, 31.0054353 ], [ 121.6197413, 31.0054491 ], [ 121.6200525, 31.0054491 ], [ 121.6202187, 31.0053893 ], [ 121.6204119, 31.0048789 ], [ 121.6206908, 31.0040099 ], [ 121.6207391, 31.0037019 ], [ 121.6207606, 31.0035639 ], [ 121.6212434, 31.0036145 ], [ 121.6214043, 31.0030076 ], [ 121.6216028, 31.0023362 ], [ 121.6221178, 31.002327 ], [ 121.6222787, 31.0017569 ], [ 121.6223699, 31.0010626 ], [ 121.6223431, 31.0008235 ], [ 121.6218442, 31.0009154 ], [ 121.6217637, 31.0006211 ], [ 121.6217476, 30.9997337 ], [ 121.6215652, 30.9990899 ], [ 121.6215491, 30.9988692 ], [ 121.6223592, 30.998975 ], [ 121.6224986, 30.9984738 ], [ 121.6227293, 30.9975725 ], [ 121.6227561, 30.9971954 ], [ 121.6229707, 30.9969701 ], [ 121.6231155, 30.9968322 ], [ 121.6231745, 30.9965655 ], [ 121.6232228, 30.9962666 ], [ 121.6232711, 30.9960229 ], [ 121.6232531, 30.9949884 ], [ 121.6229595, 30.9949776 ], [ 121.6191598, 30.9948934 ], [ 121.6163124, 30.9949314 ], [ 121.6161501, 30.9953137 ], [ 121.6159453, 30.9954521 ], [ 121.6156648, 30.995502 ], [ 121.6146389, 30.9965257 ], [ 121.6140992, 30.9968872 ], [ 121.6137455, 30.997443 ], [ 121.6120016, 30.9995997 ], [ 121.6115912, 31.0003234 ], [ 121.611232, 31.0014997 ], [ 121.6100713, 31.0036105 ], [ 121.6078157, 31.0039841 ], [ 121.6076585, 31.0030057 ], [ 121.605752, 31.0034567 ], [ 121.6040559, 31.0034884 ], [ 121.6003726, 31.0034282 ], [ 121.5997273, 31.0035599 ], [ 121.597427, 31.0039201 ], [ 121.5965796, 31.0040528 ], [ 121.5955256, 31.0042774 ], [ 121.5947333, 31.0044462 ], [ 121.5942133, 31.004557 ], [ 121.5931969, 31.004599 ], [ 121.5911579, 31.0046832 ], [ 121.5901833, 31.0032382 ], [ 121.5879642, 31.0032618 ], [ 121.5855562, 31.003163 ], [ 121.5800254, 31.0032737 ], [ 121.5799815, 31.0029124 ], [ 121.5784592, 31.0029297 ], [ 121.5784233, 31.0020989 ], [ 121.5762731, 31.0021228 ], [ 121.5743383, 31.0015928 ], [ 121.5742346, 31.0020407 ], [ 121.5741588, 31.0020715 ], [ 121.5736163, 31.0019484 ], [ 121.57372, 31.0016167 ], [ 121.5736123, 31.0015689 ], [ 121.5736123, 31.0014731 ], [ 121.5731137, 31.0013671 ], [ 121.572615, 31.0023998 ], [ 121.5724834, 31.0024545 ], [ 121.5719705, 31.0021847 ], [ 121.5690262, 31.001265 ], [ 121.5668373, 31.0006074 ], [ 121.5661714, 31.000567 ] ] ] ] } },
{ "type": "Feature", "properties": { "district": "浦东新区", "official_control_code_2023": "310115139000", "official_control_name_2023": "祝桥镇", "osm_name": "祝桥镇", "osm_relation_id_source": "14179522", "admin_level": "8", "boundary": "administrative", "geometry_is_approximate": true, "source_snapshot_date": "2026-08-19", "source_pbf_sha256": "cba608c2e67cbd2ee7616dcee6833e575e818237048faabf4c0e447acd6c0b6f", "source_url": "https://download.openstreetmap.fr/extracts/asia/china/shanghai.osm.pbf", "license": "OpenStreetMap contributors, Open Database License 1.0" }, "geometry": { "type": "MultiPolygon", "coordinates": [ [ [ [ 121.7267775, 31.0889571 ], [ 121.7314767, 31.0899861 ], [ 121.7304468, 31.0925219 ], [ 121.7298889, 31.0913826 ], [ 121.729331, 31.0914929 ], [ 121.7289018, 31.0934774 ], [ 121.7300176, 31.0942124 ], [ 121.7309188, 31.0945799 ], [ 121.732378, 31.0948739 ], [ 121.7321634, 31.0956456 ], [ 121.7316484, 31.0959028 ], [ 121.7312192, 31.0973728 ], [ 121.729331, 31.0973728 ], [ 121.7259836, 31.0972625 ], [ 121.7243099, 31.0966745 ], [ 121.7231512, 31.0968215 ], [ 121.7222499, 31.100533 ], [ 121.7211771, 31.1008638 ], [ 121.7206192, 31.1025173 ], [ 121.7215204, 31.103583 ], [ 121.7281723, 31.1043546 ], [ 121.7316913, 31.1050895 ], [ 121.731348, 31.1086537 ], [ 121.7313051, 31.1112625 ], [ 121.7299318, 31.1121811 ], [ 121.7282634, 31.1235091 ], [ 121.7293417, 31.1234602 ], [ 121.7317879, 31.1235337 ], [ 121.734395, 31.1234419 ], [ 121.7362618, 31.1232123 ], [ 121.7377961, 31.1227714 ], [ 121.7390433, 31.1222915 ], [ 121.7392015, 31.1231755 ], [ 121.73962, 31.1249114 ], [ 121.7433643, 31.1249665 ], [ 121.7442763, 31.1250032 ], [ 121.7442787, 31.124529 ], [ 121.746819, 31.1242501 ], [ 121.7471301, 31.1244797 ], [ 121.7477417, 31.1245348 ], [ 121.7484605, 31.1246175 ], [ 121.7482889, 31.1260043 ], [ 121.7468619, 31.1296687 ], [ 121.7453681, 31.1336432 ], [ 121.7448776, 31.1347674 ], [ 121.7423343, 31.1344443 ], [ 121.7413901, 31.1352524 ], [ 121.744232, 31.1362028 ], [ 121.7418712, 31.14054 ], [ 121.7419051, 31.1409827 ], [ 121.7408543, 31.1443273 ], [ 121.7406843, 31.1445661 ], [ 121.740889, 31.1446627 ], [ 121.7407134, 31.1452105 ], [ 121.7410277, 31.1453722 ], [ 121.7409731, 31.1455894 ], [ 121.7407943, 31.1457557 ], [ 121.7396735, 31.1467126 ], [ 121.7383064, 31.1462154 ], [ 121.7373767, 31.1478373 ], [ 121.7393144, 31.1484896 ], [ 121.7384025, 31.149987 ], [ 121.7375218, 31.1514293 ], [ 121.7407035, 31.1520748 ], [ 121.7411712, 31.1526871 ], [ 121.7410928, 31.1531796 ], [ 121.7398452, 31.1528828 ], [ 121.7386436, 31.1536173 ], [ 121.7386436, 31.1551598 ], [ 121.7370557, 31.1569593 ], [ 121.7356395, 31.1574735 ], [ 121.7342662, 31.1586854 ], [ 121.7343092, 31.1604114 ], [ 121.7352962, 31.1605216 ], [ 121.7357254, 31.1600074 ], [ 121.7380428, 31.1604849 ], [ 121.7409181, 31.1610357 ], [ 121.7432785, 31.1618803 ], [ 121.7448663, 31.162321 ], [ 121.7462825, 31.1632024 ], [ 121.7461431, 31.1656994 ], [ 121.7462182, 31.167407 ], [ 121.7460894, 31.168325 ], [ 121.7419052, 31.1673886 ], [ 121.7416048, 31.1677926 ], [ 121.7342233, 31.165626 ], [ 121.73388, 31.1680496 ], [ 121.7266273, 31.1646713 ], [ 121.7262411, 31.165626 ], [ 121.7276144, 31.1661768 ], [ 121.7266702, 31.1688942 ], [ 121.7282581, 31.1693348 ], [ 121.7272281, 31.1714646 ], [ 121.7257261, 31.1705466 ], [ 121.7252969, 31.1697755 ], [ 121.7225933, 31.1692614 ], [ 121.7218208, 31.1703263 ], [ 121.7209196, 31.1706935 ], [ 121.7191171, 31.1705466 ], [ 121.7171859, 31.1703997 ], [ 121.7155551, 31.1695919 ], [ 121.7159414, 31.1716482 ], [ 121.7163276, 31.1726396 ], [ 121.7163276, 31.1734474 ], [ 121.7158126, 31.174806 ], [ 121.7151689, 31.1760177 ], [ 121.7145455, 31.1775784 ], [ 121.7235444, 31.1806814 ], [ 121.7241115, 31.1792463 ], [ 121.7283525, 31.1807244 ], [ 121.7286562, 31.1801224 ], [ 121.7319918, 31.1812406 ], [ 121.7338023, 31.1817683 ], [ 121.7358193, 31.182443 ], [ 121.7354974, 31.1830327 ], [ 121.7366669, 31.183471 ], [ 121.7373186, 31.1837005 ], [ 121.7384908, 31.1840263 ], [ 121.7396414, 31.1843613 ], [ 121.7393517, 31.1850818 ], [ 121.7390165, 31.1857151 ], [ 121.7386544, 31.186275 ], [ 121.7377424, 31.1859584 ], [ 121.7372274, 31.1861879 ], [ 121.7367124, 31.1872526 ], [ 121.7347812, 31.1911441 ], [ 121.7373132, 31.1917315 ], [ 121.737442, 31.1932366 ], [ 121.7389869, 31.1941544 ], [ 121.7342233, 31.1934936 ], [ 121.7340946, 31.194081 ], [ 121.7346525, 31.1946316 ], [ 121.7351245, 31.195476 ], [ 121.7333221, 31.1955127 ], [ 121.7326355, 31.1976785 ], [ 121.7350387, 31.1980823 ], [ 121.7344808, 31.1989633 ], [ 121.7347383, 31.1996241 ], [ 121.7341375, 31.2004317 ], [ 121.7335796, 31.2010924 ], [ 121.7335796, 31.2016063 ], [ 121.7349958, 31.201643 ], [ 121.73491, 31.2035518 ], [ 121.7300176, 31.2028177 ], [ 121.7294597, 31.2043961 ], [ 121.7310476, 31.2047998 ], [ 121.7306437, 31.2067273 ], [ 121.7404675, 31.2081033 ], [ 121.7443299, 31.2084337 ], [ 121.7527628, 31.2088558 ], [ 121.7564535, 31.2091494 ], [ 121.7636204, 31.2099386 ], [ 121.7675256, 31.2101221 ], [ 121.7669248, 31.2111131 ], [ 121.7676973, 31.2112599 ], [ 121.7745208, 31.2137558 ], [ 121.7883825, 31.1981901 ], [ 121.7882538, 31.1980387 ], [ 121.7881398, 31.1979297 ], [ 121.7875537, 31.19755 ], [ 121.7875831, 31.1975106 ], [ 121.7875812, 31.197458 ], [ 121.7872811, 31.1972507 ], [ 121.7873787, 31.1971303 ], [ 121.7875229, 31.1969627 ], [ 121.7877876, 31.1971323 ], [ 121.7878439, 31.1971395 ], [ 121.7879071, 31.1971157 ], [ 121.787933, 31.19709 ], [ 121.7882821, 31.1973118 ], [ 121.7883638, 31.1973137 ], [ 121.7886682, 31.1974846 ], [ 121.7887822, 31.1975127 ], [ 121.788982, 31.1974995 ], [ 121.7890846, 31.1974668 ], [ 121.789147, 31.1974158 ], [ 121.7893401, 31.1971715 ], [ 121.7896351, 31.1968204 ], [ 121.78978, 31.1966805 ], [ 121.7898752, 31.1966208 ], [ 121.7899342, 31.196607 ], [ 121.7899771, 31.1966082 ], [ 121.7900549, 31.1966426 ], [ 121.7901796, 31.1967235 ], [ 121.7902366, 31.1967315 ], [ 121.7902775, 31.1967265 ], [ 121.7903204, 31.1967206 ], [ 121.7903835, 31.1966492 ], [ 121.7903902, 31.1966211 ], [ 121.7903915, 31.1965844 ], [ 121.7903821, 31.1965574 ], [ 121.7903187, 31.1964906 ], [ 121.7902648, 31.1964464 ], [ 121.790248, 31.1964178 ], [ 121.7896269, 31.1957697 ], [ 121.8224893, 31.1574644 ], [ 121.8247424, 31.1560505 ], [ 121.8617247, 31.1132099 ], [ 121.8754576, 31.1193824 ], [ 121.9018934, 31.0904272 ], [ 121.8830108, 31.0843998 ], [ 121.8620252, 31.077637 ], [ 121.8682587, 31.0653322 ], [ 121.8665206, 31.0646338 ], [ 121.8845343, 31.031663 ], [ 121.8850922, 31.0305965 ], [ 121.8757581, 31.0277833 ], [ 121.8750286, 31.0274707 ], [ 121.8721103, 31.0267904 ], [ 121.8695569, 31.0262387 ], [ 121.8666386, 31.0258894 ], [ 121.8650937, 31.0305046 ], [ 121.8647718, 31.0313136 ], [ 121.8615317, 31.0348254 ], [ 121.8606305, 31.0359837 ], [ 121.8587208, 31.0389254 ], [ 121.8583989, 31.0406353 ], [ 121.8579054, 31.0428782 ], [ 121.8568325, 31.044974 ], [ 121.8553948, 31.0478235 ], [ 121.8514681, 31.0551215 ], [ 121.8467903, 31.066334 ], [ 121.8444514, 31.0720867 ], [ 121.8436789, 31.0721419 ], [ 121.828444, 31.0702488 ], [ 121.8283689, 31.0704234 ], [ 121.8281865, 31.0704142 ], [ 121.8238842, 31.0685487 ], [ 121.8236697, 31.0689531 ], [ 121.8228221, 31.0687693 ], [ 121.8227148, 31.0690817 ], [ 121.8218779, 31.069045 ], [ 121.8217814, 31.0694953 ], [ 121.8211269, 31.0695688 ], [ 121.8193459, 31.0695688 ], [ 121.8193352, 31.0698445 ], [ 121.8138635, 31.0698537 ], [ 121.8137991, 31.0685947 ], [ 121.8129945, 31.0685947 ], [ 121.811589, 31.0686682 ], [ 121.8114281, 31.0687785 ], [ 121.8108916, 31.0689163 ], [ 121.8104303, 31.0689806 ], [ 121.8094647, 31.0689898 ], [ 121.8084991, 31.0689071 ], [ 121.8084025, 31.0685579 ], [ 121.808145, 31.0685579 ], [ 121.8062675, 31.0687785 ], [ 121.8052804, 31.0689163 ], [ 121.8044865, 31.0691001 ], [ 121.8035263, 31.0693161 ], [ 121.8030274, 31.0694126 ], [ 121.8019116, 31.0695091 ], [ 121.8015683, 31.0695045 ], [ 121.8011659, 31.0694401 ], [ 121.8007851, 31.0694861 ], [ 121.8000072, 31.0696193 ], [ 121.7994547, 31.0695182 ], [ 121.7990577, 31.0694861 ], [ 121.7975128, 31.0694677 ], [ 121.7954153, 31.0694677 ], [ 121.794852, 31.0694677 ], [ 121.7943263, 31.0695688 ], [ 121.7935646, 31.0696515 ], [ 121.7929852, 31.0696239 ], [ 121.7923844, 31.0695504 ], [ 121.7905819, 31.0694172 ], [ 121.7899114, 31.0693276 ], [ 121.7892408, 31.069238 ], [ 121.7874813, 31.0694034 ], [ 121.7838979, 31.0693299 ], [ 121.7821383, 31.069385 ], [ 121.7814731, 31.0697342 ], [ 121.7815375, 31.0702856 ], [ 121.7816019, 31.0710208 ], [ 121.7815161, 31.0713883 ], [ 121.781795, 31.0716456 ], [ 121.7826104, 31.0717927 ], [ 121.7824816, 31.0722154 ], [ 121.7814946, 31.0726381 ], [ 121.781795, 31.0730608 ], [ 121.7831898, 31.0729873 ], [ 121.7831039, 31.0762219 ], [ 121.7829752, 31.0771959 ], [ 121.78128, 31.0769386 ], [ 121.780293, 31.0768284 ], [ 121.7798853, 31.0769019 ], [ 121.7794347, 31.0770122 ], [ 121.7789197, 31.0771224 ], [ 121.7749715, 31.0772143 ], [ 121.7703795, 31.0774716 ], [ 121.7697787, 31.077637 ], [ 121.7694998, 31.0778208 ], [ 121.7697572, 31.0780781 ], [ 121.7698216, 31.0782619 ], [ 121.7697358, 31.0787029 ], [ 121.7692423, 31.0787029 ], [ 121.7689848, 31.0782067 ], [ 121.7682767, 31.0783537 ], [ 121.7674827, 31.0784089 ], [ 121.7674827, 31.0772878 ], [ 121.7669248, 31.077104 ], [ 121.7650151, 31.0776921 ], [ 121.7641997, 31.077637 ], [ 121.7610025, 31.07749 ], [ 121.760627, 31.0774808 ], [ 121.7599833, 31.0774716 ], [ 121.7600047, 31.0780873 ], [ 121.7589211, 31.0779954 ], [ 121.7589533, 31.0773154 ], [ 121.7580521, 31.0772878 ], [ 121.7580414, 31.0781148 ], [ 121.7576229, 31.0780781 ], [ 121.75758, 31.0798791 ], [ 121.7577517, 31.0812114 ], [ 121.7579019, 31.0829389 ], [ 121.7577946, 31.0833431 ], [ 121.7574084, 31.083922 ], [ 121.7573655, 31.0843355 ], [ 121.7573547, 31.0846295 ], [ 121.7572689, 31.0849419 ], [ 121.7571831, 31.0850705 ], [ 121.7566359, 31.0851624 ], [ 121.7561853, 31.0852451 ], [ 121.7559171, 31.0854197 ], [ 121.7557669, 31.0854656 ], [ 121.7556703, 31.0858883 ], [ 121.7553055, 31.0870735 ], [ 121.7552304, 31.0873951 ], [ 121.7552411, 31.087781 ], [ 121.7553377, 31.0880015 ], [ 121.7546511, 31.0880107 ], [ 121.7539966, 31.0878729 ], [ 121.7535245, 31.087928 ], [ 121.7529666, 31.0879831 ], [ 121.7525482, 31.0879923 ], [ 121.7520118, 31.0879923 ], [ 121.7511535, 31.0878086 ], [ 121.7508209, 31.0876156 ], [ 121.7498875, 31.0875054 ], [ 121.7493081, 31.0875054 ], [ 121.7456174, 31.0863753 ], [ 121.7461216, 31.0849143 ], [ 121.7455637, 31.0847581 ], [ 121.7461002, 31.0841701 ], [ 121.7462611, 31.0839863 ], [ 121.7460573, 31.0839312 ], [ 121.7452741, 31.083628 ], [ 121.7438149, 31.082948 ], [ 121.7424416, 31.0825989 ], [ 121.7408001, 31.0820108 ], [ 121.7412615, 31.0805682 ], [ 121.7408538, 31.0804947 ], [ 121.7409289, 31.0792634 ], [ 121.7390728, 31.0790337 ], [ 121.7389119, 31.0789418 ], [ 121.7390299, 31.0779862 ], [ 121.7379463, 31.0778116 ], [ 121.7377424, 31.0788775 ], [ 121.7348456, 31.078611 ], [ 121.7349744, 31.0778024 ], [ 121.7333007, 31.0776002 ], [ 121.7333543, 31.0767824 ], [ 121.7315948, 31.0765343 ], [ 121.7313051, 31.0782986 ], [ 121.7273354, 31.0780597 ], [ 121.7264342, 31.0813493 ], [ 121.7289877, 31.081533 ], [ 121.7299318, 31.0817535 ], [ 121.7289018, 31.0851349 ], [ 121.727829, 31.0850246 ], [ 121.7276788, 31.085484 ], [ 121.7262411, 31.0855575 ], [ 121.726048, 31.0869909 ], [ 121.7270779, 31.0872665 ], [ 121.7267775, 31.0889571 ] ] ] ] } },
{ "type": "Feature", "properties": { "district": "浦东新区", "official_control_code_2023": "310115140000", "official_control_name_2023": "泥城镇", "osm_name": "泥城镇", "osm_relation_id_source": "14180408", "admin_level": "8", "boundary": "administrative", "geometry_is_approximate": true, "source_snapshot_date": "2026-08-19", "source_pbf_sha256": "cba608c2e67cbd2ee7616dcee6833e575e818237048faabf4c0e447acd6c0b6f", "source_url": "https://download.openstreetmap.fr/extracts/asia/china/shanghai.osm.pbf", "license": "OpenStreetMap contributors, Open Database License 1.0" }, "geometry": { "type": "MultiPolygon", "coordinates": [ [ [ [ 121.7738029, 30.9280853 ], [ 121.7740008, 30.92775 ], [ 121.7745344, 30.9266414 ], [ 121.7735822, 30.9265472 ], [ 121.773556, 30.9261657 ], [ 121.7748065, 30.9261567 ], [ 121.775225, 30.92512 ], [ 121.7746338, 30.9250257 ], [ 121.77466, 30.9253399 ], [ 121.7733206, 30.9254521 ], [ 121.7732683, 30.9248641 ], [ 121.7753506, 30.9247789 ], [ 121.7755703, 30.9233247 ], [ 121.776376, 30.9204163 ], [ 121.7768364, 30.9180555 ], [ 121.7765644, 30.9165473 ], [ 121.7760359, 30.9147609 ], [ 121.7759941, 30.9144647 ], [ 121.7754238, 30.9133111 ], [ 121.7750262, 30.9128084 ], [ 121.7745292, 30.9118568 ], [ 121.7744507, 30.9086967 ], [ 121.7743931, 30.9082567 ], [ 121.7736345, 30.9063579 ], [ 121.7733625, 30.9060617 ], [ 121.773781, 30.9045893 ], [ 121.7739737, 30.9039122 ], [ 121.7739851, 30.903871 ], [ 121.7743304, 30.9030405 ], [ 121.7736398, 30.9028834 ], [ 121.7736084, 30.9027981 ], [ 121.7739118, 30.9015726 ], [ 121.7744245, 30.9015187 ], [ 121.7741996, 30.8981832 ], [ 121.7744612, 30.8981248 ], [ 121.774367, 30.8972673 ], [ 121.7733468, 30.8973975 ], [ 121.7731794, 30.8967376 ], [ 121.77421, 30.8966433 ], [ 121.7739746, 30.8957275 ], [ 121.7736122, 30.8944538 ], [ 121.7729349, 30.8920732 ], [ 121.7714715, 30.8883195 ], [ 121.7718298, 30.8876639 ], [ 121.7722687, 30.8826695 ], [ 121.7687807, 30.8823019 ], [ 121.768604, 30.8819168 ], [ 121.7685478, 30.8815286 ], [ 121.7684816, 30.8810707 ], [ 121.7676793, 30.877818 ], [ 121.7674821, 30.8775671 ], [ 121.7673798, 30.8774274 ], [ 121.7669999, 30.8759109 ], [ 121.767354, 30.8746401 ], [ 121.7670536, 30.8736087 ], [ 121.7673111, 30.872338 ], [ 121.7674398, 30.8717486 ], [ 121.7743063, 30.8724853 ], [ 121.7757869, 30.872338 ], [ 121.7748856, 30.8692069 ], [ 121.7745423, 30.8682124 ], [ 121.7753362, 30.8682124 ], [ 121.7917943, 30.8661127 ], [ 121.7943263, 30.8657075 ], [ 121.7938542, 30.8711224 ], [ 121.7948627, 30.8711961 ], [ 121.7956567, 30.8656522 ], [ 121.8011498, 30.8653759 ], [ 121.8049478, 30.8655417 ], [ 121.809175, 30.8658364 ], [ 121.8088102, 30.8729826 ], [ 121.8109345, 30.8728352 ], [ 121.8128013, 30.8730378 ], [ 121.8142175, 30.8731483 ], [ 121.8170285, 30.8731115 ], [ 121.8194318, 30.8730931 ], [ 121.8227577, 30.8729641 ], [ 121.8227577, 30.8734062 ], [ 121.8263411, 30.8734982 ], [ 121.8263411, 30.8802019 ], [ 121.8373489, 30.8804229 ], [ 121.83707, 30.8818409 ], [ 121.8368768, 30.8832404 ], [ 121.8368768, 30.8842164 ], [ 121.83604, 30.8851004 ], [ 121.8357181, 30.8853029 ], [ 121.8356752, 30.8857817 ], [ 121.8361902, 30.8878994 ], [ 121.8396663, 30.8912692 ], [ 121.8400526, 30.8916006 ], [ 121.8437862, 30.8876416 ], [ 121.845181, 30.8893725 ], [ 121.8458891, 30.8901827 ], [ 121.8476486, 30.8901275 ], [ 121.8517256, 30.8927423 ], [ 121.8622613, 30.8996102 ], [ 121.868999, 30.9042684 ], [ 121.8784618, 30.8967011 ], [ 121.8816376, 30.9028139 ], [ 121.8827534, 30.9057597 ], [ 121.8786549, 30.9081715 ], [ 121.8775391, 30.9085765 ], [ 121.8747496, 30.9085029 ], [ 121.8761873, 30.9092945 ], [ 121.869986, 30.912369 ], [ 121.8587851, 30.9178733 ], [ 121.8577766, 30.9179838 ], [ 121.8563819, 30.9185913 ], [ 121.8367052, 30.927519 ], [ 121.8358898, 30.9280896 ], [ 121.834538, 30.9290467 ], [ 121.8300104, 30.9312187 ], [ 121.8309116, 30.9326175 ], [ 121.8328857, 30.9318997 ], [ 121.8333363, 30.9324703 ], [ 121.8311476, 30.9335378 ], [ 121.8315983, 30.93409 ], [ 121.8329072, 30.9336114 ], [ 121.8334436, 30.934679 ], [ 121.8321562, 30.9351943 ], [ 121.8323707, 30.9363354 ], [ 121.8320489, 30.9367956 ], [ 121.8314481, 30.9372557 ], [ 121.8310189, 30.9374949 ], [ 121.8303752, 30.9375133 ], [ 121.829431, 30.9381207 ], [ 121.8287229, 30.9384888 ], [ 121.8279505, 30.9387281 ], [ 121.8273711, 30.9390961 ], [ 121.8270707, 30.9396299 ], [ 121.8262875, 30.9398599 ], [ 121.82603, 30.9400532 ], [ 121.8270707, 30.9410194 ], [ 121.8267381, 30.9413231 ], [ 121.8271243, 30.941912 ], [ 121.8262124, 30.9422525 ], [ 121.8184233, 30.9458228 ], [ 121.8177473, 30.946016 ], [ 121.8167388, 30.9446542 ], [ 121.8163311, 30.9448474 ], [ 121.8162024, 30.9450406 ], [ 121.8162238, 30.9453167 ], [ 121.8160844, 30.9456663 ], [ 121.8154514, 30.9458688 ], [ 121.8150437, 30.9460988 ], [ 121.8146896, 30.9463933 ], [ 121.8145823, 30.9465957 ], [ 121.8143034, 30.9469454 ], [ 121.8141317, 30.9470742 ], [ 121.8138635, 30.9472122 ], [ 121.8133592, 30.947341 ], [ 121.8129623, 30.947341 ], [ 121.8125975, 30.946927 ], [ 121.8117177, 30.9474606 ], [ 121.8111598, 30.9467245 ], [ 121.811589, 30.9464393 ], [ 121.8114281, 30.946016 ], [ 121.8106234, 30.9446542 ], [ 121.8086707, 30.9455467 ], [ 121.8092394, 30.9465773 ], [ 121.8095291, 30.9470926 ], [ 121.8101084, 30.9478563 ], [ 121.8102908, 30.9484728 ], [ 121.8099797, 30.9488317 ], [ 121.8094003, 30.9489053 ], [ 121.8087459, 30.9491077 ], [ 121.808145, 30.9493009 ], [ 121.8077052, 30.9494205 ], [ 121.8073618, 30.9494297 ], [ 121.8067181, 30.9487396 ], [ 121.8070936, 30.9483716 ], [ 121.8069541, 30.9480219 ], [ 121.8064284, 30.9481784 ], [ 121.8060958, 30.9484544 ], [ 121.8055701, 30.948758 ], [ 121.8051731, 30.9488317 ], [ 121.8053448, 30.9494205 ], [ 121.8053985, 30.9497242 ], [ 121.8048835, 30.9498346 ], [ 121.8043256, 30.9500094 ], [ 121.8041754, 30.9502578 ], [ 121.804111, 30.9505523 ], [ 121.8044007, 30.9511688 ], [ 121.8035424, 30.9513804 ], [ 121.8029523, 30.9517576 ], [ 121.8026733, 30.9518496 ], [ 121.8022656, 30.9519325 ], [ 121.8019438, 30.9522913 ], [ 121.8013322, 30.9524569 ], [ 121.8011176, 30.9524937 ], [ 121.800667, 30.9524385 ], [ 121.799916, 30.9527881 ], [ 121.7999697, 30.9532022 ], [ 121.7997014, 30.9533862 ], [ 121.7994332, 30.9534506 ], [ 121.7990363, 30.9533034 ], [ 121.7986393, 30.9533862 ], [ 121.7983818, 30.9534506 ], [ 121.7986715, 30.9539291 ], [ 121.7984676, 30.9541959 ], [ 121.798296, 30.9542695 ], [ 121.7980814, 30.9545363 ], [ 121.7975879, 30.9549319 ], [ 121.7975879, 30.955346 ], [ 121.7975879, 30.9556312 ], [ 121.7971587, 30.9559072 ], [ 121.7965901, 30.9560452 ], [ 121.7962575, 30.9561464 ], [ 121.7958391, 30.9562844 ], [ 121.7955387, 30.9559624 ], [ 121.7954099, 30.9557968 ], [ 121.7951846, 30.95576 ], [ 121.7947447, 30.9559256 ], [ 121.7941332, 30.955484 ], [ 121.7936933, 30.9552448 ], [ 121.7934787, 30.9551068 ], [ 121.7934251, 30.9547387 ], [ 121.7931461, 30.9542971 ], [ 121.7927277, 30.9544443 ], [ 121.7921203, 30.9545887 ], [ 121.7913437, 30.9513252 ], [ 121.7898524, 30.9517116 ], [ 121.789273, 30.951178 ], [ 121.789037, 30.9511964 ], [ 121.7886937, 30.951316 ], [ 121.7883718, 30.9515092 ], [ 121.7881787, 30.951822 ], [ 121.7878783, 30.9518864 ], [ 121.7870307, 30.9522637 ], [ 121.7868054, 30.9521073 ], [ 121.786623, 30.9519509 ], [ 121.7863548, 30.9517484 ], [ 121.7859471, 30.9515552 ], [ 121.7857969, 30.9512608 ], [ 121.7855286, 30.9511044 ], [ 121.7851853, 30.9512608 ], [ 121.7848527, 30.951454 ], [ 121.7843807, 30.9517116 ], [ 121.7840266, 30.9517208 ], [ 121.7837906, 30.9513528 ], [ 121.7831576, 30.9505615 ], [ 121.7827821, 30.9499818 ], [ 121.7825568, 30.9496414 ], [ 121.7821813, 30.9493285 ], [ 121.7819774, 30.9492917 ], [ 121.7817092, 30.9488224 ], [ 121.7813766, 30.9483716 ], [ 121.7803788, 30.9490157 ], [ 121.7801428, 30.9486568 ], [ 121.780132, 30.9483716 ], [ 121.7799497, 30.9478839 ], [ 121.7796707, 30.9474698 ], [ 121.7794347, 30.9474606 ], [ 121.7790699, 30.9475435 ], [ 121.7788768, 30.9477827 ], [ 121.7793059, 30.948528 ], [ 121.7791235, 30.9487212 ], [ 121.7786729, 30.9490249 ], [ 121.7777181, 30.9461448 ], [ 121.7837798, 30.944737 ], [ 121.7841983, 30.9444057 ], [ 121.7842948, 30.944056 ], [ 121.7841768, 30.9438996 ], [ 121.7836404, 30.9437156 ], [ 121.783458, 30.9435131 ], [ 121.7833722, 30.9431635 ], [ 121.7836726, 30.9429978 ], [ 121.7836726, 30.9427034 ], [ 121.7835653, 30.9423353 ], [ 121.7834151, 30.9420132 ], [ 121.7832219, 30.9413599 ], [ 121.7831147, 30.9410378 ], [ 121.7827177, 30.9403108 ], [ 121.7825675, 30.9395286 ], [ 121.782428, 30.9391145 ], [ 121.7819559, 30.9389489 ], [ 121.7813659, 30.9387465 ], [ 121.7813337, 30.9384244 ], [ 121.7821169, 30.9381667 ], [ 121.7827499, 30.9380287 ], [ 121.7833185, 30.9378078 ], [ 121.7837047, 30.9376514 ], [ 121.7838764, 30.9374029 ], [ 121.7843056, 30.9371176 ], [ 121.7846703, 30.9368047 ], [ 121.7844236, 30.9367403 ], [ 121.7838657, 30.9365655 ], [ 121.783458, 30.9362618 ], [ 121.7832112, 30.9358661 ], [ 121.7824495, 30.9362986 ], [ 121.7821169, 30.9357372 ], [ 121.7831254, 30.9352771 ], [ 121.7833722, 30.9348814 ], [ 121.7832649, 30.9346421 ], [ 121.7829645, 30.9344581 ], [ 121.7827284, 30.9343753 ], [ 121.7824066, 30.9342464 ], [ 121.7822134, 30.9341728 ], [ 121.7819989, 30.9335838 ], [ 121.7816985, 30.9335838 ], [ 121.7812478, 30.9337495 ], [ 121.7811298, 30.9342924 ], [ 121.7808616, 30.9342464 ], [ 121.7806148, 30.933409 ], [ 121.7805076, 30.9332617 ], [ 121.7804003, 30.932958 ], [ 121.7804003, 30.9326543 ], [ 121.7802286, 30.932231 ], [ 121.7802501, 30.9320101 ], [ 121.7805076, 30.9316328 ], [ 121.7803037, 30.9315316 ], [ 121.7794883, 30.9312095 ], [ 121.7796922, 30.930556 ], [ 121.7794347, 30.9303168 ], [ 121.7789948, 30.9301235 ], [ 121.7784476, 30.9301143 ], [ 121.7775464, 30.9295621 ], [ 121.7771065, 30.9288351 ], [ 121.7766344, 30.9284301 ], [ 121.7759693, 30.9284853 ], [ 121.7747891, 30.9288627 ], [ 121.7738029, 30.9280853 ] ] ] ] } },
{ "type": "Feature", "properties": { "district": "浦东新区", "official_control_code_2023": "310115141000", "official_control_name_2023": "宣桥镇", "osm_name": "宣桥镇", "osm_relation_id_source": "14180407", "admin_level": "8", "boundary": "administrative", "geometry_is_approximate": true, "source_snapshot_date": "2026-08-19", "source_pbf_sha256": "cba608c2e67cbd2ee7616dcee6833e575e818237048faabf4c0e447acd6c0b6f", "source_url": "https://download.openstreetmap.fr/extracts/asia/china/shanghai.osm.pbf", "license": "OpenStreetMap contributors, Open Database License 1.0" }, "geometry": { "type": "MultiPolygon", "coordinates": [ [ [ [ 121.6982454, 30.988541 ], [ 121.6991915, 30.9882243 ], [ 121.7000372, 30.9876833 ], [ 121.7011985, 30.9870556 ], [ 121.702735, 30.9865753 ], [ 121.7036259, 30.9858192 ], [ 121.7037948, 30.98575 ], [ 121.7059314, 30.9923441 ], [ 121.7082167, 30.9915163 ], [ 121.70856, 30.9920682 ], [ 121.7087531, 30.9929971 ], [ 121.7090106, 30.9939719 ], [ 121.7100406, 30.9934017 ], [ 121.7099655, 30.9927671 ], [ 121.7095363, 30.9928315 ], [ 121.7093968, 30.9925372 ], [ 121.7099011, 30.9923717 ], [ 121.7103624, 30.9920682 ], [ 121.7108989, 30.9918658 ], [ 121.7107057, 30.9916359 ], [ 121.711092, 30.9913968 ], [ 121.7112851, 30.99136 ], [ 121.711725, 30.991967 ], [ 121.7120898, 30.9918106 ], [ 121.7125404, 30.9925188 ], [ 121.7111885, 30.9931166 ], [ 121.711446, 30.9939444 ], [ 121.7115641, 30.9938616 ], [ 121.7116606, 30.9940363 ], [ 121.7121649, 30.9950664 ], [ 121.7115426, 30.9953699 ], [ 121.711725, 30.9957745 ], [ 121.7119825, 30.9964919 ], [ 121.7113817, 30.9967954 ], [ 121.711725, 30.9975587 ], [ 121.7108881, 30.9982485 ], [ 121.7113602, 30.9995728 ], [ 121.7154479, 30.9974116 ], [ 121.7158127, 30.997292 ], [ 121.7161453, 30.9981289 ], [ 121.7156839, 30.9982668 ], [ 121.7157161, 30.9986623 ], [ 121.7158019, 30.9990945 ], [ 121.7159736, 30.9998578 ], [ 121.7161989, 31.0015132 ], [ 121.7160916, 31.0023592 ], [ 121.7163491, 31.0024236 ], [ 121.7171645, 31.0021201 ], [ 121.7181945, 31.001504 ], [ 121.7201793, 31.0005384 ], [ 121.7208552, 31.0026351 ], [ 121.7209625, 31.0029938 ], [ 121.7212629, 31.0027455 ], [ 121.7214024, 31.0029478 ], [ 121.7216921, 31.0028558 ], [ 121.7224109, 31.0025064 ], [ 121.7225289, 31.0031225 ], [ 121.7231727, 31.0029662 ], [ 121.7233336, 31.0025432 ], [ 121.7234301, 31.00235 ], [ 121.7236769, 31.0024788 ], [ 121.7237735, 31.0025248 ], [ 121.7239666, 31.0026535 ], [ 121.7242241, 31.0028098 ], [ 121.7239666, 31.0030857 ], [ 121.7236447, 31.0033064 ], [ 121.7238271, 31.0036375 ], [ 121.7223465, 31.0044835 ], [ 121.7225182, 31.0049065 ], [ 121.7228293, 31.0053847 ], [ 121.7225826, 31.005587 ], [ 121.721853, 31.0058353 ], [ 121.7221963, 31.0066078 ], [ 121.7217886, 31.0068101 ], [ 121.7216921, 31.0074814 ], [ 121.7210591, 31.0076653 ], [ 121.7207265, 31.006994 ], [ 121.7209732, 31.0065894 ], [ 121.7207587, 31.0060192 ], [ 121.7193425, 31.0068193 ], [ 121.7185807, 31.006902 ], [ 121.7169177, 31.0075641 ], [ 121.7172074, 31.008171 ], [ 121.717143, 31.0083366 ], [ 121.7166817, 31.0085113 ], [ 121.7166388, 31.0089894 ], [ 121.7155981, 31.0092469 ], [ 121.7158019, 31.0124009 ], [ 121.7163813, 31.0125573 ], [ 121.723237, 31.012355 ], [ 121.7237735, 31.0135779 ], [ 121.7242241, 31.0145986 ], [ 121.7248571, 31.0147457 ], [ 121.7259622, 31.0148009 ], [ 121.7265415, 31.0145894 ], [ 121.7268526, 31.0163548 ], [ 121.7260802, 31.0164008 ], [ 121.7255759, 31.0154537 ], [ 121.7251575, 31.0155916 ], [ 121.7242563, 31.015895 ], [ 121.7234087, 31.0166674 ], [ 121.7237198, 31.0182765 ], [ 121.7219818, 31.0188282 ], [ 121.7236555, 31.0214118 ], [ 121.7234194, 31.0216417 ], [ 121.7229795, 31.0217796 ], [ 121.7220247, 31.0219359 ], [ 121.7201364, 31.0220738 ], [ 121.7167997, 31.0224876 ], [ 121.7163491, 31.0224876 ], [ 121.7078304, 31.0222669 ], [ 121.7075515, 31.0235357 ], [ 121.7071652, 31.023646 ], [ 121.7042684, 31.0242712 ], [ 121.7023587, 31.0246206 ], [ 121.7022514, 31.0271949 ], [ 121.7038822, 31.0273052 ], [ 121.7037964, 31.0283717 ], [ 121.7021441, 31.0282246 ], [ 121.7021227, 31.029291 ], [ 121.7029381, 31.0294565 ], [ 121.7027771, 31.0305046 ], [ 121.7068112, 31.0304494 ], [ 121.7070794, 31.0306241 ], [ 121.7072403, 31.031001 ], [ 121.7076158, 31.0311573 ], [ 121.7076158, 31.032141 ], [ 121.7066288, 31.032187 ], [ 121.7060709, 31.0323892 ], [ 121.7060065, 31.0331155 ], [ 121.706028, 31.0340164 ], [ 121.7040753, 31.0338601 ], [ 121.704129, 31.0344025 ], [ 121.7038822, 31.0347335 ], [ 121.7024445, 31.0349541 ], [ 121.7024875, 31.0368938 ], [ 121.7023802, 31.0384106 ], [ 121.702348, 31.0399826 ], [ 121.702348, 31.0404698 ], [ 121.7042255, 31.0410765 ], [ 121.7040539, 31.0424737 ], [ 121.7043543, 31.0426024 ], [ 121.704225, 31.0452985 ], [ 121.7057664, 31.0453677 ], [ 121.706858, 31.0453697 ], [ 121.7073331, 31.0456556 ], [ 121.7097014, 31.0456474 ], [ 121.7097938, 31.046817 ], [ 121.7113709, 31.0468859 ], [ 121.7113602, 31.0461736 ], [ 121.7120629, 31.0462149 ], [ 121.7128676, 31.0463114 ], [ 121.7132324, 31.0463482 ], [ 121.7132592, 31.0469732 ], [ 121.7144823, 31.0470927 ], [ 121.7145681, 31.0467986 ], [ 121.7148739, 31.046794 ], [ 121.715067, 31.0467894 ], [ 121.7151153, 31.0464907 ], [ 121.7151314, 31.0461368 ], [ 121.715818, 31.0460954 ], [ 121.7161936, 31.0461506 ], [ 121.7165798, 31.0461552 ], [ 121.7166656, 31.0460035 ], [ 121.7167139, 31.0450291 ], [ 121.7178941, 31.0451027 ], [ 121.7183125, 31.0450475 ], [ 121.7187846, 31.0450016 ], [ 121.7192566, 31.0449464 ], [ 121.7197823, 31.0448269 ], [ 121.720866, 31.0445144 ], [ 121.7214453, 31.0443581 ], [ 121.7215097, 31.0451211 ], [ 121.7219388, 31.045691 ], [ 121.7219496, 31.0466377 ], [ 121.7226577, 31.0465091 ], [ 121.7227113, 31.0460862 ], [ 121.723237, 31.0460403 ], [ 121.7233872, 31.0451303 ], [ 121.7241382, 31.0450659 ], [ 121.7244708, 31.0449372 ], [ 121.7245138, 31.0445971 ], [ 121.7249751, 31.0445604 ], [ 121.7249966, 31.0451946 ], [ 121.7252648, 31.0452957 ], [ 121.7258334, 31.0453049 ], [ 121.7257798, 31.0459116 ], [ 121.7267024, 31.0460403 ], [ 121.7267346, 31.0453509 ], [ 121.726917, 31.0451578 ], [ 121.7273998, 31.0451762 ], [ 121.7277646, 31.0453968 ], [ 121.7277002, 31.0479981 ], [ 121.727668, 31.0485221 ], [ 121.7282367, 31.0485956 ], [ 121.7297065, 31.0485313 ], [ 121.7297172, 31.049285 ], [ 121.7303717, 31.049285 ], [ 121.7302537, 31.0497997 ], [ 121.7291593, 31.0500663 ], [ 121.7283118, 31.0503328 ], [ 121.7275286, 31.0505902 ], [ 121.7269814, 31.0508843 ], [ 121.7270243, 31.0518586 ], [ 121.726563, 31.0520424 ], [ 121.7263377, 31.051638 ], [ 121.7257368, 31.0517207 ], [ 121.7252111, 31.0518402 ], [ 121.7207265, 31.0540461 ], [ 121.7202008, 31.0543219 ], [ 121.7176151, 31.0549009 ], [ 121.717658, 31.0553421 ], [ 121.7180657, 31.0567759 ], [ 121.7186022, 31.0563715 ], [ 121.7187738, 31.0556546 ], [ 121.7194819, 31.0555075 ], [ 121.7195248, 31.0560406 ], [ 121.7194176, 31.0568862 ], [ 121.7216277, 31.0573457 ], [ 121.7217779, 31.0590184 ], [ 121.7233658, 31.0588898 ], [ 121.7249751, 31.0589541 ], [ 121.7254257, 31.0590368 ], [ 121.7255974, 31.0592574 ], [ 121.7255223, 31.0596066 ], [ 121.7248785, 31.0597996 ], [ 121.7247713, 31.0605349 ], [ 121.7243314, 31.0619778 ], [ 121.7242241, 31.0629152 ], [ 121.7238593, 31.0645787 ], [ 121.724031, 31.0646706 ], [ 121.7244065, 31.0648544 ], [ 121.7255866, 31.0653047 ], [ 121.7255866, 31.0655069 ], [ 121.7253506, 31.0667843 ], [ 121.7267132, 31.0674459 ], [ 121.7265844, 31.0678044 ], [ 121.7275607, 31.068126 ], [ 121.7295027, 31.068705 ], [ 121.7298782, 31.0688796 ], [ 121.729846, 31.0698445 ], [ 121.7278719, 31.0699548 ], [ 121.7278612, 31.0705153 ], [ 121.7277646, 31.071177 ], [ 121.7268848, 31.0712137 ], [ 121.7266273, 31.0713332 ], [ 121.7264128, 31.0739706 ], [ 121.7264235, 31.0742554 ], [ 121.7291379, 31.0744851 ], [ 121.7318094, 31.0746873 ], [ 121.7315948, 31.0765343 ], [ 121.7313051, 31.0782986 ], [ 121.7273354, 31.0780597 ], [ 121.7264342, 31.0813493 ], [ 121.7289877, 31.081533 ], [ 121.7299318, 31.0817535 ], [ 121.7289018, 31.0851349 ], [ 121.727829, 31.0850246 ], [ 121.7276788, 31.085484 ], [ 121.7262411, 31.0855575 ], [ 121.726048, 31.0869909 ], [ 121.7270779, 31.0872665 ], [ 121.7267775, 31.0889571 ], [ 121.7234731, 31.0885712 ], [ 121.7225933, 31.0923381 ], [ 121.7229473, 31.0924851 ], [ 121.7226791, 31.0939919 ], [ 121.7224109, 31.0939919 ], [ 121.720072, 31.0938449 ], [ 121.7192352, 31.0938449 ], [ 121.7183232, 31.0937805 ], [ 121.7177117, 31.0937989 ], [ 121.7179155, 31.0930639 ], [ 121.717819, 31.0927975 ], [ 121.717819, 31.0918696 ], [ 121.7170572, 31.091842 ], [ 121.7168963, 31.0922554 ], [ 121.7167568, 31.0925035 ], [ 121.71651, 31.0933947 ], [ 121.7161882, 31.0933212 ], [ 121.7162955, 31.0926321 ], [ 121.7155659, 31.0925954 ], [ 121.7154479, 31.0933304 ], [ 121.7151475, 31.0933304 ], [ 121.7147934, 31.0932752 ], [ 121.7143428, 31.0932385 ], [ 121.7131412, 31.0932569 ], [ 121.7123258, 31.0932569 ], [ 121.7123365, 31.0928894 ], [ 121.7131734, 31.0929353 ], [ 121.7134845, 31.0911162 ], [ 121.7091179, 31.0903352 ], [ 121.7090213, 31.0908865 ], [ 121.7088282, 31.0928802 ], [ 121.7084527, 31.0929629 ], [ 121.7080235, 31.0929629 ], [ 121.7073476, 31.092871 ], [ 121.7075622, 31.0920717 ], [ 121.7071009, 31.0911713 ], [ 121.7069185, 31.0908681 ], [ 121.7065644, 31.0901331 ], [ 121.7059851, 31.0890765 ], [ 121.7058778, 31.0876432 ], [ 121.7054808, 31.0876524 ], [ 121.7054379, 31.0884793 ], [ 121.7046976, 31.0884425 ], [ 121.7045474, 31.089591 ], [ 121.7027235, 31.0893429 ], [ 121.7028201, 31.088268 ], [ 121.7022085, 31.088222 ], [ 121.7021119, 31.0891316 ], [ 121.7019188, 31.0891224 ], [ 121.7013395, 31.0890673 ], [ 121.7010498, 31.0892327 ], [ 121.7003631, 31.0890673 ], [ 121.6996765, 31.0889479 ], [ 121.6992688, 31.0888652 ], [ 121.6988397, 31.0887733 ], [ 121.6982388, 31.088709 ], [ 121.698153, 31.0883782 ], [ 121.6987324, 31.0874686 ], [ 121.6988182, 31.0869908 ], [ 121.6975307, 31.0864855 ], [ 121.6979706, 31.0851992 ], [ 121.6977668, 31.0851349 ], [ 121.6960823, 31.0849511 ], [ 121.6914153, 31.0845652 ], [ 121.688261, 31.0840598 ], [ 121.6876709, 31.0840323 ], [ 121.6862333, 31.0841241 ], [ 121.685847, 31.0840506 ], [ 121.6851497, 31.0838944 ], [ 121.6837978, 31.0836647 ], [ 121.6753649, 31.0823049 ], [ 121.6735625, 31.0821395 ], [ 121.6738629, 31.0806693 ], [ 121.6747749, 31.0806142 ], [ 121.6751504, 31.0805406 ], [ 121.6756117, 31.0803936 ], [ 121.6760623, 31.0803385 ], [ 121.6765237, 31.080219 ], [ 121.6766631, 31.080219 ], [ 121.6772532, 31.0784364 ], [ 121.6773176, 31.0782343 ], [ 121.6774464, 31.0782802 ], [ 121.6773927, 31.0786937 ], [ 121.6778433, 31.0787764 ], [ 121.6780901, 31.0782527 ], [ 121.6785192, 31.0766905 ], [ 121.6786373, 31.0762311 ], [ 121.6787982, 31.0757992 ], [ 121.6788411, 31.0754868 ], [ 121.6788196, 31.0752479 ], [ 121.6788626, 31.0751192 ], [ 121.6782403, 31.0750089 ], [ 121.6778755, 31.0749262 ], [ 121.6782725, 31.0740165 ], [ 121.67853, 31.0729597 ], [ 121.6786587, 31.0723808 ], [ 121.6786909, 31.0720959 ], [ 121.6790771, 31.0707543 ], [ 121.6791201, 31.0704418 ], [ 121.6790342, 31.070304 ], [ 121.6780364, 31.0701753 ], [ 121.678133, 31.0686039 ], [ 121.6794634, 31.0689898 ], [ 121.6794097, 31.0682547 ], [ 121.6794741, 31.0675011 ], [ 121.6806006, 31.0675287 ], [ 121.6807508, 31.0681995 ], [ 121.6821027, 31.0681903 ], [ 121.6821778, 31.0667108 ], [ 121.6821992, 31.0662788 ], [ 121.6808045, 31.0661134 ], [ 121.6806757, 31.0648636 ], [ 121.6806543, 31.0645878 ], [ 121.6797531, 31.0645511 ], [ 121.6790879, 31.0645051 ], [ 121.6780043, 31.0643765 ], [ 121.6765451, 31.064303 ], [ 121.6737986, 31.0641467 ], [ 121.6737449, 31.0639353 ], [ 121.6737878, 31.0633472 ], [ 121.6737878, 31.0627406 ], [ 121.6737234, 31.0625384 ], [ 121.6733694, 31.0625384 ], [ 121.6732514, 31.0625384 ], [ 121.6731548, 31.0627314 ], [ 121.6726291, 31.0625936 ], [ 121.672951, 31.0606819 ], [ 121.675483, 31.0610312 ], [ 121.6757727, 31.0596894 ], [ 121.6759765, 31.0587887 ], [ 121.6766524, 31.0587519 ], [ 121.677221, 31.0588254 ], [ 121.6776395, 31.0588254 ], [ 121.6778326, 31.0580534 ], [ 121.6778541, 31.0573273 ], [ 121.6778433, 31.0568954 ], [ 121.6790235, 31.0567851 ], [ 121.6790342, 31.0555535 ], [ 121.6798925, 31.055673 ], [ 121.6796672, 31.0564266 ], [ 121.6800213, 31.0564634 ], [ 121.6800213, 31.0568586 ], [ 121.6805255, 31.0570332 ], [ 121.6808689, 31.0560957 ], [ 121.680901, 31.0552134 ], [ 121.6811049, 31.05457 ], [ 121.6813517, 31.0538255 ], [ 121.6814053, 31.0536969 ], [ 121.6812658, 31.0536509 ], [ 121.6806865, 31.0535958 ], [ 121.6802144, 31.0535774 ], [ 121.6801608, 31.0533292 ], [ 121.6803431, 31.0525572 ], [ 121.6805577, 31.0512336 ], [ 121.6807401, 31.0504339 ], [ 121.6801715, 31.0503696 ], [ 121.6807723, 31.0479981 ], [ 121.6810405, 31.0472352 ], [ 121.6805899, 31.0471341 ], [ 121.6798603, 31.0470881 ], [ 121.677897, 31.0469687 ], [ 121.6771781, 31.046987 ], [ 121.6770923, 31.0472904 ], [ 121.674968, 31.0471617 ], [ 121.6750109, 31.047511 ], [ 121.6731977, 31.0474834 ], [ 121.6726506, 31.0473363 ], [ 121.6713416, 31.047079 ], [ 121.6709554, 31.0470881 ], [ 121.6708374, 31.0474926 ], [ 121.6700542, 31.0473731 ], [ 121.6700756, 31.0469503 ], [ 121.6689491, 31.0467756 ], [ 121.6684019, 31.0466194 ], [ 121.6666639, 31.0464171 ], [ 121.6639602, 31.0457553 ], [ 121.6614175, 31.0453325 ], [ 121.6614497, 31.0448361 ], [ 121.6636169, 31.0451946 ], [ 121.6636062, 31.0448085 ], [ 121.6642713, 31.0448085 ], [ 121.6644108, 31.0446063 ], [ 121.6644645, 31.0443489 ], [ 121.6646147, 31.0441099 ], [ 121.6648829, 31.0439812 ], [ 121.6649043, 31.0438801 ], [ 121.6650009, 31.0431999 ], [ 121.6651082, 31.0428782 ], [ 121.6651189, 31.0427863 ], [ 121.6655373, 31.0424278 ], [ 121.665591, 31.042106 ], [ 121.6654086, 31.0419222 ], [ 121.6653657, 31.0416556 ], [ 121.6655481, 31.0405433 ], [ 121.6675544, 31.0406904 ], [ 121.669786, 31.0409937 ], [ 121.6720605, 31.0409294 ], [ 121.6765129, 31.0410305 ], [ 121.6795063, 31.0414258 ], [ 121.6797316, 31.0401297 ], [ 121.6798925, 31.0397252 ], [ 121.6802144, 31.0396516 ], [ 121.6802144, 31.0390909 ], [ 121.6801822, 31.03876 ], [ 121.6790771, 31.0384934 ], [ 121.6794097, 31.0372156 ], [ 121.6788626, 31.0370685 ], [ 121.6790557, 31.0351196 ], [ 121.6791522, 31.0344853 ], [ 121.6792595, 31.0338326 ], [ 121.6792595, 31.0336211 ], [ 121.678884, 31.0335843 ], [ 121.6789698, 31.0331523 ], [ 121.6785407, 31.0328029 ], [ 121.6785407, 31.0325271 ], [ 121.6782939, 31.0322605 ], [ 121.6788304, 31.0301552 ], [ 121.6788626, 31.0297047 ], [ 121.6768241, 31.0295025 ], [ 121.6759229, 31.0293462 ], [ 121.6755474, 31.0293094 ], [ 121.6751611, 31.029291 ], [ 121.6748822, 31.0296772 ], [ 121.674571, 31.0295393 ], [ 121.674056, 31.029337 ], [ 121.673305, 31.0288314 ], [ 121.6721892, 31.0284636 ], [ 121.6713416, 31.028151 ], [ 121.6704297, 31.0279947 ], [ 121.6699362, 31.0279304 ], [ 121.6695499, 31.0278476 ], [ 121.6687024, 31.0276913 ], [ 121.6682839, 31.0291347 ], [ 121.6669321, 31.0289601 ], [ 121.6659987, 31.0288773 ], [ 121.6656124, 31.0287302 ], [ 121.6655373, 31.0277925 ], [ 121.6644108, 31.0280131 ], [ 121.6640997, 31.0282154 ], [ 121.6641962, 31.0274523 ], [ 121.6635632, 31.0273879 ], [ 121.6640246, 31.0259169 ], [ 121.6637349, 31.0258526 ], [ 121.6638744, 31.0244551 ], [ 121.6643572, 31.0243815 ], [ 121.6656554, 31.0246482 ], [ 121.6668999, 31.0247953 ], [ 121.6670823, 31.0246666 ], [ 121.6671681, 31.0239862 ], [ 121.6672754, 31.0232139 ], [ 121.6683161, 31.0232139 ], [ 121.6683805, 31.0228093 ], [ 121.6683161, 31.0226438 ], [ 121.6673291, 31.0226714 ], [ 121.6666853, 31.0204188 ], [ 121.6690135, 31.0207038 ], [ 121.671685, 31.0209981 ], [ 121.6712451, 31.0185064 ], [ 121.6719103, 31.0184236 ], [ 121.671921, 31.0182213 ], [ 121.6722429, 31.0182489 ], [ 121.6722965, 31.01778 ], [ 121.672951, 31.0178168 ], [ 121.6737664, 31.0176053 ], [ 121.6741204, 31.0175133 ], [ 121.674217, 31.017072 ], [ 121.6745067, 31.017072 ], [ 121.6744959, 31.0159594 ], [ 121.6743672, 31.0158491 ], [ 121.6727364, 31.0158767 ], [ 121.66911, 31.0158675 ], [ 121.665709, 31.0157387 ], [ 121.6620827, 31.0158583 ], [ 121.6617179, 31.0142124 ], [ 121.6587031, 31.0145342 ], [ 121.6587889, 31.0129986 ], [ 121.6597867, 31.0130354 ], [ 121.6602695, 31.0129526 ], [ 121.661278, 31.0128607 ], [ 121.6620076, 31.0128423 ], [ 121.6615033, 31.0118032 ], [ 121.6615569, 31.0116101 ], [ 121.6618895, 31.0112699 ], [ 121.6619539, 31.01104 ], [ 121.6616642, 31.0109849 ], [ 121.6609132, 31.0112883 ], [ 121.6603553, 31.0115734 ], [ 121.6598511, 31.0118492 ], [ 121.6593146, 31.0108653 ], [ 121.658982, 31.0098998 ], [ 121.6591322, 31.0095964 ], [ 121.6591322, 31.0092101 ], [ 121.6591537, 31.0089803 ], [ 121.6607523, 31.0090446 ], [ 121.6616964, 31.0090354 ], [ 121.6618359, 31.00944 ], [ 121.6622329, 31.0093849 ], [ 121.6623509, 31.0097619 ], [ 121.6630804, 31.0095228 ], [ 121.6631877, 31.009109 ], [ 121.6630375, 31.0088515 ], [ 121.6629839, 31.0079044 ], [ 121.6638851, 31.0078676 ], [ 121.6640139, 31.007794 ], [ 121.6643035, 31.0041341 ], [ 121.6652691, 31.0042352 ], [ 121.6661918, 31.0047226 ], [ 121.6663313, 31.0041985 ], [ 121.6680372, 31.0041709 ], [ 121.6681445, 31.0053571 ], [ 121.6686702, 31.0054123 ], [ 121.6689813, 31.0054491 ], [ 121.6700434, 31.0052744 ], [ 121.6699362, 31.0038214 ], [ 121.6706657, 31.0036007 ], [ 121.6706657, 31.0031041 ], [ 121.6719746, 31.0029938 ], [ 121.6719961, 31.0019822 ], [ 121.6732836, 31.0020742 ], [ 121.6735625, 31.0024972 ], [ 121.6735625, 31.0033616 ], [ 121.674056, 31.0033432 ], [ 121.6741633, 31.00235 ], [ 121.6748929, 31.0022949 ], [ 121.6758156, 31.0022581 ], [ 121.6765237, 31.0021845 ], [ 121.6789055, 31.0019638 ], [ 121.6815662, 31.0016511 ], [ 121.6820383, 31.001412 ], [ 121.6824245, 31.0012649 ], [ 121.6823387, 31.0005108 ], [ 121.6827035, 31.0000878 ], [ 121.6825104, 30.999867 ], [ 121.6821241, 30.9998487 ], [ 121.6820812, 30.9975311 ], [ 121.681416, 30.9973104 ], [ 121.6813731, 30.9962436 ], [ 121.6807508, 30.9961516 ], [ 121.6807079, 30.995048 ], [ 121.6798925, 30.9949928 ], [ 121.6783905, 30.9949008 ], [ 121.6779184, 30.9949008 ], [ 121.6770386, 30.9948641 ], [ 121.6761803, 30.9949744 ], [ 121.6749143, 30.9952871 ], [ 121.6742693, 30.9933508 ], [ 121.675817, 30.9930556 ], [ 121.6773079, 30.9923537 ], [ 121.6793914, 30.9920133 ], [ 121.6813894, 30.9922071 ], [ 121.6849881, 30.9922804 ], [ 121.6879943, 30.9918195 ], [ 121.6899067, 30.9912486 ], [ 121.6914647, 30.9906305 ], [ 121.6929006, 30.9900491 ], [ 121.6946826, 30.9897879 ], [ 121.6952948, 30.9895932 ], [ 121.6960989, 30.9891225 ], [ 121.6978661, 30.988668 ], [ 121.6982454, 30.988541 ] ] ] ] } },
{ "type": "Feature", "properties": { "district": "浦东新区", "official_control_code_2023": "310115142000", "official_control_name_2023": "书院镇", "osm_name": "书院镇", "osm_relation_id_source": "14180406", "admin_level": "8", "boundary": "administrative", "geometry_is_approximate": true, "source_snapshot_date": "2026-08-19", "source_pbf_sha256": "cba608c2e67cbd2ee7616dcee6833e575e818237048faabf4c0e447acd6c0b6f", "source_url": "https://download.openstreetmap.fr/extracts/asia/china/shanghai.osm.pbf", "license": "OpenStreetMap contributors, Open Database License 1.0" }, "geometry": { "type": "MultiPolygon", "coordinates": [ [ [ [ 121.8827534, 30.9057597 ], [ 121.8786549, 30.9081715 ], [ 121.8775391, 30.9085765 ], [ 121.8747496, 30.9085029 ], [ 121.8761873, 30.9092945 ], [ 121.869986, 30.912369 ], [ 121.8587851, 30.9178733 ], [ 121.8577766, 30.9179838 ], [ 121.8563819, 30.9185913 ], [ 121.8367052, 30.927519 ], [ 121.8358898, 30.9280896 ], [ 121.834538, 30.9290467 ], [ 121.8300104, 30.9312187 ], [ 121.8309116, 30.9326175 ], [ 121.8328857, 30.9318997 ], [ 121.8333363, 30.9324703 ], [ 121.8311476, 30.9335378 ], [ 121.8315983, 30.93409 ], [ 121.8329072, 30.9336114 ], [ 121.8334436, 30.934679 ], [ 121.8346667, 30.934044 ], [ 121.8352032, 30.9338231 ], [ 121.8357825, 30.9336022 ], [ 121.8364262, 30.9333445 ], [ 121.8367803, 30.9359397 ], [ 121.8385291, 30.9353599 ], [ 121.8392479, 30.9365931 ], [ 121.8390119, 30.9367311 ], [ 121.8390977, 30.9370992 ], [ 121.8381536, 30.9374121 ], [ 121.8375206, 30.9375778 ], [ 121.8376171, 30.9382679 ], [ 121.8370432, 30.9383692 ], [ 121.8372041, 30.9389627 ], [ 121.837247, 30.9393354 ], [ 121.8374026, 30.9399611 ], [ 121.837585, 30.9399796 ], [ 121.838336, 30.9424549 ], [ 121.8373489, 30.9426205 ], [ 121.8380999, 30.9447646 ], [ 121.8370271, 30.9452523 ], [ 121.8369841, 30.9486108 ], [ 121.8370914, 30.9502303 ], [ 121.8373489, 30.9521993 ], [ 121.8376279, 30.9536714 ], [ 121.8379068, 30.955254 ], [ 121.8392801, 30.9591734 ], [ 121.8395161, 30.9606822 ], [ 121.8397736, 30.9655398 ], [ 121.839838, 30.9689805 ], [ 121.8401813, 30.9734145 ], [ 121.8404603, 30.9763305 ], [ 121.8404174, 30.9769468 ], [ 121.8396449, 30.9772228 ], [ 121.8399453, 30.9784278 ], [ 121.8394947, 30.9785657 ], [ 121.8397093, 30.9793292 ], [ 121.838808, 30.979596 ], [ 121.8384647, 30.9785841 ], [ 121.8378746, 30.9787773 ], [ 121.8382609, 30.9797891 ], [ 121.8362546, 30.9805066 ], [ 121.8359542, 30.9797799 ], [ 121.8354928, 30.9799547 ], [ 121.8357718, 30.980709 ], [ 121.8339372, 30.9814172 ], [ 121.8340123, 30.9821807 ], [ 121.8340766, 30.9828062 ], [ 121.8339586, 30.983358 ], [ 121.8335831, 30.9836064 ], [ 121.8328535, 30.9837995 ], [ 121.8307829, 30.9844342 ], [ 121.8312228, 30.9854828 ], [ 121.8316626, 30.986752 ], [ 121.8317699, 30.9878742 ], [ 121.831963, 30.9890698 ], [ 121.829195, 30.989824 ], [ 121.829474, 30.9904678 ], [ 121.8274355, 30.9910197 ], [ 121.8265772, 30.9912588 ], [ 121.8268776, 30.9919394 ], [ 121.8181228, 30.9936685 ], [ 121.8174791, 30.9938892 ], [ 121.8182087, 30.9975311 ], [ 121.8184232, 30.9991129 ], [ 121.8190241, 30.9989658 ], [ 121.8191099, 31.0000878 ], [ 121.8192816, 31.0021293 ], [ 121.8191099, 31.0026627 ], [ 121.8188739, 31.0031409 ], [ 121.8181658, 31.0087136 ], [ 121.8145394, 31.0089527 ], [ 121.8145394, 31.0101665 ], [ 121.8138957, 31.0103872 ], [ 121.8141961, 31.0116929 ], [ 121.8148827, 31.0116193 ], [ 121.8162453, 31.011555 ], [ 121.81705, 31.0116009 ], [ 121.8177152, 31.0116653 ], [ 121.817919, 31.010332 ], [ 121.8208051, 31.0103136 ], [ 121.8230903, 31.0104515 ], [ 121.8239915, 31.0104147 ], [ 121.8250537, 31.010378 ], [ 121.8273818, 31.0099458 ], [ 121.8294418, 31.0096791 ], [ 121.8318987, 31.0095596 ], [ 121.8323815, 31.0095964 ], [ 121.8322635, 31.0081802 ], [ 121.8346023, 31.0081343 ], [ 121.8366623, 31.0081067 ], [ 121.8367803, 31.0073526 ], [ 121.8370485, 31.0046031 ], [ 121.8370914, 31.0034076 ], [ 121.839205, 31.0030306 ], [ 121.8414581, 31.0026167 ], [ 121.8415439, 31.002442 ], [ 121.844548, 31.0023224 ], [ 121.8455779, 31.0022949 ], [ 121.8456316, 31.0026259 ], [ 121.8459535, 31.0029478 ], [ 121.8474018, 31.0028926 ], [ 121.8481743, 31.0026627 ], [ 121.8485176, 31.0026167 ], [ 121.8485284, 31.0030581 ], [ 121.8492794, 31.002957 ], [ 121.8505561, 31.0030214 ], [ 121.8518007, 31.0032053 ], [ 121.8525195, 31.0033248 ], [ 121.8517792, 31.006102 ], [ 121.8539035, 31.0060652 ], [ 121.855309, 31.0059181 ], [ 121.8566716, 31.0055778 ], [ 121.8580878, 31.005302 ], [ 121.8642247, 31.0042996 ], [ 121.8652332, 31.0040605 ], [ 121.8734515, 31.0026627 ], [ 121.8736124, 31.0032237 ], [ 121.8758011, 31.0028742 ], [ 121.875844, 31.0020742 ], [ 121.8776894, 31.0018442 ], [ 121.8786335, 30.9988278 ], [ 121.8799317, 30.9946525 ], [ 121.8813479, 30.990431 ], [ 121.883676, 30.9844618 ], [ 121.8846095, 30.982659 ], [ 121.8848562, 30.9817944 ], [ 121.886487, 30.9755118 ], [ 121.8944907, 30.9743344 ], [ 121.8965828, 30.9739572 ], [ 121.8997264, 30.974178 ], [ 121.8998337, 30.9736536 ], [ 121.9042325, 30.9587318 ], [ 121.9047904, 30.9567629 ], [ 121.9049191, 30.9548675 ], [ 121.9054341, 30.9515552 ], [ 121.9057989, 30.9481324 ], [ 121.9064212, 30.943734 ], [ 121.9017219, 30.943918 ], [ 121.8909502, 30.9438996 ], [ 121.8906927, 30.9417096 ], [ 121.8900704, 30.9355624 ], [ 121.8900061, 30.9345501 ], [ 121.8899202, 30.9336758 ], [ 121.8899953, 30.9334274 ], [ 121.891315, 30.9316604 ], [ 121.8913042, 30.9313199 ], [ 121.8902206, 30.9262305 ], [ 121.8859076, 30.9126451 ], [ 121.8844056, 30.9081163 ], [ 121.8827534, 30.9057597 ] ] ] ] } },
{ "type": "Feature", "properties": { "district": "浦东新区", "official_control_code_2023": "310115143000", "official_control_name_2023": "万祥镇", "osm_name": "万祥镇", "osm_relation_id_source": "14180410", "admin_level": "8", "boundary": "administrative", "geometry_is_approximate": true, "source_snapshot_date": "2026-08-19", "source_pbf_sha256": "cba608c2e67cbd2ee7616dcee6833e575e818237048faabf4c0e447acd6c0b6f", "source_url": "https://download.openstreetmap.fr/extracts/asia/china/shanghai.osm.pbf", "license": "OpenStreetMap contributors, Open Database License 1.0" }, "geometry": { "type": "MultiPolygon", "coordinates": [ [ [ [ 121.7984784, 30.9958573 ], [ 121.8006349, 30.9956918 ], [ 121.8011927, 30.9957102 ], [ 121.8021047, 30.9957561 ], [ 121.8026304, 30.995701 ], [ 121.8032849, 30.9955446 ], [ 121.8055916, 30.9946065 ], [ 121.806407, 30.9944134 ], [ 121.80704, 30.9962436 ], [ 121.8078768, 30.9959769 ], [ 121.8086922, 30.9956366 ], [ 121.809808, 30.9952687 ], [ 121.809808, 30.9949376 ], [ 121.8105376, 30.9947445 ], [ 121.8100977, 30.993089 ], [ 121.8108487, 30.9928683 ], [ 121.8114495, 30.992666 ], [ 121.811986, 30.9926108 ], [ 121.8122435, 30.9942846 ], [ 121.8129623, 30.9939811 ], [ 121.8130374, 30.9936684 ], [ 121.8144536, 30.9935305 ], [ 121.8148613, 30.9933833 ], [ 121.8148935, 30.993043 ], [ 121.8188095, 30.992528 ], [ 121.829195, 30.989824 ], [ 121.831963, 30.9890698 ], [ 121.8317699, 30.9878742 ], [ 121.8316626, 30.986752 ], [ 121.8312228, 30.9854828 ], [ 121.8307829, 30.9844342 ], [ 121.8328535, 30.9837995 ], [ 121.8335831, 30.9836064 ], [ 121.8339586, 30.983358 ], [ 121.8340766, 30.9828062 ], [ 121.8340123, 30.9821807 ], [ 121.8339372, 30.9814172 ], [ 121.8357718, 30.980709 ], [ 121.8354928, 30.9799547 ], [ 121.8359542, 30.9797799 ], [ 121.8362546, 30.9805066 ], [ 121.8382609, 30.9797891 ], [ 121.8378746, 30.9787773 ], [ 121.8384647, 30.9785841 ], [ 121.838808, 30.979596 ], [ 121.8397093, 30.9793292 ], [ 121.8394947, 30.9785657 ], [ 121.8399453, 30.9784278 ], [ 121.8396449, 30.9772228 ], [ 121.8404174, 30.9769468 ], [ 121.8404603, 30.9763305 ], [ 121.8401813, 30.9734145 ], [ 121.839838, 30.9689805 ], [ 121.8397736, 30.9655398 ], [ 121.8395161, 30.9606822 ], [ 121.8392801, 30.9591734 ], [ 121.8379068, 30.955254 ], [ 121.8376279, 30.9536714 ], [ 121.8373489, 30.9521993 ], [ 121.8370914, 30.9502303 ], [ 121.8369841, 30.9486108 ], [ 121.8370271, 30.9452523 ], [ 121.8380999, 30.9447646 ], [ 121.8373489, 30.9426205 ], [ 121.838336, 30.9424549 ], [ 121.837585, 30.9399796 ], [ 121.8374026, 30.9399611 ], [ 121.837247, 30.9393354 ], [ 121.8372041, 30.9389627 ], [ 121.8370432, 30.9383692 ], [ 121.8376171, 30.9382679 ], [ 121.8375206, 30.9375778 ], [ 121.8381536, 30.9374121 ], [ 121.8390977, 30.9370992 ], [ 121.8390119, 30.9367311 ], [ 121.8392479, 30.9365931 ], [ 121.8385291, 30.9353599 ], [ 121.8367803, 30.9359397 ], [ 121.8364262, 30.9333445 ], [ 121.8357825, 30.9336022 ], [ 121.8352032, 30.9338231 ], [ 121.8346667, 30.934044 ], [ 121.8334436, 30.934679 ], [ 121.8321562, 30.9351943 ], [ 121.8323707, 30.9363354 ], [ 121.8320489, 30.9367956 ], [ 121.8314481, 30.9372557 ], [ 121.8310189, 30.9374949 ], [ 121.8303752, 30.9375133 ], [ 121.829431, 30.9381207 ], [ 121.8287229, 30.9384888 ], [ 121.8279505, 30.9387281 ], [ 121.8273711, 30.9390961 ], [ 121.8270707, 30.9396299 ], [ 121.8262875, 30.9398599 ], [ 121.82603, 30.9400532 ], [ 121.8270707, 30.9410194 ], [ 121.8267381, 30.9413231 ], [ 121.8271243, 30.941912 ], [ 121.8262124, 30.9422525 ], [ 121.8184233, 30.9458228 ], [ 121.8177473, 30.946016 ], [ 121.8167388, 30.9446542 ], [ 121.8163311, 30.9448474 ], [ 121.8162024, 30.9450406 ], [ 121.8162238, 30.9453167 ], [ 121.8160844, 30.9456663 ], [ 121.8154514, 30.9458688 ], [ 121.8150437, 30.9460988 ], [ 121.8146896, 30.9463933 ], [ 121.8145823, 30.9465957 ], [ 121.8143034, 30.9469454 ], [ 121.8141317, 30.9470742 ], [ 121.8138635, 30.9472122 ], [ 121.8133592, 30.947341 ], [ 121.8129623, 30.947341 ], [ 121.8125975, 30.946927 ], [ 121.8117177, 30.9474606 ], [ 121.8111598, 30.9467245 ], [ 121.811589, 30.9464393 ], [ 121.8114281, 30.946016 ], [ 121.8106234, 30.9446542 ], [ 121.8086707, 30.9455467 ], [ 121.8092394, 30.9465773 ], [ 121.8095291, 30.9470926 ], [ 121.8101084, 30.9478563 ], [ 121.8102908, 30.9484728 ], [ 121.8099797, 30.9488317 ], [ 121.8094003, 30.9489053 ], [ 121.8087459, 30.9491077 ], [ 121.808145, 30.9493009 ], [ 121.8077052, 30.9494205 ], [ 121.8073618, 30.9494297 ], [ 121.8067181, 30.9487396 ], [ 121.8070936, 30.9483716 ], [ 121.8069541, 30.9480219 ], [ 121.8064284, 30.9481784 ], [ 121.8060958, 30.9484544 ], [ 121.8055701, 30.948758 ], [ 121.8051731, 30.9488317 ], [ 121.8053448, 30.9494205 ], [ 121.8053985, 30.9497242 ], [ 121.8048835, 30.9498346 ], [ 121.8043256, 30.9500094 ], [ 121.8041754, 30.9502578 ], [ 121.804111, 30.9505523 ], [ 121.8044007, 30.9511688 ], [ 121.8035424, 30.9513804 ], [ 121.8029523, 30.9517576 ], [ 121.8026733, 30.9518496 ], [ 121.8022656, 30.9519325 ], [ 121.8019438, 30.9522913 ], [ 121.8013322, 30.9524569 ], [ 121.8011176, 30.9524937 ], [ 121.800667, 30.9524385 ], [ 121.799916, 30.9527881 ], [ 121.7999697, 30.9532022 ], [ 121.7997014, 30.9533862 ], [ 121.7994332, 30.9534506 ], [ 121.7990363, 30.9533034 ], [ 121.7986393, 30.9533862 ], [ 121.7983818, 30.9534506 ], [ 121.7986715, 30.9539291 ], [ 121.7984676, 30.9541959 ], [ 121.798296, 30.9542695 ], [ 121.7980814, 30.9545363 ], [ 121.7975879, 30.9549319 ], [ 121.7975879, 30.955346 ], [ 121.7975879, 30.9556312 ], [ 121.7971587, 30.9559072 ], [ 121.7965901, 30.9560452 ], [ 121.7962575, 30.9561464 ], [ 121.7958391, 30.9562844 ], [ 121.7955387, 30.9559624 ], [ 121.7954099, 30.9557968 ], [ 121.7951846, 30.95576 ], [ 121.7947447, 30.9559256 ], [ 121.7941332, 30.955484 ], [ 121.7936933, 30.9552448 ], [ 121.7934787, 30.9551068 ], [ 121.7934251, 30.9547387 ], [ 121.7931461, 30.9542971 ], [ 121.7927277, 30.9544443 ], [ 121.7921203, 30.9545887 ], [ 121.792953, 30.9580877 ], [ 121.7924702, 30.9584374 ], [ 121.7920625, 30.9585386 ], [ 121.7917621, 30.9587226 ], [ 121.7921591, 30.958925 ], [ 121.7922771, 30.9593482 ], [ 121.7921269, 30.9596886 ], [ 121.7917943, 30.959799 ], [ 121.791451, 30.9598542 ], [ 121.7909789, 30.9600566 ], [ 121.7907858, 30.9601946 ], [ 121.790539, 30.9601302 ], [ 121.790818, 30.9607558 ], [ 121.7906141, 30.9611238 ], [ 121.7903137, 30.9613539 ], [ 121.7909145, 30.9616299 ], [ 121.7909038, 30.9619519 ], [ 121.7904961, 30.9622187 ], [ 121.7900348, 30.9628535 ], [ 121.7898524, 30.9630835 ], [ 121.7894876, 30.9629363 ], [ 121.7890477, 30.9628535 ], [ 121.7886722, 30.9629915 ], [ 121.7881036, 30.9631571 ], [ 121.7876422, 30.9632951 ], [ 121.7872882, 30.9627431 ], [ 121.7870629, 30.9624211 ], [ 121.786108, 30.9627155 ], [ 121.7863333, 30.9631571 ], [ 121.7868376, 30.9632491 ], [ 121.7871165, 30.9642243 ], [ 121.7875564, 30.9645002 ], [ 121.7876208, 30.9647302 ], [ 121.7874598, 30.9648498 ], [ 121.7871272, 30.9649786 ], [ 121.7860758, 30.9656502 ], [ 121.7859685, 30.9659814 ], [ 121.7856789, 30.9664322 ], [ 121.7854643, 30.9666806 ], [ 121.7846811, 30.9672602 ], [ 121.7843699, 30.9673154 ], [ 121.784606, 30.9687229 ], [ 121.7846489, 30.9692104 ], [ 121.7850673, 30.9719426 ], [ 121.7856788, 30.9714643 ], [ 121.7883825, 30.9796328 ], [ 121.7878032, 30.9798995 ], [ 121.78761, 30.9800743 ], [ 121.7873955, 30.9801479 ], [ 121.78702, 30.9802399 ], [ 121.7865693, 30.9803962 ], [ 121.7862153, 30.980525 ], [ 121.7858183, 30.9807918 ], [ 121.7859363, 30.9811965 ], [ 121.7860436, 30.9815552 ], [ 121.7863011, 30.9817852 ], [ 121.7866874, 30.9814172 ], [ 121.7870414, 30.9812333 ], [ 121.7874384, 30.9809849 ], [ 121.7877066, 30.9813436 ], [ 121.788243, 30.9815276 ], [ 121.7886078, 30.9814356 ], [ 121.7886615, 30.981822 ], [ 121.7891014, 30.9820887 ], [ 121.7892623, 30.9823554 ], [ 121.7893588, 30.9824474 ], [ 121.7893159, 30.9828337 ], [ 121.789273, 30.9832569 ], [ 121.7896807, 30.9833028 ], [ 121.7903352, 30.9830729 ], [ 121.7906892, 30.9829717 ], [ 121.7911506, 30.9829717 ], [ 121.791805, 30.9831005 ], [ 121.7936075, 30.9832477 ], [ 121.7940581, 30.9832753 ], [ 121.7947018, 30.9832661 ], [ 121.7948413, 30.9840479 ], [ 121.7961502, 30.9840019 ], [ 121.7961609, 30.9843974 ], [ 121.7963433, 30.9846274 ], [ 121.797502, 30.9844342 ], [ 121.7979741, 30.9912588 ], [ 121.7984784, 30.9958573 ] ] ] ] } },
{ "type": "Feature", "properties": { "district": "浦东新区", "official_control_code_2023": "310115144000", "official_control_name_2023": "老港镇", "osm_name": "老港镇", "osm_relation_id_source": "14180412", "admin_level": "8", "boundary": "administrative", "geometry_is_approximate": true, "source_snapshot_date": "2026-08-19", "source_pbf_sha256": "cba608c2e67cbd2ee7616dcee6833e575e818237048faabf4c0e447acd6c0b6f", "source_url": "https://download.openstreetmap.fr/extracts/asia/china/shanghai.osm.pbf", "license": "OpenStreetMap contributors, Open Database License 1.0" }, "geometry": { "type": "MultiPolygon", "coordinates": [ [ [ [ 121.8776894, 31.0018442 ], [ 121.8767023, 31.0037479 ], [ 121.8755221, 31.0055135 ], [ 121.8750071, 31.0064698 ], [ 121.8748569, 31.0067641 ], [ 121.9131373, 31.005164 ], [ 121.9200897, 31.0042444 ], [ 121.9246602, 31.0049249 ], [ 121.9246387, 31.0066722 ], [ 121.9309901, 31.0065251 ], [ 121.9316339, 31.0066997 ], [ 121.9321488, 31.0069481 ], [ 121.9326103, 31.0073894 ], [ 121.9328678, 31.0078124 ], [ 121.9330609, 31.0082998 ], [ 121.9331359, 31.0086953 ], [ 121.9337367, 31.0090999 ], [ 121.9331252, 31.0091734 ], [ 121.9330716, 31.0095228 ], [ 121.9329428, 31.0098907 ], [ 121.9319128, 31.0115366 ], [ 121.9322776, 31.0117481 ], [ 121.9317626, 31.0118217 ], [ 121.9281148, 31.0170077 ], [ 121.9281577, 31.01778 ], [ 121.8915938, 31.074182 ], [ 121.8908214, 31.0741085 ], [ 121.8830108, 31.0843998 ], [ 121.8620252, 31.077637 ], [ 121.8682587, 31.0653322 ], [ 121.8665206, 31.0646338 ], [ 121.8845343, 31.031663 ], [ 121.8850922, 31.0305965 ], [ 121.8757581, 31.0277833 ], [ 121.8750286, 31.0274707 ], [ 121.8721103, 31.0267904 ], [ 121.8695569, 31.0262387 ], [ 121.8666386, 31.0258894 ], [ 121.8650937, 31.0305046 ], [ 121.8647718, 31.0313136 ], [ 121.8615317, 31.0348254 ], [ 121.8606305, 31.0359837 ], [ 121.8587208, 31.0389254 ], [ 121.8583989, 31.0406353 ], [ 121.8579054, 31.0428782 ], [ 121.8568325, 31.044974 ], [ 121.8553948, 31.0478235 ], [ 121.8514681, 31.0551215 ], [ 121.8467903, 31.066334 ], [ 121.8444514, 31.0720867 ], [ 121.8436789, 31.0721419 ], [ 121.828444, 31.0702488 ], [ 121.8283689, 31.0704234 ], [ 121.8281865, 31.0704142 ], [ 121.8238842, 31.0685487 ], [ 121.8236697, 31.0689531 ], [ 121.8228221, 31.0687693 ], [ 121.8227148, 31.0690817 ], [ 121.8218779, 31.069045 ], [ 121.8217814, 31.0694953 ], [ 121.8211269, 31.0695688 ], [ 121.8193459, 31.0695688 ], [ 121.8193352, 31.0698445 ], [ 121.8138635, 31.0698537 ], [ 121.8137991, 31.0685947 ], [ 121.8129945, 31.0685947 ], [ 121.811589, 31.0686682 ], [ 121.8114281, 31.0687785 ], [ 121.8108916, 31.0689163 ], [ 121.8104303, 31.0689806 ], [ 121.8094647, 31.0689898 ], [ 121.8084991, 31.0689071 ], [ 121.8084025, 31.0685579 ], [ 121.808145, 31.0685579 ], [ 121.8062675, 31.0687785 ], [ 121.8052804, 31.0689163 ], [ 121.8044865, 31.0691001 ], [ 121.8035263, 31.0693161 ], [ 121.8030274, 31.0694126 ], [ 121.8019116, 31.0695091 ], [ 121.8015683, 31.0695045 ], [ 121.8011659, 31.0694401 ], [ 121.8007851, 31.0694861 ], [ 121.8000072, 31.0696193 ], [ 121.7994547, 31.0695182 ], [ 121.7990577, 31.0694861 ], [ 121.7975128, 31.0694677 ], [ 121.7954153, 31.0694677 ], [ 121.794852, 31.0694677 ], [ 121.7943263, 31.0695688 ], [ 121.7935646, 31.0696515 ], [ 121.7929852, 31.0696239 ], [ 121.7923844, 31.0695504 ], [ 121.7905819, 31.0694172 ], [ 121.7899114, 31.0693276 ], [ 121.7892408, 31.069238 ], [ 121.7891335, 31.0683558 ], [ 121.7894339, 31.0681352 ], [ 121.7894983, 31.0676573 ], [ 121.7900777, 31.0672713 ], [ 121.7909145, 31.0672897 ], [ 121.791451, 31.0672346 ], [ 121.7919016, 31.0671243 ], [ 121.7921376, 31.0669038 ], [ 121.7925882, 31.0667016 ], [ 121.7930174, 31.0665913 ], [ 121.7935324, 31.0664259 ], [ 121.7938113, 31.065801 ], [ 121.794219, 31.0657091 ], [ 121.79497, 31.0657091 ], [ 121.7957425, 31.0658929 ], [ 121.7961287, 31.0660031 ], [ 121.7969227, 31.066095 ], [ 121.7976522, 31.066095 ], [ 121.798253, 31.0660767 ], [ 121.7990255, 31.0660031 ], [ 121.799047, 31.0655988 ], [ 121.7987036, 31.0654517 ], [ 121.7987036, 31.0650657 ], [ 121.7994547, 31.0649555 ], [ 121.7999911, 31.0647165 ], [ 121.7998194, 31.0643489 ], [ 121.7995834, 31.0633747 ], [ 121.7997765, 31.0628049 ], [ 121.7999053, 31.0620697 ], [ 121.8000126, 31.0615183 ], [ 121.8004417, 31.0610955 ], [ 121.8008923, 31.0606176 ], [ 121.8013859, 31.0601765 ], [ 121.8015575, 31.0595147 ], [ 121.8016004, 31.0593309 ], [ 121.8015361, 31.0588163 ], [ 121.8025017, 31.0585957 ], [ 121.80336, 31.0585405 ], [ 121.8038964, 31.0585405 ], [ 121.8050551, 31.0585405 ], [ 121.8059993, 31.0584486 ], [ 121.8072438, 31.0584486 ], [ 121.8072438, 31.0582097 ], [ 121.8070292, 31.0577685 ], [ 121.8071151, 31.0568127 ], [ 121.8069863, 31.0564266 ], [ 121.8063426, 31.0560958 ], [ 121.8054199, 31.0562061 ], [ 121.8049478, 31.0557281 ], [ 121.8054414, 31.0552686 ], [ 121.8061924, 31.055195 ], [ 121.8070936, 31.0553237 ], [ 121.8072653, 31.0546987 ], [ 121.8077802, 31.0544597 ], [ 121.8079519, 31.0541289 ], [ 121.8079304, 31.0535406 ], [ 121.8089819, 31.0533017 ], [ 121.8098831, 31.0533384 ], [ 121.8102693, 31.0530259 ], [ 121.8107199, 31.0525847 ], [ 121.8107199, 31.0519046 ], [ 121.8105483, 31.0511141 ], [ 121.8100451, 31.0500428 ], [ 121.810677, 31.0500663 ], [ 121.8116426, 31.0501766 ], [ 121.812222, 31.0500295 ], [ 121.8121576, 31.0486691 ], [ 121.8124366, 31.0484302 ], [ 121.8125438, 31.047511 ], [ 121.8122434, 31.0471249 ], [ 121.8109131, 31.0468676 ], [ 121.8087458, 31.0471985 ], [ 121.8076515, 31.0473639 ], [ 121.8072867, 31.0468492 ], [ 121.8065786, 31.0468676 ], [ 121.8045616, 31.0471065 ], [ 121.8047976, 31.0439261 ], [ 121.8051195, 31.0439261 ], [ 121.806128, 31.0436871 ], [ 121.8075228, 31.0432827 ], [ 121.8095398, 31.0426576 ], [ 121.8102908, 31.0425105 ], [ 121.8111491, 31.0423634 ], [ 121.8119001, 31.0423267 ], [ 121.8117928, 31.0415361 ], [ 121.8122005, 31.0415913 ], [ 121.8131661, 31.0417751 ], [ 121.8143248, 31.042106 ], [ 121.8149042, 31.0424186 ], [ 121.8159556, 31.0425105 ], [ 121.8160414, 31.0412787 ], [ 121.8161058, 31.0395138 ], [ 121.8164277, 31.0388335 ], [ 121.8164921, 31.0383923 ], [ 121.8159985, 31.0380613 ], [ 121.8156767, 31.0377855 ], [ 121.8157625, 31.0374546 ], [ 121.8163204, 31.0365353 ], [ 121.8174147, 31.0347151 ], [ 121.8181228, 31.0337039 ], [ 121.8181014, 31.0329684 ], [ 121.8174362, 31.0323617 ], [ 121.8162775, 31.0322881 ], [ 121.8151188, 31.0325823 ], [ 121.8146467, 31.0325271 ], [ 121.8144536, 31.0317917 ], [ 121.8136382, 31.0314055 ], [ 121.8135309, 31.0309275 ], [ 121.8132949, 31.0307068 ], [ 121.8132305, 31.0299346 ], [ 121.812737, 31.0289049 ], [ 121.8133592, 31.0280959 ], [ 121.812737, 31.0276546 ], [ 121.8125009, 31.0270294 ], [ 121.8120074, 31.0268271 ], [ 121.8119645, 31.0264594 ], [ 121.8110847, 31.0264226 ], [ 121.8105483, 31.0262387 ], [ 121.8097544, 31.0265697 ], [ 121.8095827, 31.0274155 ], [ 121.8083811, 31.0273236 ], [ 121.8077802, 31.0271949 ], [ 121.8076086, 31.0263307 ], [ 121.8085742, 31.0259997 ], [ 121.8085313, 31.0247861 ], [ 121.8076944, 31.0246941 ], [ 121.8075228, 31.0244183 ], [ 121.8066644, 31.0240873 ], [ 121.8049907, 31.0242712 ], [ 121.8045401, 31.0241793 ], [ 121.8043256, 31.0236092 ], [ 121.8050551, 31.023315 ], [ 121.8048191, 31.0225243 ], [ 121.8058491, 31.021752 ], [ 121.8059563, 31.0213107 ], [ 121.8061924, 31.0206855 ], [ 121.8066644, 31.0203177 ], [ 121.8085098, 31.019196 ], [ 121.8110847, 31.0182029 ], [ 121.8118787, 31.0178719 ], [ 121.8131661, 31.0172099 ], [ 121.814003, 31.0168237 ], [ 121.8148613, 31.0166031 ], [ 121.8151617, 31.0156836 ], [ 121.8151831, 31.0148928 ], [ 121.8149471, 31.014525 ], [ 121.8149256, 31.0136423 ], [ 121.81499, 31.0127412 ], [ 121.8146896, 31.0127044 ], [ 121.8148827, 31.0116193 ], [ 121.8162453, 31.011555 ], [ 121.81705, 31.0116009 ], [ 121.8177152, 31.0116653 ], [ 121.817919, 31.010332 ], [ 121.8208051, 31.0103136 ], [ 121.8230903, 31.0104515 ], [ 121.8239915, 31.0104147 ], [ 121.8250537, 31.010378 ], [ 121.8273818, 31.0099458 ], [ 121.8294418, 31.0096791 ], [ 121.8318987, 31.0095596 ], [ 121.8323815, 31.0095964 ], [ 121.8322635, 31.0081802 ], [ 121.8346023, 31.0081343 ], [ 121.8366623, 31.0081067 ], [ 121.8367803, 31.0073526 ], [ 121.8370485, 31.0046031 ], [ 121.8370914, 31.0034076 ], [ 121.839205, 31.0030306 ], [ 121.8414581, 31.0026167 ], [ 121.8415439, 31.002442 ], [ 121.844548, 31.0023224 ], [ 121.8455779, 31.0022949 ], [ 121.8456316, 31.0026259 ], [ 121.8459535, 31.0029478 ], [ 121.8474018, 31.0028926 ], [ 121.8481743, 31.0026627 ], [ 121.8485176, 31.0026167 ], [ 121.8485284, 31.0030581 ], [ 121.8492794, 31.002957 ], [ 121.8505561, 31.0030214 ], [ 121.8518007, 31.0032053 ], [ 121.8525195, 31.0033248 ], [ 121.8517792, 31.006102 ], [ 121.8539035, 31.0060652 ], [ 121.855309, 31.0059181 ], [ 121.8566716, 31.0055778 ], [ 121.8580878, 31.005302 ], [ 121.8642247, 31.0042996 ], [ 121.8652332, 31.0040605 ], [ 121.8734515, 31.0026627 ], [ 121.8736124, 31.0032237 ], [ 121.8758011, 31.0028742 ], [ 121.875844, 31.0020742 ], [ 121.8776894, 31.0018442 ] ] ] ] } },
{ "type": "Feature", "properties": { "district": "浦东新区", "official_control_code_2023": "310115145000", "official_control_name_2023": "南汇新城镇", "osm_name": "南汇新城镇", "osm_relation_id_source": "14180411", "admin_level": "8", "boundary": "administrative", "geometry_is_approximate": true, "source_snapshot_date": "2026-08-19", "source_pbf_sha256": "cba608c2e67cbd2ee7616dcee6833e575e818237048faabf4c0e447acd6c0b6f", "source_url": "https://download.openstreetmap.fr/extracts/asia/china/shanghai.osm.pbf", "license": "OpenStreetMap contributors, Open Database License 1.0" }, "geometry": { "type": "MultiPolygon", "coordinates": [ [ [ [ 121.8776894, 31.0018442 ], [ 121.8767023, 31.0037479 ], [ 121.8755221, 31.0055135 ], [ 121.8750071, 31.0064698 ], [ 121.8748569, 31.0067641 ], [ 121.9131373, 31.005164 ], [ 121.9200897, 31.0042444 ], [ 121.9246602, 31.0049249 ], [ 121.9245744, 31.0031041 ], [ 121.9272029, 31.002957 ], [ 121.9271278, 31.0023685 ], [ 121.9298744, 31.0021477 ], [ 121.9299602, 31.0025156 ], [ 121.9350671, 31.0023685 ], [ 121.9355392, 31.0019638 ], [ 121.9365692, 31.001927 ], [ 121.9388437, 31.0007867 ], [ 121.9399595, 30.9995728 ], [ 121.9741416, 30.9212881 ], [ 121.974155, 30.9205149 ], [ 121.974147, 30.9202618 ], [ 121.9741496, 30.9200317 ], [ 121.9741094, 30.919017 ], [ 121.9740504, 30.9180321 ], [ 121.9739914, 30.9168747 ], [ 121.9739753, 30.9159174 ], [ 121.9739324, 30.9149877 ], [ 121.9738841, 30.9139614 ], [ 121.973817, 30.9129995 ], [ 121.9737929, 30.912132 ], [ 121.9737446, 30.9112345 ], [ 121.9736829, 30.9105901 ], [ 121.973691, 30.9105349 ], [ 121.9737178, 30.9104935 ], [ 121.9737929, 30.9104452 ], [ 121.9738036, 30.9103922 ], [ 121.9737715, 30.9103301 ], [ 121.9736803, 30.910291 ], [ 121.9736615, 30.9102472 ], [ 121.9736695, 30.910123 ], [ 121.9736373, 30.9097732 ], [ 121.9736481, 30.9095039 ], [ 121.9736615, 30.9093935 ], [ 121.9737393, 30.9091035 ], [ 121.9737875, 30.9089102 ], [ 121.9738063, 30.9087491 ], [ 121.973801, 30.9085052 ], [ 121.9737983, 30.9081347 ], [ 121.9737822, 30.9076468 ], [ 121.9737661, 30.907442 ], [ 121.9737178, 30.907152 ], [ 121.9737178, 30.9071014 ], [ 121.9737473, 30.9070645 ], [ 121.9738144, 30.9070369 ], [ 121.9738251, 30.9069909 ], [ 121.9737929, 30.9069518 ], [ 121.9737259, 30.9069449 ], [ 121.9736615, 30.9068896 ], [ 121.9736186, 30.9067631 ], [ 121.9735649, 30.9065951 ], [ 121.9735488, 30.906434 ], [ 121.9735341, 30.9061912 ], [ 121.973514, 30.9056216 ], [ 121.9735113, 30.9052119 ], [ 121.9734965, 30.9050831 ], [ 121.973459, 30.9047862 ], [ 121.9734335, 30.9045975 ], [ 121.9734094, 30.904296 ], [ 121.9734322, 30.9042327 ], [ 121.9734724, 30.9042051 ], [ 121.9735032, 30.904189 ], [ 121.9735086, 30.9041372 ], [ 121.9735019, 30.9040543 ], [ 121.9735005, 30.9039715 ], [ 121.9734751, 30.9039335 ], [ 121.9734187, 30.9039266 ], [ 121.9733946, 30.9039105 ], [ 121.9733933, 30.9038668 ], [ 121.9733906, 30.9035411 ], [ 121.9733946, 30.9034468 ], [ 121.973412, 30.9034295 ], [ 121.9734496, 30.9034215 ], [ 121.9735166, 30.903418 ], [ 121.9735381, 30.9033915 ], [ 121.9735354, 30.9033421 ], [ 121.9735113, 30.903311 ], [ 121.9734684, 30.9033064 ], [ 121.9734161, 30.9032995 ], [ 121.9733906, 30.9032857 ], [ 121.9733798, 30.903235 ], [ 121.9733638, 30.9028829 ], [ 121.9733289, 30.9021016 ], [ 121.9732927, 30.9015757 ], [ 121.9732457, 30.9006965 ], [ 121.973235, 30.9002823 ], [ 121.9732256, 30.8997828 ], [ 121.9731787, 30.8988645 ], [ 121.9731425, 30.8984433 ], [ 121.9731572, 30.8983766 ], [ 121.9732001, 30.8983375 ], [ 121.9732685, 30.8983317 ], [ 121.9733396, 30.8983398 ], [ 121.9733919, 30.8983409 ], [ 121.9733966, 30.8983265 ], [ 121.9733933, 30.8983018 ], [ 121.9733584, 30.8982949 ], [ 121.9733061, 30.8982995 ], [ 121.9732746, 30.8982914 ], [ 121.9732551, 30.8982753 ], [ 121.9732511, 30.8982339 ], [ 121.9732766, 30.8982005 ], [ 121.9733316, 30.8981844 ], [ 121.9733812, 30.8981833 ], [ 121.9733919, 30.8981672 ], [ 121.9733879, 30.8981482 ], [ 121.9733798, 30.8981418 ], [ 121.9733289, 30.8981372 ], [ 121.9732417, 30.8981407 ], [ 121.973168, 30.898143 ], [ 121.9731472, 30.8981326 ], [ 121.9731358, 30.8981165 ], [ 121.9731371, 30.898082 ], [ 121.9731277, 30.8979002 ], [ 121.9731143, 30.8975227 ], [ 121.9731089, 30.8970728 ], [ 121.9730915, 30.8966895 ], [ 121.9731036, 30.8966527 ], [ 121.9731331, 30.8966401 ], [ 121.9732484, 30.8966297 ], [ 121.9732793, 30.8966055 ], [ 121.9732833, 30.8965871 ], [ 121.9732726, 30.8965687 ], [ 121.9732082, 30.8965526 ], [ 121.9731385, 30.8965468 ], [ 121.9730888, 30.8965181 ], [ 121.9730808, 30.8964818 ], [ 121.9730848, 30.8964203 ], [ 121.9731572, 30.8959392 ], [ 121.9731921, 30.8956676 ], [ 121.9732001, 30.8950209 ], [ 121.9731519, 30.894213 ], [ 121.9731224, 30.893702 ], [ 121.9730821, 30.8931888 ], [ 121.9730607, 30.8929678 ], [ 121.9729963, 30.8927031 ], [ 121.9729453, 30.8925259 ], [ 121.9729158, 30.8923533 ], [ 121.9728917, 30.891863 ], [ 121.9728313, 30.8903531 ], [ 121.9728159, 30.890082 ], [ 121.9728152, 30.8900596 ], [ 121.9728287, 30.8900487 ], [ 121.9728434, 30.8900435 ], [ 121.9728749, 30.8900348 ], [ 121.9728937, 30.8900187 ], [ 121.972895, 30.8899957 ], [ 121.9728857, 30.8899687 ], [ 121.9728515, 30.889956 ], [ 121.9728213, 30.8899364 ], [ 121.9728126, 30.8898985 ], [ 121.9727857, 30.8894335 ], [ 121.9727576, 30.8888719 ], [ 121.9727281, 30.8883344 ], [ 121.9726986, 30.8875806 ], [ 121.9726637, 30.8869211 ], [ 121.9726382, 30.8864849 ], [ 121.9726315, 30.8862467 ], [ 121.972606, 30.8856493 ], [ 121.9725779, 30.8850969 ], [ 121.9725671, 30.8850324 ], [ 121.972535, 30.8849818 ], [ 121.9725213, 30.8849668 ], [ 121.9724759, 30.8849173 ], [ 121.9723485, 30.8848115 ], [ 121.9721675, 30.8846595 ], [ 121.9718, 30.8843545 ], [ 121.9717745, 30.8843281 ], [ 121.9717725, 30.8843056 ], [ 121.9717846, 30.8842889 ], [ 121.9717893, 30.8842751 ], [ 121.9717813, 30.8842613 ], [ 121.9717571, 30.884259 ], [ 121.9717263, 30.8842722 ], [ 121.9717062, 30.8842751 ], [ 121.971672, 30.8842533 ], [ 121.9716264, 30.8842107 ], [ 121.970581, 30.883329 ], [ 121.9694048, 30.8823565 ], [ 121.9682354, 30.8813689 ], [ 121.967593, 30.8808303 ], [ 121.9672818, 30.8805667 ], [ 121.9671088, 30.8804205 ], [ 121.9665509, 30.8799601 ], [ 121.9659488, 30.8794629 ], [ 121.9656162, 30.8791913 ], [ 121.9650114, 30.8786791 ], [ 121.9648129, 30.8785133 ], [ 121.9647217, 30.8784569 ], [ 121.9646412, 30.8784166 ], [ 121.963736, 30.8780909 ], [ 121.9629742, 30.8778158 ], [ 121.9629326, 30.8777813 ], [ 121.9628763, 30.8776949 ], [ 121.9628629, 30.8776564 ], [ 121.9628528, 30.8776167 ], [ 121.962871, 30.8775896 ], [ 121.9629863, 30.877497 ], [ 121.9629903, 30.8774682 ], [ 121.9629689, 30.8774475 ], [ 121.9629434, 30.877436 ], [ 121.9629152, 30.8774486 ], [ 121.962706, 30.8776167 ], [ 121.9625522, 30.8776947 ], [ 121.9623533, 30.8778308 ], [ 121.9616613, 30.8784489 ], [ 121.9613984, 30.8786699 ], [ 121.9612268, 30.8788322 ], [ 121.9610739, 30.8789726 ], [ 121.9606514, 30.8793098 ], [ 121.9605562, 30.879342 ], [ 121.9604543, 30.8793524 ], [ 121.9603701, 30.8793878 ], [ 121.9601534, 30.879537 ], [ 121.9599541, 30.8793754 ], [ 121.9601284, 30.8791936 ], [ 121.9601794, 30.879098 ], [ 121.960174, 30.8789887 ], [ 121.9602196, 30.8789208 ], [ 121.9602719, 30.8788667 ], [ 121.9612147, 30.8781358 ], [ 121.9617578, 30.877619 ], [ 121.9619483, 30.8774371 ], [ 121.9621897, 30.8772058 ], [ 121.9623124, 30.8770815 ], [ 121.9623131, 30.8770613 ], [ 121.962297, 30.8770435 ], [ 121.9622406, 30.8770354 ], [ 121.9622004, 30.877055 ], [ 121.9621414, 30.8771056 ], [ 121.9619456, 30.8772541 ], [ 121.9619121, 30.8772622 ], [ 121.9618048, 30.8772253 ], [ 121.9617337, 30.8772161 ], [ 121.961672, 30.8772207 ], [ 121.9615915, 30.8772322 ], [ 121.9615191, 30.8772622 ], [ 121.9614252, 30.877253 ], [ 121.95811, 30.8760674 ], [ 121.9580277, 30.876038 ], [ 121.9580247, 30.8760366 ], [ 121.9580182, 30.8760337 ], [ 121.9559965, 30.8752916 ], [ 121.9537836, 30.8745123 ], [ 121.9537058, 30.8744835 ], [ 121.9536468, 30.8744605 ], [ 121.9532955, 30.8743281 ], [ 121.9506159, 30.8733509 ], [ 121.9488054, 30.872681 ], [ 121.9479451, 30.8723926 ], [ 121.9478794, 30.8723719 ], [ 121.9478291, 30.8723523 ], [ 121.9470715, 30.8720777 ], [ 121.9465739, 30.871866 ], [ 121.945501, 30.8714907 ], [ 121.9363761, 30.8680466 ], [ 121.9356304, 30.8677381 ], [ 121.9347614, 30.8673766 ], [ 121.9338665, 30.8669883 ], [ 121.9314474, 30.8649624 ], [ 121.9313513, 30.864899 ], [ 121.9297678, 30.8638533 ], [ 121.9268745, 30.8625447 ], [ 121.9243368, 30.8618185 ], [ 121.9226331, 30.8618467 ], [ 121.9217488, 30.8622872 ], [ 121.9192207, 30.8614757 ], [ 121.9181612, 30.861029 ], [ 121.9170642, 30.860572 ], [ 121.9168362, 30.8604649 ], [ 121.9167088, 30.8603751 ], [ 121.9166511, 30.8603486 ], [ 121.916566, 30.8603256 ], [ 121.9164862, 30.8602882 ], [ 121.916395, 30.8601955 ], [ 121.916334, 30.8601356 ], [ 121.9162729, 30.8600948 ], [ 121.9161898, 30.8600533 ], [ 121.9160838, 30.8600286 ], [ 121.9160382, 30.8600268 ], [ 121.9160034, 30.8600343 ], [ 121.9159605, 30.8600435 ], [ 121.9159182, 30.8600424 ], [ 121.9157553, 30.8599791 ], [ 121.9152215, 30.8597419 ], [ 121.9148564, 30.8595884 ], [ 121.9148315, 30.8595785 ], [ 121.9147454, 30.8595462 ], [ 121.9142921, 30.8593666 ], [ 121.9140252, 30.8592515 ], [ 121.9135304, 30.8590351 ], [ 121.9133762, 30.8589729 ], [ 121.9132702, 30.8589291 ], [ 121.9131616, 30.8588877 ], [ 121.9130757, 30.8588474 ], [ 121.9130181, 30.858799 ], [ 121.9129899, 30.8587369 ], [ 121.9130342, 30.8586908 ], [ 121.9130999, 30.858631 ], [ 121.9132166, 30.8585389 ], [ 121.9132742, 30.8584802 ], [ 121.9132648, 30.8584306 ], [ 121.9132384, 30.8583971 ], [ 121.9130608, 30.858267 ], [ 121.9127263, 30.8580757 ], [ 121.9126962, 30.8580507 ], [ 121.9126546, 30.8580392 ], [ 121.9126198, 30.8580375 ], [ 121.912595, 30.8580449 ], [ 121.9125393, 30.8580991 ], [ 121.9124843, 30.8581566 ], [ 121.9123945, 30.8582384 ], [ 121.9122577, 30.8583144 ], [ 121.9121557, 30.8583466 ], [ 121.9120404, 30.8583501 ], [ 121.9118781, 30.8583455 ], [ 121.9114906, 30.8581843 ], [ 121.9111041, 30.8580268 ], [ 121.911083, 30.8580182 ], [ 121.9109313, 30.8579563 ], [ 121.9101106, 30.8576167 ], [ 121.9099738, 30.8575591 ], [ 121.9094896, 30.8573485 ], [ 121.9089465, 30.8571332 ], [ 121.9087829, 30.8570676 ], [ 121.9082357, 30.8568338 ], [ 121.9076476, 30.8565852 ], [ 121.9073883, 30.8564769 ], [ 121.9073674, 30.8564676 ], [ 121.9067954, 30.8562283 ], [ 121.9056045, 30.8557252 ], [ 121.905064, 30.8555007 ], [ 121.9044685, 30.855252 ], [ 121.9034663, 30.8548449 ], [ 121.9034484, 30.8548354 ], [ 121.9031301, 30.8547005 ], [ 121.9026098, 30.8544875 ], [ 121.9020219, 30.8542368 ], [ 121.9020073, 30.8542289 ], [ 121.9012767, 30.8539303 ], [ 121.9012525, 30.8539222 ], [ 121.8993487, 30.8531251 ], [ 121.899326, 30.8531142 ], [ 121.8976262, 30.8524002 ], [ 121.8969516, 30.8521204 ], [ 121.8965936, 30.8519771 ], [ 121.8965755, 30.8519701 ], [ 121.8964938, 30.8519384 ], [ 121.8956615, 30.8515873 ], [ 121.8942426, 30.8509921 ], [ 121.8937517, 30.8507907 ], [ 121.8937341, 30.8507841 ], [ 121.8937038, 30.8507729 ], [ 121.8935318, 30.8506974 ], [ 121.892986, 30.8504694 ], [ 121.8923838, 30.8502253 ], [ 121.8918763, 30.8500059 ], [ 121.8918629, 30.8500008 ], [ 121.891492, 30.8498431 ], [ 121.8906243, 30.8494942 ], [ 121.8899467, 30.8492059 ], [ 121.8899266, 30.8491987 ], [ 121.889644, 30.8490728 ], [ 121.8884584, 30.8485789 ], [ 121.8879864, 30.8483889 ], [ 121.8876766, 30.8482415 ], [ 121.8875505, 30.8482001 ], [ 121.8874151, 30.8481736 ], [ 121.8866338, 30.8480786 ], [ 121.8865996, 30.8480757 ], [ 121.8861618, 30.8480625 ], [ 121.8853397, 30.8480463 ], [ 121.8853202, 30.8480469 ], [ 121.8843882, 30.8480377 ], [ 121.8839604, 30.8480308 ], [ 121.8839449, 30.8480308 ], [ 121.8838303, 30.8480343 ], [ 121.8833461, 30.8480354 ], [ 121.8831316, 30.8480389 ], [ 121.8830511, 30.8480343 ], [ 121.883027, 30.8480204 ], [ 121.8830162, 30.8479974 ], [ 121.8830162, 30.8479732 ], [ 121.8830162, 30.8479456 ], [ 121.8830055, 30.8479272 ], [ 121.8829827, 30.847918 ], [ 121.8829398, 30.8479157 ], [ 121.8828727, 30.8479145 ], [ 121.8823497, 30.8479145 ], [ 121.8822605, 30.8479139 ], [ 121.8821646, 30.8479168 ], [ 121.8820345, 30.8479283 ], [ 121.8819621, 30.8479318 ], [ 121.8819085, 30.8479157 ], [ 121.8818589, 30.8478892 ], [ 121.8818374, 30.8478673 ], [ 121.8817958, 30.8478535 ], [ 121.8817221, 30.8478592 ], [ 121.8816711, 30.8478639 ], [ 121.8815866, 30.8478938 ], [ 121.8815249, 30.8479283 ], [ 121.8814646, 30.8479652 ], [ 121.8814056, 30.8480043 ], [ 121.8813694, 30.8480193 ], [ 121.8813291, 30.8480147 ], [ 121.8812983, 30.8480009 ], [ 121.8811923, 30.8479548 ], [ 121.8811226, 30.847926 ], [ 121.8810978, 30.8479232 ], [ 121.8810817, 30.8479283 ], [ 121.8810555, 30.8479594 ], [ 121.881026, 30.8480066 ], [ 121.8809952, 30.8480665 ], [ 121.8809603, 30.8481402 ], [ 121.8809161, 30.8482427 ], [ 121.8808812, 30.8482899 ], [ 121.8808383, 30.8483244 ], [ 121.8807779, 30.8483486 ], [ 121.8803099, 30.8485754 ], [ 121.880279, 30.8485915 ], [ 121.8802509, 30.8486134 ], [ 121.8802482, 30.8486387 ], [ 121.880267, 30.8486641 ], [ 121.8803139, 30.8487044 ], [ 121.8803756, 30.8487873 ], [ 121.8803917, 30.8488183 ], [ 121.880389, 30.8488368 ], [ 121.8803729, 30.8488563 ], [ 121.8803501, 30.8488725 ], [ 121.8803233, 30.8488897 ], [ 121.8796588, 30.8493284 ], [ 121.8795669, 30.8493808 ], [ 121.8795481, 30.8493894 ], [ 121.8795092, 30.8493929 ], [ 121.8794422, 30.8493877 ], [ 121.8789989, 30.849329 ], [ 121.8786402, 30.8492674 ], [ 121.8785691, 30.8492593 ], [ 121.8785302, 30.8492639 ], [ 121.8784887, 30.8493134 ], [ 121.8784471, 30.8493238 ], [ 121.8783639, 30.8493134 ], [ 121.8781105, 30.8492789 ], [ 121.8775392, 30.8492006 ], [ 121.8774855, 30.8491891 ], [ 121.8774614, 30.8491741 ], [ 121.8774493, 30.849143 ], [ 121.8774426, 30.8491062 ], [ 121.8773916, 30.849082 ], [ 121.8772924, 30.849067 ], [ 121.8772428, 30.8490751 ], [ 121.8772106, 30.8491223 ], [ 121.8771757, 30.8491442 ], [ 121.8771288, 30.8491442 ], [ 121.8770429, 30.8491281 ], [ 121.8766822, 30.8490613 ], [ 121.8762027, 30.8489957 ], [ 121.8761853, 30.8489934 ], [ 121.875722, 30.8489208 ], [ 121.8748368, 30.8487861 ], [ 121.8741743, 30.8486894 ], [ 121.8739772, 30.8486549 ], [ 121.8738645, 30.8486433 ], [ 121.8737814, 30.8486456 ], [ 121.8737411, 30.8486456 ], [ 121.8730465, 30.8486986 ], [ 121.8722096, 30.8487631 ], [ 121.8716826, 30.8488022 ], [ 121.8716504, 30.8488045 ], [ 121.8706056, 30.848869 ], [ 121.8689923, 30.8489795 ], [ 121.868954, 30.8489818 ], [ 121.8679248, 30.8490521 ], [ 121.8658689, 30.849196 ], [ 121.8653538, 30.849235 ], [ 121.8653176, 30.8492361 ], [ 121.8628181, 30.8494322 ], [ 121.8627865, 30.8494331 ], [ 121.8626878, 30.8494424 ], [ 121.8626489, 30.8494458 ], [ 121.8603127, 30.8496013 ], [ 121.8602858, 30.8496013 ], [ 121.8595684, 30.8496508 ], [ 121.8589689, 30.8496899 ], [ 121.8564429, 30.8498683 ], [ 121.8564067, 30.8498683 ], [ 121.8556738, 30.849919 ], [ 121.8548718, 30.8499755 ], [ 121.8532931, 30.8501186 ], [ 121.8532528, 30.8501195 ], [ 121.851171, 30.8502555 ], [ 121.8511529, 30.8502564 ], [ 121.8499701, 30.8503324 ], [ 121.8491279, 30.8503923 ], [ 121.8487309, 30.8504164 ], [ 121.8484895, 30.8504372 ], [ 121.8483943, 30.8504418 ], [ 121.8483165, 30.8504567 ], [ 121.8482414, 30.850489 ], [ 121.8481488, 30.8504959 ], [ 121.848059, 30.8504625 ], [ 121.8480054, 30.8503946 ], [ 121.8479984, 30.8503025 ], [ 121.8480189, 30.8501587 ], [ 121.8480644, 30.8498408 ], [ 121.8480992, 30.8495598 ], [ 121.8481797, 30.8489059 ], [ 121.8482544, 30.8484258 ], [ 121.848291, 30.8481793 ], [ 121.8483172, 30.8479634 ], [ 121.8483165, 30.8479398 ], [ 121.8483159, 30.8478718 ], [ 121.8482803, 30.8478247 ], [ 121.8482159, 30.8478166 ], [ 121.848169, 30.8478466 ], [ 121.848118, 30.8480884 ], [ 121.8473154, 30.8482832 ], [ 121.8464845, 30.8484848 ], [ 121.846373, 30.8482881 ], [ 121.8462657, 30.8481407 ], [ 121.8461063, 30.8480155 ], [ 121.8459331, 30.847892 ], [ 121.8457668, 30.8478138 ], [ 121.8455323, 30.8477558 ], [ 121.8436022, 30.8476968 ], [ 121.8394405, 30.847601 ], [ 121.8367008, 30.8460407 ], [ 121.8361321, 30.8457306 ], [ 121.8360545, 30.8456676 ], [ 121.8360276, 30.8456271 ], [ 121.8360824, 30.8455283 ], [ 121.8358426, 30.8454396 ], [ 121.8356253, 30.8453705 ], [ 121.8353544, 30.8453014 ], [ 121.8351026, 30.8452552 ], [ 121.8350647, 30.8453852 ], [ 121.8349333, 30.8453705 ], [ 121.8347483, 30.8453567 ], [ 121.8345337, 30.8453504 ], [ 121.830766, 30.8453358 ], [ 121.8263752, 30.8453386 ], [ 121.8247527, 30.8453857 ], [ 121.822644, 30.8454713 ], [ 121.821075, 30.8455847 ], [ 121.8186025, 30.8457927 ], [ 121.8183665, 30.8458203 ], [ 121.8176699, 30.8458714 ], [ 121.8175919, 30.8414228 ], [ 121.8176866, 30.8413263 ], [ 121.8179413, 30.841328 ], [ 121.8179435, 30.8410843 ], [ 121.8173173, 30.8410802 ], [ 121.8173119, 30.8413485 ], [ 121.8174807, 30.8413473 ], [ 121.8175332, 30.8458812 ], [ 121.8169503, 30.8459355 ], [ 121.816731, 30.8459527 ], [ 121.8166017, 30.845975 ], [ 121.8165914, 30.8459345 ], [ 121.8165279, 30.8459067 ], [ 121.8164397, 30.8456031 ], [ 121.816253, 30.8456354 ], [ 121.8163041, 30.8459488 ], [ 121.81625, 30.8460039 ], [ 121.8162573, 30.8460347 ], [ 121.8153288, 30.8461954 ], [ 121.8150887, 30.8462366 ], [ 121.8010708, 30.8478376 ], [ 121.8007427, 30.8478664 ], [ 121.7981264, 30.8480033 ], [ 121.7908869, 30.8483312 ], [ 121.7835217, 30.8486787 ], [ 121.7714095, 30.848139 ], [ 121.7711159, 30.848129 ], [ 121.7695266, 30.8480746 ], [ 121.7673728, 30.8480377 ], [ 121.7656535, 30.8479871 ], [ 121.7642956, 30.8479478 ], [ 121.7640493, 30.8579531 ], [ 121.7635429, 30.8661019 ], [ 121.7661527, 30.8743591 ], [ 121.7671354, 30.8774679 ], [ 121.7673798, 30.8774274 ], [ 121.7669999, 30.8759109 ], [ 121.767354, 30.8746401 ], [ 121.7670536, 30.8736087 ], [ 121.7673111, 30.872338 ], [ 121.7674398, 30.8717486 ], [ 121.7743063, 30.8724853 ], [ 121.7757869, 30.872338 ], [ 121.7748856, 30.8692069 ], [ 121.7745423, 30.8682124 ], [ 121.7753362, 30.8682124 ], [ 121.7917943, 30.8661127 ], [ 121.7943263, 30.8657075 ], [ 121.7938542, 30.8711224 ], [ 121.7948627, 30.8711961 ], [ 121.7956567, 30.8656522 ], [ 121.8011498, 30.8653759 ], [ 121.8049478, 30.8655417 ], [ 121.809175, 30.8658364 ], [ 121.8088102, 30.8729826 ], [ 121.8109345, 30.8728352 ], [ 121.8128013, 30.8730378 ], [ 121.8142175, 30.8731483 ], [ 121.8170285, 30.8731115 ], [ 121.8194318, 30.8730931 ], [ 121.8227577, 30.8729641 ], [ 121.8227577, 30.8734062 ], [ 121.8263411, 30.8734982 ], [ 121.8263411, 30.8802019 ], [ 121.8373489, 30.8804229 ], [ 121.83707, 30.8818409 ], [ 121.8368768, 30.8832404 ], [ 121.8368768, 30.8842164 ], [ 121.83604, 30.8851004 ], [ 121.8357181, 30.8853029 ], [ 121.8356752, 30.8857817 ], [ 121.8361902, 30.8878994 ], [ 121.8396663, 30.8912692 ], [ 121.8400526, 30.8916006 ], [ 121.8437862, 30.8876416 ], [ 121.845181, 30.8893725 ], [ 121.8458891, 30.8901827 ], [ 121.8476486, 30.8901275 ], [ 121.8517256, 30.8927423 ], [ 121.8622613, 30.8996102 ], [ 121.868999, 30.9042684 ], [ 121.8784618, 30.8967011 ], [ 121.8816376, 30.9028139 ], [ 121.8827534, 30.9057597 ], [ 121.8844056, 30.9081163 ], [ 121.8859076, 30.9126451 ], [ 121.8902206, 30.9262305 ], [ 121.8913042, 30.9313199 ], [ 121.891315, 30.9316604 ], [ 121.8899953, 30.9334274 ], [ 121.8899202, 30.9336758 ], [ 121.8900061, 30.9345501 ], [ 121.8900704, 30.9355624 ], [ 121.8906927, 30.9417096 ], [ 121.8909502, 30.9438996 ], [ 121.9017219, 30.943918 ], [ 121.9064212, 30.943734 ], [ 121.9057989, 30.9481324 ], [ 121.9054341, 30.9515552 ], [ 121.9049191, 30.9548675 ], [ 121.9047904, 30.9567629 ], [ 121.9042325, 30.9587318 ], [ 121.8998337, 30.9736536 ], [ 121.8997264, 30.974178 ], [ 121.8965828, 30.9739572 ], [ 121.8944907, 30.9743344 ], [ 121.886487, 30.9755118 ], [ 121.8848562, 30.9817944 ], [ 121.8846095, 30.982659 ], [ 121.883676, 30.9844618 ], [ 121.8813479, 30.990431 ], [ 121.8799317, 30.9946525 ], [ 121.8786335, 30.9988278 ], [ 121.8776894, 31.0018442 ] ] ] ] } }
]
}
