scenario,district,accounting_stratum_id,control_name,control_type,row_is_official_fine_control,official_row_total_employment,industry_code,control_industry_employment,industry_margin_source,matrix_method,residual_sector_assignment,ipf_iterations,ipf_maximum_margin_error,geometry_is_approximate
low_office_intensity,黄浦区,310101002000,南京东路街道,street,True,101851,I,5590,official district-by-industry,maximum-entropy independence prior fitted by RAS/IPF; deterministic controlled integer rounding,not applicable,1,0.0,True
low_office_intensity,黄浦区,310101002000,南京东路街道,street,True,101851,J,1425,official district-by-industry,maximum-entropy independence prior fitted by RAS/IPF; deterministic controlled integer rounding,not applicable,1,0.0,True
low_office_intensity,黄浦区,310101002000,南京东路街道,street,True,101851,M,6458,official district-by-industry,maximum-entropy independence prior fitted by RAS/IPF; deterministic controlled integer rounding,not applicable,1,0.0,True
low_office_intensity,黄浦区,310101002000,南京东路街道,street,True,101851,721,3459,reviewed Core+ district composition scenario,maximum-entropy independence prior fitted by RAS/IPF; deterministic controlled integer rounding,not applicable,1,0.0,True
low_office_intensity,黄浦区,310101002000,南京东路街道,street,True,101851,723,763,reviewed Core+ district composition scenario,maximum-entropy independence prior fitted by RAS/IPF; deterministic controlled integer rounding,not applicable,1,0.0,True
low_office_intensity,黄浦区,310101002000,南京东路街道,street,True,101851,724,5514,reviewed Core+ district composition scenario,maximum-entropy independence prior fitted by RAS/IPF; deterministic controlled integer rounding,not applicable,1,0.0,True
low_office_intensity,黄浦区,310101002000,南京东路街道,street,True,101851,725,1525,reviewed Core+ district composition scenario,maximum-entropy independence prior fitted by RAS/IPF; deterministic controlled integer rounding,not applicable,1,0.0,True
low_office_intensity,黄浦区,310101002000,南京东路街道,street,True,101851,OTHER,77117,balancing non-office remainder,maximum-entropy independence prior fitted by RAS/IPF; deterministic controlled integer rounding,not applicable,1,0.0,True
low_office_intensity,黄浦区,310101013000,外滩街道,street,True,113352,I,6221,official district-by-industry,maximum-entropy independence prior fitted by RAS/IPF; deterministic controlled integer rounding,not applicable,1,0.0,True
low_office_intensity,黄浦区,310101013000,外滩街道,street,True,113352,J,1586,official district-by-industry,maximum-entropy independence prior fitted by RAS/IPF; deterministic controlled integer rounding,not applicable,1,0.0,True
low_office_intensity,黄浦区,310101013000,外滩街道,street,True,113352,M,7188,official district-by-industry,maximum-entropy independence prior fitted by RAS/IPF; deterministic controlled integer rounding,not applicable,1,0.0,True
low_office_intensity,黄浦区,310101013000,外滩街道,street,True,113352,721,3850,reviewed Core+ district composition scenario,maximum-entropy independence prior fitted by RAS/IPF; deterministic controlled integer rounding,not applicable,1,0.0,True
low_office_intensity,黄浦区,310101013000,外滩街道,street,True,113352,723,848,reviewed Core+ district composition scenario,maximum-entropy independence prior fitted by RAS/IPF; deterministic controlled integer rounding,not applicable,1,0.0,True
low_office_intensity,黄浦区,310101013000,外滩街道,street,True,113352,724,6136,reviewed Core+ district composition scenario,maximum-entropy independence prior fitted by RAS/IPF; deterministic controlled integer rounding,not applicable,1,0.0,True
low_office_intensity,黄浦区,310101013000,外滩街道,street,True,113352,725,1698,reviewed Core+ district composition scenario,maximum-entropy independence prior fitted by RAS/IPF; deterministic controlled integer rounding,not applicable,1,0.0,True
low_office_intensity,黄浦区,310101013000,外滩街道,street,True,113352,OTHER,85825,balancing non-office remainder,maximum-entropy independence prior fitted by RAS/IPF; deterministic controlled integer rounding,not applicable,1,0.0,True
low_office_intensity,黄浦区,310101015000,半淞园路街道,street,True,30334,I,1665,official district-by-industry,maximum-entropy independence prior fitted by RAS/IPF; deterministic controlled integer rounding,not applicable,1,0.0,True
low_office_intensity,黄浦区,310101015000,半淞园路街道,street,True,30334,J,425,official district-by-industry,maximum-entropy independence prior fitted by RAS/IPF; deterministic controlled integer rounding,not applicable,1,0.0,True
low_office_intensity,黄浦区,310101015000,半淞园路街道,street,True,30334,M,1923,official district-by-industry,maximum-entropy independence prior fitted by RAS/IPF; deterministic controlled integer rounding,not applicable,1,0.0,True
low_office_intensity,黄浦区,310101015000,半淞园路街道,street,True,30334,721,1030,reviewed Core+ district composition scenario,maximum-entropy independence prior fitted by RAS/IPF; deterministic controlled integer rounding,not applicable,1,0.0,True
low_office_intensity,黄浦区,310101015000,半淞园路街道,street,True,30334,723,227,reviewed Core+ district composition scenario,maximum-entropy independence prior fitted by RAS/IPF; deterministic controlled integer rounding,not applicable,1,0.0,True
low_office_intensity,黄浦区,310101015000,半淞园路街道,street,True,30334,724,1642,reviewed Core+ district composition scenario,maximum-entropy independence prior fitted by RAS/IPF; deterministic controlled integer rounding,not applicable,1,0.0,True
low_office_intensity,黄浦区,310101015000,半淞园路街道,street,True,30334,725,454,reviewed Core+ district composition scenario,maximum-entropy independence prior fitted by RAS/IPF; deterministic controlled integer rounding,not applicable,1,0.0,True
low_office_intensity,黄浦区,310101015000,半淞园路街道,street,True,30334,OTHER,22968,balancing non-office remainder,maximum-entropy independence prior fitted by RAS/IPF; deterministic controlled integer rounding,not applicable,1,0.0,True
low_office_intensity,黄浦区,310101017000,小东门街道,street,True,126442,I,6940,official district-by-industry,maximum-entropy independence prior fitted by RAS/IPF; deterministic controlled integer rounding,not applicable,1,0.0,True
low_office_intensity,黄浦区,310101017000,小东门街道,street,True,126442,J,1769,official district-by-industry,maximum-entropy independence prior fitted by RAS/IPF; deterministic controlled integer rounding,not applicable,1,0.0,True
low_office_intensity,黄浦区,310101017000,小东门街道,street,True,126442,M,8018,official district-by-industry,maximum-entropy independence prior fitted by RAS/IPF; deterministic controlled integer rounding,not applicable,1,0.0,True
low_office_intensity,黄浦区,310101017000,小东门街道,street,True,126442,721,4294,reviewed Core+ district composition scenario,maximum-entropy independence prior fitted by RAS/IPF; deterministic controlled integer rounding,not applicable,1,0.0,True
low_office_intensity,黄浦区,310101017000,小东门街道,street,True,126442,723,946,reviewed Core+ district composition scenario,maximum-entropy independence prior fitted by RAS/IPF; deterministic controlled integer rounding,not applicable,1,0.0,True
low_office_intensity,黄浦区,310101017000,小东门街道,street,True,126442,724,6845,reviewed Core+ district composition scenario,maximum-entropy independence prior fitted by RAS/IPF; deterministic controlled integer rounding,not applicable,1,0.0,True
low_office_intensity,黄浦区,310101017000,小东门街道,street,True,126442,725,1893,reviewed Core+ district composition scenario,maximum-entropy independence prior fitted by RAS/IPF; deterministic controlled integer rounding,not applicable,1,0.0,True
low_office_intensity,黄浦区,310101017000,小东门街道,street,True,126442,OTHER,95737,balancing non-office remainder,maximum-entropy independence prior fitted by RAS/IPF; deterministic controlled integer rounding,not applicable,1,0.0,True
low_office_intensity,黄浦区,310101018000,豫园街道,street,True,19681,I,1080,official district-by-industry,maximum-entropy independence prior fitted by RAS/IPF; deterministic controlled integer rounding,not applicable,1,0.0,True
low_office_intensity,黄浦区,310101018000,豫园街道,street,True,19681,J,275,official district-by-industry,maximum-entropy independence prior fitted by RAS/IPF; deterministic controlled integer rounding,not applicable,1,0.0,True
low_office_intensity,黄浦区,310101018000,豫园街道,street,True,19681,M,1248,official district-by-industry,maximum-entropy independence prior fitted by RAS/IPF; deterministic controlled integer rounding,not applicable,1,0.0,True
low_office_intensity,黄浦区,310101018000,豫园街道,street,True,19681,721,669,reviewed Core+ district composition scenario,maximum-entropy independence prior fitted by RAS/IPF; deterministic controlled integer rounding,not applicable,1,0.0,True
low_office_intensity,黄浦区,310101018000,豫园街道,street,True,19681,723,147,reviewed Core+ district composition scenario,maximum-entropy independence prior fitted by RAS/IPF; deterministic controlled integer rounding,not applicable,1,0.0,True
low_office_intensity,黄浦区,310101018000,豫园街道,street,True,19681,724,1065,reviewed Core+ district composition scenario,maximum-entropy independence prior fitted by RAS/IPF; deterministic controlled integer rounding,not applicable,1,0.0,True
low_office_intensity,黄浦区,310101018000,豫园街道,street,True,19681,725,295,reviewed Core+ district composition scenario,maximum-entropy independence prior fitted by RAS/IPF; deterministic controlled integer rounding,not applicable,1,0.0,True
low_office_intensity,黄浦区,310101018000,豫园街道,street,True,19681,OTHER,14902,balancing non-office remainder,maximum-entropy independence prior fitted by RAS/IPF; deterministic controlled integer rounding,not applicable,1,0.0,True
low_office_intensity,黄浦区,310101019000,老西门街道,street,True,16323,I,896,official district-by-industry,maximum-entropy independence prior fitted by RAS/IPF; deterministic controlled integer rounding,not applicable,1,0.0,True
low_office_intensity,黄浦区,310101019000,老西门街道,street,True,16323,J,228,official district-by-industry,maximum-entropy independence prior fitted by RAS/IPF; deterministic controlled integer rounding,not applicable,1,0.0,True
low_office_intensity,黄浦区,310101019000,老西门街道,street,True,16323,M,1035,official district-by-industry,maximum-entropy independence prior fitted by RAS/IPF; deterministic controlled integer rounding,not applicable,1,0.0,True
low_office_intensity,黄浦区,310101019000,老西门街道,street,True,16323,721,554,reviewed Core+ district composition scenario,maximum-entropy independence prior fitted by RAS/IPF; deterministic controlled integer rounding,not applicable,1,0.0,True
low_office_intensity,黄浦区,310101019000,老西门街道,street,True,16323,723,122,reviewed Core+ district composition scenario,maximum-entropy independence prior fitted by RAS/IPF; deterministic controlled integer rounding,not applicable,1,0.0,True
low_office_intensity,黄浦区,310101019000,老西门街道,street,True,16323,724,884,reviewed Core+ district composition scenario,maximum-entropy independence prior fitted by RAS/IPF; deterministic controlled integer rounding,not applicable,1,0.0,True
low_office_intensity,黄浦区,310101019000,老西门街道,street,True,16323,725,245,reviewed Core+ district composition scenario,maximum-entropy independence prior fitted by RAS/IPF; deterministic controlled integer rounding,not applicable,1,0.0,True
low_office_intensity,黄浦区,310101019000,老西门街道,street,True,16323,OTHER,12359,balancing non-office remainder,maximum-entropy independence prior fitted by RAS/IPF; deterministic controlled integer rounding,not applicable,1,0.0,True
low_office_intensity,黄浦区,310101020000,五里桥街道,street,True,45959,I,2523,official district-by-industry,maximum-entropy independence prior fitted by RAS/IPF; deterministic controlled integer rounding,not applicable,1,0.0,True
low_office_intensity,黄浦区,310101020000,五里桥街道,street,True,45959,J,643,official district-by-industry,maximum-entropy independence prior fitted by RAS/IPF; deterministic controlled integer rounding,not applicable,1,0.0,True
low_office_intensity,黄浦区,310101020000,五里桥街道,street,True,45959,M,2914,official district-by-industry,maximum-entropy independence prior fitted by RAS/IPF; deterministic controlled integer rounding,not applicable,1,0.0,True
low_office_intensity,黄浦区,310101020000,五里桥街道,street,True,45959,721,1561,reviewed Core+ district composition scenario,maximum-entropy independence prior fitted by RAS/IPF; deterministic controlled integer rounding,not applicable,1,0.0,True
low_office_intensity,黄浦区,310101020000,五里桥街道,street,True,45959,723,344,reviewed Core+ district composition scenario,maximum-entropy independence prior fitted by RAS/IPF; deterministic controlled integer rounding,not applicable,1,0.0,True
low_office_intensity,黄浦区,310101020000,五里桥街道,street,True,45959,724,2488,reviewed Core+ district composition scenario,maximum-entropy independence prior fitted by RAS/IPF; deterministic controlled integer rounding,not applicable,1,0.0,True
low_office_intensity,黄浦区,310101020000,五里桥街道,street,True,45959,725,688,reviewed Core+ district composition scenario,maximum-entropy independence prior fitted by RAS/IPF; deterministic controlled integer rounding,not applicable,1,0.0,True
low_office_intensity,黄浦区,310101020000,五里桥街道,street,True,45959,OTHER,34798,balancing non-office remainder,maximum-entropy independence prior fitted by RAS/IPF; deterministic controlled integer rounding,not applicable,1,0.0,True
low_office_intensity,黄浦区,310101021000,打浦桥街道,street,True,49936,I,2741,official district-by-industry,maximum-entropy independence prior fitted by RAS/IPF; deterministic controlled integer rounding,not applicable,1,0.0,True
low_office_intensity,黄浦区,310101021000,打浦桥街道,street,True,49936,J,699,official district-by-industry,maximum-entropy independence prior fitted by RAS/IPF; deterministic controlled integer rounding,not applicable,1,0.0,True
low_office_intensity,黄浦区,310101021000,打浦桥街道,street,True,49936,M,3166,official district-by-industry,maximum-entropy independence prior fitted by RAS/IPF; deterministic controlled integer rounding,not applicable,1,0.0,True
low_office_intensity,黄浦区,310101021000,打浦桥街道,street,True,49936,721,1696,reviewed Core+ district composition scenario,maximum-entropy independence prior fitted by RAS/IPF; deterministic controlled integer rounding,not applicable,1,0.0,True
low_office_intensity,黄浦区,310101021000,打浦桥街道,street,True,49936,723,374,reviewed Core+ district composition scenario,maximum-entropy independence prior fitted by RAS/IPF; deterministic controlled integer rounding,not applicable,1,0.0,True
low_office_intensity,黄浦区,310101021000,打浦桥街道,street,True,49936,724,2703,reviewed Core+ district composition scenario,maximum-entropy independence prior fitted by RAS/IPF; deterministic controlled integer rounding,not applicable,1,0.0,True
low_office_intensity,黄浦区,310101021000,打浦桥街道,street,True,49936,725,748,reviewed Core+ district composition scenario,maximum-entropy independence prior fitted by RAS/IPF; deterministic controlled integer rounding,not applicable,1,0.0,True
low_office_intensity,黄浦区,310101021000,打浦桥街道,street,True,49936,OTHER,37809,balancing non-office remainder,maximum-entropy independence prior fitted by RAS/IPF; deterministic controlled integer rounding,not applicable,1,0.0,True
low_office_intensity,黄浦区,310101022000,淮海中路街道,street,True,81561,I,4476,official district-by-industry,maximum-entropy independence prior fitted by RAS/IPF; deterministic controlled integer rounding,not applicable,1,0.0,True
low_office_intensity,黄浦区,310101022000,淮海中路街道,street,True,81561,J,1141,official district-by-industry,maximum-entropy independence prior fitted by RAS/IPF; deterministic controlled integer rounding,not applicable,1,0.0,True
low_office_intensity,黄浦区,310101022000,淮海中路街道,street,True,81561,M,5172,official district-by-industry,maximum-entropy independence prior fitted by RAS/IPF; deterministic controlled integer rounding,not applicable,1,0.0,True
low_office_intensity,黄浦区,310101022000,淮海中路街道,street,True,81561,721,2770,reviewed Core+ district composition scenario,maximum-entropy independence prior fitted by RAS/IPF; deterministic controlled integer rounding,not applicable,1,0.0,True
low_office_intensity,黄浦区,310101022000,淮海中路街道,street,True,81561,723,611,reviewed Core+ district composition scenario,maximum-entropy independence prior fitted by RAS/IPF; deterministic controlled integer rounding,not applicable,1,0.0,True
low_office_intensity,黄浦区,310101022000,淮海中路街道,street,True,81561,724,4415,reviewed Core+ district composition scenario,maximum-entropy independence prior fitted by RAS/IPF; deterministic controlled integer rounding,not applicable,1,0.0,True
low_office_intensity,黄浦区,310101022000,淮海中路街道,street,True,81561,725,1221,reviewed Core+ district composition scenario,maximum-entropy independence prior fitted by RAS/IPF; deterministic controlled integer rounding,not applicable,1,0.0,True
low_office_intensity,黄浦区,310101022000,淮海中路街道,street,True,81561,OTHER,61755,balancing non-office remainder,maximum-entropy independence prior fitted by RAS/IPF; deterministic controlled integer rounding,not applicable,1,0.0,True
low_office_intensity,黄浦区,310101023000,瑞金二路街道,street,True,52840,I,2900,official district-by-industry,maximum-entropy independence prior fitted by RAS/IPF; deterministic controlled integer rounding,not applicable,1,0.0,True
low_office_intensity,黄浦区,310101023000,瑞金二路街道,street,True,52840,J,739,official district-by-industry,maximum-entropy independence prior fitted by RAS/IPF; deterministic controlled integer rounding,not applicable,1,0.0,True
low_office_intensity,黄浦区,310101023000,瑞金二路街道,street,True,52840,M,3351,official district-by-industry,maximum-entropy independence prior fitted by RAS/IPF; deterministic controlled integer rounding,not applicable,1,0.0,True
low_office_intensity,黄浦区,310101023000,瑞金二路街道,street,True,52840,721,1795,reviewed Core+ district composition scenario,maximum-entropy independence prior fitted by RAS/IPF; deterministic controlled integer rounding,not applicable,1,0.0,True
low_office_intensity,黄浦区,310101023000,瑞金二路街道,street,True,52840,723,395,reviewed Core+ district composition scenario,maximum-entropy independence prior fitted by RAS/IPF; deterministic controlled integer rounding,not applicable,1,0.0,True
low_office_intensity,黄浦区,310101023000,瑞金二路街道,street,True,52840,724,2861,reviewed Core+ district composition scenario,maximum-entropy independence prior fitted by RAS/IPF; deterministic controlled integer rounding,not applicable,1,0.0,True
low_office_intensity,黄浦区,310101023000,瑞金二路街道,street,True,52840,725,791,reviewed Core+ district composition scenario,maximum-entropy independence prior fitted by RAS/IPF; deterministic controlled integer rounding,not applicable,1,0.0,True
low_office_intensity,黄浦区,310101023000,瑞金二路街道,street,True,52840,OTHER,40008,balancing non-office remainder,maximum-entropy independence prior fitted by RAS/IPF; deterministic controlled integer rounding,not applicable,1,0.0,True
low_office_intensity,黄浦区,310101-finance-residual,310101-finance-residual,residual,False,74334,I,0,official district-by-industry,bulletin-compatible fixed residual assignment before maximum-entropy RAS/IPF,official J assigned to finance-tied residual up to row total; remaining residual is OTHER,1,0.0,True
low_office_intensity,黄浦区,310101-finance-residual,310101-finance-residual,residual,False,74334,J,74334,official district-by-industry,bulletin-compatible fixed residual assignment before maximum-entropy RAS/IPF,official J assigned to finance-tied residual up to row total; remaining residual is OTHER,1,0.0,True
low_office_intensity,黄浦区,310101-finance-residual,310101-finance-residual,residual,False,74334,M,0,official district-by-industry,bulletin-compatible fixed residual assignment before maximum-entropy RAS/IPF,official J assigned to finance-tied residual up to row total; remaining residual is OTHER,1,0.0,True
low_office_intensity,黄浦区,310101-finance-residual,310101-finance-residual,residual,False,74334,721,0,reviewed Core+ district composition scenario,bulletin-compatible fixed residual assignment before maximum-entropy RAS/IPF,official J assigned to finance-tied residual up to row total; remaining residual is OTHER,1,0.0,True
low_office_intensity,黄浦区,310101-finance-residual,310101-finance-residual,residual,False,74334,723,0,reviewed Core+ district composition scenario,bulletin-compatible fixed residual assignment before maximum-entropy RAS/IPF,official J assigned to finance-tied residual up to row total; remaining residual is OTHER,1,0.0,True
low_office_intensity,黄浦区,310101-finance-residual,310101-finance-residual,residual,False,74334,724,0,reviewed Core+ district composition scenario,bulletin-compatible fixed residual assignment before maximum-entropy RAS/IPF,official J assigned to finance-tied residual up to row total; remaining residual is OTHER,1,0.0,True
low_office_intensity,黄浦区,310101-finance-residual,310101-finance-residual,residual,False,74334,725,0,reviewed Core+ district composition scenario,bulletin-compatible fixed residual assignment before maximum-entropy RAS/IPF,official J assigned to finance-tied residual up to row total; remaining residual is OTHER,1,0.0,True
low_office_intensity,黄浦区,310101-finance-residual,310101-finance-residual,residual,False,74334,OTHER,0,balancing non-office remainder,bulletin-compatible fixed residual assignment before maximum-entropy RAS/IPF,official J assigned to finance-tied residual up to row total; remaining residual is OTHER,1,0.0,True
low_office_intensity,徐汇区,310104003000,天平路街道,street,True,57800,I,8417,official district-by-industry,maximum-entropy independence prior fitted by RAS/IPF; deterministic controlled integer rounding,not applicable,1,3.637978807091713e-12,True
low_office_intensity,徐汇区,310104003000,天平路街道,street,True,57800,J,0,official district-by-industry,maximum-entropy independence prior fitted by RAS/IPF; deterministic controlled integer rounding,not applicable,1,3.637978807091713e-12,True
low_office_intensity,徐汇区,310104003000,天平路街道,street,True,57800,M,5755,official district-by-industry,maximum-entropy independence prior fitted by RAS/IPF; deterministic controlled integer rounding,not applicable,1,3.637978807091713e-12,True
low_office_intensity,徐汇区,310104003000,天平路街道,street,True,57800,721,1102,reviewed Core+ district composition scenario,maximum-entropy independence prior fitted by RAS/IPF; deterministic controlled integer rounding,not applicable,1,3.637978807091713e-12,True
low_office_intensity,徐汇区,310104003000,天平路街道,street,True,57800,723,243,reviewed Core+ district composition scenario,maximum-entropy independence prior fitted by RAS/IPF; deterministic controlled integer rounding,not applicable,1,3.637978807091713e-12,True
low_office_intensity,徐汇区,310104003000,天平路街道,street,True,57800,724,1757,reviewed Core+ district composition scenario,maximum-entropy independence prior fitted by RAS/IPF; deterministic controlled integer rounding,not applicable,1,3.637978807091713e-12,True
low_office_intensity,徐汇区,310104003000,天平路街道,street,True,57800,725,486,reviewed Core+ district composition scenario,maximum-entropy independence prior fitted by RAS/IPF; deterministic controlled integer rounding,not applicable,1,3.637978807091713e-12,True
low_office_intensity,徐汇区,310104003000,天平路街道,street,True,57800,OTHER,40040,balancing non-office remainder,maximum-entropy independence prior fitted by RAS/IPF; deterministic controlled integer rounding,not applicable,1,3.637978807091713e-12,True
low_office_intensity,徐汇区,310104004000,湖南路街道,street,True,48700,I,7091,official district-by-industry,maximum-entropy independence prior fitted by RAS/IPF; deterministic controlled integer rounding,not applicable,1,3.637978807091713e-12,True
low_office_intensity,徐汇区,310104004000,湖南路街道,street,True,48700,J,0,official district-by-industry,maximum-entropy independence prior fitted by RAS/IPF; deterministic controlled integer rounding,not applicable,1,3.637978807091713e-12,True
low_office_intensity,徐汇区,310104004000,湖南路街道,street,True,48700,M,4849,official district-by-industry,maximum-entropy independence prior fitted by RAS/IPF; deterministic controlled integer rounding,not applicable,1,3.637978807091713e-12,True
low_office_intensity,徐汇区,310104004000,湖南路街道,street,True,48700,721,929,reviewed Core+ district composition scenario,maximum-entropy independence prior fitted by RAS/IPF; deterministic controlled integer rounding,not applicable,1,3.637978807091713e-12,True
low_office_intensity,徐汇区,310104004000,湖南路街道,street,True,48700,723,205,reviewed Core+ district composition scenario,maximum-entropy independence prior fitted by RAS/IPF; deterministic controlled integer rounding,not applicable,1,3.637978807091713e-12,True
low_office_intensity,徐汇区,310104004000,湖南路街道,street,True,48700,724,1481,reviewed Core+ district composition scenario,maximum-entropy independence prior fitted by RAS/IPF; deterministic controlled integer rounding,not applicable,1,3.637978807091713e-12,True
low_office_intensity,徐汇区,310104004000,湖南路街道,street,True,48700,725,409,reviewed Core+ district composition scenario,maximum-entropy independence prior fitted by RAS/IPF; deterministic controlled integer rounding,not applicable,1,3.637978807091713e-12,True
low_office_intensity,徐汇区,310104004000,湖南路街道,street,True,48700,OTHER,33736,balancing non-office remainder,maximum-entropy independence prior fitted by RAS/IPF; deterministic controlled integer rounding,not applicable,1,3.637978807091713e-12,True
low_office_intensity,徐汇区,310104007000,斜土路街道,street,True,29800,I,4339,official district-by-industry,maximum-entropy independence prior fitted by RAS/IPF; deterministic controlled integer rounding,not applicable,1,3.637978807091713e-12,True
low_office_intensity,徐汇区,310104007000,斜土路街道,street,True,29800,J,0,official district-by-industry,maximum-entropy independence prior fitted by RAS/IPF; deterministic controlled integer rounding,not applicable,1,3.637978807091713e-12,True
low_office_intensity,徐汇区,310104007000,斜土路街道,street,True,29800,M,2967,official district-by-industry,maximum-entropy independence prior fitted by RAS/IPF; deterministic controlled integer rounding,not applicable,1,3.637978807091713e-12,True
low_office_intensity,徐汇区,310104007000,斜土路街道,street,True,29800,721,569,reviewed Core+ district composition scenario,maximum-entropy independence prior fitted by RAS/IPF; deterministic controlled integer rounding,not applicable,1,3.637978807091713e-12,True
low_office_intensity,徐汇区,310104007000,斜土路街道,street,True,29800,723,125,reviewed Core+ district composition scenario,maximum-entropy independence prior fitted by RAS/IPF; deterministic controlled integer rounding,not applicable,1,3.637978807091713e-12,True
low_office_intensity,徐汇区,310104007000,斜土路街道,street,True,29800,724,906,reviewed Core+ district composition scenario,maximum-entropy independence prior fitted by RAS/IPF; deterministic controlled integer rounding,not applicable,1,3.637978807091713e-12,True
low_office_intensity,徐汇区,310104007000,斜土路街道,street,True,29800,725,251,reviewed Core+ district composition scenario,maximum-entropy independence prior fitted by RAS/IPF; deterministic controlled integer rounding,not applicable,1,3.637978807091713e-12,True
low_office_intensity,徐汇区,310104007000,斜土路街道,street,True,29800,OTHER,20643,balancing non-office remainder,maximum-entropy independence prior fitted by RAS/IPF; deterministic controlled integer rounding,not applicable,1,3.637978807091713e-12,True
low_office_intensity,徐汇区,310104008000,枫林路街道,street,True,56800,I,8271,official district-by-industry,maximum-entropy independence prior fitted by RAS/IPF; deterministic controlled integer rounding,not applicable,1,3.637978807091713e-12,True
low_office_intensity,徐汇区,310104008000,枫林路街道,street,True,56800,J,0,official district-by-industry,maximum-entropy independence prior fitted by RAS/IPF; deterministic controlled integer rounding,not applicable,1,3.637978807091713e-12,True
low_office_intensity,徐汇区,310104008000,枫林路街道,street,True,56800,M,5655,official district-by-industry,maximum-entropy independence prior fitted by RAS/IPF; deterministic controlled integer rounding,not applicable,1,3.637978807091713e-12,True
low_office_intensity,徐汇区,310104008000,枫林路街道,street,True,56800,721,1083,reviewed Core+ district composition scenario,maximum-entropy independence prior fitted by RAS/IPF; deterministic controlled integer rounding,not applicable,1,3.637978807091713e-12,True
low_office_intensity,徐汇区,310104008000,枫林路街道,street,True,56800,723,239,reviewed Core+ district composition scenario,maximum-entropy independence prior fitted by RAS/IPF; deterministic controlled integer rounding,not applicable,1,3.637978807091713e-12,True
low_office_intensity,徐汇区,310104008000,枫林路街道,street,True,56800,724,1727,reviewed Core+ district composition scenario,maximum-entropy independence prior fitted by RAS/IPF; deterministic controlled integer rounding,not applicable,1,3.637978807091713e-12,True
low_office_intensity,徐汇区,310104008000,枫林路街道,street,True,56800,725,478,reviewed Core+ district composition scenario,maximum-entropy independence prior fitted by RAS/IPF; deterministic controlled integer rounding,not applicable,1,3.637978807091713e-12,True
low_office_intensity,徐汇区,310104008000,枫林路街道,street,True,56800,OTHER,39347,balancing non-office remainder,maximum-entropy independence prior fitted by RAS/IPF; deterministic controlled integer rounding,not applicable,1,3.637978807091713e-12,True
low_office_intensity,徐汇区,310104010000,长桥街道,street,True,20700,I,3014,official district-by-industry,maximum-entropy independence prior fitted by RAS/IPF; deterministic controlled integer rounding,not applicable,1,3.637978807091713e-12,True
low_office_intensity,徐汇区,310104010000,长桥街道,street,True,20700,J,0,official district-by-industry,maximum-entropy independence prior fitted by RAS/IPF; deterministic controlled integer rounding,not applicable,1,3.637978807091713e-12,True
low_office_intensity,徐汇区,310104010000,长桥街道,street,True,20700,M,2061,official district-by-industry,maximum-entropy independence prior fitted by RAS/IPF; deterministic controlled integer rounding,not applicable,1,3.637978807091713e-12,True
low_office_intensity,徐汇区,310104010000,长桥街道,street,True,20700,721,395,reviewed Core+ district composition scenario,maximum-entropy independence prior fitted by RAS/IPF; deterministic controlled integer rounding,not applicable,1,3.637978807091713e-12,True
low_office_intensity,徐汇区,310104010000,长桥街道,street,True,20700,723,87,reviewed Core+ district composition scenario,maximum-entropy independence prior fitted by RAS/IPF; deterministic controlled integer rounding,not applicable,1,3.637978807091713e-12,True
low_office_intensity,徐汇区,310104010000,长桥街道,street,True,20700,724,629,reviewed Core+ district composition scenario,maximum-entropy independence prior fitted by RAS/IPF; deterministic controlled integer rounding,not applicable,1,3.637978807091713e-12,True
low_office_intensity,徐汇区,310104010000,长桥街道,street,True,20700,725,174,reviewed Core+ district composition scenario,maximum-entropy independence prior fitted by RAS/IPF; deterministic controlled integer rounding,not applicable,1,3.637978807091713e-12,True
low_office_intensity,徐汇区,310104010000,长桥街道,street,True,20700,OTHER,14340,balancing non-office remainder,maximum-entropy independence prior fitted by RAS/IPF; deterministic controlled integer rounding,not applicable,1,3.637978807091713e-12,True
low_office_intensity,徐汇区,310104011000,田林街道,street,True,75600,I,11008,official district-by-industry,maximum-entropy independence prior fitted by RAS/IPF; deterministic controlled integer rounding,not applicable,1,3.637978807091713e-12,True
low_office_intensity,徐汇区,310104011000,田林街道,street,True,75600,J,0,official district-by-industry,maximum-entropy independence prior fitted by RAS/IPF; deterministic controlled integer rounding,not applicable,1,3.637978807091713e-12,True
low_office_intensity,徐汇区,310104011000,田林街道,street,True,75600,M,7528,official district-by-industry,maximum-entropy independence prior fitted by RAS/IPF; deterministic controlled integer rounding,not applicable,1,3.637978807091713e-12,True
low_office_intensity,徐汇区,310104011000,田林街道,street,True,75600,721,1442,reviewed Core+ district composition scenario,maximum-entropy independence prior fitted by RAS/IPF; deterministic controlled integer rounding,not applicable,1,3.637978807091713e-12,True
low_office_intensity,徐汇区,310104011000,田林街道,street,True,75600,723,318,reviewed Core+ district composition scenario,maximum-entropy independence prior fitted by RAS/IPF; deterministic controlled integer rounding,not applicable,1,3.637978807091713e-12,True
low_office_intensity,徐汇区,310104011000,田林街道,street,True,75600,724,2298,reviewed Core+ district composition scenario,maximum-entropy independence prior fitted by RAS/IPF; deterministic controlled integer rounding,not applicable,1,3.637978807091713e-12,True
low_office_intensity,徐汇区,310104011000,田林街道,street,True,75600,725,636,reviewed Core+ district composition scenario,maximum-entropy independence prior fitted by RAS/IPF; deterministic controlled integer rounding,not applicable,1,3.637978807091713e-12,True
low_office_intensity,徐汇区,310104011000,田林街道,street,True,75600,OTHER,52370,balancing non-office remainder,maximum-entropy independence prior fitted by RAS/IPF; deterministic controlled integer rounding,not applicable,1,3.637978807091713e-12,True
low_office_intensity,徐汇区,310104012000,虹梅路街道,street,True,262100,I,38166,official district-by-industry,maximum-entropy independence prior fitted by RAS/IPF; deterministic controlled integer rounding,not applicable,1,3.637978807091713e-12,True
low_office_intensity,徐汇区,310104012000,虹梅路街道,street,True,262100,J,0,official district-by-industry,maximum-entropy independence prior fitted by RAS/IPF; deterministic controlled integer rounding,not applicable,1,3.637978807091713e-12,True
low_office_intensity,徐汇区,310104012000,虹梅路街道,street,True,262100,M,26097,official district-by-industry,maximum-entropy independence prior fitted by RAS/IPF; deterministic controlled integer rounding,not applicable,1,3.637978807091713e-12,True
low_office_intensity,徐汇区,310104012000,虹梅路街道,street,True,262100,721,4999,reviewed Core+ district composition scenario,maximum-entropy independence prior fitted by RAS/IPF; deterministic controlled integer rounding,not applicable,1,3.637978807091713e-12,True
low_office_intensity,徐汇区,310104012000,虹梅路街道,street,True,262100,723,1102,reviewed Core+ district composition scenario,maximum-entropy independence prior fitted by RAS/IPF; deterministic controlled integer rounding,not applicable,1,3.637978807091713e-12,True
low_office_intensity,徐汇区,310104012000,虹梅路街道,street,True,262100,724,7968,reviewed Core+ district composition scenario,maximum-entropy independence prior fitted by RAS/IPF; deterministic controlled integer rounding,not applicable,1,3.637978807091713e-12,True
low_office_intensity,徐汇区,310104012000,虹梅路街道,street,True,262100,725,2204,reviewed Core+ district composition scenario,maximum-entropy independence prior fitted by RAS/IPF; deterministic controlled integer rounding,not applicable,1,3.637978807091713e-12,True
low_office_intensity,徐汇区,310104012000,虹梅路街道,street,True,262100,OTHER,181564,balancing non-office remainder,maximum-entropy independence prior fitted by RAS/IPF; deterministic controlled integer rounding,not applicable,1,3.637978807091713e-12,True
low_office_intensity,徐汇区,310104013000,康健新村街道,street,True,15900,I,2315,official district-by-industry,maximum-entropy independence prior fitted by RAS/IPF; deterministic controlled integer rounding,not applicable,1,3.637978807091713e-12,True
low_office_intensity,徐汇区,310104013000,康健新村街道,street,True,15900,J,0,official district-by-industry,maximum-entropy independence prior fitted by RAS/IPF; deterministic controlled integer rounding,not applicable,1,3.637978807091713e-12,True
low_office_intensity,徐汇区,310104013000,康健新村街道,street,True,15900,M,1583,official district-by-industry,maximum-entropy independence prior fitted by RAS/IPF; deterministic controlled integer rounding,not applicable,1,3.637978807091713e-12,True
low_office_intensity,徐汇区,310104013000,康健新村街道,street,True,15900,721,303,reviewed Core+ district composition scenario,maximum-entropy independence prior fitted by RAS/IPF; deterministic controlled integer rounding,not applicable,1,3.637978807091713e-12,True
low_office_intensity,徐汇区,310104013000,康健新村街道,street,True,15900,723,67,reviewed Core+ district composition scenario,maximum-entropy independence prior fitted by RAS/IPF; deterministic controlled integer rounding,not applicable,1,3.637978807091713e-12,True
low_office_intensity,徐汇区,310104013000,康健新村街道,street,True,15900,724,483,reviewed Core+ district composition scenario,maximum-entropy independence prior fitted by RAS/IPF; deterministic controlled integer rounding,not applicable,1,3.637978807091713e-12,True
low_office_intensity,徐汇区,310104013000,康健新村街道,street,True,15900,725,134,reviewed Core+ district composition scenario,maximum-entropy independence prior fitted by RAS/IPF; deterministic controlled integer rounding,not applicable,1,3.637978807091713e-12,True
low_office_intensity,徐汇区,310104013000,康健新村街道,street,True,15900,OTHER,11015,balancing non-office remainder,maximum-entropy independence prior fitted by RAS/IPF; deterministic controlled integer rounding,not applicable,1,3.637978807091713e-12,True
low_office_intensity,徐汇区,310104014000,徐家汇街道,street,True,216300,I,31496,official district-by-industry,maximum-entropy independence prior fitted by RAS/IPF; deterministic controlled integer rounding,not applicable,1,3.637978807091713e-12,True
low_office_intensity,徐汇区,310104014000,徐家汇街道,street,True,216300,J,0,official district-by-industry,maximum-entropy independence prior fitted by RAS/IPF; deterministic controlled integer rounding,not applicable,1,3.637978807091713e-12,True
low_office_intensity,徐汇区,310104014000,徐家汇街道,street,True,216300,M,21537,official district-by-industry,maximum-entropy independence prior fitted by RAS/IPF; deterministic controlled integer rounding,not applicable,1,3.637978807091713e-12,True
low_office_intensity,徐汇区,310104014000,徐家汇街道,street,True,216300,721,4126,reviewed Core+ district composition scenario,maximum-entropy independence prior fitted by RAS/IPF; deterministic controlled integer rounding,not applicable,1,3.637978807091713e-12,True
low_office_intensity,徐汇区,310104014000,徐家汇街道,street,True,216300,723,909,reviewed Core+ district composition scenario,maximum-entropy independence prior fitted by RAS/IPF; deterministic controlled integer rounding,not applicable,1,3.637978807091713e-12,True
low_office_intensity,徐汇区,310104014000,徐家汇街道,street,True,216300,724,6576,reviewed Core+ district composition scenario,maximum-entropy independence prior fitted by RAS/IPF; deterministic controlled integer rounding,not applicable,1,3.637978807091713e-12,True
low_office_intensity,徐汇区,310104014000,徐家汇街道,street,True,216300,725,1819,reviewed Core+ district composition scenario,maximum-entropy independence prior fitted by RAS/IPF; deterministic controlled integer rounding,not applicable,1,3.637978807091713e-12,True
low_office_intensity,徐汇区,310104014000,徐家汇街道,street,True,216300,OTHER,149837,balancing non-office remainder,maximum-entropy independence prior fitted by RAS/IPF; deterministic controlled integer rounding,not applicable,1,3.637978807091713e-12,True
low_office_intensity,徐汇区,310104015000,凌云路街道,street,True,12200,I,1777,official district-by-industry,maximum-entropy independence prior fitted by RAS/IPF; deterministic controlled integer rounding,not applicable,1,3.637978807091713e-12,True
low_office_intensity,徐汇区,310104015000,凌云路街道,street,True,12200,J,0,official district-by-industry,maximum-entropy independence prior fitted by RAS/IPF; deterministic controlled integer rounding,not applicable,1,3.637978807091713e-12,True
low_office_intensity,徐汇区,310104015000,凌云路街道,street,True,12200,M,1215,official district-by-industry,maximum-entropy independence prior fitted by RAS/IPF; deterministic controlled integer rounding,not applicable,1,3.637978807091713e-12,True
low_office_intensity,徐汇区,310104015000,凌云路街道,street,True,12200,721,233,reviewed Core+ district composition scenario,maximum-entropy independence prior fitted by RAS/IPF; deterministic controlled integer rounding,not applicable,1,3.637978807091713e-12,True
low_office_intensity,徐汇区,310104015000,凌云路街道,street,True,12200,723,51,reviewed Core+ district composition scenario,maximum-entropy independence prior fitted by RAS/IPF; deterministic controlled integer rounding,not applicable,1,3.637978807091713e-12,True
low_office_intensity,徐汇区,310104015000,凌云路街道,street,True,12200,724,371,reviewed Core+ district composition scenario,maximum-entropy independence prior fitted by RAS/IPF; deterministic controlled integer rounding,not applicable,1,3.637978807091713e-12,True
low_office_intensity,徐汇区,310104015000,凌云路街道,street,True,12200,725,102,reviewed Core+ district composition scenario,maximum-entropy independence prior fitted by RAS/IPF; deterministic controlled integer rounding,not applicable,1,3.637978807091713e-12,True
low_office_intensity,徐汇区,310104015000,凌云路街道,street,True,12200,OTHER,8451,balancing non-office remainder,maximum-entropy independence prior fitted by RAS/IPF; deterministic controlled integer rounding,not applicable,1,3.637978807091713e-12,True
low_office_intensity,徐汇区,310104016000,龙华街道,street,True,59600,I,8679,official district-by-industry,maximum-entropy independence prior fitted by RAS/IPF; deterministic controlled integer rounding,not applicable,1,3.637978807091713e-12,True
low_office_intensity,徐汇区,310104016000,龙华街道,street,True,59600,J,0,official district-by-industry,maximum-entropy independence prior fitted by RAS/IPF; deterministic controlled integer rounding,not applicable,1,3.637978807091713e-12,True
low_office_intensity,徐汇区,310104016000,龙华街道,street,True,59600,M,5934,official district-by-industry,maximum-entropy independence prior fitted by RAS/IPF; deterministic controlled integer rounding,not applicable,1,3.637978807091713e-12,True
low_office_intensity,徐汇区,310104016000,龙华街道,street,True,59600,721,1137,reviewed Core+ district composition scenario,maximum-entropy independence prior fitted by RAS/IPF; deterministic controlled integer rounding,not applicable,1,3.637978807091713e-12,True
low_office_intensity,徐汇区,310104016000,龙华街道,street,True,59600,723,250,reviewed Core+ district composition scenario,maximum-entropy independence prior fitted by RAS/IPF; deterministic controlled integer rounding,not applicable,1,3.637978807091713e-12,True
low_office_intensity,徐汇区,310104016000,龙华街道,street,True,59600,724,1812,reviewed Core+ district composition scenario,maximum-entropy independence prior fitted by RAS/IPF; deterministic controlled integer rounding,not applicable,1,3.637978807091713e-12,True
low_office_intensity,徐汇区,310104016000,龙华街道,street,True,59600,725,501,reviewed Core+ district composition scenario,maximum-entropy independence prior fitted by RAS/IPF; deterministic controlled integer rounding,not applicable,1,3.637978807091713e-12,True
low_office_intensity,徐汇区,310104016000,龙华街道,street,True,59600,OTHER,41287,balancing non-office remainder,maximum-entropy independence prior fitted by RAS/IPF; deterministic controlled integer rounding,not applicable,1,3.637978807091713e-12,True
low_office_intensity,徐汇区,310104017000,漕河泾街道,street,True,88600,I,12901,official district-by-industry,maximum-entropy independence prior fitted by RAS/IPF; deterministic controlled integer rounding,not applicable,1,3.637978807091713e-12,True
low_office_intensity,徐汇区,310104017000,漕河泾街道,street,True,88600,J,0,official district-by-industry,maximum-entropy independence prior fitted by RAS/IPF; deterministic controlled integer rounding,not applicable,1,3.637978807091713e-12,True
low_office_intensity,徐汇区,310104017000,漕河泾街道,street,True,88600,M,8822,official district-by-industry,maximum-entropy independence prior fitted by RAS/IPF; deterministic controlled integer rounding,not applicable,1,3.637978807091713e-12,True
low_office_intensity,徐汇区,310104017000,漕河泾街道,street,True,88600,721,1690,reviewed Core+ district composition scenario,maximum-entropy independence prior fitted by RAS/IPF; deterministic controlled integer rounding,not applicable,1,3.637978807091713e-12,True
low_office_intensity,徐汇区,310104017000,漕河泾街道,street,True,88600,723,373,reviewed Core+ district composition scenario,maximum-entropy independence prior fitted by RAS/IPF; deterministic controlled integer rounding,not applicable,1,3.637978807091713e-12,True
low_office_intensity,徐汇区,310104017000,漕河泾街道,street,True,88600,724,2693,reviewed Core+ district composition scenario,maximum-entropy independence prior fitted by RAS/IPF; deterministic controlled integer rounding,not applicable,1,3.637978807091713e-12,True
low_office_intensity,徐汇区,310104017000,漕河泾街道,street,True,88600,725,745,reviewed Core+ district composition scenario,maximum-entropy independence prior fitted by RAS/IPF; deterministic controlled integer rounding,not applicable,1,3.637978807091713e-12,True
low_office_intensity,徐汇区,310104017000,漕河泾街道,street,True,88600,OTHER,61376,balancing non-office remainder,maximum-entropy independence prior fitted by RAS/IPF; deterministic controlled integer rounding,not applicable,1,3.637978807091713e-12,True
low_office_intensity,徐汇区,310104103000,华泾镇,town,True,10300,I,1500,official district-by-industry,maximum-entropy independence prior fitted by RAS/IPF; deterministic controlled integer rounding,not applicable,1,3.637978807091713e-12,True
low_office_intensity,徐汇区,310104103000,华泾镇,town,True,10300,J,0,official district-by-industry,maximum-entropy independence prior fitted by RAS/IPF; deterministic controlled integer rounding,not applicable,1,3.637978807091713e-12,True
low_office_intensity,徐汇区,310104103000,华泾镇,town,True,10300,M,1026,official district-by-industry,maximum-entropy independence prior fitted by RAS/IPF; deterministic controlled integer rounding,not applicable,1,3.637978807091713e-12,True
low_office_intensity,徐汇区,310104103000,华泾镇,town,True,10300,721,196,reviewed Core+ district composition scenario,maximum-entropy independence prior fitted by RAS/IPF; deterministic controlled integer rounding,not applicable,1,3.637978807091713e-12,True
low_office_intensity,徐汇区,310104103000,华泾镇,town,True,10300,723,43,reviewed Core+ district composition scenario,maximum-entropy independence prior fitted by RAS/IPF; deterministic controlled integer rounding,not applicable,1,3.637978807091713e-12,True
low_office_intensity,徐汇区,310104103000,华泾镇,town,True,10300,724,313,reviewed Core+ district composition scenario,maximum-entropy independence prior fitted by RAS/IPF; deterministic controlled integer rounding,not applicable,1,3.637978807091713e-12,True
low_office_intensity,徐汇区,310104103000,华泾镇,town,True,10300,725,87,reviewed Core+ district composition scenario,maximum-entropy independence prior fitted by RAS/IPF; deterministic controlled integer rounding,not applicable,1,3.637978807091713e-12,True
low_office_intensity,徐汇区,310104103000,华泾镇,town,True,10300,OTHER,7135,balancing non-office remainder,maximum-entropy independence prior fitted by RAS/IPF; deterministic controlled integer rounding,not applicable,1,3.637978807091713e-12,True
low_office_intensity,徐汇区,310104-construction-finance-residual,310104-construction-finance-residual,residual,False,73346,I,0,official district-by-industry,bulletin-compatible fixed residual assignment before maximum-entropy RAS/IPF,official J assigned to finance-tied residual up to row total; remaining residual is OTHER,1,3.637978807091713e-12,True
low_office_intensity,徐汇区,310104-construction-finance-residual,310104-construction-finance-residual,residual,False,73346,J,24820,official district-by-industry,bulletin-compatible fixed residual assignment before maximum-entropy RAS/IPF,official J assigned to finance-tied residual up to row total; remaining residual is OTHER,1,3.637978807091713e-12,True
low_office_intensity,徐汇区,310104-construction-finance-residual,310104-construction-finance-residual,residual,False,73346,M,0,official district-by-industry,bulletin-compatible fixed residual assignment before maximum-entropy RAS/IPF,official J assigned to finance-tied residual up to row total; remaining residual is OTHER,1,3.637978807091713e-12,True
low_office_intensity,徐汇区,310104-construction-finance-residual,310104-construction-finance-residual,residual,False,73346,721,0,reviewed Core+ district composition scenario,bulletin-compatible fixed residual assignment before maximum-entropy RAS/IPF,official J assigned to finance-tied residual up to row total; remaining residual is OTHER,1,3.637978807091713e-12,True
low_office_intensity,徐汇区,310104-construction-finance-residual,310104-construction-finance-residual,residual,False,73346,723,0,reviewed Core+ district composition scenario,bulletin-compatible fixed residual assignment before maximum-entropy RAS/IPF,official J assigned to finance-tied residual up to row total; remaining residual is OTHER,1,3.637978807091713e-12,True
low_office_intensity,徐汇区,310104-construction-finance-residual,310104-construction-finance-residual,residual,False,73346,724,0,reviewed Core+ district composition scenario,bulletin-compatible fixed residual assignment before maximum-entropy RAS/IPF,official J assigned to finance-tied residual up to row total; remaining residual is OTHER,1,3.637978807091713e-12,True
low_office_intensity,徐汇区,310104-construction-finance-residual,310104-construction-finance-residual,residual,False,73346,725,0,reviewed Core+ district composition scenario,bulletin-compatible fixed residual assignment before maximum-entropy RAS/IPF,official J assigned to finance-tied residual up to row total; remaining residual is OTHER,1,3.637978807091713e-12,True
low_office_intensity,徐汇区,310104-construction-finance-residual,310104-construction-finance-residual,residual,False,73346,OTHER,48526,balancing non-office remainder,bulletin-compatible fixed residual assignment before maximum-entropy RAS/IPF,official J assigned to finance-tied residual up to row total; remaining residual is OTHER,1,3.637978807091713e-12,True
low_office_intensity,长宁区,310105001000,华阳路街道,street,True,48926,I,5405,official district-by-industry,maximum-entropy independence prior fitted by RAS/IPF; deterministic controlled integer rounding,not applicable,1,0.0,True
low_office_intensity,长宁区,310105001000,华阳路街道,street,True,48926,J,605,official district-by-industry,maximum-entropy independence prior fitted by RAS/IPF; deterministic controlled integer rounding,not applicable,1,0.0,True
low_office_intensity,长宁区,310105001000,华阳路街道,street,True,48926,M,2180,official district-by-industry,maximum-entropy independence prior fitted by RAS/IPF; deterministic controlled integer rounding,not applicable,1,0.0,True
low_office_intensity,长宁区,310105001000,华阳路街道,street,True,48926,721,987,reviewed Core+ district composition scenario,maximum-entropy independence prior fitted by RAS/IPF; deterministic controlled integer rounding,not applicable,1,0.0,True
low_office_intensity,长宁区,310105001000,华阳路街道,street,True,48926,723,218,reviewed Core+ district composition scenario,maximum-entropy independence prior fitted by RAS/IPF; deterministic controlled integer rounding,not applicable,1,0.0,True
low_office_intensity,长宁区,310105001000,华阳路街道,street,True,48926,724,1573,reviewed Core+ district composition scenario,maximum-entropy independence prior fitted by RAS/IPF; deterministic controlled integer rounding,not applicable,1,0.0,True
low_office_intensity,长宁区,310105001000,华阳路街道,street,True,48926,725,435,reviewed Core+ district composition scenario,maximum-entropy independence prior fitted by RAS/IPF; deterministic controlled integer rounding,not applicable,1,0.0,True
low_office_intensity,长宁区,310105001000,华阳路街道,street,True,48926,OTHER,37523,balancing non-office remainder,maximum-entropy independence prior fitted by RAS/IPF; deterministic controlled integer rounding,not applicable,1,0.0,True
low_office_intensity,长宁区,310105002000,江苏路街道,street,True,37808,I,4177,official district-by-industry,maximum-entropy independence prior fitted by RAS/IPF; deterministic controlled integer rounding,not applicable,1,0.0,True
low_office_intensity,长宁区,310105002000,江苏路街道,street,True,37808,J,468,official district-by-industry,maximum-entropy independence prior fitted by RAS/IPF; deterministic controlled integer rounding,not applicable,1,0.0,True
low_office_intensity,长宁区,310105002000,江苏路街道,street,True,37808,M,1685,official district-by-industry,maximum-entropy independence prior fitted by RAS/IPF; deterministic controlled integer rounding,not applicable,1,0.0,True
low_office_intensity,长宁区,310105002000,江苏路街道,street,True,37808,721,763,reviewed Core+ district composition scenario,maximum-entropy independence prior fitted by RAS/IPF; deterministic controlled integer rounding,not applicable,1,0.0,True
low_office_intensity,长宁区,310105002000,江苏路街道,street,True,37808,723,168,reviewed Core+ district composition scenario,maximum-entropy independence prior fitted by RAS/IPF; deterministic controlled integer rounding,not applicable,1,0.0,True
low_office_intensity,长宁区,310105002000,江苏路街道,street,True,37808,724,1215,reviewed Core+ district composition scenario,maximum-entropy independence prior fitted by RAS/IPF; deterministic controlled integer rounding,not applicable,1,0.0,True
low_office_intensity,长宁区,310105002000,江苏路街道,street,True,37808,725,336,reviewed Core+ district composition scenario,maximum-entropy independence prior fitted by RAS/IPF; deterministic controlled integer rounding,not applicable,1,0.0,True
low_office_intensity,长宁区,310105002000,江苏路街道,street,True,37808,OTHER,28996,balancing non-office remainder,maximum-entropy independence prior fitted by RAS/IPF; deterministic controlled integer rounding,not applicable,1,0.0,True
low_office_intensity,长宁区,310105004000,新华路街道,street,True,52426,I,5792,official district-by-industry,maximum-entropy independence prior fitted by RAS/IPF; deterministic controlled integer rounding,not applicable,1,0.0,True
low_office_intensity,长宁区,310105004000,新华路街道,street,True,52426,J,648,official district-by-industry,maximum-entropy independence prior fitted by RAS/IPF; deterministic controlled integer rounding,not applicable,1,0.0,True
low_office_intensity,长宁区,310105004000,新华路街道,street,True,52426,M,2336,official district-by-industry,maximum-entropy independence prior fitted by RAS/IPF; deterministic controlled integer rounding,not applicable,1,0.0,True
low_office_intensity,长宁区,310105004000,新华路街道,street,True,52426,721,1057,reviewed Core+ district composition scenario,maximum-entropy independence prior fitted by RAS/IPF; deterministic controlled integer rounding,not applicable,1,0.0,True
low_office_intensity,长宁区,310105004000,新华路街道,street,True,52426,723,233,reviewed Core+ district composition scenario,maximum-entropy independence prior fitted by RAS/IPF; deterministic controlled integer rounding,not applicable,1,0.0,True
low_office_intensity,长宁区,310105004000,新华路街道,street,True,52426,724,1686,reviewed Core+ district composition scenario,maximum-entropy independence prior fitted by RAS/IPF; deterministic controlled integer rounding,not applicable,1,0.0,True
low_office_intensity,长宁区,310105004000,新华路街道,street,True,52426,725,466,reviewed Core+ district composition scenario,maximum-entropy independence prior fitted by RAS/IPF; deterministic controlled integer rounding,not applicable,1,0.0,True
low_office_intensity,长宁区,310105004000,新华路街道,street,True,52426,OTHER,40208,balancing non-office remainder,maximum-entropy independence prior fitted by RAS/IPF; deterministic controlled integer rounding,not applicable,1,0.0,True
low_office_intensity,长宁区,310105005000,周家桥街道,street,True,25426,I,2809,official district-by-industry,maximum-entropy independence prior fitted by RAS/IPF; deterministic controlled integer rounding,not applicable,1,0.0,True
low_office_intensity,长宁区,310105005000,周家桥街道,street,True,25426,J,314,official district-by-industry,maximum-entropy independence prior fitted by RAS/IPF; deterministic controlled integer rounding,not applicable,1,0.0,True
low_office_intensity,长宁区,310105005000,周家桥街道,street,True,25426,M,1133,official district-by-industry,maximum-entropy independence prior fitted by RAS/IPF; deterministic controlled integer rounding,not applicable,1,0.0,True
low_office_intensity,长宁区,310105005000,周家桥街道,street,True,25426,721,513,reviewed Core+ district composition scenario,maximum-entropy independence prior fitted by RAS/IPF; deterministic controlled integer rounding,not applicable,1,0.0,True
low_office_intensity,长宁区,310105005000,周家桥街道,street,True,25426,723,113,reviewed Core+ district composition scenario,maximum-entropy independence prior fitted by RAS/IPF; deterministic controlled integer rounding,not applicable,1,0.0,True
low_office_intensity,长宁区,310105005000,周家桥街道,street,True,25426,724,818,reviewed Core+ district composition scenario,maximum-entropy independence prior fitted by RAS/IPF; deterministic controlled integer rounding,not applicable,1,0.0,True
low_office_intensity,长宁区,310105005000,周家桥街道,street,True,25426,725,226,reviewed Core+ district composition scenario,maximum-entropy independence prior fitted by RAS/IPF; deterministic controlled integer rounding,not applicable,1,0.0,True
low_office_intensity,长宁区,310105005000,周家桥街道,street,True,25426,OTHER,19500,balancing non-office remainder,maximum-entropy independence prior fitted by RAS/IPF; deterministic controlled integer rounding,not applicable,1,0.0,True
low_office_intensity,长宁区,310105006000,天山路街道,street,True,70756,I,7817,official district-by-industry,maximum-entropy independence prior fitted by RAS/IPF; deterministic controlled integer rounding,not applicable,1,0.0,True
low_office_intensity,长宁区,310105006000,天山路街道,street,True,70756,J,875,official district-by-industry,maximum-entropy independence prior fitted by RAS/IPF; deterministic controlled integer rounding,not applicable,1,0.0,True
low_office_intensity,长宁区,310105006000,天山路街道,street,True,70756,M,3153,official district-by-industry,maximum-entropy independence prior fitted by RAS/IPF; deterministic controlled integer rounding,not applicable,1,0.0,True
low_office_intensity,长宁区,310105006000,天山路街道,street,True,70756,721,1427,reviewed Core+ district composition scenario,maximum-entropy independence prior fitted by RAS/IPF; deterministic controlled integer rounding,not applicable,1,0.0,True
low_office_intensity,长宁区,310105006000,天山路街道,street,True,70756,723,315,reviewed Core+ district composition scenario,maximum-entropy independence prior fitted by RAS/IPF; deterministic controlled integer rounding,not applicable,1,0.0,True
low_office_intensity,长宁区,310105006000,天山路街道,street,True,70756,724,2275,reviewed Core+ district composition scenario,maximum-entropy independence prior fitted by RAS/IPF; deterministic controlled integer rounding,not applicable,1,0.0,True
low_office_intensity,长宁区,310105006000,天山路街道,street,True,70756,725,629,reviewed Core+ district composition scenario,maximum-entropy independence prior fitted by RAS/IPF; deterministic controlled integer rounding,not applicable,1,0.0,True
low_office_intensity,长宁区,310105006000,天山路街道,street,True,70756,OTHER,54265,balancing non-office remainder,maximum-entropy independence prior fitted by RAS/IPF; deterministic controlled integer rounding,not applicable,1,0.0,True
low_office_intensity,长宁区,310105008000,仙霞新村街道,street,True,20827,I,2301,official district-by-industry,maximum-entropy independence prior fitted by RAS/IPF; deterministic controlled integer rounding,not applicable,1,0.0,True
low_office_intensity,长宁区,310105008000,仙霞新村街道,street,True,20827,J,258,official district-by-industry,maximum-entropy independence prior fitted by RAS/IPF; deterministic controlled integer rounding,not applicable,1,0.0,True
low_office_intensity,长宁区,310105008000,仙霞新村街道,street,True,20827,M,928,official district-by-industry,maximum-entropy independence prior fitted by RAS/IPF; deterministic controlled integer rounding,not applicable,1,0.0,True
low_office_intensity,长宁区,310105008000,仙霞新村街道,street,True,20827,721,420,reviewed Core+ district composition scenario,maximum-entropy independence prior fitted by RAS/IPF; deterministic controlled integer rounding,not applicable,1,0.0,True
low_office_intensity,长宁区,310105008000,仙霞新村街道,street,True,20827,723,92,reviewed Core+ district composition scenario,maximum-entropy independence prior fitted by RAS/IPF; deterministic controlled integer rounding,not applicable,1,0.0,True
low_office_intensity,长宁区,310105008000,仙霞新村街道,street,True,20827,724,670,reviewed Core+ district composition scenario,maximum-entropy independence prior fitted by RAS/IPF; deterministic controlled integer rounding,not applicable,1,0.0,True
low_office_intensity,长宁区,310105008000,仙霞新村街道,street,True,20827,725,185,reviewed Core+ district composition scenario,maximum-entropy independence prior fitted by RAS/IPF; deterministic controlled integer rounding,not applicable,1,0.0,True
low_office_intensity,长宁区,310105008000,仙霞新村街道,street,True,20827,OTHER,15973,balancing non-office remainder,maximum-entropy independence prior fitted by RAS/IPF; deterministic controlled integer rounding,not applicable,1,0.0,True
low_office_intensity,长宁区,310105009000,虹桥街道,street,True,84297,I,9313,official district-by-industry,maximum-entropy independence prior fitted by RAS/IPF; deterministic controlled integer rounding,not applicable,1,0.0,True
low_office_intensity,长宁区,310105009000,虹桥街道,street,True,84297,J,1043,official district-by-industry,maximum-entropy independence prior fitted by RAS/IPF; deterministic controlled integer rounding,not applicable,1,0.0,True
low_office_intensity,长宁区,310105009000,虹桥街道,street,True,84297,M,3756,official district-by-industry,maximum-entropy independence prior fitted by RAS/IPF; deterministic controlled integer rounding,not applicable,1,0.0,True
low_office_intensity,长宁区,310105009000,虹桥街道,street,True,84297,721,1700,reviewed Core+ district composition scenario,maximum-entropy independence prior fitted by RAS/IPF; deterministic controlled integer rounding,not applicable,1,0.0,True
low_office_intensity,长宁区,310105009000,虹桥街道,street,True,84297,723,375,reviewed Core+ district composition scenario,maximum-entropy independence prior fitted by RAS/IPF; deterministic controlled integer rounding,not applicable,1,0.0,True
low_office_intensity,长宁区,310105009000,虹桥街道,street,True,84297,724,2710,reviewed Core+ district composition scenario,maximum-entropy independence prior fitted by RAS/IPF; deterministic controlled integer rounding,not applicable,1,0.0,True
low_office_intensity,长宁区,310105009000,虹桥街道,street,True,84297,725,750,reviewed Core+ district composition scenario,maximum-entropy independence prior fitted by RAS/IPF; deterministic controlled integer rounding,not applicable,1,0.0,True
low_office_intensity,长宁区,310105009000,虹桥街道,street,True,84297,OTHER,64650,balancing non-office remainder,maximum-entropy independence prior fitted by RAS/IPF; deterministic controlled integer rounding,not applicable,1,0.0,True
low_office_intensity,长宁区,310105010000,程家桥街道,street,True,101760,I,11242,official district-by-industry,maximum-entropy independence prior fitted by RAS/IPF; deterministic controlled integer rounding,not applicable,1,0.0,True
low_office_intensity,长宁区,310105010000,程家桥街道,street,True,101760,J,1259,official district-by-industry,maximum-entropy independence prior fitted by RAS/IPF; deterministic controlled integer rounding,not applicable,1,0.0,True
low_office_intensity,长宁区,310105010000,程家桥街道,street,True,101760,M,4534,official district-by-industry,maximum-entropy independence prior fitted by RAS/IPF; deterministic controlled integer rounding,not applicable,1,0.0,True
low_office_intensity,长宁区,310105010000,程家桥街道,street,True,101760,721,2053,reviewed Core+ district composition scenario,maximum-entropy independence prior fitted by RAS/IPF; deterministic controlled integer rounding,not applicable,1,0.0,True
low_office_intensity,长宁区,310105010000,程家桥街道,street,True,101760,723,452,reviewed Core+ district composition scenario,maximum-entropy independence prior fitted by RAS/IPF; deterministic controlled integer rounding,not applicable,1,0.0,True
low_office_intensity,长宁区,310105010000,程家桥街道,street,True,101760,724,3272,reviewed Core+ district composition scenario,maximum-entropy independence prior fitted by RAS/IPF; deterministic controlled integer rounding,not applicable,1,0.0,True
low_office_intensity,长宁区,310105010000,程家桥街道,street,True,101760,725,905,reviewed Core+ district composition scenario,maximum-entropy independence prior fitted by RAS/IPF; deterministic controlled integer rounding,not applicable,1,0.0,True
low_office_intensity,长宁区,310105010000,程家桥街道,street,True,101760,OTHER,78043,balancing non-office remainder,maximum-entropy independence prior fitted by RAS/IPF; deterministic controlled integer rounding,not applicable,1,0.0,True
low_office_intensity,长宁区,310105011000,北新泾街道,street,True,6332,I,700,official district-by-industry,maximum-entropy independence prior fitted by RAS/IPF; deterministic controlled integer rounding,not applicable,1,0.0,True
low_office_intensity,长宁区,310105011000,北新泾街道,street,True,6332,J,78,official district-by-industry,maximum-entropy independence prior fitted by RAS/IPF; deterministic controlled integer rounding,not applicable,1,0.0,True
low_office_intensity,长宁区,310105011000,北新泾街道,street,True,6332,M,282,official district-by-industry,maximum-entropy independence prior fitted by RAS/IPF; deterministic controlled integer rounding,not applicable,1,0.0,True
low_office_intensity,长宁区,310105011000,北新泾街道,street,True,6332,721,128,reviewed Core+ district composition scenario,maximum-entropy independence prior fitted by RAS/IPF; deterministic controlled integer rounding,not applicable,1,0.0,True
low_office_intensity,长宁区,310105011000,北新泾街道,street,True,6332,723,28,reviewed Core+ district composition scenario,maximum-entropy independence prior fitted by RAS/IPF; deterministic controlled integer rounding,not applicable,1,0.0,True
low_office_intensity,长宁区,310105011000,北新泾街道,street,True,6332,724,203,reviewed Core+ district composition scenario,maximum-entropy independence prior fitted by RAS/IPF; deterministic controlled integer rounding,not applicable,1,0.0,True
low_office_intensity,长宁区,310105011000,北新泾街道,street,True,6332,725,57,reviewed Core+ district composition scenario,maximum-entropy independence prior fitted by RAS/IPF; deterministic controlled integer rounding,not applicable,1,0.0,True
low_office_intensity,长宁区,310105011000,北新泾街道,street,True,6332,OTHER,4856,balancing non-office remainder,maximum-entropy independence prior fitted by RAS/IPF; deterministic controlled integer rounding,not applicable,1,0.0,True
low_office_intensity,长宁区,310105102000,新泾镇,town,True,148418,I,16397,official district-by-industry,maximum-entropy independence prior fitted by RAS/IPF; deterministic controlled integer rounding,not applicable,1,0.0,True
low_office_intensity,长宁区,310105102000,新泾镇,town,True,148418,J,1836,official district-by-industry,maximum-entropy independence prior fitted by RAS/IPF; deterministic controlled integer rounding,not applicable,1,0.0,True
low_office_intensity,长宁区,310105102000,新泾镇,town,True,148418,M,6613,official district-by-industry,maximum-entropy independence prior fitted by RAS/IPF; deterministic controlled integer rounding,not applicable,1,0.0,True
low_office_intensity,长宁区,310105102000,新泾镇,town,True,148418,721,2994,reviewed Core+ district composition scenario,maximum-entropy independence prior fitted by RAS/IPF; deterministic controlled integer rounding,not applicable,1,0.0,True
low_office_intensity,长宁区,310105102000,新泾镇,town,True,148418,723,660,reviewed Core+ district composition scenario,maximum-entropy independence prior fitted by RAS/IPF; deterministic controlled integer rounding,not applicable,1,0.0,True
low_office_intensity,长宁区,310105102000,新泾镇,town,True,148418,724,4771,reviewed Core+ district composition scenario,maximum-entropy independence prior fitted by RAS/IPF; deterministic controlled integer rounding,not applicable,1,0.0,True
low_office_intensity,长宁区,310105102000,新泾镇,town,True,148418,725,1320,reviewed Core+ district composition scenario,maximum-entropy independence prior fitted by RAS/IPF; deterministic controlled integer rounding,not applicable,1,0.0,True
low_office_intensity,长宁区,310105102000,新泾镇,town,True,148418,OTHER,113827,balancing non-office remainder,maximum-entropy independence prior fitted by RAS/IPF; deterministic controlled integer rounding,not applicable,1,0.0,True
low_office_intensity,长宁区,310105-finance-residual,310105-finance-residual,residual,False,5174,I,0,official district-by-industry,bulletin-compatible fixed residual assignment before maximum-entropy RAS/IPF,official J assigned to finance-tied residual up to row total; remaining residual is OTHER,1,0.0,True
low_office_intensity,长宁区,310105-finance-residual,310105-finance-residual,residual,False,5174,J,5174,official district-by-industry,bulletin-compatible fixed residual assignment before maximum-entropy RAS/IPF,official J assigned to finance-tied residual up to row total; remaining residual is OTHER,1,0.0,True
low_office_intensity,长宁区,310105-finance-residual,310105-finance-residual,residual,False,5174,M,0,official district-by-industry,bulletin-compatible fixed residual assignment before maximum-entropy RAS/IPF,official J assigned to finance-tied residual up to row total; remaining residual is OTHER,1,0.0,True
low_office_intensity,长宁区,310105-finance-residual,310105-finance-residual,residual,False,5174,721,0,reviewed Core+ district composition scenario,bulletin-compatible fixed residual assignment before maximum-entropy RAS/IPF,official J assigned to finance-tied residual up to row total; remaining residual is OTHER,1,0.0,True
low_office_intensity,长宁区,310105-finance-residual,310105-finance-residual,residual,False,5174,723,0,reviewed Core+ district composition scenario,bulletin-compatible fixed residual assignment before maximum-entropy RAS/IPF,official J assigned to finance-tied residual up to row total; remaining residual is OTHER,1,0.0,True
low_office_intensity,长宁区,310105-finance-residual,310105-finance-residual,residual,False,5174,724,0,reviewed Core+ district composition scenario,bulletin-compatible fixed residual assignment before maximum-entropy RAS/IPF,official J assigned to finance-tied residual up to row total; remaining residual is OTHER,1,0.0,True
low_office_intensity,长宁区,310105-finance-residual,310105-finance-residual,residual,False,5174,725,0,reviewed Core+ district composition scenario,bulletin-compatible fixed residual assignment before maximum-entropy RAS/IPF,official J assigned to finance-tied residual up to row total; remaining residual is OTHER,1,0.0,True
low_office_intensity,长宁区,310105-finance-residual,310105-finance-residual,residual,False,5174,OTHER,0,balancing non-office remainder,bulletin-compatible fixed residual assignment before maximum-entropy RAS/IPF,official J assigned to finance-tied residual up to row total; remaining residual is OTHER,1,0.0,True
low_office_intensity,静安区,310106006000,江宁路街道,street,True,35000,I,3280,official district-by-industry,maximum-entropy independence prior fitted by RAS/IPF; deterministic controlled integer rounding,not applicable,1,2.9103830456733704e-11,True
low_office_intensity,静安区,310106006000,江宁路街道,street,True,35000,J,32,official district-by-industry,maximum-entropy independence prior fitted by RAS/IPF; deterministic controlled integer rounding,not applicable,1,2.9103830456733704e-11,True
low_office_intensity,静安区,310106006000,江宁路街道,street,True,35000,M,1930,official district-by-industry,maximum-entropy independence prior fitted by RAS/IPF; deterministic controlled integer rounding,not applicable,1,2.9103830456733704e-11,True
low_office_intensity,静安区,310106006000,江宁路街道,street,True,35000,721,990,reviewed Core+ district composition scenario,maximum-entropy independence prior fitted by RAS/IPF; deterministic controlled integer rounding,not applicable,1,2.9103830456733704e-11,True
low_office_intensity,静安区,310106006000,江宁路街道,street,True,35000,723,218,reviewed Core+ district composition scenario,maximum-entropy independence prior fitted by RAS/IPF; deterministic controlled integer rounding,not applicable,1,2.9103830456733704e-11,True
low_office_intensity,静安区,310106006000,江宁路街道,street,True,35000,724,1579,reviewed Core+ district composition scenario,maximum-entropy independence prior fitted by RAS/IPF; deterministic controlled integer rounding,not applicable,1,2.9103830456733704e-11,True
low_office_intensity,静安区,310106006000,江宁路街道,street,True,35000,725,437,reviewed Core+ district composition scenario,maximum-entropy independence prior fitted by RAS/IPF; deterministic controlled integer rounding,not applicable,1,2.9103830456733704e-11,True
low_office_intensity,静安区,310106006000,江宁路街道,street,True,35000,OTHER,26534,balancing non-office remainder,maximum-entropy independence prior fitted by RAS/IPF; deterministic controlled integer rounding,not applicable,1,2.9103830456733704e-11,True
low_office_intensity,静安区,310106011000,石门二路街道,street,True,47000,I,4405,official district-by-industry,maximum-entropy independence prior fitted by RAS/IPF; deterministic controlled integer rounding,not applicable,1,2.9103830456733704e-11,True
low_office_intensity,静安区,310106011000,石门二路街道,street,True,47000,J,43,official district-by-industry,maximum-entropy independence prior fitted by RAS/IPF; deterministic controlled integer rounding,not applicable,1,2.9103830456733704e-11,True
low_office_intensity,静安区,310106011000,石门二路街道,street,True,47000,M,2592,official district-by-industry,maximum-entropy independence prior fitted by RAS/IPF; deterministic controlled integer rounding,not applicable,1,2.9103830456733704e-11,True
low_office_intensity,静安区,310106011000,石门二路街道,street,True,47000,721,1330,reviewed Core+ district composition scenario,maximum-entropy independence prior fitted by RAS/IPF; deterministic controlled integer rounding,not applicable,1,2.9103830456733704e-11,True
low_office_intensity,静安区,310106011000,石门二路街道,street,True,47000,723,293,reviewed Core+ district composition scenario,maximum-entropy independence prior fitted by RAS/IPF; deterministic controlled integer rounding,not applicable,1,2.9103830456733704e-11,True
low_office_intensity,静安区,310106011000,石门二路街道,street,True,47000,724,2120,reviewed Core+ district composition scenario,maximum-entropy independence prior fitted by RAS/IPF; deterministic controlled integer rounding,not applicable,1,2.9103830456733704e-11,True
low_office_intensity,静安区,310106011000,石门二路街道,street,True,47000,725,586,reviewed Core+ district composition scenario,maximum-entropy independence prior fitted by RAS/IPF; deterministic controlled integer rounding,not applicable,1,2.9103830456733704e-11,True
low_office_intensity,静安区,310106011000,石门二路街道,street,True,47000,OTHER,35631,balancing non-office remainder,maximum-entropy independence prior fitted by RAS/IPF; deterministic controlled integer rounding,not applicable,1,2.9103830456733704e-11,True
low_office_intensity,静安区,310106012000,南京西路街道,street,True,152000,I,14247,official district-by-industry,maximum-entropy independence prior fitted by RAS/IPF; deterministic controlled integer rounding,not applicable,1,2.9103830456733704e-11,True
low_office_intensity,静安区,310106012000,南京西路街道,street,True,152000,J,138,official district-by-industry,maximum-entropy independence prior fitted by RAS/IPF; deterministic controlled integer rounding,not applicable,1,2.9103830456733704e-11,True
low_office_intensity,静安区,310106012000,南京西路街道,street,True,152000,M,8381,official district-by-industry,maximum-entropy independence prior fitted by RAS/IPF; deterministic controlled integer rounding,not applicable,1,2.9103830456733704e-11,True
low_office_intensity,静安区,310106012000,南京西路街道,street,True,152000,721,4301,reviewed Core+ district composition scenario,maximum-entropy independence prior fitted by RAS/IPF; deterministic controlled integer rounding,not applicable,1,2.9103830456733704e-11,True
low_office_intensity,静安区,310106012000,南京西路街道,street,True,152000,723,948,reviewed Core+ district composition scenario,maximum-entropy independence prior fitted by RAS/IPF; deterministic controlled integer rounding,not applicable,1,2.9103830456733704e-11,True
low_office_intensity,静安区,310106012000,南京西路街道,street,True,152000,724,6856,reviewed Core+ district composition scenario,maximum-entropy independence prior fitted by RAS/IPF; deterministic controlled integer rounding,not applicable,1,2.9103830456733704e-11,True
low_office_intensity,静安区,310106012000,南京西路街道,street,True,152000,725,1897,reviewed Core+ district composition scenario,maximum-entropy independence prior fitted by RAS/IPF; deterministic controlled integer rounding,not applicable,1,2.9103830456733704e-11,True
low_office_intensity,静安区,310106012000,南京西路街道,street,True,152000,OTHER,115232,balancing non-office remainder,maximum-entropy independence prior fitted by RAS/IPF; deterministic controlled integer rounding,not applicable,1,2.9103830456733704e-11,True
low_office_intensity,静安区,310106013000,静安寺街道,street,True,80000,I,7498,official district-by-industry,maximum-entropy independence prior fitted by RAS/IPF; deterministic controlled integer rounding,not applicable,1,2.9103830456733704e-11,True
low_office_intensity,静安区,310106013000,静安寺街道,street,True,80000,J,73,official district-by-industry,maximum-entropy independence prior fitted by RAS/IPF; deterministic controlled integer rounding,not applicable,1,2.9103830456733704e-11,True
low_office_intensity,静安区,310106013000,静安寺街道,street,True,80000,M,4411,official district-by-industry,maximum-entropy independence prior fitted by RAS/IPF; deterministic controlled integer rounding,not applicable,1,2.9103830456733704e-11,True
low_office_intensity,静安区,310106013000,静安寺街道,street,True,80000,721,2264,reviewed Core+ district composition scenario,maximum-entropy independence prior fitted by RAS/IPF; deterministic controlled integer rounding,not applicable,1,2.9103830456733704e-11,True
low_office_intensity,静安区,310106013000,静安寺街道,street,True,80000,723,499,reviewed Core+ district composition scenario,maximum-entropy independence prior fitted by RAS/IPF; deterministic controlled integer rounding,not applicable,1,2.9103830456733704e-11,True
low_office_intensity,静安区,310106013000,静安寺街道,street,True,80000,724,3608,reviewed Core+ district composition scenario,maximum-entropy independence prior fitted by RAS/IPF; deterministic controlled integer rounding,not applicable,1,2.9103830456733704e-11,True
low_office_intensity,静安区,310106013000,静安寺街道,street,True,80000,725,998,reviewed Core+ district composition scenario,maximum-entropy independence prior fitted by RAS/IPF; deterministic controlled integer rounding,not applicable,1,2.9103830456733704e-11,True
low_office_intensity,静安区,310106013000,静安寺街道,street,True,80000,OTHER,60649,balancing non-office remainder,maximum-entropy independence prior fitted by RAS/IPF; deterministic controlled integer rounding,not applicable,1,2.9103830456733704e-11,True
low_office_intensity,静安区,310106014000,曹家渡街道,street,True,48000,I,4499,official district-by-industry,maximum-entropy independence prior fitted by RAS/IPF; deterministic controlled integer rounding,not applicable,1,2.9103830456733704e-11,True
low_office_intensity,静安区,310106014000,曹家渡街道,street,True,48000,J,44,official district-by-industry,maximum-entropy independence prior fitted by RAS/IPF; deterministic controlled integer rounding,not applicable,1,2.9103830456733704e-11,True
low_office_intensity,静安区,310106014000,曹家渡街道,street,True,48000,M,2647,official district-by-industry,maximum-entropy independence prior fitted by RAS/IPF; deterministic controlled integer rounding,not applicable,1,2.9103830456733704e-11,True
low_office_intensity,静安区,310106014000,曹家渡街道,street,True,48000,721,1358,reviewed Core+ district composition scenario,maximum-entropy independence prior fitted by RAS/IPF; deterministic controlled integer rounding,not applicable,1,2.9103830456733704e-11,True
low_office_intensity,静安区,310106014000,曹家渡街道,street,True,48000,723,299,reviewed Core+ district composition scenario,maximum-entropy independence prior fitted by RAS/IPF; deterministic controlled integer rounding,not applicable,1,2.9103830456733704e-11,True
low_office_intensity,静安区,310106014000,曹家渡街道,street,True,48000,724,2165,reviewed Core+ district composition scenario,maximum-entropy independence prior fitted by RAS/IPF; deterministic controlled integer rounding,not applicable,1,2.9103830456733704e-11,True
low_office_intensity,静安区,310106014000,曹家渡街道,street,True,48000,725,599,reviewed Core+ district composition scenario,maximum-entropy independence prior fitted by RAS/IPF; deterministic controlled integer rounding,not applicable,1,2.9103830456733704e-11,True
low_office_intensity,静安区,310106014000,曹家渡街道,street,True,48000,OTHER,36389,balancing non-office remainder,maximum-entropy independence prior fitted by RAS/IPF; deterministic controlled integer rounding,not applicable,1,2.9103830456733704e-11,True
low_office_intensity,静安区,310106015000,天目西路街道,street,True,161000,I,15090,official district-by-industry,maximum-entropy independence prior fitted by RAS/IPF; deterministic controlled integer rounding,not applicable,1,2.9103830456733704e-11,True
low_office_intensity,静安区,310106015000,天目西路街道,street,True,161000,J,146,official district-by-industry,maximum-entropy independence prior fitted by RAS/IPF; deterministic controlled integer rounding,not applicable,1,2.9103830456733704e-11,True
low_office_intensity,静安区,310106015000,天目西路街道,street,True,161000,M,8878,official district-by-industry,maximum-entropy independence prior fitted by RAS/IPF; deterministic controlled integer rounding,not applicable,1,2.9103830456733704e-11,True
low_office_intensity,静安区,310106015000,天目西路街道,street,True,161000,721,4556,reviewed Core+ district composition scenario,maximum-entropy independence prior fitted by RAS/IPF; deterministic controlled integer rounding,not applicable,1,2.9103830456733704e-11,True
low_office_intensity,静安区,310106015000,天目西路街道,street,True,161000,723,1004,reviewed Core+ district composition scenario,maximum-entropy independence prior fitted by RAS/IPF; deterministic controlled integer rounding,not applicable,1,2.9103830456733704e-11,True
low_office_intensity,静安区,310106015000,天目西路街道,street,True,161000,724,7262,reviewed Core+ district composition scenario,maximum-entropy independence prior fitted by RAS/IPF; deterministic controlled integer rounding,not applicable,1,2.9103830456733704e-11,True
low_office_intensity,静安区,310106015000,天目西路街道,street,True,161000,725,2009,reviewed Core+ district composition scenario,maximum-entropy independence prior fitted by RAS/IPF; deterministic controlled integer rounding,not applicable,1,2.9103830456733704e-11,True
low_office_intensity,静安区,310106015000,天目西路街道,street,True,161000,OTHER,122055,balancing non-office remainder,maximum-entropy independence prior fitted by RAS/IPF; deterministic controlled integer rounding,not applicable,1,2.9103830456733704e-11,True
low_office_intensity,静安区,310106016000,北站街道,street,True,65000,I,6092,official district-by-industry,maximum-entropy independence prior fitted by RAS/IPF; deterministic controlled integer rounding,not applicable,1,2.9103830456733704e-11,True
low_office_intensity,静安区,310106016000,北站街道,street,True,65000,J,59,official district-by-industry,maximum-entropy independence prior fitted by RAS/IPF; deterministic controlled integer rounding,not applicable,1,2.9103830456733704e-11,True
low_office_intensity,静安区,310106016000,北站街道,street,True,65000,M,3584,official district-by-industry,maximum-entropy independence prior fitted by RAS/IPF; deterministic controlled integer rounding,not applicable,1,2.9103830456733704e-11,True
low_office_intensity,静安区,310106016000,北站街道,street,True,65000,721,1839,reviewed Core+ district composition scenario,maximum-entropy independence prior fitted by RAS/IPF; deterministic controlled integer rounding,not applicable,1,2.9103830456733704e-11,True
low_office_intensity,静安区,310106016000,北站街道,street,True,65000,723,406,reviewed Core+ district composition scenario,maximum-entropy independence prior fitted by RAS/IPF; deterministic controlled integer rounding,not applicable,1,2.9103830456733704e-11,True
low_office_intensity,静安区,310106016000,北站街道,street,True,65000,724,2932,reviewed Core+ district composition scenario,maximum-entropy independence prior fitted by RAS/IPF; deterministic controlled integer rounding,not applicable,1,2.9103830456733704e-11,True
low_office_intensity,静安区,310106016000,北站街道,street,True,65000,725,811,reviewed Core+ district composition scenario,maximum-entropy independence prior fitted by RAS/IPF; deterministic controlled integer rounding,not applicable,1,2.9103830456733704e-11,True
low_office_intensity,静安区,310106016000,北站街道,street,True,65000,OTHER,49277,balancing non-office remainder,maximum-entropy independence prior fitted by RAS/IPF; deterministic controlled integer rounding,not applicable,1,2.9103830456733704e-11,True
low_office_intensity,静安区,310106017000,宝山路街道,street,True,21000,I,1968,official district-by-industry,maximum-entropy independence prior fitted by RAS/IPF; deterministic controlled integer rounding,not applicable,1,2.9103830456733704e-11,True
low_office_intensity,静安区,310106017000,宝山路街道,street,True,21000,J,19,official district-by-industry,maximum-entropy independence prior fitted by RAS/IPF; deterministic controlled integer rounding,not applicable,1,2.9103830456733704e-11,True
low_office_intensity,静安区,310106017000,宝山路街道,street,True,21000,M,1158,official district-by-industry,maximum-entropy independence prior fitted by RAS/IPF; deterministic controlled integer rounding,not applicable,1,2.9103830456733704e-11,True
low_office_intensity,静安区,310106017000,宝山路街道,street,True,21000,721,595,reviewed Core+ district composition scenario,maximum-entropy independence prior fitted by RAS/IPF; deterministic controlled integer rounding,not applicable,1,2.9103830456733704e-11,True
low_office_intensity,静安区,310106017000,宝山路街道,street,True,21000,723,131,reviewed Core+ district composition scenario,maximum-entropy independence prior fitted by RAS/IPF; deterministic controlled integer rounding,not applicable,1,2.9103830456733704e-11,True
low_office_intensity,静安区,310106017000,宝山路街道,street,True,21000,724,947,reviewed Core+ district composition scenario,maximum-entropy independence prior fitted by RAS/IPF; deterministic controlled integer rounding,not applicable,1,2.9103830456733704e-11,True
low_office_intensity,静安区,310106017000,宝山路街道,street,True,21000,725,262,reviewed Core+ district composition scenario,maximum-entropy independence prior fitted by RAS/IPF; deterministic controlled integer rounding,not applicable,1,2.9103830456733704e-11,True
low_office_intensity,静安区,310106017000,宝山路街道,street,True,21000,OTHER,15920,balancing non-office remainder,maximum-entropy independence prior fitted by RAS/IPF; deterministic controlled integer rounding,not applicable,1,2.9103830456733704e-11,True
low_office_intensity,静安区,310106018000,共和新路街道,street,True,31000,I,2906,official district-by-industry,maximum-entropy independence prior fitted by RAS/IPF; deterministic controlled integer rounding,not applicable,1,2.9103830456733704e-11,True
low_office_intensity,静安区,310106018000,共和新路街道,street,True,31000,J,28,official district-by-industry,maximum-entropy independence prior fitted by RAS/IPF; deterministic controlled integer rounding,not applicable,1,2.9103830456733704e-11,True
low_office_intensity,静安区,310106018000,共和新路街道,street,True,31000,M,1709,official district-by-industry,maximum-entropy independence prior fitted by RAS/IPF; deterministic controlled integer rounding,not applicable,1,2.9103830456733704e-11,True
low_office_intensity,静安区,310106018000,共和新路街道,street,True,31000,721,877,reviewed Core+ district composition scenario,maximum-entropy independence prior fitted by RAS/IPF; deterministic controlled integer rounding,not applicable,1,2.9103830456733704e-11,True
low_office_intensity,静安区,310106018000,共和新路街道,street,True,31000,723,194,reviewed Core+ district composition scenario,maximum-entropy independence prior fitted by RAS/IPF; deterministic controlled integer rounding,not applicable,1,2.9103830456733704e-11,True
low_office_intensity,静安区,310106018000,共和新路街道,street,True,31000,724,1398,reviewed Core+ district composition scenario,maximum-entropy independence prior fitted by RAS/IPF; deterministic controlled integer rounding,not applicable,1,2.9103830456733704e-11,True
low_office_intensity,静安区,310106018000,共和新路街道,street,True,31000,725,387,reviewed Core+ district composition scenario,maximum-entropy independence prior fitted by RAS/IPF; deterministic controlled integer rounding,not applicable,1,2.9103830456733704e-11,True
low_office_intensity,静安区,310106018000,共和新路街道,street,True,31000,OTHER,23501,balancing non-office remainder,maximum-entropy independence prior fitted by RAS/IPF; deterministic controlled integer rounding,not applicable,1,2.9103830456733704e-11,True
low_office_intensity,静安区,310106019000,大宁路街道,street,True,115000,I,10779,official district-by-industry,maximum-entropy independence prior fitted by RAS/IPF; deterministic controlled integer rounding,not applicable,1,2.9103830456733704e-11,True
low_office_intensity,静安区,310106019000,大宁路街道,street,True,115000,J,105,official district-by-industry,maximum-entropy independence prior fitted by RAS/IPF; deterministic controlled integer rounding,not applicable,1,2.9103830456733704e-11,True
low_office_intensity,静安区,310106019000,大宁路街道,street,True,115000,M,6341,official district-by-industry,maximum-entropy independence prior fitted by RAS/IPF; deterministic controlled integer rounding,not applicable,1,2.9103830456733704e-11,True
low_office_intensity,静安区,310106019000,大宁路街道,street,True,115000,721,3254,reviewed Core+ district composition scenario,maximum-entropy independence prior fitted by RAS/IPF; deterministic controlled integer rounding,not applicable,1,2.9103830456733704e-11,True
low_office_intensity,静安区,310106019000,大宁路街道,street,True,115000,723,717,reviewed Core+ district composition scenario,maximum-entropy independence prior fitted by RAS/IPF; deterministic controlled integer rounding,not applicable,1,2.9103830456733704e-11,True
low_office_intensity,静安区,310106019000,大宁路街道,street,True,115000,724,5187,reviewed Core+ district composition scenario,maximum-entropy independence prior fitted by RAS/IPF; deterministic controlled integer rounding,not applicable,1,2.9103830456733704e-11,True
low_office_intensity,静安区,310106019000,大宁路街道,street,True,115000,725,1435,reviewed Core+ district composition scenario,maximum-entropy independence prior fitted by RAS/IPF; deterministic controlled integer rounding,not applicable,1,2.9103830456733704e-11,True
low_office_intensity,静安区,310106019000,大宁路街道,street,True,115000,OTHER,87182,balancing non-office remainder,maximum-entropy independence prior fitted by RAS/IPF; deterministic controlled integer rounding,not applicable,1,2.9103830456733704e-11,True
low_office_intensity,静安区,310106020000,彭浦新村街道,street,True,17000,I,1593,official district-by-industry,maximum-entropy independence prior fitted by RAS/IPF; deterministic controlled integer rounding,not applicable,1,2.9103830456733704e-11,True
low_office_intensity,静安区,310106020000,彭浦新村街道,street,True,17000,J,16,official district-by-industry,maximum-entropy independence prior fitted by RAS/IPF; deterministic controlled integer rounding,not applicable,1,2.9103830456733704e-11,True
low_office_intensity,静安区,310106020000,彭浦新村街道,street,True,17000,M,937,official district-by-industry,maximum-entropy independence prior fitted by RAS/IPF; deterministic controlled integer rounding,not applicable,1,2.9103830456733704e-11,True
low_office_intensity,静安区,310106020000,彭浦新村街道,street,True,17000,721,481,reviewed Core+ district composition scenario,maximum-entropy independence prior fitted by RAS/IPF; deterministic controlled integer rounding,not applicable,1,2.9103830456733704e-11,True
low_office_intensity,静安区,310106020000,彭浦新村街道,street,True,17000,723,106,reviewed Core+ district composition scenario,maximum-entropy independence prior fitted by RAS/IPF; deterministic controlled integer rounding,not applicable,1,2.9103830456733704e-11,True
low_office_intensity,静安区,310106020000,彭浦新村街道,street,True,17000,724,767,reviewed Core+ district composition scenario,maximum-entropy independence prior fitted by RAS/IPF; deterministic controlled integer rounding,not applicable,1,2.9103830456733704e-11,True
low_office_intensity,静安区,310106020000,彭浦新村街道,street,True,17000,725,212,reviewed Core+ district composition scenario,maximum-entropy independence prior fitted by RAS/IPF; deterministic controlled integer rounding,not applicable,1,2.9103830456733704e-11,True
low_office_intensity,静安区,310106020000,彭浦新村街道,street,True,17000,OTHER,12888,balancing non-office remainder,maximum-entropy independence prior fitted by RAS/IPF; deterministic controlled integer rounding,not applicable,1,2.9103830456733704e-11,True
low_office_intensity,静安区,310106021000,临汾路街道,street,True,5000,I,469,official district-by-industry,maximum-entropy independence prior fitted by RAS/IPF; deterministic controlled integer rounding,not applicable,1,2.9103830456733704e-11,True
low_office_intensity,静安区,310106021000,临汾路街道,street,True,5000,J,4,official district-by-industry,maximum-entropy independence prior fitted by RAS/IPF; deterministic controlled integer rounding,not applicable,1,2.9103830456733704e-11,True
low_office_intensity,静安区,310106021000,临汾路街道,street,True,5000,M,276,official district-by-industry,maximum-entropy independence prior fitted by RAS/IPF; deterministic controlled integer rounding,not applicable,1,2.9103830456733704e-11,True
low_office_intensity,静安区,310106021000,临汾路街道,street,True,5000,721,142,reviewed Core+ district composition scenario,maximum-entropy independence prior fitted by RAS/IPF; deterministic controlled integer rounding,not applicable,1,2.9103830456733704e-11,True
low_office_intensity,静安区,310106021000,临汾路街道,street,True,5000,723,31,reviewed Core+ district composition scenario,maximum-entropy independence prior fitted by RAS/IPF; deterministic controlled integer rounding,not applicable,1,2.9103830456733704e-11,True
low_office_intensity,静安区,310106021000,临汾路街道,street,True,5000,724,225,reviewed Core+ district composition scenario,maximum-entropy independence prior fitted by RAS/IPF; deterministic controlled integer rounding,not applicable,1,2.9103830456733704e-11,True
low_office_intensity,静安区,310106021000,临汾路街道,street,True,5000,725,62,reviewed Core+ district composition scenario,maximum-entropy independence prior fitted by RAS/IPF; deterministic controlled integer rounding,not applicable,1,2.9103830456733704e-11,True
low_office_intensity,静安区,310106021000,临汾路街道,street,True,5000,OTHER,3791,balancing non-office remainder,maximum-entropy independence prior fitted by RAS/IPF; deterministic controlled integer rounding,not applicable,1,2.9103830456733704e-11,True
low_office_intensity,静安区,310106022000,芷江西路街道,street,True,28000,I,2625,official district-by-industry,maximum-entropy independence prior fitted by RAS/IPF; deterministic controlled integer rounding,not applicable,1,2.9103830456733704e-11,True
low_office_intensity,静安区,310106022000,芷江西路街道,street,True,28000,J,25,official district-by-industry,maximum-entropy independence prior fitted by RAS/IPF; deterministic controlled integer rounding,not applicable,1,2.9103830456733704e-11,True
low_office_intensity,静安区,310106022000,芷江西路街道,street,True,28000,M,1544,official district-by-industry,maximum-entropy independence prior fitted by RAS/IPF; deterministic controlled integer rounding,not applicable,1,2.9103830456733704e-11,True
low_office_intensity,静安区,310106022000,芷江西路街道,street,True,28000,721,792,reviewed Core+ district composition scenario,maximum-entropy independence prior fitted by RAS/IPF; deterministic controlled integer rounding,not applicable,1,2.9103830456733704e-11,True
low_office_intensity,静安区,310106022000,芷江西路街道,street,True,28000,723,175,reviewed Core+ district composition scenario,maximum-entropy independence prior fitted by RAS/IPF; deterministic controlled integer rounding,not applicable,1,2.9103830456733704e-11,True
low_office_intensity,静安区,310106022000,芷江西路街道,street,True,28000,724,1263,reviewed Core+ district composition scenario,maximum-entropy independence prior fitted by RAS/IPF; deterministic controlled integer rounding,not applicable,1,2.9103830456733704e-11,True
low_office_intensity,静安区,310106022000,芷江西路街道,street,True,28000,725,349,reviewed Core+ district composition scenario,maximum-entropy independence prior fitted by RAS/IPF; deterministic controlled integer rounding,not applicable,1,2.9103830456733704e-11,True
low_office_intensity,静安区,310106022000,芷江西路街道,street,True,28000,OTHER,21227,balancing non-office remainder,maximum-entropy independence prior fitted by RAS/IPF; deterministic controlled integer rounding,not applicable,1,2.9103830456733704e-11,True
low_office_intensity,静安区,310106100000,彭浦镇,town,True,112000,I,10498,official district-by-industry,maximum-entropy independence prior fitted by RAS/IPF; deterministic controlled integer rounding,not applicable,1,2.9103830456733704e-11,True
low_office_intensity,静安区,310106100000,彭浦镇,town,True,112000,J,102,official district-by-industry,maximum-entropy independence prior fitted by RAS/IPF; deterministic controlled integer rounding,not applicable,1,2.9103830456733704e-11,True
low_office_intensity,静安区,310106100000,彭浦镇,town,True,112000,M,6176,official district-by-industry,maximum-entropy independence prior fitted by RAS/IPF; deterministic controlled integer rounding,not applicable,1,2.9103830456733704e-11,True
low_office_intensity,静安区,310106100000,彭浦镇,town,True,112000,721,3169,reviewed Core+ district composition scenario,maximum-entropy independence prior fitted by RAS/IPF; deterministic controlled integer rounding,not applicable,1,2.9103830456733704e-11,True
low_office_intensity,静安区,310106100000,彭浦镇,town,True,112000,723,698,reviewed Core+ district composition scenario,maximum-entropy independence prior fitted by RAS/IPF; deterministic controlled integer rounding,not applicable,1,2.9103830456733704e-11,True
low_office_intensity,静安区,310106100000,彭浦镇,town,True,112000,724,5051,reviewed Core+ district composition scenario,maximum-entropy independence prior fitted by RAS/IPF; deterministic controlled integer rounding,not applicable,1,2.9103830456733704e-11,True
low_office_intensity,静安区,310106100000,彭浦镇,town,True,112000,725,1398,reviewed Core+ district composition scenario,maximum-entropy independence prior fitted by RAS/IPF; deterministic controlled integer rounding,not applicable,1,2.9103830456733704e-11,True
low_office_intensity,静安区,310106100000,彭浦镇,town,True,112000,OTHER,84908,balancing non-office remainder,maximum-entropy independence prior fitted by RAS/IPF; deterministic controlled integer rounding,not applicable,1,2.9103830456733704e-11,True
low_office_intensity,静安区,310106-finance-residual,310106-finance-residual,residual,False,56987,I,0,official district-by-industry,bulletin-compatible fixed residual assignment before maximum-entropy RAS/IPF,official J assigned to finance-tied residual up to row total; remaining residual is OTHER,1,2.9103830456733704e-11,True
low_office_intensity,静安区,310106-finance-residual,310106-finance-residual,residual,False,56987,J,56987,official district-by-industry,bulletin-compatible fixed residual assignment before maximum-entropy RAS/IPF,official J assigned to finance-tied residual up to row total; remaining residual is OTHER,1,2.9103830456733704e-11,True
low_office_intensity,静安区,310106-finance-residual,310106-finance-residual,residual,False,56987,M,0,official district-by-industry,bulletin-compatible fixed residual assignment before maximum-entropy RAS/IPF,official J assigned to finance-tied residual up to row total; remaining residual is OTHER,1,2.9103830456733704e-11,True
low_office_intensity,静安区,310106-finance-residual,310106-finance-residual,residual,False,56987,721,0,reviewed Core+ district composition scenario,bulletin-compatible fixed residual assignment before maximum-entropy RAS/IPF,official J assigned to finance-tied residual up to row total; remaining residual is OTHER,1,2.9103830456733704e-11,True
low_office_intensity,静安区,310106-finance-residual,310106-finance-residual,residual,False,56987,723,0,reviewed Core+ district composition scenario,bulletin-compatible fixed residual assignment before maximum-entropy RAS/IPF,official J assigned to finance-tied residual up to row total; remaining residual is OTHER,1,2.9103830456733704e-11,True
low_office_intensity,静安区,310106-finance-residual,310106-finance-residual,residual,False,56987,724,0,reviewed Core+ district composition scenario,bulletin-compatible fixed residual assignment before maximum-entropy RAS/IPF,official J assigned to finance-tied residual up to row total; remaining residual is OTHER,1,2.9103830456733704e-11,True
low_office_intensity,静安区,310106-finance-residual,310106-finance-residual,residual,False,56987,725,0,reviewed Core+ district composition scenario,bulletin-compatible fixed residual assignment before maximum-entropy RAS/IPF,official J assigned to finance-tied residual up to row total; remaining residual is OTHER,1,2.9103830456733704e-11,True
low_office_intensity,静安区,310106-finance-residual,310106-finance-residual,residual,False,56987,OTHER,0,balancing non-office remainder,bulletin-compatible fixed residual assignment before maximum-entropy RAS/IPF,official J assigned to finance-tied residual up to row total; remaining residual is OTHER,1,2.9103830456733704e-11,True
low_office_intensity,普陀区,310107005000,曹杨新村街道,street,True,22000,I,2450,official district-by-industry,maximum-entropy independence prior fitted by RAS/IPF; deterministic controlled integer rounding,not applicable,1,0.0,True
low_office_intensity,普陀区,310107005000,曹杨新村街道,street,True,22000,J,0,official district-by-industry,maximum-entropy independence prior fitted by RAS/IPF; deterministic controlled integer rounding,not applicable,1,0.0,True
low_office_intensity,普陀区,310107005000,曹杨新村街道,street,True,22000,M,1384,official district-by-industry,maximum-entropy independence prior fitted by RAS/IPF; deterministic controlled integer rounding,not applicable,1,0.0,True
low_office_intensity,普陀区,310107005000,曹杨新村街道,street,True,22000,721,429,reviewed Core+ district composition scenario,maximum-entropy independence prior fitted by RAS/IPF; deterministic controlled integer rounding,not applicable,1,0.0,True
low_office_intensity,普陀区,310107005000,曹杨新村街道,street,True,22000,723,95,reviewed Core+ district composition scenario,maximum-entropy independence prior fitted by RAS/IPF; deterministic controlled integer rounding,not applicable,1,0.0,True
low_office_intensity,普陀区,310107005000,曹杨新村街道,street,True,22000,724,684,reviewed Core+ district composition scenario,maximum-entropy independence prior fitted by RAS/IPF; deterministic controlled integer rounding,not applicable,1,0.0,True
low_office_intensity,普陀区,310107005000,曹杨新村街道,street,True,22000,725,189,reviewed Core+ district composition scenario,maximum-entropy independence prior fitted by RAS/IPF; deterministic controlled integer rounding,not applicable,1,0.0,True
low_office_intensity,普陀区,310107005000,曹杨新村街道,street,True,22000,OTHER,16769,balancing non-office remainder,maximum-entropy independence prior fitted by RAS/IPF; deterministic controlled integer rounding,not applicable,1,0.0,True
low_office_intensity,普陀区,310107014000,长风新村街道,street,True,90000,I,10023,official district-by-industry,maximum-entropy independence prior fitted by RAS/IPF; deterministic controlled integer rounding,not applicable,1,0.0,True
low_office_intensity,普陀区,310107014000,长风新村街道,street,True,90000,J,0,official district-by-industry,maximum-entropy independence prior fitted by RAS/IPF; deterministic controlled integer rounding,not applicable,1,0.0,True
low_office_intensity,普陀区,310107014000,长风新村街道,street,True,90000,M,5664,official district-by-industry,maximum-entropy independence prior fitted by RAS/IPF; deterministic controlled integer rounding,not applicable,1,0.0,True
low_office_intensity,普陀区,310107014000,长风新村街道,street,True,90000,721,1756,reviewed Core+ district composition scenario,maximum-entropy independence prior fitted by RAS/IPF; deterministic controlled integer rounding,not applicable,1,0.0,True
low_office_intensity,普陀区,310107014000,长风新村街道,street,True,90000,723,387,reviewed Core+ district composition scenario,maximum-entropy independence prior fitted by RAS/IPF; deterministic controlled integer rounding,not applicable,1,0.0,True
low_office_intensity,普陀区,310107014000,长风新村街道,street,True,90000,724,2798,reviewed Core+ district composition scenario,maximum-entropy independence prior fitted by RAS/IPF; deterministic controlled integer rounding,not applicable,1,0.0,True
low_office_intensity,普陀区,310107014000,长风新村街道,street,True,90000,725,774,reviewed Core+ district composition scenario,maximum-entropy independence prior fitted by RAS/IPF; deterministic controlled integer rounding,not applicable,1,0.0,True
low_office_intensity,普陀区,310107014000,长风新村街道,street,True,90000,OTHER,68598,balancing non-office remainder,maximum-entropy independence prior fitted by RAS/IPF; deterministic controlled integer rounding,not applicable,1,0.0,True
low_office_intensity,普陀区,310107015000,长寿路街道,street,True,96000,I,10691,official district-by-industry,maximum-entropy independence prior fitted by RAS/IPF; deterministic controlled integer rounding,not applicable,1,0.0,True
low_office_intensity,普陀区,310107015000,长寿路街道,street,True,96000,J,0,official district-by-industry,maximum-entropy independence prior fitted by RAS/IPF; deterministic controlled integer rounding,not applicable,1,0.0,True
low_office_intensity,普陀区,310107015000,长寿路街道,street,True,96000,M,6041,official district-by-industry,maximum-entropy independence prior fitted by RAS/IPF; deterministic controlled integer rounding,not applicable,1,0.0,True
low_office_intensity,普陀区,310107015000,长寿路街道,street,True,96000,721,1873,reviewed Core+ district composition scenario,maximum-entropy independence prior fitted by RAS/IPF; deterministic controlled integer rounding,not applicable,1,0.0,True
low_office_intensity,普陀区,310107015000,长寿路街道,street,True,96000,723,413,reviewed Core+ district composition scenario,maximum-entropy independence prior fitted by RAS/IPF; deterministic controlled integer rounding,not applicable,1,0.0,True
low_office_intensity,普陀区,310107015000,长寿路街道,street,True,96000,724,2985,reviewed Core+ district composition scenario,maximum-entropy independence prior fitted by RAS/IPF; deterministic controlled integer rounding,not applicable,1,0.0,True
low_office_intensity,普陀区,310107015000,长寿路街道,street,True,96000,725,826,reviewed Core+ district composition scenario,maximum-entropy independence prior fitted by RAS/IPF; deterministic controlled integer rounding,not applicable,1,0.0,True
low_office_intensity,普陀区,310107015000,长寿路街道,street,True,96000,OTHER,73171,balancing non-office remainder,maximum-entropy independence prior fitted by RAS/IPF; deterministic controlled integer rounding,not applicable,1,0.0,True
low_office_intensity,普陀区,310107016000,甘泉路街道,street,True,21000,I,2339,official district-by-industry,maximum-entropy independence prior fitted by RAS/IPF; deterministic controlled integer rounding,not applicable,1,0.0,True
low_office_intensity,普陀区,310107016000,甘泉路街道,street,True,21000,J,0,official district-by-industry,maximum-entropy independence prior fitted by RAS/IPF; deterministic controlled integer rounding,not applicable,1,0.0,True
low_office_intensity,普陀区,310107016000,甘泉路街道,street,True,21000,M,1321,official district-by-industry,maximum-entropy independence prior fitted by RAS/IPF; deterministic controlled integer rounding,not applicable,1,0.0,True
low_office_intensity,普陀区,310107016000,甘泉路街道,street,True,21000,721,410,reviewed Core+ district composition scenario,maximum-entropy independence prior fitted by RAS/IPF; deterministic controlled integer rounding,not applicable,1,0.0,True
low_office_intensity,普陀区,310107016000,甘泉路街道,street,True,21000,723,90,reviewed Core+ district composition scenario,maximum-entropy independence prior fitted by RAS/IPF; deterministic controlled integer rounding,not applicable,1,0.0,True
low_office_intensity,普陀区,310107016000,甘泉路街道,street,True,21000,724,653,reviewed Core+ district composition scenario,maximum-entropy independence prior fitted by RAS/IPF; deterministic controlled integer rounding,not applicable,1,0.0,True
low_office_intensity,普陀区,310107016000,甘泉路街道,street,True,21000,725,181,reviewed Core+ district composition scenario,maximum-entropy independence prior fitted by RAS/IPF; deterministic controlled integer rounding,not applicable,1,0.0,True
low_office_intensity,普陀区,310107016000,甘泉路街道,street,True,21000,OTHER,16006,balancing non-office remainder,maximum-entropy independence prior fitted by RAS/IPF; deterministic controlled integer rounding,not applicable,1,0.0,True
low_office_intensity,普陀区,310107017000,石泉路街道,street,True,20000,I,2227,official district-by-industry,maximum-entropy independence prior fitted by RAS/IPF; deterministic controlled integer rounding,not applicable,1,0.0,True
low_office_intensity,普陀区,310107017000,石泉路街道,street,True,20000,J,0,official district-by-industry,maximum-entropy independence prior fitted by RAS/IPF; deterministic controlled integer rounding,not applicable,1,0.0,True
low_office_intensity,普陀区,310107017000,石泉路街道,street,True,20000,M,1259,official district-by-industry,maximum-entropy independence prior fitted by RAS/IPF; deterministic controlled integer rounding,not applicable,1,0.0,True
low_office_intensity,普陀区,310107017000,石泉路街道,street,True,20000,721,390,reviewed Core+ district composition scenario,maximum-entropy independence prior fitted by RAS/IPF; deterministic controlled integer rounding,not applicable,1,0.0,True
low_office_intensity,普陀区,310107017000,石泉路街道,street,True,20000,723,86,reviewed Core+ district composition scenario,maximum-entropy independence prior fitted by RAS/IPF; deterministic controlled integer rounding,not applicable,1,0.0,True
low_office_intensity,普陀区,310107017000,石泉路街道,street,True,20000,724,622,reviewed Core+ district composition scenario,maximum-entropy independence prior fitted by RAS/IPF; deterministic controlled integer rounding,not applicable,1,0.0,True
low_office_intensity,普陀区,310107017000,石泉路街道,street,True,20000,725,172,reviewed Core+ district composition scenario,maximum-entropy independence prior fitted by RAS/IPF; deterministic controlled integer rounding,not applicable,1,0.0,True
low_office_intensity,普陀区,310107017000,石泉路街道,street,True,20000,OTHER,15244,balancing non-office remainder,maximum-entropy independence prior fitted by RAS/IPF; deterministic controlled integer rounding,not applicable,1,0.0,True
low_office_intensity,普陀区,310107020000,宜川路街道,street,True,17000,I,1893,official district-by-industry,maximum-entropy independence prior fitted by RAS/IPF; deterministic controlled integer rounding,not applicable,1,0.0,True
low_office_intensity,普陀区,310107020000,宜川路街道,street,True,17000,J,0,official district-by-industry,maximum-entropy independence prior fitted by RAS/IPF; deterministic controlled integer rounding,not applicable,1,0.0,True
low_office_intensity,普陀区,310107020000,宜川路街道,street,True,17000,M,1070,official district-by-industry,maximum-entropy independence prior fitted by RAS/IPF; deterministic controlled integer rounding,not applicable,1,0.0,True
low_office_intensity,普陀区,310107020000,宜川路街道,street,True,17000,721,332,reviewed Core+ district composition scenario,maximum-entropy independence prior fitted by RAS/IPF; deterministic controlled integer rounding,not applicable,1,0.0,True
low_office_intensity,普陀区,310107020000,宜川路街道,street,True,17000,723,73,reviewed Core+ district composition scenario,maximum-entropy independence prior fitted by RAS/IPF; deterministic controlled integer rounding,not applicable,1,0.0,True
low_office_intensity,普陀区,310107020000,宜川路街道,street,True,17000,724,529,reviewed Core+ district composition scenario,maximum-entropy independence prior fitted by RAS/IPF; deterministic controlled integer rounding,not applicable,1,0.0,True
low_office_intensity,普陀区,310107020000,宜川路街道,street,True,17000,725,146,reviewed Core+ district composition scenario,maximum-entropy independence prior fitted by RAS/IPF; deterministic controlled integer rounding,not applicable,1,0.0,True
low_office_intensity,普陀区,310107020000,宜川路街道,street,True,17000,OTHER,12957,balancing non-office remainder,maximum-entropy independence prior fitted by RAS/IPF; deterministic controlled integer rounding,not applicable,1,0.0,True
low_office_intensity,普陀区,310107021000,真如镇街道,street,True,26000,I,2895,official district-by-industry,maximum-entropy independence prior fitted by RAS/IPF; deterministic controlled integer rounding,not applicable,1,0.0,True
low_office_intensity,普陀区,310107021000,真如镇街道,street,True,26000,J,0,official district-by-industry,maximum-entropy independence prior fitted by RAS/IPF; deterministic controlled integer rounding,not applicable,1,0.0,True
low_office_intensity,普陀区,310107021000,真如镇街道,street,True,26000,M,1636,official district-by-industry,maximum-entropy independence prior fitted by RAS/IPF; deterministic controlled integer rounding,not applicable,1,0.0,True
low_office_intensity,普陀区,310107021000,真如镇街道,street,True,26000,721,507,reviewed Core+ district composition scenario,maximum-entropy independence prior fitted by RAS/IPF; deterministic controlled integer rounding,not applicable,1,0.0,True
low_office_intensity,普陀区,310107021000,真如镇街道,street,True,26000,723,112,reviewed Core+ district composition scenario,maximum-entropy independence prior fitted by RAS/IPF; deterministic controlled integer rounding,not applicable,1,0.0,True
low_office_intensity,普陀区,310107021000,真如镇街道,street,True,26000,724,809,reviewed Core+ district composition scenario,maximum-entropy independence prior fitted by RAS/IPF; deterministic controlled integer rounding,not applicable,1,0.0,True
low_office_intensity,普陀区,310107021000,真如镇街道,street,True,26000,725,224,reviewed Core+ district composition scenario,maximum-entropy independence prior fitted by RAS/IPF; deterministic controlled integer rounding,not applicable,1,0.0,True
low_office_intensity,普陀区,310107021000,真如镇街道,street,True,26000,OTHER,19817,balancing non-office remainder,maximum-entropy independence prior fitted by RAS/IPF; deterministic controlled integer rounding,not applicable,1,0.0,True
low_office_intensity,普陀区,310107022000,万里街道,street,True,43000,I,4789,official district-by-industry,maximum-entropy independence prior fitted by RAS/IPF; deterministic controlled integer rounding,not applicable,1,0.0,True
low_office_intensity,普陀区,310107022000,万里街道,street,True,43000,J,0,official district-by-industry,maximum-entropy independence prior fitted by RAS/IPF; deterministic controlled integer rounding,not applicable,1,0.0,True
low_office_intensity,普陀区,310107022000,万里街道,street,True,43000,M,2706,official district-by-industry,maximum-entropy independence prior fitted by RAS/IPF; deterministic controlled integer rounding,not applicable,1,0.0,True
low_office_intensity,普陀区,310107022000,万里街道,street,True,43000,721,839,reviewed Core+ district composition scenario,maximum-entropy independence prior fitted by RAS/IPF; deterministic controlled integer rounding,not applicable,1,0.0,True
low_office_intensity,普陀区,310107022000,万里街道,street,True,43000,723,185,reviewed Core+ district composition scenario,maximum-entropy independence prior fitted by RAS/IPF; deterministic controlled integer rounding,not applicable,1,0.0,True
low_office_intensity,普陀区,310107022000,万里街道,street,True,43000,724,1337,reviewed Core+ district composition scenario,maximum-entropy independence prior fitted by RAS/IPF; deterministic controlled integer rounding,not applicable,1,0.0,True
low_office_intensity,普陀区,310107022000,万里街道,street,True,43000,725,370,reviewed Core+ district composition scenario,maximum-entropy independence prior fitted by RAS/IPF; deterministic controlled integer rounding,not applicable,1,0.0,True
low_office_intensity,普陀区,310107022000,万里街道,street,True,43000,OTHER,32774,balancing non-office remainder,maximum-entropy independence prior fitted by RAS/IPF; deterministic controlled integer rounding,not applicable,1,0.0,True
low_office_intensity,普陀区,310107102000,长征镇,town,True,112000,I,12473,official district-by-industry,maximum-entropy independence prior fitted by RAS/IPF; deterministic controlled integer rounding,not applicable,1,0.0,True
low_office_intensity,普陀区,310107102000,长征镇,town,True,112000,J,0,official district-by-industry,maximum-entropy independence prior fitted by RAS/IPF; deterministic controlled integer rounding,not applicable,1,0.0,True
low_office_intensity,普陀区,310107102000,长征镇,town,True,112000,M,7048,official district-by-industry,maximum-entropy independence prior fitted by RAS/IPF; deterministic controlled integer rounding,not applicable,1,0.0,True
low_office_intensity,普陀区,310107102000,长征镇,town,True,112000,721,2185,reviewed Core+ district composition scenario,maximum-entropy independence prior fitted by RAS/IPF; deterministic controlled integer rounding,not applicable,1,0.0,True
low_office_intensity,普陀区,310107102000,长征镇,town,True,112000,723,481,reviewed Core+ district composition scenario,maximum-entropy independence prior fitted by RAS/IPF; deterministic controlled integer rounding,not applicable,1,0.0,True
low_office_intensity,普陀区,310107102000,长征镇,town,True,112000,724,3483,reviewed Core+ district composition scenario,maximum-entropy independence prior fitted by RAS/IPF; deterministic controlled integer rounding,not applicable,1,0.0,True
low_office_intensity,普陀区,310107102000,长征镇,town,True,112000,725,963,reviewed Core+ district composition scenario,maximum-entropy independence prior fitted by RAS/IPF; deterministic controlled integer rounding,not applicable,1,0.0,True
low_office_intensity,普陀区,310107102000,长征镇,town,True,112000,OTHER,85367,balancing non-office remainder,maximum-entropy independence prior fitted by RAS/IPF; deterministic controlled integer rounding,not applicable,1,0.0,True
low_office_intensity,普陀区,310107103000,桃浦镇,town,True,65000,I,7239,official district-by-industry,maximum-entropy independence prior fitted by RAS/IPF; deterministic controlled integer rounding,not applicable,1,0.0,True
low_office_intensity,普陀区,310107103000,桃浦镇,town,True,65000,J,0,official district-by-industry,maximum-entropy independence prior fitted by RAS/IPF; deterministic controlled integer rounding,not applicable,1,0.0,True
low_office_intensity,普陀区,310107103000,桃浦镇,town,True,65000,M,4091,official district-by-industry,maximum-entropy independence prior fitted by RAS/IPF; deterministic controlled integer rounding,not applicable,1,0.0,True
low_office_intensity,普陀区,310107103000,桃浦镇,town,True,65000,721,1268,reviewed Core+ district composition scenario,maximum-entropy independence prior fitted by RAS/IPF; deterministic controlled integer rounding,not applicable,1,0.0,True
low_office_intensity,普陀区,310107103000,桃浦镇,town,True,65000,723,279,reviewed Core+ district composition scenario,maximum-entropy independence prior fitted by RAS/IPF; deterministic controlled integer rounding,not applicable,1,0.0,True
low_office_intensity,普陀区,310107103000,桃浦镇,town,True,65000,724,2021,reviewed Core+ district composition scenario,maximum-entropy independence prior fitted by RAS/IPF; deterministic controlled integer rounding,not applicable,1,0.0,True
low_office_intensity,普陀区,310107103000,桃浦镇,town,True,65000,725,559,reviewed Core+ district composition scenario,maximum-entropy independence prior fitted by RAS/IPF; deterministic controlled integer rounding,not applicable,1,0.0,True
low_office_intensity,普陀区,310107103000,桃浦镇,town,True,65000,OTHER,49543,balancing non-office remainder,maximum-entropy independence prior fitted by RAS/IPF; deterministic controlled integer rounding,not applicable,1,0.0,True
low_office_intensity,普陀区,310107-finance-residual,310107-finance-residual,residual,False,12969,I,0,official district-by-industry,bulletin-compatible fixed residual assignment before maximum-entropy RAS/IPF,official J assigned to finance-tied residual up to row total; remaining residual is OTHER,1,0.0,True
low_office_intensity,普陀区,310107-finance-residual,310107-finance-residual,residual,False,12969,J,11667,official district-by-industry,bulletin-compatible fixed residual assignment before maximum-entropy RAS/IPF,official J assigned to finance-tied residual up to row total; remaining residual is OTHER,1,0.0,True
low_office_intensity,普陀区,310107-finance-residual,310107-finance-residual,residual,False,12969,M,0,official district-by-industry,bulletin-compatible fixed residual assignment before maximum-entropy RAS/IPF,official J assigned to finance-tied residual up to row total; remaining residual is OTHER,1,0.0,True
low_office_intensity,普陀区,310107-finance-residual,310107-finance-residual,residual,False,12969,721,0,reviewed Core+ district composition scenario,bulletin-compatible fixed residual assignment before maximum-entropy RAS/IPF,official J assigned to finance-tied residual up to row total; remaining residual is OTHER,1,0.0,True
low_office_intensity,普陀区,310107-finance-residual,310107-finance-residual,residual,False,12969,723,0,reviewed Core+ district composition scenario,bulletin-compatible fixed residual assignment before maximum-entropy RAS/IPF,official J assigned to finance-tied residual up to row total; remaining residual is OTHER,1,0.0,True
low_office_intensity,普陀区,310107-finance-residual,310107-finance-residual,residual,False,12969,724,0,reviewed Core+ district composition scenario,bulletin-compatible fixed residual assignment before maximum-entropy RAS/IPF,official J assigned to finance-tied residual up to row total; remaining residual is OTHER,1,0.0,True
low_office_intensity,普陀区,310107-finance-residual,310107-finance-residual,residual,False,12969,725,0,reviewed Core+ district composition scenario,bulletin-compatible fixed residual assignment before maximum-entropy RAS/IPF,official J assigned to finance-tied residual up to row total; remaining residual is OTHER,1,0.0,True
low_office_intensity,普陀区,310107-finance-residual,310107-finance-residual,residual,False,12969,OTHER,1302,balancing non-office remainder,bulletin-compatible fixed residual assignment before maximum-entropy RAS/IPF,official J assigned to finance-tied residual up to row total; remaining residual is OTHER,1,0.0,True
low_office_intensity,虹口区,310109009000,欧阳路街道,street,True,21300,I,1098,official district-by-industry,maximum-entropy independence prior fitted by RAS/IPF; deterministic controlled integer rounding,not applicable,1,7.275957614183426e-12,True
low_office_intensity,虹口区,310109009000,欧阳路街道,street,True,21300,J,1575,official district-by-industry,maximum-entropy independence prior fitted by RAS/IPF; deterministic controlled integer rounding,not applicable,1,7.275957614183426e-12,True
low_office_intensity,虹口区,310109009000,欧阳路街道,street,True,21300,M,1026,official district-by-industry,maximum-entropy independence prior fitted by RAS/IPF; deterministic controlled integer rounding,not applicable,1,7.275957614183426e-12,True
low_office_intensity,虹口区,310109009000,欧阳路街道,street,True,21300,721,338,reviewed Core+ district composition scenario,maximum-entropy independence prior fitted by RAS/IPF; deterministic controlled integer rounding,not applicable,1,7.275957614183426e-12,True
low_office_intensity,虹口区,310109009000,欧阳路街道,street,True,21300,723,74,reviewed Core+ district composition scenario,maximum-entropy independence prior fitted by RAS/IPF; deterministic controlled integer rounding,not applicable,1,7.275957614183426e-12,True
low_office_intensity,虹口区,310109009000,欧阳路街道,street,True,21300,724,539,reviewed Core+ district composition scenario,maximum-entropy independence prior fitted by RAS/IPF; deterministic controlled integer rounding,not applicable,1,7.275957614183426e-12,True
low_office_intensity,虹口区,310109009000,欧阳路街道,street,True,21300,725,149,reviewed Core+ district composition scenario,maximum-entropy independence prior fitted by RAS/IPF; deterministic controlled integer rounding,not applicable,1,7.275957614183426e-12,True
low_office_intensity,虹口区,310109009000,欧阳路街道,street,True,21300,OTHER,16501,balancing non-office remainder,maximum-entropy independence prior fitted by RAS/IPF; deterministic controlled integer rounding,not applicable,1,7.275957614183426e-12,True
low_office_intensity,虹口区,310109010000,曲阳路街道,street,True,46159,I,2379,official district-by-industry,maximum-entropy independence prior fitted by RAS/IPF; deterministic controlled integer rounding,not applicable,1,7.275957614183426e-12,True
low_office_intensity,虹口区,310109010000,曲阳路街道,street,True,46159,J,3413,official district-by-industry,maximum-entropy independence prior fitted by RAS/IPF; deterministic controlled integer rounding,not applicable,1,7.275957614183426e-12,True
low_office_intensity,虹口区,310109010000,曲阳路街道,street,True,46159,M,2223,official district-by-industry,maximum-entropy independence prior fitted by RAS/IPF; deterministic controlled integer rounding,not applicable,1,7.275957614183426e-12,True
low_office_intensity,虹口区,310109010000,曲阳路街道,street,True,46159,721,732,reviewed Core+ district composition scenario,maximum-entropy independence prior fitted by RAS/IPF; deterministic controlled integer rounding,not applicable,1,7.275957614183426e-12,True
low_office_intensity,虹口区,310109010000,曲阳路街道,street,True,46159,723,162,reviewed Core+ district composition scenario,maximum-entropy independence prior fitted by RAS/IPF; deterministic controlled integer rounding,not applicable,1,7.275957614183426e-12,True
low_office_intensity,虹口区,310109010000,曲阳路街道,street,True,46159,724,1167,reviewed Core+ district composition scenario,maximum-entropy independence prior fitted by RAS/IPF; deterministic controlled integer rounding,not applicable,1,7.275957614183426e-12,True
low_office_intensity,虹口区,310109010000,曲阳路街道,street,True,46159,725,323,reviewed Core+ district composition scenario,maximum-entropy independence prior fitted by RAS/IPF; deterministic controlled integer rounding,not applicable,1,7.275957614183426e-12,True
low_office_intensity,虹口区,310109010000,曲阳路街道,street,True,46159,OTHER,35760,balancing non-office remainder,maximum-entropy independence prior fitted by RAS/IPF; deterministic controlled integer rounding,not applicable,1,7.275957614183426e-12,True
low_office_intensity,虹口区,310109011000,广中路街道,street,True,33773,I,1741,official district-by-industry,maximum-entropy independence prior fitted by RAS/IPF; deterministic controlled integer rounding,not applicable,1,7.275957614183426e-12,True
low_office_intensity,虹口区,310109011000,广中路街道,street,True,33773,J,2497,official district-by-industry,maximum-entropy independence prior fitted by RAS/IPF; deterministic controlled integer rounding,not applicable,1,7.275957614183426e-12,True
low_office_intensity,虹口区,310109011000,广中路街道,street,True,33773,M,1626,official district-by-industry,maximum-entropy independence prior fitted by RAS/IPF; deterministic controlled integer rounding,not applicable,1,7.275957614183426e-12,True
low_office_intensity,虹口区,310109011000,广中路街道,street,True,33773,721,536,reviewed Core+ district composition scenario,maximum-entropy independence prior fitted by RAS/IPF; deterministic controlled integer rounding,not applicable,1,7.275957614183426e-12,True
low_office_intensity,虹口区,310109011000,广中路街道,street,True,33773,723,118,reviewed Core+ district composition scenario,maximum-entropy independence prior fitted by RAS/IPF; deterministic controlled integer rounding,not applicable,1,7.275957614183426e-12,True
low_office_intensity,虹口区,310109011000,广中路街道,street,True,33773,724,854,reviewed Core+ district composition scenario,maximum-entropy independence prior fitted by RAS/IPF; deterministic controlled integer rounding,not applicable,1,7.275957614183426e-12,True
low_office_intensity,虹口区,310109011000,广中路街道,street,True,33773,725,236,reviewed Core+ district composition scenario,maximum-entropy independence prior fitted by RAS/IPF; deterministic controlled integer rounding,not applicable,1,7.275957614183426e-12,True
low_office_intensity,虹口区,310109011000,广中路街道,street,True,33773,OTHER,26165,balancing non-office remainder,maximum-entropy independence prior fitted by RAS/IPF; deterministic controlled integer rounding,not applicable,1,7.275957614183426e-12,True
low_office_intensity,虹口区,310109014000,嘉兴路街道,street,True,40429,I,2083,official district-by-industry,maximum-entropy independence prior fitted by RAS/IPF; deterministic controlled integer rounding,not applicable,1,7.275957614183426e-12,True
low_office_intensity,虹口区,310109014000,嘉兴路街道,street,True,40429,J,2989,official district-by-industry,maximum-entropy independence prior fitted by RAS/IPF; deterministic controlled integer rounding,not applicable,1,7.275957614183426e-12,True
low_office_intensity,虹口区,310109014000,嘉兴路街道,street,True,40429,M,1947,official district-by-industry,maximum-entropy independence prior fitted by RAS/IPF; deterministic controlled integer rounding,not applicable,1,7.275957614183426e-12,True
low_office_intensity,虹口区,310109014000,嘉兴路街道,street,True,40429,721,642,reviewed Core+ district composition scenario,maximum-entropy independence prior fitted by RAS/IPF; deterministic controlled integer rounding,not applicable,1,7.275957614183426e-12,True
low_office_intensity,虹口区,310109014000,嘉兴路街道,street,True,40429,723,141,reviewed Core+ district composition scenario,maximum-entropy independence prior fitted by RAS/IPF; deterministic controlled integer rounding,not applicable,1,7.275957614183426e-12,True
low_office_intensity,虹口区,310109014000,嘉兴路街道,street,True,40429,724,1023,reviewed Core+ district composition scenario,maximum-entropy independence prior fitted by RAS/IPF; deterministic controlled integer rounding,not applicable,1,7.275957614183426e-12,True
low_office_intensity,虹口区,310109014000,嘉兴路街道,street,True,40429,725,283,reviewed Core+ district composition scenario,maximum-entropy independence prior fitted by RAS/IPF; deterministic controlled integer rounding,not applicable,1,7.275957614183426e-12,True
low_office_intensity,虹口区,310109014000,嘉兴路街道,street,True,40429,OTHER,31321,balancing non-office remainder,maximum-entropy independence prior fitted by RAS/IPF; deterministic controlled integer rounding,not applicable,1,7.275957614183426e-12,True
low_office_intensity,虹口区,310109016000,凉城新村街道,street,True,23538,I,1213,official district-by-industry,maximum-entropy independence prior fitted by RAS/IPF; deterministic controlled integer rounding,not applicable,1,7.275957614183426e-12,True
low_office_intensity,虹口区,310109016000,凉城新村街道,street,True,23538,J,1740,official district-by-industry,maximum-entropy independence prior fitted by RAS/IPF; deterministic controlled integer rounding,not applicable,1,7.275957614183426e-12,True
low_office_intensity,虹口区,310109016000,凉城新村街道,street,True,23538,M,1133,official district-by-industry,maximum-entropy independence prior fitted by RAS/IPF; deterministic controlled integer rounding,not applicable,1,7.275957614183426e-12,True
low_office_intensity,虹口区,310109016000,凉城新村街道,street,True,23538,721,374,reviewed Core+ district composition scenario,maximum-entropy independence prior fitted by RAS/IPF; deterministic controlled integer rounding,not applicable,1,7.275957614183426e-12,True
low_office_intensity,虹口区,310109016000,凉城新村街道,street,True,23538,723,83,reviewed Core+ district composition scenario,maximum-entropy independence prior fitted by RAS/IPF; deterministic controlled integer rounding,not applicable,1,7.275957614183426e-12,True
low_office_intensity,虹口区,310109016000,凉城新村街道,street,True,23538,724,595,reviewed Core+ district composition scenario,maximum-entropy independence prior fitted by RAS/IPF; deterministic controlled integer rounding,not applicable,1,7.275957614183426e-12,True
low_office_intensity,虹口区,310109016000,凉城新村街道,street,True,23538,725,164,reviewed Core+ district composition scenario,maximum-entropy independence prior fitted by RAS/IPF; deterministic controlled integer rounding,not applicable,1,7.275957614183426e-12,True
low_office_intensity,虹口区,310109016000,凉城新村街道,street,True,23538,OTHER,18236,balancing non-office remainder,maximum-entropy independence prior fitted by RAS/IPF; deterministic controlled integer rounding,not applicable,1,7.275957614183426e-12,True
low_office_intensity,虹口区,310109017000,四川北路街道,street,True,51996,I,2679,official district-by-industry,maximum-entropy independence prior fitted by RAS/IPF; deterministic controlled integer rounding,not applicable,1,7.275957614183426e-12,True
low_office_intensity,虹口区,310109017000,四川北路街道,street,True,51996,J,3844,official district-by-industry,maximum-entropy independence prior fitted by RAS/IPF; deterministic controlled integer rounding,not applicable,1,7.275957614183426e-12,True
low_office_intensity,虹口区,310109017000,四川北路街道,street,True,51996,M,2504,official district-by-industry,maximum-entropy independence prior fitted by RAS/IPF; deterministic controlled integer rounding,not applicable,1,7.275957614183426e-12,True
low_office_intensity,虹口区,310109017000,四川北路街道,street,True,51996,721,825,reviewed Core+ district composition scenario,maximum-entropy independence prior fitted by RAS/IPF; deterministic controlled integer rounding,not applicable,1,7.275957614183426e-12,True
low_office_intensity,虹口区,310109017000,四川北路街道,street,True,51996,723,182,reviewed Core+ district composition scenario,maximum-entropy independence prior fitted by RAS/IPF; deterministic controlled integer rounding,not applicable,1,7.275957614183426e-12,True
low_office_intensity,虹口区,310109017000,四川北路街道,street,True,51996,724,1315,reviewed Core+ district composition scenario,maximum-entropy independence prior fitted by RAS/IPF; deterministic controlled integer rounding,not applicable,1,7.275957614183426e-12,True
low_office_intensity,虹口区,310109017000,四川北路街道,street,True,51996,725,364,reviewed Core+ district composition scenario,maximum-entropy independence prior fitted by RAS/IPF; deterministic controlled integer rounding,not applicable,1,7.275957614183426e-12,True
low_office_intensity,虹口区,310109017000,四川北路街道,street,True,51996,OTHER,40283,balancing non-office remainder,maximum-entropy independence prior fitted by RAS/IPF; deterministic controlled integer rounding,not applicable,1,7.275957614183426e-12,True
low_office_intensity,虹口区,310109018000,北外滩街道,street,True,133468,I,6878,official district-by-industry,maximum-entropy independence prior fitted by RAS/IPF; deterministic controlled integer rounding,not applicable,1,7.275957614183426e-12,True
low_office_intensity,虹口区,310109018000,北外滩街道,street,True,133468,J,9868,official district-by-industry,maximum-entropy independence prior fitted by RAS/IPF; deterministic controlled integer rounding,not applicable,1,7.275957614183426e-12,True
low_office_intensity,虹口区,310109018000,北外滩街道,street,True,133468,M,6426,official district-by-industry,maximum-entropy independence prior fitted by RAS/IPF; deterministic controlled integer rounding,not applicable,1,7.275957614183426e-12,True
low_office_intensity,虹口区,310109018000,北外滩街道,street,True,133468,721,2118,reviewed Core+ district composition scenario,maximum-entropy independence prior fitted by RAS/IPF; deterministic controlled integer rounding,not applicable,1,7.275957614183426e-12,True
low_office_intensity,虹口区,310109018000,北外滩街道,street,True,133468,723,467,reviewed Core+ district composition scenario,maximum-entropy independence prior fitted by RAS/IPF; deterministic controlled integer rounding,not applicable,1,7.275957614183426e-12,True
low_office_intensity,虹口区,310109018000,北外滩街道,street,True,133468,724,3376,reviewed Core+ district composition scenario,maximum-entropy independence prior fitted by RAS/IPF; deterministic controlled integer rounding,not applicable,1,7.275957614183426e-12,True
low_office_intensity,虹口区,310109018000,北外滩街道,street,True,133468,725,934,reviewed Core+ district composition scenario,maximum-entropy independence prior fitted by RAS/IPF; deterministic controlled integer rounding,not applicable,1,7.275957614183426e-12,True
low_office_intensity,虹口区,310109018000,北外滩街道,street,True,133468,OTHER,103401,balancing non-office remainder,maximum-entropy independence prior fitted by RAS/IPF; deterministic controlled integer rounding,not applicable,1,7.275957614183426e-12,True
low_office_intensity,虹口区,310109019000,江湾镇街道,street,True,29170,I,1503,official district-by-industry,maximum-entropy independence prior fitted by RAS/IPF; deterministic controlled integer rounding,not applicable,1,7.275957614183426e-12,True
low_office_intensity,虹口区,310109019000,江湾镇街道,street,True,29170,J,2157,official district-by-industry,maximum-entropy independence prior fitted by RAS/IPF; deterministic controlled integer rounding,not applicable,1,7.275957614183426e-12,True
low_office_intensity,虹口区,310109019000,江湾镇街道,street,True,29170,M,1404,official district-by-industry,maximum-entropy independence prior fitted by RAS/IPF; deterministic controlled integer rounding,not applicable,1,7.275957614183426e-12,True
low_office_intensity,虹口区,310109019000,江湾镇街道,street,True,29170,721,463,reviewed Core+ district composition scenario,maximum-entropy independence prior fitted by RAS/IPF; deterministic controlled integer rounding,not applicable,1,7.275957614183426e-12,True
low_office_intensity,虹口区,310109019000,江湾镇街道,street,True,29170,723,102,reviewed Core+ district composition scenario,maximum-entropy independence prior fitted by RAS/IPF; deterministic controlled integer rounding,not applicable,1,7.275957614183426e-12,True
low_office_intensity,虹口区,310109019000,江湾镇街道,street,True,29170,724,738,reviewed Core+ district composition scenario,maximum-entropy independence prior fitted by RAS/IPF; deterministic controlled integer rounding,not applicable,1,7.275957614183426e-12,True
low_office_intensity,虹口区,310109019000,江湾镇街道,street,True,29170,725,204,reviewed Core+ district composition scenario,maximum-entropy independence prior fitted by RAS/IPF; deterministic controlled integer rounding,not applicable,1,7.275957614183426e-12,True
low_office_intensity,虹口区,310109019000,江湾镇街道,street,True,29170,OTHER,22599,balancing non-office remainder,maximum-entropy independence prior fitted by RAS/IPF; deterministic controlled integer rounding,not applicable,1,7.275957614183426e-12,True
low_office_intensity,虹口区,310109-special-channel-residual,310109-special-channel-residual,residual,False,29556,I,1523,official district-by-industry,maximum-entropy independence prior fitted by RAS/IPF; deterministic controlled integer rounding,IPF because bulletin residual is not sector-classified,1,7.275957614183426e-12,True
low_office_intensity,虹口区,310109-special-channel-residual,310109-special-channel-residual,residual,False,29556,J,2185,official district-by-industry,maximum-entropy independence prior fitted by RAS/IPF; deterministic controlled integer rounding,IPF because bulletin residual is not sector-classified,1,7.275957614183426e-12,True
low_office_intensity,虹口区,310109-special-channel-residual,310109-special-channel-residual,residual,False,29556,M,1423,official district-by-industry,maximum-entropy independence prior fitted by RAS/IPF; deterministic controlled integer rounding,IPF because bulletin residual is not sector-classified,1,7.275957614183426e-12,True
low_office_intensity,虹口区,310109-special-channel-residual,310109-special-channel-residual,residual,False,29556,721,469,reviewed Core+ district composition scenario,maximum-entropy independence prior fitted by RAS/IPF; deterministic controlled integer rounding,IPF because bulletin residual is not sector-classified,1,7.275957614183426e-12,True
low_office_intensity,虹口区,310109-special-channel-residual,310109-special-channel-residual,residual,False,29556,723,103,reviewed Core+ district composition scenario,maximum-entropy independence prior fitted by RAS/IPF; deterministic controlled integer rounding,IPF because bulletin residual is not sector-classified,1,7.275957614183426e-12,True
low_office_intensity,虹口区,310109-special-channel-residual,310109-special-channel-residual,residual,False,29556,724,748,reviewed Core+ district composition scenario,maximum-entropy independence prior fitted by RAS/IPF; deterministic controlled integer rounding,IPF because bulletin residual is not sector-classified,1,7.275957614183426e-12,True
low_office_intensity,虹口区,310109-special-channel-residual,310109-special-channel-residual,residual,False,29556,725,207,reviewed Core+ district composition scenario,maximum-entropy independence prior fitted by RAS/IPF; deterministic controlled integer rounding,IPF because bulletin residual is not sector-classified,1,7.275957614183426e-12,True
low_office_intensity,虹口区,310109-special-channel-residual,310109-special-channel-residual,residual,False,29556,OTHER,22898,balancing non-office remainder,maximum-entropy independence prior fitted by RAS/IPF; deterministic controlled integer rounding,IPF because bulletin residual is not sector-classified,1,7.275957614183426e-12,True
low_office_intensity,杨浦区,310110001000,定海路街道,street,True,30849,I,5050,official district-by-industry,maximum-entropy independence prior fitted by RAS/IPF; deterministic controlled integer rounding,not applicable,1,7.275957614183426e-12,True
low_office_intensity,杨浦区,310110001000,定海路街道,street,True,30849,J,0,official district-by-industry,maximum-entropy independence prior fitted by RAS/IPF; deterministic controlled integer rounding,not applicable,1,7.275957614183426e-12,True
low_office_intensity,杨浦区,310110001000,定海路街道,street,True,30849,M,3432,official district-by-industry,maximum-entropy independence prior fitted by RAS/IPF; deterministic controlled integer rounding,not applicable,1,7.275957614183426e-12,True
low_office_intensity,杨浦区,310110001000,定海路街道,street,True,30849,721,406,reviewed Core+ district composition scenario,maximum-entropy independence prior fitted by RAS/IPF; deterministic controlled integer rounding,not applicable,1,7.275957614183426e-12,True
low_office_intensity,杨浦区,310110001000,定海路街道,street,True,30849,723,90,reviewed Core+ district composition scenario,maximum-entropy independence prior fitted by RAS/IPF; deterministic controlled integer rounding,not applicable,1,7.275957614183426e-12,True
low_office_intensity,杨浦区,310110001000,定海路街道,street,True,30849,724,648,reviewed Core+ district composition scenario,maximum-entropy independence prior fitted by RAS/IPF; deterministic controlled integer rounding,not applicable,1,7.275957614183426e-12,True
low_office_intensity,杨浦区,310110001000,定海路街道,street,True,30849,725,179,reviewed Core+ district composition scenario,maximum-entropy independence prior fitted by RAS/IPF; deterministic controlled integer rounding,not applicable,1,7.275957614183426e-12,True
low_office_intensity,杨浦区,310110001000,定海路街道,street,True,30849,OTHER,21044,balancing non-office remainder,maximum-entropy independence prior fitted by RAS/IPF; deterministic controlled integer rounding,not applicable,1,7.275957614183426e-12,True
low_office_intensity,杨浦区,310110006000,平凉路街道,street,True,49638,I,8126,official district-by-industry,maximum-entropy independence prior fitted by RAS/IPF; deterministic controlled integer rounding,not applicable,1,7.275957614183426e-12,True
low_office_intensity,杨浦区,310110006000,平凉路街道,street,True,49638,J,0,official district-by-industry,maximum-entropy independence prior fitted by RAS/IPF; deterministic controlled integer rounding,not applicable,1,7.275957614183426e-12,True
low_office_intensity,杨浦区,310110006000,平凉路街道,street,True,49638,M,5522,official district-by-industry,maximum-entropy independence prior fitted by RAS/IPF; deterministic controlled integer rounding,not applicable,1,7.275957614183426e-12,True
low_office_intensity,杨浦区,310110006000,平凉路街道,street,True,49638,721,654,reviewed Core+ district composition scenario,maximum-entropy independence prior fitted by RAS/IPF; deterministic controlled integer rounding,not applicable,1,7.275957614183426e-12,True
low_office_intensity,杨浦区,310110006000,平凉路街道,street,True,49638,723,144,reviewed Core+ district composition scenario,maximum-entropy independence prior fitted by RAS/IPF; deterministic controlled integer rounding,not applicable,1,7.275957614183426e-12,True
low_office_intensity,杨浦区,310110006000,平凉路街道,street,True,49638,724,1042,reviewed Core+ district composition scenario,maximum-entropy independence prior fitted by RAS/IPF; deterministic controlled integer rounding,not applicable,1,7.275957614183426e-12,True
low_office_intensity,杨浦区,310110006000,平凉路街道,street,True,49638,725,288,reviewed Core+ district composition scenario,maximum-entropy independence prior fitted by RAS/IPF; deterministic controlled integer rounding,not applicable,1,7.275957614183426e-12,True
low_office_intensity,杨浦区,310110006000,平凉路街道,street,True,49638,OTHER,33862,balancing non-office remainder,maximum-entropy independence prior fitted by RAS/IPF; deterministic controlled integer rounding,not applicable,1,7.275957614183426e-12,True
low_office_intensity,杨浦区,310110008000,江浦路街道,street,True,44382,I,7266,official district-by-industry,maximum-entropy independence prior fitted by RAS/IPF; deterministic controlled integer rounding,not applicable,1,7.275957614183426e-12,True
low_office_intensity,杨浦区,310110008000,江浦路街道,street,True,44382,J,0,official district-by-industry,maximum-entropy independence prior fitted by RAS/IPF; deterministic controlled integer rounding,not applicable,1,7.275957614183426e-12,True
low_office_intensity,杨浦区,310110008000,江浦路街道,street,True,44382,M,4937,official district-by-industry,maximum-entropy independence prior fitted by RAS/IPF; deterministic controlled integer rounding,not applicable,1,7.275957614183426e-12,True
low_office_intensity,杨浦区,310110008000,江浦路街道,street,True,44382,721,585,reviewed Core+ district composition scenario,maximum-entropy independence prior fitted by RAS/IPF; deterministic controlled integer rounding,not applicable,1,7.275957614183426e-12,True
low_office_intensity,杨浦区,310110008000,江浦路街道,street,True,44382,723,129,reviewed Core+ district composition scenario,maximum-entropy independence prior fitted by RAS/IPF; deterministic controlled integer rounding,not applicable,1,7.275957614183426e-12,True
low_office_intensity,杨浦区,310110008000,江浦路街道,street,True,44382,724,931,reviewed Core+ district composition scenario,maximum-entropy independence prior fitted by RAS/IPF; deterministic controlled integer rounding,not applicable,1,7.275957614183426e-12,True
low_office_intensity,杨浦区,310110008000,江浦路街道,street,True,44382,725,258,reviewed Core+ district composition scenario,maximum-entropy independence prior fitted by RAS/IPF; deterministic controlled integer rounding,not applicable,1,7.275957614183426e-12,True
low_office_intensity,杨浦区,310110008000,江浦路街道,street,True,44382,OTHER,30276,balancing non-office remainder,maximum-entropy independence prior fitted by RAS/IPF; deterministic controlled integer rounding,not applicable,1,7.275957614183426e-12,True
low_office_intensity,杨浦区,310110009000,四平路街道,street,True,45502,I,7449,official district-by-industry,maximum-entropy independence prior fitted by RAS/IPF; deterministic controlled integer rounding,not applicable,1,7.275957614183426e-12,True
low_office_intensity,杨浦区,310110009000,四平路街道,street,True,45502,J,0,official district-by-industry,maximum-entropy independence prior fitted by RAS/IPF; deterministic controlled integer rounding,not applicable,1,7.275957614183426e-12,True
low_office_intensity,杨浦区,310110009000,四平路街道,street,True,45502,M,5062,official district-by-industry,maximum-entropy independence prior fitted by RAS/IPF; deterministic controlled integer rounding,not applicable,1,7.275957614183426e-12,True
low_office_intensity,杨浦区,310110009000,四平路街道,street,True,45502,721,599,reviewed Core+ district composition scenario,maximum-entropy independence prior fitted by RAS/IPF; deterministic controlled integer rounding,not applicable,1,7.275957614183426e-12,True
low_office_intensity,杨浦区,310110009000,四平路街道,street,True,45502,723,132,reviewed Core+ district composition scenario,maximum-entropy independence prior fitted by RAS/IPF; deterministic controlled integer rounding,not applicable,1,7.275957614183426e-12,True
low_office_intensity,杨浦区,310110009000,四平路街道,street,True,45502,724,955,reviewed Core+ district composition scenario,maximum-entropy independence prior fitted by RAS/IPF; deterministic controlled integer rounding,not applicable,1,7.275957614183426e-12,True
low_office_intensity,杨浦区,310110009000,四平路街道,street,True,45502,725,264,reviewed Core+ district composition scenario,maximum-entropy independence prior fitted by RAS/IPF; deterministic controlled integer rounding,not applicable,1,7.275957614183426e-12,True
low_office_intensity,杨浦区,310110009000,四平路街道,street,True,45502,OTHER,31041,balancing non-office remainder,maximum-entropy independence prior fitted by RAS/IPF; deterministic controlled integer rounding,not applicable,1,7.275957614183426e-12,True
low_office_intensity,杨浦区,310110012000,控江路街道,street,True,15491,I,2536,official district-by-industry,maximum-entropy independence prior fitted by RAS/IPF; deterministic controlled integer rounding,not applicable,1,7.275957614183426e-12,True
low_office_intensity,杨浦区,310110012000,控江路街道,street,True,15491,J,0,official district-by-industry,maximum-entropy independence prior fitted by RAS/IPF; deterministic controlled integer rounding,not applicable,1,7.275957614183426e-12,True
low_office_intensity,杨浦区,310110012000,控江路街道,street,True,15491,M,1723,official district-by-industry,maximum-entropy independence prior fitted by RAS/IPF; deterministic controlled integer rounding,not applicable,1,7.275957614183426e-12,True
low_office_intensity,杨浦区,310110012000,控江路街道,street,True,15491,721,204,reviewed Core+ district composition scenario,maximum-entropy independence prior fitted by RAS/IPF; deterministic controlled integer rounding,not applicable,1,7.275957614183426e-12,True
low_office_intensity,杨浦区,310110012000,控江路街道,street,True,15491,723,45,reviewed Core+ district composition scenario,maximum-entropy independence prior fitted by RAS/IPF; deterministic controlled integer rounding,not applicable,1,7.275957614183426e-12,True
low_office_intensity,杨浦区,310110012000,控江路街道,street,True,15491,724,325,reviewed Core+ district composition scenario,maximum-entropy independence prior fitted by RAS/IPF; deterministic controlled integer rounding,not applicable,1,7.275957614183426e-12,True
low_office_intensity,杨浦区,310110012000,控江路街道,street,True,15491,725,90,reviewed Core+ district composition scenario,maximum-entropy independence prior fitted by RAS/IPF; deterministic controlled integer rounding,not applicable,1,7.275957614183426e-12,True
low_office_intensity,杨浦区,310110012000,控江路街道,street,True,15491,OTHER,10568,balancing non-office remainder,maximum-entropy independence prior fitted by RAS/IPF; deterministic controlled integer rounding,not applicable,1,7.275957614183426e-12,True
low_office_intensity,杨浦区,310110013000,长白新村街道,street,True,11271,I,1845,official district-by-industry,maximum-entropy independence prior fitted by RAS/IPF; deterministic controlled integer rounding,not applicable,1,7.275957614183426e-12,True
low_office_intensity,杨浦区,310110013000,长白新村街道,street,True,11271,J,0,official district-by-industry,maximum-entropy independence prior fitted by RAS/IPF; deterministic controlled integer rounding,not applicable,1,7.275957614183426e-12,True
low_office_intensity,杨浦区,310110013000,长白新村街道,street,True,11271,M,1254,official district-by-industry,maximum-entropy independence prior fitted by RAS/IPF; deterministic controlled integer rounding,not applicable,1,7.275957614183426e-12,True
low_office_intensity,杨浦区,310110013000,长白新村街道,street,True,11271,721,148,reviewed Core+ district composition scenario,maximum-entropy independence prior fitted by RAS/IPF; deterministic controlled integer rounding,not applicable,1,7.275957614183426e-12,True
low_office_intensity,杨浦区,310110013000,长白新村街道,street,True,11271,723,33,reviewed Core+ district composition scenario,maximum-entropy independence prior fitted by RAS/IPF; deterministic controlled integer rounding,not applicable,1,7.275957614183426e-12,True
low_office_intensity,杨浦区,310110013000,长白新村街道,street,True,11271,724,236,reviewed Core+ district composition scenario,maximum-entropy independence prior fitted by RAS/IPF; deterministic controlled integer rounding,not applicable,1,7.275957614183426e-12,True
low_office_intensity,杨浦区,310110013000,长白新村街道,street,True,11271,725,66,reviewed Core+ district composition scenario,maximum-entropy independence prior fitted by RAS/IPF; deterministic controlled integer rounding,not applicable,1,7.275957614183426e-12,True
low_office_intensity,杨浦区,310110013000,长白新村街道,street,True,11271,OTHER,7689,balancing non-office remainder,maximum-entropy independence prior fitted by RAS/IPF; deterministic controlled integer rounding,not applicable,1,7.275957614183426e-12,True
low_office_intensity,杨浦区,310110015000,延吉新村街道,street,True,13326,I,2182,official district-by-industry,maximum-entropy independence prior fitted by RAS/IPF; deterministic controlled integer rounding,not applicable,1,7.275957614183426e-12,True
low_office_intensity,杨浦区,310110015000,延吉新村街道,street,True,13326,J,0,official district-by-industry,maximum-entropy independence prior fitted by RAS/IPF; deterministic controlled integer rounding,not applicable,1,7.275957614183426e-12,True
low_office_intensity,杨浦区,310110015000,延吉新村街道,street,True,13326,M,1483,official district-by-industry,maximum-entropy independence prior fitted by RAS/IPF; deterministic controlled integer rounding,not applicable,1,7.275957614183426e-12,True
low_office_intensity,杨浦区,310110015000,延吉新村街道,street,True,13326,721,176,reviewed Core+ district composition scenario,maximum-entropy independence prior fitted by RAS/IPF; deterministic controlled integer rounding,not applicable,1,7.275957614183426e-12,True
low_office_intensity,杨浦区,310110015000,延吉新村街道,street,True,13326,723,39,reviewed Core+ district composition scenario,maximum-entropy independence prior fitted by RAS/IPF; deterministic controlled integer rounding,not applicable,1,7.275957614183426e-12,True
low_office_intensity,杨浦区,310110015000,延吉新村街道,street,True,13326,724,279,reviewed Core+ district composition scenario,maximum-entropy independence prior fitted by RAS/IPF; deterministic controlled integer rounding,not applicable,1,7.275957614183426e-12,True
low_office_intensity,杨浦区,310110015000,延吉新村街道,street,True,13326,725,77,reviewed Core+ district composition scenario,maximum-entropy independence prior fitted by RAS/IPF; deterministic controlled integer rounding,not applicable,1,7.275957614183426e-12,True
low_office_intensity,杨浦区,310110015000,延吉新村街道,street,True,13326,OTHER,9090,balancing non-office remainder,maximum-entropy independence prior fitted by RAS/IPF; deterministic controlled integer rounding,not applicable,1,7.275957614183426e-12,True
low_office_intensity,杨浦区,310110016000,殷行街道,street,True,16658,I,2727,official district-by-industry,maximum-entropy independence prior fitted by RAS/IPF; deterministic controlled integer rounding,not applicable,1,7.275957614183426e-12,True
low_office_intensity,杨浦区,310110016000,殷行街道,street,True,16658,J,0,official district-by-industry,maximum-entropy independence prior fitted by RAS/IPF; deterministic controlled integer rounding,not applicable,1,7.275957614183426e-12,True
low_office_intensity,杨浦区,310110016000,殷行街道,street,True,16658,M,1853,official district-by-industry,maximum-entropy independence prior fitted by RAS/IPF; deterministic controlled integer rounding,not applicable,1,7.275957614183426e-12,True
low_office_intensity,杨浦区,310110016000,殷行街道,street,True,16658,721,219,reviewed Core+ district composition scenario,maximum-entropy independence prior fitted by RAS/IPF; deterministic controlled integer rounding,not applicable,1,7.275957614183426e-12,True
low_office_intensity,杨浦区,310110016000,殷行街道,street,True,16658,723,48,reviewed Core+ district composition scenario,maximum-entropy independence prior fitted by RAS/IPF; deterministic controlled integer rounding,not applicable,1,7.275957614183426e-12,True
low_office_intensity,杨浦区,310110016000,殷行街道,street,True,16658,724,350,reviewed Core+ district composition scenario,maximum-entropy independence prior fitted by RAS/IPF; deterministic controlled integer rounding,not applicable,1,7.275957614183426e-12,True
low_office_intensity,杨浦区,310110016000,殷行街道,street,True,16658,725,97,reviewed Core+ district composition scenario,maximum-entropy independence prior fitted by RAS/IPF; deterministic controlled integer rounding,not applicable,1,7.275957614183426e-12,True
low_office_intensity,杨浦区,310110016000,殷行街道,street,True,16658,OTHER,11364,balancing non-office remainder,maximum-entropy independence prior fitted by RAS/IPF; deterministic controlled integer rounding,not applicable,1,7.275957614183426e-12,True
low_office_intensity,杨浦区,310110018000,大桥街道,street,True,72321,I,11839,official district-by-industry,maximum-entropy independence prior fitted by RAS/IPF; deterministic controlled integer rounding,not applicable,1,7.275957614183426e-12,True
low_office_intensity,杨浦区,310110018000,大桥街道,street,True,72321,J,0,official district-by-industry,maximum-entropy independence prior fitted by RAS/IPF; deterministic controlled integer rounding,not applicable,1,7.275957614183426e-12,True
low_office_intensity,杨浦区,310110018000,大桥街道,street,True,72321,M,8046,official district-by-industry,maximum-entropy independence prior fitted by RAS/IPF; deterministic controlled integer rounding,not applicable,1,7.275957614183426e-12,True
low_office_intensity,杨浦区,310110018000,大桥街道,street,True,72321,721,952,reviewed Core+ district composition scenario,maximum-entropy independence prior fitted by RAS/IPF; deterministic controlled integer rounding,not applicable,1,7.275957614183426e-12,True
low_office_intensity,杨浦区,310110018000,大桥街道,street,True,72321,723,210,reviewed Core+ district composition scenario,maximum-entropy independence prior fitted by RAS/IPF; deterministic controlled integer rounding,not applicable,1,7.275957614183426e-12,True
low_office_intensity,杨浦区,310110018000,大桥街道,street,True,72321,724,1518,reviewed Core+ district composition scenario,maximum-entropy independence prior fitted by RAS/IPF; deterministic controlled integer rounding,not applicable,1,7.275957614183426e-12,True
low_office_intensity,杨浦区,310110018000,大桥街道,street,True,72321,725,420,reviewed Core+ district composition scenario,maximum-entropy independence prior fitted by RAS/IPF; deterministic controlled integer rounding,not applicable,1,7.275957614183426e-12,True
low_office_intensity,杨浦区,310110018000,大桥街道,street,True,72321,OTHER,49336,balancing non-office remainder,maximum-entropy independence prior fitted by RAS/IPF; deterministic controlled integer rounding,not applicable,1,7.275957614183426e-12,True
low_office_intensity,杨浦区,310110019000,五角场街道,street,True,105944,I,17344,official district-by-industry,maximum-entropy independence prior fitted by RAS/IPF; deterministic controlled integer rounding,not applicable,1,7.275957614183426e-12,True
low_office_intensity,杨浦区,310110019000,五角场街道,street,True,105944,J,0,official district-by-industry,maximum-entropy independence prior fitted by RAS/IPF; deterministic controlled integer rounding,not applicable,1,7.275957614183426e-12,True
low_office_intensity,杨浦区,310110019000,五角场街道,street,True,105944,M,11786,official district-by-industry,maximum-entropy independence prior fitted by RAS/IPF; deterministic controlled integer rounding,not applicable,1,7.275957614183426e-12,True
low_office_intensity,杨浦区,310110019000,五角场街道,street,True,105944,721,1395,reviewed Core+ district composition scenario,maximum-entropy independence prior fitted by RAS/IPF; deterministic controlled integer rounding,not applicable,1,7.275957614183426e-12,True
low_office_intensity,杨浦区,310110019000,五角场街道,street,True,105944,723,307,reviewed Core+ district composition scenario,maximum-entropy independence prior fitted by RAS/IPF; deterministic controlled integer rounding,not applicable,1,7.275957614183426e-12,True
low_office_intensity,杨浦区,310110019000,五角场街道,street,True,105944,724,2224,reviewed Core+ district composition scenario,maximum-entropy independence prior fitted by RAS/IPF; deterministic controlled integer rounding,not applicable,1,7.275957614183426e-12,True
low_office_intensity,杨浦区,310110019000,五角场街道,street,True,105944,725,615,reviewed Core+ district composition scenario,maximum-entropy independence prior fitted by RAS/IPF; deterministic controlled integer rounding,not applicable,1,7.275957614183426e-12,True
low_office_intensity,杨浦区,310110019000,五角场街道,street,True,105944,OTHER,72273,balancing non-office remainder,maximum-entropy independence prior fitted by RAS/IPF; deterministic controlled integer rounding,not applicable,1,7.275957614183426e-12,True
low_office_intensity,杨浦区,310110020000,新江湾城街道,street,True,55638,I,9108,official district-by-industry,maximum-entropy independence prior fitted by RAS/IPF; deterministic controlled integer rounding,not applicable,1,7.275957614183426e-12,True
low_office_intensity,杨浦区,310110020000,新江湾城街道,street,True,55638,J,0,official district-by-industry,maximum-entropy independence prior fitted by RAS/IPF; deterministic controlled integer rounding,not applicable,1,7.275957614183426e-12,True
low_office_intensity,杨浦区,310110020000,新江湾城街道,street,True,55638,M,6190,official district-by-industry,maximum-entropy independence prior fitted by RAS/IPF; deterministic controlled integer rounding,not applicable,1,7.275957614183426e-12,True
low_office_intensity,杨浦区,310110020000,新江湾城街道,street,True,55638,721,733,reviewed Core+ district composition scenario,maximum-entropy independence prior fitted by RAS/IPF; deterministic controlled integer rounding,not applicable,1,7.275957614183426e-12,True
low_office_intensity,杨浦区,310110020000,新江湾城街道,street,True,55638,723,161,reviewed Core+ district composition scenario,maximum-entropy independence prior fitted by RAS/IPF; deterministic controlled integer rounding,not applicable,1,7.275957614183426e-12,True
low_office_intensity,杨浦区,310110020000,新江湾城街道,street,True,55638,724,1168,reviewed Core+ district composition scenario,maximum-entropy independence prior fitted by RAS/IPF; deterministic controlled integer rounding,not applicable,1,7.275957614183426e-12,True
low_office_intensity,杨浦区,310110020000,新江湾城街道,street,True,55638,725,323,reviewed Core+ district composition scenario,maximum-entropy independence prior fitted by RAS/IPF; deterministic controlled integer rounding,not applicable,1,7.275957614183426e-12,True
low_office_intensity,杨浦区,310110020000,新江湾城街道,street,True,55638,OTHER,37955,balancing non-office remainder,maximum-entropy independence prior fitted by RAS/IPF; deterministic controlled integer rounding,not applicable,1,7.275957614183426e-12,True
low_office_intensity,杨浦区,310110021000,长海路街道,street,True,40003,I,6549,official district-by-industry,maximum-entropy independence prior fitted by RAS/IPF; deterministic controlled integer rounding,not applicable,1,7.275957614183426e-12,True
low_office_intensity,杨浦区,310110021000,长海路街道,street,True,40003,J,0,official district-by-industry,maximum-entropy independence prior fitted by RAS/IPF; deterministic controlled integer rounding,not applicable,1,7.275957614183426e-12,True
low_office_intensity,杨浦区,310110021000,长海路街道,street,True,40003,M,4450,official district-by-industry,maximum-entropy independence prior fitted by RAS/IPF; deterministic controlled integer rounding,not applicable,1,7.275957614183426e-12,True
low_office_intensity,杨浦区,310110021000,长海路街道,street,True,40003,721,527,reviewed Core+ district composition scenario,maximum-entropy independence prior fitted by RAS/IPF; deterministic controlled integer rounding,not applicable,1,7.275957614183426e-12,True
low_office_intensity,杨浦区,310110021000,长海路街道,street,True,40003,723,116,reviewed Core+ district composition scenario,maximum-entropy independence prior fitted by RAS/IPF; deterministic controlled integer rounding,not applicable,1,7.275957614183426e-12,True
low_office_intensity,杨浦区,310110021000,长海路街道,street,True,40003,724,840,reviewed Core+ district composition scenario,maximum-entropy independence prior fitted by RAS/IPF; deterministic controlled integer rounding,not applicable,1,7.275957614183426e-12,True
low_office_intensity,杨浦区,310110021000,长海路街道,street,True,40003,725,232,reviewed Core+ district composition scenario,maximum-entropy independence prior fitted by RAS/IPF; deterministic controlled integer rounding,not applicable,1,7.275957614183426e-12,True
low_office_intensity,杨浦区,310110021000,长海路街道,street,True,40003,OTHER,27289,balancing non-office remainder,maximum-entropy independence prior fitted by RAS/IPF; deterministic controlled integer rounding,not applicable,1,7.275957614183426e-12,True
low_office_intensity,杨浦区,310110-finance-construction-residual,310110-finance-construction-residual,residual,False,9539,I,0,official district-by-industry,bulletin-compatible fixed residual assignment before maximum-entropy RAS/IPF,official J assigned to finance-tied residual up to row total; remaining residual is OTHER,1,7.275957614183426e-12,True
low_office_intensity,杨浦区,310110-finance-construction-residual,310110-finance-construction-residual,residual,False,9539,J,9226,official district-by-industry,bulletin-compatible fixed residual assignment before maximum-entropy RAS/IPF,official J assigned to finance-tied residual up to row total; remaining residual is OTHER,1,7.275957614183426e-12,True
low_office_intensity,杨浦区,310110-finance-construction-residual,310110-finance-construction-residual,residual,False,9539,M,0,official district-by-industry,bulletin-compatible fixed residual assignment before maximum-entropy RAS/IPF,official J assigned to finance-tied residual up to row total; remaining residual is OTHER,1,7.275957614183426e-12,True
low_office_intensity,杨浦区,310110-finance-construction-residual,310110-finance-construction-residual,residual,False,9539,721,0,reviewed Core+ district composition scenario,bulletin-compatible fixed residual assignment before maximum-entropy RAS/IPF,official J assigned to finance-tied residual up to row total; remaining residual is OTHER,1,7.275957614183426e-12,True
low_office_intensity,杨浦区,310110-finance-construction-residual,310110-finance-construction-residual,residual,False,9539,723,0,reviewed Core+ district composition scenario,bulletin-compatible fixed residual assignment before maximum-entropy RAS/IPF,official J assigned to finance-tied residual up to row total; remaining residual is OTHER,1,7.275957614183426e-12,True
low_office_intensity,杨浦区,310110-finance-construction-residual,310110-finance-construction-residual,residual,False,9539,724,0,reviewed Core+ district composition scenario,bulletin-compatible fixed residual assignment before maximum-entropy RAS/IPF,official J assigned to finance-tied residual up to row total; remaining residual is OTHER,1,7.275957614183426e-12,True
low_office_intensity,杨浦区,310110-finance-construction-residual,310110-finance-construction-residual,residual,False,9539,725,0,reviewed Core+ district composition scenario,bulletin-compatible fixed residual assignment before maximum-entropy RAS/IPF,official J assigned to finance-tied residual up to row total; remaining residual is OTHER,1,7.275957614183426e-12,True
low_office_intensity,杨浦区,310110-finance-construction-residual,310110-finance-construction-residual,residual,False,9539,OTHER,313,balancing non-office remainder,bulletin-compatible fixed residual assignment before maximum-entropy RAS/IPF,official J assigned to finance-tied residual up to row total; remaining residual is OTHER,1,7.275957614183426e-12,True
low_office_intensity,浦东新区,310115004000,潍坊新村街道,street,True,153750,I,17504,official district-by-industry,maximum-entropy independence prior fitted by RAS/IPF; deterministic controlled integer rounding,not applicable,1,2.3283064365386963e-10,True
low_office_intensity,浦东新区,310115004000,潍坊新村街道,street,True,153750,J,14609,official district-by-industry,maximum-entropy independence prior fitted by RAS/IPF; deterministic controlled integer rounding,not applicable,1,2.3283064365386963e-10,True
low_office_intensity,浦东新区,310115004000,潍坊新村街道,street,True,153750,M,11514,official district-by-industry,maximum-entropy independence prior fitted by RAS/IPF; deterministic controlled integer rounding,not applicable,1,2.3283064365386963e-10,True
low_office_intensity,浦东新区,310115004000,潍坊新村街道,street,True,153750,721,2326,reviewed Core+ district composition scenario,maximum-entropy independence prior fitted by RAS/IPF; deterministic controlled integer rounding,not applicable,1,2.3283064365386963e-10,True
low_office_intensity,浦东新区,310115004000,潍坊新村街道,street,True,153750,723,512,reviewed Core+ district composition scenario,maximum-entropy independence prior fitted by RAS/IPF; deterministic controlled integer rounding,not applicable,1,2.3283064365386963e-10,True
low_office_intensity,浦东新区,310115004000,潍坊新村街道,street,True,153750,724,3708,reviewed Core+ district composition scenario,maximum-entropy independence prior fitted by RAS/IPF; deterministic controlled integer rounding,not applicable,1,2.3283064365386963e-10,True
low_office_intensity,浦东新区,310115004000,潍坊新村街道,street,True,153750,725,1026,reviewed Core+ district composition scenario,maximum-entropy independence prior fitted by RAS/IPF; deterministic controlled integer rounding,not applicable,1,2.3283064365386963e-10,True
low_office_intensity,浦东新区,310115004000,潍坊新村街道,street,True,153750,OTHER,102551,balancing non-office remainder,maximum-entropy independence prior fitted by RAS/IPF; deterministic controlled integer rounding,not applicable,1,2.3283064365386963e-10,True
low_office_intensity,浦东新区,310115005000,陆家嘴街道,street,True,200750,I,22855,official district-by-industry,maximum-entropy independence prior fitted by RAS/IPF; deterministic controlled integer rounding,not applicable,1,2.3283064365386963e-10,True
low_office_intensity,浦东新区,310115005000,陆家嘴街道,street,True,200750,J,19075,official district-by-industry,maximum-entropy independence prior fitted by RAS/IPF; deterministic controlled integer rounding,not applicable,1,2.3283064365386963e-10,True
low_office_intensity,浦东新区,310115005000,陆家嘴街道,street,True,200750,M,15034,official district-by-industry,maximum-entropy independence prior fitted by RAS/IPF; deterministic controlled integer rounding,not applicable,1,2.3283064365386963e-10,True
low_office_intensity,浦东新区,310115005000,陆家嘴街道,street,True,200750,721,3037,reviewed Core+ district composition scenario,maximum-entropy independence prior fitted by RAS/IPF; deterministic controlled integer rounding,not applicable,1,2.3283064365386963e-10,True
low_office_intensity,浦东新区,310115005000,陆家嘴街道,street,True,200750,723,669,reviewed Core+ district composition scenario,maximum-entropy independence prior fitted by RAS/IPF; deterministic controlled integer rounding,not applicable,1,2.3283064365386963e-10,True
low_office_intensity,浦东新区,310115005000,陆家嘴街道,street,True,200750,724,4841,reviewed Core+ district composition scenario,maximum-entropy independence prior fitted by RAS/IPF; deterministic controlled integer rounding,not applicable,1,2.3283064365386963e-10,True
low_office_intensity,浦东新区,310115005000,陆家嘴街道,street,True,200750,725,1339,reviewed Core+ district composition scenario,maximum-entropy independence prior fitted by RAS/IPF; deterministic controlled integer rounding,not applicable,1,2.3283064365386963e-10,True
low_office_intensity,浦东新区,310115005000,陆家嘴街道,street,True,200750,OTHER,133900,balancing non-office remainder,maximum-entropy independence prior fitted by RAS/IPF; deterministic controlled integer rounding,not applicable,1,2.3283064365386963e-10,True
low_office_intensity,浦东新区,310115007000,周家渡街道,street,True,24750,I,2818,official district-by-industry,maximum-entropy independence prior fitted by RAS/IPF; deterministic controlled integer rounding,not applicable,1,2.3283064365386963e-10,True
low_office_intensity,浦东新区,310115007000,周家渡街道,street,True,24750,J,2352,official district-by-industry,maximum-entropy independence prior fitted by RAS/IPF; deterministic controlled integer rounding,not applicable,1,2.3283064365386963e-10,True
low_office_intensity,浦东新区,310115007000,周家渡街道,street,True,24750,M,1854,official district-by-industry,maximum-entropy independence prior fitted by RAS/IPF; deterministic controlled integer rounding,not applicable,1,2.3283064365386963e-10,True
low_office_intensity,浦东新区,310115007000,周家渡街道,street,True,24750,721,374,reviewed Core+ district composition scenario,maximum-entropy independence prior fitted by RAS/IPF; deterministic controlled integer rounding,not applicable,1,2.3283064365386963e-10,True
low_office_intensity,浦东新区,310115007000,周家渡街道,street,True,24750,723,82,reviewed Core+ district composition scenario,maximum-entropy independence prior fitted by RAS/IPF; deterministic controlled integer rounding,not applicable,1,2.3283064365386963e-10,True
low_office_intensity,浦东新区,310115007000,周家渡街道,street,True,24750,724,597,reviewed Core+ district composition scenario,maximum-entropy independence prior fitted by RAS/IPF; deterministic controlled integer rounding,not applicable,1,2.3283064365386963e-10,True
low_office_intensity,浦东新区,310115007000,周家渡街道,street,True,24750,725,165,reviewed Core+ district composition scenario,maximum-entropy independence prior fitted by RAS/IPF; deterministic controlled integer rounding,not applicable,1,2.3283064365386963e-10,True
low_office_intensity,浦东新区,310115007000,周家渡街道,street,True,24750,OTHER,16508,balancing non-office remainder,maximum-entropy independence prior fitted by RAS/IPF; deterministic controlled integer rounding,not applicable,1,2.3283064365386963e-10,True
low_office_intensity,浦东新区,310115008000,塘桥街道,street,True,54750,I,6233,official district-by-industry,maximum-entropy independence prior fitted by RAS/IPF; deterministic controlled integer rounding,not applicable,1,2.3283064365386963e-10,True
low_office_intensity,浦东新区,310115008000,塘桥街道,street,True,54750,J,5202,official district-by-industry,maximum-entropy independence prior fitted by RAS/IPF; deterministic controlled integer rounding,not applicable,1,2.3283064365386963e-10,True
low_office_intensity,浦东新区,310115008000,塘桥街道,street,True,54750,M,4100,official district-by-industry,maximum-entropy independence prior fitted by RAS/IPF; deterministic controlled integer rounding,not applicable,1,2.3283064365386963e-10,True
low_office_intensity,浦东新区,310115008000,塘桥街道,street,True,54750,721,828,reviewed Core+ district composition scenario,maximum-entropy independence prior fitted by RAS/IPF; deterministic controlled integer rounding,not applicable,1,2.3283064365386963e-10,True
low_office_intensity,浦东新区,310115008000,塘桥街道,street,True,54750,723,183,reviewed Core+ district composition scenario,maximum-entropy independence prior fitted by RAS/IPF; deterministic controlled integer rounding,not applicable,1,2.3283064365386963e-10,True
low_office_intensity,浦东新区,310115008000,塘桥街道,street,True,54750,724,1321,reviewed Core+ district composition scenario,maximum-entropy independence prior fitted by RAS/IPF; deterministic controlled integer rounding,not applicable,1,2.3283064365386963e-10,True
low_office_intensity,浦东新区,310115008000,塘桥街道,street,True,54750,725,365,reviewed Core+ district composition scenario,maximum-entropy independence prior fitted by RAS/IPF; deterministic controlled integer rounding,not applicable,1,2.3283064365386963e-10,True
low_office_intensity,浦东新区,310115008000,塘桥街道,street,True,54750,OTHER,36518,balancing non-office remainder,maximum-entropy independence prior fitted by RAS/IPF; deterministic controlled integer rounding,not applicable,1,2.3283064365386963e-10,True
low_office_intensity,浦东新区,310115009000,上钢新村街道,street,True,25750,I,2931,official district-by-industry,maximum-entropy independence prior fitted by RAS/IPF; deterministic controlled integer rounding,not applicable,1,2.3283064365386963e-10,True
low_office_intensity,浦东新区,310115009000,上钢新村街道,street,True,25750,J,2447,official district-by-industry,maximum-entropy independence prior fitted by RAS/IPF; deterministic controlled integer rounding,not applicable,1,2.3283064365386963e-10,True
low_office_intensity,浦东新区,310115009000,上钢新村街道,street,True,25750,M,1928,official district-by-industry,maximum-entropy independence prior fitted by RAS/IPF; deterministic controlled integer rounding,not applicable,1,2.3283064365386963e-10,True
low_office_intensity,浦东新区,310115009000,上钢新村街道,street,True,25750,721,390,reviewed Core+ district composition scenario,maximum-entropy independence prior fitted by RAS/IPF; deterministic controlled integer rounding,not applicable,1,2.3283064365386963e-10,True
low_office_intensity,浦东新区,310115009000,上钢新村街道,street,True,25750,723,86,reviewed Core+ district composition scenario,maximum-entropy independence prior fitted by RAS/IPF; deterministic controlled integer rounding,not applicable,1,2.3283064365386963e-10,True
low_office_intensity,浦东新区,310115009000,上钢新村街道,street,True,25750,724,621,reviewed Core+ district composition scenario,maximum-entropy independence prior fitted by RAS/IPF; deterministic controlled integer rounding,not applicable,1,2.3283064365386963e-10,True
low_office_intensity,浦东新区,310115009000,上钢新村街道,street,True,25750,725,172,reviewed Core+ district composition scenario,maximum-entropy independence prior fitted by RAS/IPF; deterministic controlled integer rounding,not applicable,1,2.3283064365386963e-10,True
low_office_intensity,浦东新区,310115009000,上钢新村街道,street,True,25750,OTHER,17175,balancing non-office remainder,maximum-entropy independence prior fitted by RAS/IPF; deterministic controlled integer rounding,not applicable,1,2.3283064365386963e-10,True
low_office_intensity,浦东新区,310115010000,南码头路街道,street,True,41750,I,4753,official district-by-industry,maximum-entropy independence prior fitted by RAS/IPF; deterministic controlled integer rounding,not applicable,1,2.3283064365386963e-10,True
low_office_intensity,浦东新区,310115010000,南码头路街道,street,True,41750,J,3967,official district-by-industry,maximum-entropy independence prior fitted by RAS/IPF; deterministic controlled integer rounding,not applicable,1,2.3283064365386963e-10,True
low_office_intensity,浦东新区,310115010000,南码头路街道,street,True,41750,M,3126,official district-by-industry,maximum-entropy independence prior fitted by RAS/IPF; deterministic controlled integer rounding,not applicable,1,2.3283064365386963e-10,True
low_office_intensity,浦东新区,310115010000,南码头路街道,street,True,41750,721,632,reviewed Core+ district composition scenario,maximum-entropy independence prior fitted by RAS/IPF; deterministic controlled integer rounding,not applicable,1,2.3283064365386963e-10,True
low_office_intensity,浦东新区,310115010000,南码头路街道,street,True,41750,723,139,reviewed Core+ district composition scenario,maximum-entropy independence prior fitted by RAS/IPF; deterministic controlled integer rounding,not applicable,1,2.3283064365386963e-10,True
low_office_intensity,浦东新区,310115010000,南码头路街道,street,True,41750,724,1007,reviewed Core+ district composition scenario,maximum-entropy independence prior fitted by RAS/IPF; deterministic controlled integer rounding,not applicable,1,2.3283064365386963e-10,True
low_office_intensity,浦东新区,310115010000,南码头路街道,street,True,41750,725,279,reviewed Core+ district composition scenario,maximum-entropy independence prior fitted by RAS/IPF; deterministic controlled integer rounding,not applicable,1,2.3283064365386963e-10,True
low_office_intensity,浦东新区,310115010000,南码头路街道,street,True,41750,OTHER,27847,balancing non-office remainder,maximum-entropy independence prior fitted by RAS/IPF; deterministic controlled integer rounding,not applicable,1,2.3283064365386963e-10,True
low_office_intensity,浦东新区,310115011000,沪东新村街道,street,True,13750,I,1565,official district-by-industry,maximum-entropy independence prior fitted by RAS/IPF; deterministic controlled integer rounding,not applicable,1,2.3283064365386963e-10,True
low_office_intensity,浦东新区,310115011000,沪东新村街道,street,True,13750,J,1306,official district-by-industry,maximum-entropy independence prior fitted by RAS/IPF; deterministic controlled integer rounding,not applicable,1,2.3283064365386963e-10,True
low_office_intensity,浦东新区,310115011000,沪东新村街道,street,True,13750,M,1030,official district-by-industry,maximum-entropy independence prior fitted by RAS/IPF; deterministic controlled integer rounding,not applicable,1,2.3283064365386963e-10,True
low_office_intensity,浦东新区,310115011000,沪东新村街道,street,True,13750,721,208,reviewed Core+ district composition scenario,maximum-entropy independence prior fitted by RAS/IPF; deterministic controlled integer rounding,not applicable,1,2.3283064365386963e-10,True
low_office_intensity,浦东新区,310115011000,沪东新村街道,street,True,13750,723,46,reviewed Core+ district composition scenario,maximum-entropy independence prior fitted by RAS/IPF; deterministic controlled integer rounding,not applicable,1,2.3283064365386963e-10,True
low_office_intensity,浦东新区,310115011000,沪东新村街道,street,True,13750,724,332,reviewed Core+ district composition scenario,maximum-entropy independence prior fitted by RAS/IPF; deterministic controlled integer rounding,not applicable,1,2.3283064365386963e-10,True
low_office_intensity,浦东新区,310115011000,沪东新村街道,street,True,13750,725,92,reviewed Core+ district composition scenario,maximum-entropy independence prior fitted by RAS/IPF; deterministic controlled integer rounding,not applicable,1,2.3283064365386963e-10,True
low_office_intensity,浦东新区,310115011000,沪东新村街道,street,True,13750,OTHER,9171,balancing non-office remainder,maximum-entropy independence prior fitted by RAS/IPF; deterministic controlled integer rounding,not applicable,1,2.3283064365386963e-10,True
low_office_intensity,浦东新区,310115012000,金杨新村街道,street,True,23750,I,2704,official district-by-industry,maximum-entropy independence prior fitted by RAS/IPF; deterministic controlled integer rounding,not applicable,1,2.3283064365386963e-10,True
low_office_intensity,浦东新区,310115012000,金杨新村街道,street,True,23750,J,2257,official district-by-industry,maximum-entropy independence prior fitted by RAS/IPF; deterministic controlled integer rounding,not applicable,1,2.3283064365386963e-10,True
low_office_intensity,浦东新区,310115012000,金杨新村街道,street,True,23750,M,1779,official district-by-industry,maximum-entropy independence prior fitted by RAS/IPF; deterministic controlled integer rounding,not applicable,1,2.3283064365386963e-10,True
low_office_intensity,浦东新区,310115012000,金杨新村街道,street,True,23750,721,359,reviewed Core+ district composition scenario,maximum-entropy independence prior fitted by RAS/IPF; deterministic controlled integer rounding,not applicable,1,2.3283064365386963e-10,True
low_office_intensity,浦东新区,310115012000,金杨新村街道,street,True,23750,723,79,reviewed Core+ district composition scenario,maximum-entropy independence prior fitted by RAS/IPF; deterministic controlled integer rounding,not applicable,1,2.3283064365386963e-10,True
low_office_intensity,浦东新区,310115012000,金杨新村街道,street,True,23750,724,573,reviewed Core+ district composition scenario,maximum-entropy independence prior fitted by RAS/IPF; deterministic controlled integer rounding,not applicable,1,2.3283064365386963e-10,True
low_office_intensity,浦东新区,310115012000,金杨新村街道,street,True,23750,725,158,reviewed Core+ district composition scenario,maximum-entropy independence prior fitted by RAS/IPF; deterministic controlled integer rounding,not applicable,1,2.3283064365386963e-10,True
low_office_intensity,浦东新区,310115012000,金杨新村街道,street,True,23750,OTHER,15841,balancing non-office remainder,maximum-entropy independence prior fitted by RAS/IPF; deterministic controlled integer rounding,not applicable,1,2.3283064365386963e-10,True
low_office_intensity,浦东新区,310115013000,洋泾街道,street,True,51750,I,5892,official district-by-industry,maximum-entropy independence prior fitted by RAS/IPF; deterministic controlled integer rounding,not applicable,1,2.3283064365386963e-10,True
low_office_intensity,浦东新区,310115013000,洋泾街道,street,True,51750,J,4917,official district-by-industry,maximum-entropy independence prior fitted by RAS/IPF; deterministic controlled integer rounding,not applicable,1,2.3283064365386963e-10,True
low_office_intensity,浦东新区,310115013000,洋泾街道,street,True,51750,M,3875,official district-by-industry,maximum-entropy independence prior fitted by RAS/IPF; deterministic controlled integer rounding,not applicable,1,2.3283064365386963e-10,True
low_office_intensity,浦东新区,310115013000,洋泾街道,street,True,51750,721,783,reviewed Core+ district composition scenario,maximum-entropy independence prior fitted by RAS/IPF; deterministic controlled integer rounding,not applicable,1,2.3283064365386963e-10,True
low_office_intensity,浦东新区,310115013000,洋泾街道,street,True,51750,723,173,reviewed Core+ district composition scenario,maximum-entropy independence prior fitted by RAS/IPF; deterministic controlled integer rounding,not applicable,1,2.3283064365386963e-10,True
low_office_intensity,浦东新区,310115013000,洋泾街道,street,True,51750,724,1248,reviewed Core+ district composition scenario,maximum-entropy independence prior fitted by RAS/IPF; deterministic controlled integer rounding,not applicable,1,2.3283064365386963e-10,True
low_office_intensity,浦东新区,310115013000,洋泾街道,street,True,51750,725,345,reviewed Core+ district composition scenario,maximum-entropy independence prior fitted by RAS/IPF; deterministic controlled integer rounding,not applicable,1,2.3283064365386963e-10,True
low_office_intensity,浦东新区,310115013000,洋泾街道,street,True,51750,OTHER,34517,balancing non-office remainder,maximum-entropy independence prior fitted by RAS/IPF; deterministic controlled integer rounding,not applicable,1,2.3283064365386963e-10,True
low_office_intensity,浦东新区,310115014000,浦兴路街道,street,True,16750,I,1907,official district-by-industry,maximum-entropy independence prior fitted by RAS/IPF; deterministic controlled integer rounding,not applicable,1,2.3283064365386963e-10,True
low_office_intensity,浦东新区,310115014000,浦兴路街道,street,True,16750,J,1592,official district-by-industry,maximum-entropy independence prior fitted by RAS/IPF; deterministic controlled integer rounding,not applicable,1,2.3283064365386963e-10,True
low_office_intensity,浦东新区,310115014000,浦兴路街道,street,True,16750,M,1254,official district-by-industry,maximum-entropy independence prior fitted by RAS/IPF; deterministic controlled integer rounding,not applicable,1,2.3283064365386963e-10,True
low_office_intensity,浦东新区,310115014000,浦兴路街道,street,True,16750,721,253,reviewed Core+ district composition scenario,maximum-entropy independence prior fitted by RAS/IPF; deterministic controlled integer rounding,not applicable,1,2.3283064365386963e-10,True
low_office_intensity,浦东新区,310115014000,浦兴路街道,street,True,16750,723,56,reviewed Core+ district composition scenario,maximum-entropy independence prior fitted by RAS/IPF; deterministic controlled integer rounding,not applicable,1,2.3283064365386963e-10,True
low_office_intensity,浦东新区,310115014000,浦兴路街道,street,True,16750,724,404,reviewed Core+ district composition scenario,maximum-entropy independence prior fitted by RAS/IPF; deterministic controlled integer rounding,not applicable,1,2.3283064365386963e-10,True
low_office_intensity,浦东新区,310115014000,浦兴路街道,street,True,16750,725,112,reviewed Core+ district composition scenario,maximum-entropy independence prior fitted by RAS/IPF; deterministic controlled integer rounding,not applicable,1,2.3283064365386963e-10,True
low_office_intensity,浦东新区,310115014000,浦兴路街道,street,True,16750,OTHER,11172,balancing non-office remainder,maximum-entropy independence prior fitted by RAS/IPF; deterministic controlled integer rounding,not applicable,1,2.3283064365386963e-10,True
low_office_intensity,浦东新区,310115015000,东明路街道,street,True,5750,I,655,official district-by-industry,maximum-entropy independence prior fitted by RAS/IPF; deterministic controlled integer rounding,not applicable,1,2.3283064365386963e-10,True
low_office_intensity,浦东新区,310115015000,东明路街道,street,True,5750,J,546,official district-by-industry,maximum-entropy independence prior fitted by RAS/IPF; deterministic controlled integer rounding,not applicable,1,2.3283064365386963e-10,True
low_office_intensity,浦东新区,310115015000,东明路街道,street,True,5750,M,431,official district-by-industry,maximum-entropy independence prior fitted by RAS/IPF; deterministic controlled integer rounding,not applicable,1,2.3283064365386963e-10,True
low_office_intensity,浦东新区,310115015000,东明路街道,street,True,5750,721,87,reviewed Core+ district composition scenario,maximum-entropy independence prior fitted by RAS/IPF; deterministic controlled integer rounding,not applicable,1,2.3283064365386963e-10,True
low_office_intensity,浦东新区,310115015000,东明路街道,street,True,5750,723,19,reviewed Core+ district composition scenario,maximum-entropy independence prior fitted by RAS/IPF; deterministic controlled integer rounding,not applicable,1,2.3283064365386963e-10,True
low_office_intensity,浦东新区,310115015000,东明路街道,street,True,5750,724,139,reviewed Core+ district composition scenario,maximum-entropy independence prior fitted by RAS/IPF; deterministic controlled integer rounding,not applicable,1,2.3283064365386963e-10,True
low_office_intensity,浦东新区,310115015000,东明路街道,street,True,5750,725,38,reviewed Core+ district composition scenario,maximum-entropy independence prior fitted by RAS/IPF; deterministic controlled integer rounding,not applicable,1,2.3283064365386963e-10,True
low_office_intensity,浦东新区,310115015000,东明路街道,street,True,5750,OTHER,3835,balancing non-office remainder,maximum-entropy independence prior fitted by RAS/IPF; deterministic controlled integer rounding,not applicable,1,2.3283064365386963e-10,True
low_office_intensity,浦东新区,310115016000,花木街道,street,True,81750,I,9307,official district-by-industry,maximum-entropy independence prior fitted by RAS/IPF; deterministic controlled integer rounding,not applicable,1,2.3283064365386963e-10,True
low_office_intensity,浦东新区,310115016000,花木街道,street,True,81750,J,7768,official district-by-industry,maximum-entropy independence prior fitted by RAS/IPF; deterministic controlled integer rounding,not applicable,1,2.3283064365386963e-10,True
low_office_intensity,浦东新区,310115016000,花木街道,street,True,81750,M,6122,official district-by-industry,maximum-entropy independence prior fitted by RAS/IPF; deterministic controlled integer rounding,not applicable,1,2.3283064365386963e-10,True
low_office_intensity,浦东新区,310115016000,花木街道,street,True,81750,721,1237,reviewed Core+ district composition scenario,maximum-entropy independence prior fitted by RAS/IPF; deterministic controlled integer rounding,not applicable,1,2.3283064365386963e-10,True
low_office_intensity,浦东新区,310115016000,花木街道,street,True,81750,723,273,reviewed Core+ district composition scenario,maximum-entropy independence prior fitted by RAS/IPF; deterministic controlled integer rounding,not applicable,1,2.3283064365386963e-10,True
low_office_intensity,浦东新区,310115016000,花木街道,street,True,81750,724,1971,reviewed Core+ district composition scenario,maximum-entropy independence prior fitted by RAS/IPF; deterministic controlled integer rounding,not applicable,1,2.3283064365386963e-10,True
low_office_intensity,浦东新区,310115016000,花木街道,street,True,81750,725,545,reviewed Core+ district composition scenario,maximum-entropy independence prior fitted by RAS/IPF; deterministic controlled integer rounding,not applicable,1,2.3283064365386963e-10,True
low_office_intensity,浦东新区,310115016000,花木街道,street,True,81750,OTHER,54527,balancing non-office remainder,maximum-entropy independence prior fitted by RAS/IPF; deterministic controlled integer rounding,not applicable,1,2.3283064365386963e-10,True
low_office_intensity,浦东新区,310115103000,川沙新镇,town,True,89000,I,10132,official district-by-industry,maximum-entropy independence prior fitted by RAS/IPF; deterministic controlled integer rounding,not applicable,1,2.3283064365386963e-10,True
low_office_intensity,浦东新区,310115103000,川沙新镇,town,True,89000,J,8457,official district-by-industry,maximum-entropy independence prior fitted by RAS/IPF; deterministic controlled integer rounding,not applicable,1,2.3283064365386963e-10,True
low_office_intensity,浦东新区,310115103000,川沙新镇,town,True,89000,M,6665,official district-by-industry,maximum-entropy independence prior fitted by RAS/IPF; deterministic controlled integer rounding,not applicable,1,2.3283064365386963e-10,True
low_office_intensity,浦东新区,310115103000,川沙新镇,town,True,89000,721,1346,reviewed Core+ district composition scenario,maximum-entropy independence prior fitted by RAS/IPF; deterministic controlled integer rounding,not applicable,1,2.3283064365386963e-10,True
low_office_intensity,浦东新区,310115103000,川沙新镇,town,True,89000,723,297,reviewed Core+ district composition scenario,maximum-entropy independence prior fitted by RAS/IPF; deterministic controlled integer rounding,not applicable,1,2.3283064365386963e-10,True
low_office_intensity,浦东新区,310115103000,川沙新镇,town,True,89000,724,2146,reviewed Core+ district composition scenario,maximum-entropy independence prior fitted by RAS/IPF; deterministic controlled integer rounding,not applicable,1,2.3283064365386963e-10,True
low_office_intensity,浦东新区,310115103000,川沙新镇,town,True,89000,725,594,reviewed Core+ district composition scenario,maximum-entropy independence prior fitted by RAS/IPF; deterministic controlled integer rounding,not applicable,1,2.3283064365386963e-10,True
low_office_intensity,浦东新区,310115103000,川沙新镇,town,True,89000,OTHER,59363,balancing non-office remainder,maximum-entropy independence prior fitted by RAS/IPF; deterministic controlled integer rounding,not applicable,1,2.3283064365386963e-10,True
low_office_intensity,浦东新区,310115104000,高桥镇,town,True,38000,I,4326,official district-by-industry,maximum-entropy independence prior fitted by RAS/IPF; deterministic controlled integer rounding,not applicable,1,2.3283064365386963e-10,True
low_office_intensity,浦东新区,310115104000,高桥镇,town,True,38000,J,3611,official district-by-industry,maximum-entropy independence prior fitted by RAS/IPF; deterministic controlled integer rounding,not applicable,1,2.3283064365386963e-10,True
low_office_intensity,浦东新区,310115104000,高桥镇,town,True,38000,M,2846,official district-by-industry,maximum-entropy independence prior fitted by RAS/IPF; deterministic controlled integer rounding,not applicable,1,2.3283064365386963e-10,True
low_office_intensity,浦东新区,310115104000,高桥镇,town,True,38000,721,575,reviewed Core+ district composition scenario,maximum-entropy independence prior fitted by RAS/IPF; deterministic controlled integer rounding,not applicable,1,2.3283064365386963e-10,True
low_office_intensity,浦东新区,310115104000,高桥镇,town,True,38000,723,127,reviewed Core+ district composition scenario,maximum-entropy independence prior fitted by RAS/IPF; deterministic controlled integer rounding,not applicable,1,2.3283064365386963e-10,True
low_office_intensity,浦东新区,310115104000,高桥镇,town,True,38000,724,916,reviewed Core+ district composition scenario,maximum-entropy independence prior fitted by RAS/IPF; deterministic controlled integer rounding,not applicable,1,2.3283064365386963e-10,True
low_office_intensity,浦东新区,310115104000,高桥镇,town,True,38000,725,253,reviewed Core+ district composition scenario,maximum-entropy independence prior fitted by RAS/IPF; deterministic controlled integer rounding,not applicable,1,2.3283064365386963e-10,True
low_office_intensity,浦东新区,310115104000,高桥镇,town,True,38000,OTHER,25346,balancing non-office remainder,maximum-entropy independence prior fitted by RAS/IPF; deterministic controlled integer rounding,not applicable,1,2.3283064365386963e-10,True
low_office_intensity,浦东新区,310115105000,北蔡镇,town,True,60000,I,6831,official district-by-industry,maximum-entropy independence prior fitted by RAS/IPF; deterministic controlled integer rounding,not applicable,1,2.3283064365386963e-10,True
low_office_intensity,浦东新区,310115105000,北蔡镇,town,True,60000,J,5701,official district-by-industry,maximum-entropy independence prior fitted by RAS/IPF; deterministic controlled integer rounding,not applicable,1,2.3283064365386963e-10,True
low_office_intensity,浦东新区,310115105000,北蔡镇,town,True,60000,M,4493,official district-by-industry,maximum-entropy independence prior fitted by RAS/IPF; deterministic controlled integer rounding,not applicable,1,2.3283064365386963e-10,True
low_office_intensity,浦东新区,310115105000,北蔡镇,town,True,60000,721,908,reviewed Core+ district composition scenario,maximum-entropy independence prior fitted by RAS/IPF; deterministic controlled integer rounding,not applicable,1,2.3283064365386963e-10,True
low_office_intensity,浦东新区,310115105000,北蔡镇,town,True,60000,723,200,reviewed Core+ district composition scenario,maximum-entropy independence prior fitted by RAS/IPF; deterministic controlled integer rounding,not applicable,1,2.3283064365386963e-10,True
low_office_intensity,浦东新区,310115105000,北蔡镇,town,True,60000,724,1447,reviewed Core+ district composition scenario,maximum-entropy independence prior fitted by RAS/IPF; deterministic controlled integer rounding,not applicable,1,2.3283064365386963e-10,True
low_office_intensity,浦东新区,310115105000,北蔡镇,town,True,60000,725,400,reviewed Core+ district composition scenario,maximum-entropy independence prior fitted by RAS/IPF; deterministic controlled integer rounding,not applicable,1,2.3283064365386963e-10,True
low_office_intensity,浦东新区,310115105000,北蔡镇,town,True,60000,OTHER,40020,balancing non-office remainder,maximum-entropy independence prior fitted by RAS/IPF; deterministic controlled integer rounding,not applicable,1,2.3283064365386963e-10,True
low_office_intensity,浦东新区,310115110000,合庆镇,town,True,38000,I,4326,official district-by-industry,maximum-entropy independence prior fitted by RAS/IPF; deterministic controlled integer rounding,not applicable,1,2.3283064365386963e-10,True
low_office_intensity,浦东新区,310115110000,合庆镇,town,True,38000,J,3611,official district-by-industry,maximum-entropy independence prior fitted by RAS/IPF; deterministic controlled integer rounding,not applicable,1,2.3283064365386963e-10,True
low_office_intensity,浦东新区,310115110000,合庆镇,town,True,38000,M,2846,official district-by-industry,maximum-entropy independence prior fitted by RAS/IPF; deterministic controlled integer rounding,not applicable,1,2.3283064365386963e-10,True
low_office_intensity,浦东新区,310115110000,合庆镇,town,True,38000,721,575,reviewed Core+ district composition scenario,maximum-entropy independence prior fitted by RAS/IPF; deterministic controlled integer rounding,not applicable,1,2.3283064365386963e-10,True
low_office_intensity,浦东新区,310115110000,合庆镇,town,True,38000,723,127,reviewed Core+ district composition scenario,maximum-entropy independence prior fitted by RAS/IPF; deterministic controlled integer rounding,not applicable,1,2.3283064365386963e-10,True
low_office_intensity,浦东新区,310115110000,合庆镇,town,True,38000,724,916,reviewed Core+ district composition scenario,maximum-entropy independence prior fitted by RAS/IPF; deterministic controlled integer rounding,not applicable,1,2.3283064365386963e-10,True
low_office_intensity,浦东新区,310115110000,合庆镇,town,True,38000,725,253,reviewed Core+ district composition scenario,maximum-entropy independence prior fitted by RAS/IPF; deterministic controlled integer rounding,not applicable,1,2.3283064365386963e-10,True
low_office_intensity,浦东新区,310115110000,合庆镇,town,True,38000,OTHER,25346,balancing non-office remainder,maximum-entropy independence prior fitted by RAS/IPF; deterministic controlled integer rounding,not applicable,1,2.3283064365386963e-10,True
low_office_intensity,浦东新区,310115114000,唐镇,town,True,43000,I,4895,official district-by-industry,maximum-entropy independence prior fitted by RAS/IPF; deterministic controlled integer rounding,not applicable,1,2.3283064365386963e-10,True
low_office_intensity,浦东新区,310115114000,唐镇,town,True,43000,J,4086,official district-by-industry,maximum-entropy independence prior fitted by RAS/IPF; deterministic controlled integer rounding,not applicable,1,2.3283064365386963e-10,True
low_office_intensity,浦东新区,310115114000,唐镇,town,True,43000,M,3220,official district-by-industry,maximum-entropy independence prior fitted by RAS/IPF; deterministic controlled integer rounding,not applicable,1,2.3283064365386963e-10,True
low_office_intensity,浦东新区,310115114000,唐镇,town,True,43000,721,651,reviewed Core+ district composition scenario,maximum-entropy independence prior fitted by RAS/IPF; deterministic controlled integer rounding,not applicable,1,2.3283064365386963e-10,True
low_office_intensity,浦东新区,310115114000,唐镇,town,True,43000,723,143,reviewed Core+ district composition scenario,maximum-entropy independence prior fitted by RAS/IPF; deterministic controlled integer rounding,not applicable,1,2.3283064365386963e-10,True
low_office_intensity,浦东新区,310115114000,唐镇,town,True,43000,724,1037,reviewed Core+ district composition scenario,maximum-entropy independence prior fitted by RAS/IPF; deterministic controlled integer rounding,not applicable,1,2.3283064365386963e-10,True
low_office_intensity,浦东新区,310115114000,唐镇,town,True,43000,725,287,reviewed Core+ district composition scenario,maximum-entropy independence prior fitted by RAS/IPF; deterministic controlled integer rounding,not applicable,1,2.3283064365386963e-10,True
low_office_intensity,浦东新区,310115114000,唐镇,town,True,43000,OTHER,28681,balancing non-office remainder,maximum-entropy independence prior fitted by RAS/IPF; deterministic controlled integer rounding,not applicable,1,2.3283064365386963e-10,True
low_office_intensity,浦东新区,310115117000,曹路镇,town,True,44000,I,5009,official district-by-industry,maximum-entropy independence prior fitted by RAS/IPF; deterministic controlled integer rounding,not applicable,1,2.3283064365386963e-10,True
low_office_intensity,浦东新区,310115117000,曹路镇,town,True,44000,J,4181,official district-by-industry,maximum-entropy independence prior fitted by RAS/IPF; deterministic controlled integer rounding,not applicable,1,2.3283064365386963e-10,True
low_office_intensity,浦东新区,310115117000,曹路镇,town,True,44000,M,3295,official district-by-industry,maximum-entropy independence prior fitted by RAS/IPF; deterministic controlled integer rounding,not applicable,1,2.3283064365386963e-10,True
low_office_intensity,浦东新区,310115117000,曹路镇,town,True,44000,721,666,reviewed Core+ district composition scenario,maximum-entropy independence prior fitted by RAS/IPF; deterministic controlled integer rounding,not applicable,1,2.3283064365386963e-10,True
low_office_intensity,浦东新区,310115117000,曹路镇,town,True,44000,723,146,reviewed Core+ district composition scenario,maximum-entropy independence prior fitted by RAS/IPF; deterministic controlled integer rounding,not applicable,1,2.3283064365386963e-10,True
low_office_intensity,浦东新区,310115117000,曹路镇,town,True,44000,724,1061,reviewed Core+ district composition scenario,maximum-entropy independence prior fitted by RAS/IPF; deterministic controlled integer rounding,not applicable,1,2.3283064365386963e-10,True
low_office_intensity,浦东新区,310115117000,曹路镇,town,True,44000,725,294,reviewed Core+ district composition scenario,maximum-entropy independence prior fitted by RAS/IPF; deterministic controlled integer rounding,not applicable,1,2.3283064365386963e-10,True
low_office_intensity,浦东新区,310115117000,曹路镇,town,True,44000,OTHER,29348,balancing non-office remainder,maximum-entropy independence prior fitted by RAS/IPF; deterministic controlled integer rounding,not applicable,1,2.3283064365386963e-10,True
low_office_intensity,浦东新区,310115120000,金桥镇,town,True,20000,I,2277,official district-by-industry,maximum-entropy independence prior fitted by RAS/IPF; deterministic controlled integer rounding,not applicable,1,2.3283064365386963e-10,True
low_office_intensity,浦东新区,310115120000,金桥镇,town,True,20000,J,1900,official district-by-industry,maximum-entropy independence prior fitted by RAS/IPF; deterministic controlled integer rounding,not applicable,1,2.3283064365386963e-10,True
low_office_intensity,浦东新区,310115120000,金桥镇,town,True,20000,M,1498,official district-by-industry,maximum-entropy independence prior fitted by RAS/IPF; deterministic controlled integer rounding,not applicable,1,2.3283064365386963e-10,True
low_office_intensity,浦东新区,310115120000,金桥镇,town,True,20000,721,303,reviewed Core+ district composition scenario,maximum-entropy independence prior fitted by RAS/IPF; deterministic controlled integer rounding,not applicable,1,2.3283064365386963e-10,True
low_office_intensity,浦东新区,310115120000,金桥镇,town,True,20000,723,67,reviewed Core+ district composition scenario,maximum-entropy independence prior fitted by RAS/IPF; deterministic controlled integer rounding,not applicable,1,2.3283064365386963e-10,True
low_office_intensity,浦东新区,310115120000,金桥镇,town,True,20000,724,482,reviewed Core+ district composition scenario,maximum-entropy independence prior fitted by RAS/IPF; deterministic controlled integer rounding,not applicable,1,2.3283064365386963e-10,True
low_office_intensity,浦东新区,310115120000,金桥镇,town,True,20000,725,133,reviewed Core+ district composition scenario,maximum-entropy independence prior fitted by RAS/IPF; deterministic controlled integer rounding,not applicable,1,2.3283064365386963e-10,True
low_office_intensity,浦东新区,310115120000,金桥镇,town,True,20000,OTHER,13340,balancing non-office remainder,maximum-entropy independence prior fitted by RAS/IPF; deterministic controlled integer rounding,not applicable,1,2.3283064365386963e-10,True
low_office_intensity,浦东新区,310115121000,高行镇,town,True,35000,I,3985,official district-by-industry,maximum-entropy independence prior fitted by RAS/IPF; deterministic controlled integer rounding,not applicable,1,2.3283064365386963e-10,True
low_office_intensity,浦东新区,310115121000,高行镇,town,True,35000,J,3326,official district-by-industry,maximum-entropy independence prior fitted by RAS/IPF; deterministic controlled integer rounding,not applicable,1,2.3283064365386963e-10,True
low_office_intensity,浦东新区,310115121000,高行镇,town,True,35000,M,2621,official district-by-industry,maximum-entropy independence prior fitted by RAS/IPF; deterministic controlled integer rounding,not applicable,1,2.3283064365386963e-10,True
low_office_intensity,浦东新区,310115121000,高行镇,town,True,35000,721,529,reviewed Core+ district composition scenario,maximum-entropy independence prior fitted by RAS/IPF; deterministic controlled integer rounding,not applicable,1,2.3283064365386963e-10,True
low_office_intensity,浦东新区,310115121000,高行镇,town,True,35000,723,117,reviewed Core+ district composition scenario,maximum-entropy independence prior fitted by RAS/IPF; deterministic controlled integer rounding,not applicable,1,2.3283064365386963e-10,True
low_office_intensity,浦东新区,310115121000,高行镇,town,True,35000,724,844,reviewed Core+ district composition scenario,maximum-entropy independence prior fitted by RAS/IPF; deterministic controlled integer rounding,not applicable,1,2.3283064365386963e-10,True
low_office_intensity,浦东新区,310115121000,高行镇,town,True,35000,725,233,reviewed Core+ district composition scenario,maximum-entropy independence prior fitted by RAS/IPF; deterministic controlled integer rounding,not applicable,1,2.3283064365386963e-10,True
low_office_intensity,浦东新区,310115121000,高行镇,town,True,35000,OTHER,23345,balancing non-office remainder,maximum-entropy independence prior fitted by RAS/IPF; deterministic controlled integer rounding,not applicable,1,2.3283064365386963e-10,True
low_office_intensity,浦东新区,310115123000,高东镇,town,True,28000,I,3188,official district-by-industry,maximum-entropy independence prior fitted by RAS/IPF; deterministic controlled integer rounding,not applicable,1,2.3283064365386963e-10,True
low_office_intensity,浦东新区,310115123000,高东镇,town,True,28000,J,2660,official district-by-industry,maximum-entropy independence prior fitted by RAS/IPF; deterministic controlled integer rounding,not applicable,1,2.3283064365386963e-10,True
low_office_intensity,浦东新区,310115123000,高东镇,town,True,28000,M,2097,official district-by-industry,maximum-entropy independence prior fitted by RAS/IPF; deterministic controlled integer rounding,not applicable,1,2.3283064365386963e-10,True
low_office_intensity,浦东新区,310115123000,高东镇,town,True,28000,721,424,reviewed Core+ district composition scenario,maximum-entropy independence prior fitted by RAS/IPF; deterministic controlled integer rounding,not applicable,1,2.3283064365386963e-10,True
low_office_intensity,浦东新区,310115123000,高东镇,town,True,28000,723,93,reviewed Core+ district composition scenario,maximum-entropy independence prior fitted by RAS/IPF; deterministic controlled integer rounding,not applicable,1,2.3283064365386963e-10,True
low_office_intensity,浦东新区,310115123000,高东镇,town,True,28000,724,675,reviewed Core+ district composition scenario,maximum-entropy independence prior fitted by RAS/IPF; deterministic controlled integer rounding,not applicable,1,2.3283064365386963e-10,True
low_office_intensity,浦东新区,310115123000,高东镇,town,True,28000,725,187,reviewed Core+ district composition scenario,maximum-entropy independence prior fitted by RAS/IPF; deterministic controlled integer rounding,not applicable,1,2.3283064365386963e-10,True
low_office_intensity,浦东新区,310115123000,高东镇,town,True,28000,OTHER,18676,balancing non-office remainder,maximum-entropy independence prior fitted by RAS/IPF; deterministic controlled integer rounding,not applicable,1,2.3283064365386963e-10,True
low_office_intensity,浦东新区,310115125000,张江镇,town,True,21000,I,2391,official district-by-industry,maximum-entropy independence prior fitted by RAS/IPF; deterministic controlled integer rounding,not applicable,1,2.3283064365386963e-10,True
low_office_intensity,浦东新区,310115125000,张江镇,town,True,21000,J,1995,official district-by-industry,maximum-entropy independence prior fitted by RAS/IPF; deterministic controlled integer rounding,not applicable,1,2.3283064365386963e-10,True
low_office_intensity,浦东新区,310115125000,张江镇,town,True,21000,M,1573,official district-by-industry,maximum-entropy independence prior fitted by RAS/IPF; deterministic controlled integer rounding,not applicable,1,2.3283064365386963e-10,True
low_office_intensity,浦东新区,310115125000,张江镇,town,True,21000,721,318,reviewed Core+ district composition scenario,maximum-entropy independence prior fitted by RAS/IPF; deterministic controlled integer rounding,not applicable,1,2.3283064365386963e-10,True
low_office_intensity,浦东新区,310115125000,张江镇,town,True,21000,723,70,reviewed Core+ district composition scenario,maximum-entropy independence prior fitted by RAS/IPF; deterministic controlled integer rounding,not applicable,1,2.3283064365386963e-10,True
low_office_intensity,浦东新区,310115125000,张江镇,town,True,21000,724,506,reviewed Core+ district composition scenario,maximum-entropy independence prior fitted by RAS/IPF; deterministic controlled integer rounding,not applicable,1,2.3283064365386963e-10,True
low_office_intensity,浦东新区,310115125000,张江镇,town,True,21000,725,140,reviewed Core+ district composition scenario,maximum-entropy independence prior fitted by RAS/IPF; deterministic controlled integer rounding,not applicable,1,2.3283064365386963e-10,True
low_office_intensity,浦东新区,310115125000,张江镇,town,True,21000,OTHER,14007,balancing non-office remainder,maximum-entropy independence prior fitted by RAS/IPF; deterministic controlled integer rounding,not applicable,1,2.3283064365386963e-10,True
low_office_intensity,浦东新区,310115130000,三林镇,town,True,96000,I,10929,official district-by-industry,maximum-entropy independence prior fitted by RAS/IPF; deterministic controlled integer rounding,not applicable,1,2.3283064365386963e-10,True
low_office_intensity,浦东新区,310115130000,三林镇,town,True,96000,J,9122,official district-by-industry,maximum-entropy independence prior fitted by RAS/IPF; deterministic controlled integer rounding,not applicable,1,2.3283064365386963e-10,True
low_office_intensity,浦东新区,310115130000,三林镇,town,True,96000,M,7189,official district-by-industry,maximum-entropy independence prior fitted by RAS/IPF; deterministic controlled integer rounding,not applicable,1,2.3283064365386963e-10,True
low_office_intensity,浦东新区,310115130000,三林镇,town,True,96000,721,1452,reviewed Core+ district composition scenario,maximum-entropy independence prior fitted by RAS/IPF; deterministic controlled integer rounding,not applicable,1,2.3283064365386963e-10,True
low_office_intensity,浦东新区,310115130000,三林镇,town,True,96000,723,320,reviewed Core+ district composition scenario,maximum-entropy independence prior fitted by RAS/IPF; deterministic controlled integer rounding,not applicable,1,2.3283064365386963e-10,True
low_office_intensity,浦东新区,310115130000,三林镇,town,True,96000,724,2315,reviewed Core+ district composition scenario,maximum-entropy independence prior fitted by RAS/IPF; deterministic controlled integer rounding,not applicable,1,2.3283064365386963e-10,True
low_office_intensity,浦东新区,310115130000,三林镇,town,True,96000,725,641,reviewed Core+ district composition scenario,maximum-entropy independence prior fitted by RAS/IPF; deterministic controlled integer rounding,not applicable,1,2.3283064365386963e-10,True
low_office_intensity,浦东新区,310115130000,三林镇,town,True,96000,OTHER,64032,balancing non-office remainder,maximum-entropy independence prior fitted by RAS/IPF; deterministic controlled integer rounding,not applicable,1,2.3283064365386963e-10,True
low_office_intensity,浦东新区,310115131000,惠南镇,town,True,68000,I,7741,official district-by-industry,maximum-entropy independence prior fitted by RAS/IPF; deterministic controlled integer rounding,not applicable,1,2.3283064365386963e-10,True
low_office_intensity,浦东新区,310115131000,惠南镇,town,True,68000,J,6461,official district-by-industry,maximum-entropy independence prior fitted by RAS/IPF; deterministic controlled integer rounding,not applicable,1,2.3283064365386963e-10,True
low_office_intensity,浦东新区,310115131000,惠南镇,town,True,68000,M,5092,official district-by-industry,maximum-entropy independence prior fitted by RAS/IPF; deterministic controlled integer rounding,not applicable,1,2.3283064365386963e-10,True
low_office_intensity,浦东新区,310115131000,惠南镇,town,True,68000,721,1029,reviewed Core+ district composition scenario,maximum-entropy independence prior fitted by RAS/IPF; deterministic controlled integer rounding,not applicable,1,2.3283064365386963e-10,True
low_office_intensity,浦东新区,310115131000,惠南镇,town,True,68000,723,227,reviewed Core+ district composition scenario,maximum-entropy independence prior fitted by RAS/IPF; deterministic controlled integer rounding,not applicable,1,2.3283064365386963e-10,True
low_office_intensity,浦东新区,310115131000,惠南镇,town,True,68000,724,1640,reviewed Core+ district composition scenario,maximum-entropy independence prior fitted by RAS/IPF; deterministic controlled integer rounding,not applicable,1,2.3283064365386963e-10,True
low_office_intensity,浦东新区,310115131000,惠南镇,town,True,68000,725,454,reviewed Core+ district composition scenario,maximum-entropy independence prior fitted by RAS/IPF; deterministic controlled integer rounding,not applicable,1,2.3283064365386963e-10,True
low_office_intensity,浦东新区,310115131000,惠南镇,town,True,68000,OTHER,45356,balancing non-office remainder,maximum-entropy independence prior fitted by RAS/IPF; deterministic controlled integer rounding,not applicable,1,2.3283064365386963e-10,True
low_office_intensity,浦东新区,310115132000,周浦镇,town,True,48000,I,5465,official district-by-industry,maximum-entropy independence prior fitted by RAS/IPF; deterministic controlled integer rounding,not applicable,1,2.3283064365386963e-10,True
low_office_intensity,浦东新区,310115132000,周浦镇,town,True,48000,J,4561,official district-by-industry,maximum-entropy independence prior fitted by RAS/IPF; deterministic controlled integer rounding,not applicable,1,2.3283064365386963e-10,True
low_office_intensity,浦东新区,310115132000,周浦镇,town,True,48000,M,3595,official district-by-industry,maximum-entropy independence prior fitted by RAS/IPF; deterministic controlled integer rounding,not applicable,1,2.3283064365386963e-10,True
low_office_intensity,浦东新区,310115132000,周浦镇,town,True,48000,721,726,reviewed Core+ district composition scenario,maximum-entropy independence prior fitted by RAS/IPF; deterministic controlled integer rounding,not applicable,1,2.3283064365386963e-10,True
low_office_intensity,浦东新区,310115132000,周浦镇,town,True,48000,723,160,reviewed Core+ district composition scenario,maximum-entropy independence prior fitted by RAS/IPF; deterministic controlled integer rounding,not applicable,1,2.3283064365386963e-10,True
low_office_intensity,浦东新区,310115132000,周浦镇,town,True,48000,724,1157,reviewed Core+ district composition scenario,maximum-entropy independence prior fitted by RAS/IPF; deterministic controlled integer rounding,not applicable,1,2.3283064365386963e-10,True
low_office_intensity,浦东新区,310115132000,周浦镇,town,True,48000,725,320,reviewed Core+ district composition scenario,maximum-entropy independence prior fitted by RAS/IPF; deterministic controlled integer rounding,not applicable,1,2.3283064365386963e-10,True
low_office_intensity,浦东新区,310115132000,周浦镇,town,True,48000,OTHER,32016,balancing non-office remainder,maximum-entropy independence prior fitted by RAS/IPF; deterministic controlled integer rounding,not applicable,1,2.3283064365386963e-10,True
low_office_intensity,浦东新区,310115133000,新场镇,town,True,26000,I,2960,official district-by-industry,maximum-entropy independence prior fitted by RAS/IPF; deterministic controlled integer rounding,not applicable,1,2.3283064365386963e-10,True
low_office_intensity,浦东新区,310115133000,新场镇,town,True,26000,J,2470,official district-by-industry,maximum-entropy independence prior fitted by RAS/IPF; deterministic controlled integer rounding,not applicable,1,2.3283064365386963e-10,True
low_office_intensity,浦东新区,310115133000,新场镇,town,True,26000,M,1947,official district-by-industry,maximum-entropy independence prior fitted by RAS/IPF; deterministic controlled integer rounding,not applicable,1,2.3283064365386963e-10,True
low_office_intensity,浦东新区,310115133000,新场镇,town,True,26000,721,393,reviewed Core+ district composition scenario,maximum-entropy independence prior fitted by RAS/IPF; deterministic controlled integer rounding,not applicable,1,2.3283064365386963e-10,True
low_office_intensity,浦东新区,310115133000,新场镇,town,True,26000,723,87,reviewed Core+ district composition scenario,maximum-entropy independence prior fitted by RAS/IPF; deterministic controlled integer rounding,not applicable,1,2.3283064365386963e-10,True
low_office_intensity,浦东新区,310115133000,新场镇,town,True,26000,724,627,reviewed Core+ district composition scenario,maximum-entropy independence prior fitted by RAS/IPF; deterministic controlled integer rounding,not applicable,1,2.3283064365386963e-10,True
low_office_intensity,浦东新区,310115133000,新场镇,town,True,26000,725,174,reviewed Core+ district composition scenario,maximum-entropy independence prior fitted by RAS/IPF; deterministic controlled integer rounding,not applicable,1,2.3283064365386963e-10,True
low_office_intensity,浦东新区,310115133000,新场镇,town,True,26000,OTHER,17342,balancing non-office remainder,maximum-entropy independence prior fitted by RAS/IPF; deterministic controlled integer rounding,not applicable,1,2.3283064365386963e-10,True
low_office_intensity,浦东新区,310115134000,大团镇,town,True,10000,I,1139,official district-by-industry,maximum-entropy independence prior fitted by RAS/IPF; deterministic controlled integer rounding,not applicable,1,2.3283064365386963e-10,True
low_office_intensity,浦东新区,310115134000,大团镇,town,True,10000,J,950,official district-by-industry,maximum-entropy independence prior fitted by RAS/IPF; deterministic controlled integer rounding,not applicable,1,2.3283064365386963e-10,True
low_office_intensity,浦东新区,310115134000,大团镇,town,True,10000,M,749,official district-by-industry,maximum-entropy independence prior fitted by RAS/IPF; deterministic controlled integer rounding,not applicable,1,2.3283064365386963e-10,True
low_office_intensity,浦东新区,310115134000,大团镇,town,True,10000,721,151,reviewed Core+ district composition scenario,maximum-entropy independence prior fitted by RAS/IPF; deterministic controlled integer rounding,not applicable,1,2.3283064365386963e-10,True
low_office_intensity,浦东新区,310115134000,大团镇,town,True,10000,723,33,reviewed Core+ district composition scenario,maximum-entropy independence prior fitted by RAS/IPF; deterministic controlled integer rounding,not applicable,1,2.3283064365386963e-10,True
low_office_intensity,浦东新区,310115134000,大团镇,town,True,10000,724,241,reviewed Core+ district composition scenario,maximum-entropy independence prior fitted by RAS/IPF; deterministic controlled integer rounding,not applicable,1,2.3283064365386963e-10,True
low_office_intensity,浦东新区,310115134000,大团镇,town,True,10000,725,67,reviewed Core+ district composition scenario,maximum-entropy independence prior fitted by RAS/IPF; deterministic controlled integer rounding,not applicable,1,2.3283064365386963e-10,True
low_office_intensity,浦东新区,310115134000,大团镇,town,True,10000,OTHER,6670,balancing non-office remainder,maximum-entropy independence prior fitted by RAS/IPF; deterministic controlled integer rounding,not applicable,1,2.3283064365386963e-10,True
low_office_intensity,浦东新区,310115136000,康桥镇,town,True,57000,I,6489,official district-by-industry,maximum-entropy independence prior fitted by RAS/IPF; deterministic controlled integer rounding,not applicable,1,2.3283064365386963e-10,True
low_office_intensity,浦东新区,310115136000,康桥镇,town,True,57000,J,5416,official district-by-industry,maximum-entropy independence prior fitted by RAS/IPF; deterministic controlled integer rounding,not applicable,1,2.3283064365386963e-10,True
low_office_intensity,浦东新区,310115136000,康桥镇,town,True,57000,M,4269,official district-by-industry,maximum-entropy independence prior fitted by RAS/IPF; deterministic controlled integer rounding,not applicable,1,2.3283064365386963e-10,True
low_office_intensity,浦东新区,310115136000,康桥镇,town,True,57000,721,862,reviewed Core+ district composition scenario,maximum-entropy independence prior fitted by RAS/IPF; deterministic controlled integer rounding,not applicable,1,2.3283064365386963e-10,True
low_office_intensity,浦东新区,310115136000,康桥镇,town,True,57000,723,190,reviewed Core+ district composition scenario,maximum-entropy independence prior fitted by RAS/IPF; deterministic controlled integer rounding,not applicable,1,2.3283064365386963e-10,True
low_office_intensity,浦东新区,310115136000,康桥镇,town,True,57000,724,1375,reviewed Core+ district composition scenario,maximum-entropy independence prior fitted by RAS/IPF; deterministic controlled integer rounding,not applicable,1,2.3283064365386963e-10,True
low_office_intensity,浦东新区,310115136000,康桥镇,town,True,57000,725,380,reviewed Core+ district composition scenario,maximum-entropy independence prior fitted by RAS/IPF; deterministic controlled integer rounding,not applicable,1,2.3283064365386963e-10,True
low_office_intensity,浦东新区,310115136000,康桥镇,town,True,57000,OTHER,38019,balancing non-office remainder,maximum-entropy independence prior fitted by RAS/IPF; deterministic controlled integer rounding,not applicable,1,2.3283064365386963e-10,True
low_office_intensity,浦东新区,310115137000,航头镇,town,True,39000,I,4440,official district-by-industry,maximum-entropy independence prior fitted by RAS/IPF; deterministic controlled integer rounding,not applicable,1,2.3283064365386963e-10,True
low_office_intensity,浦东新区,310115137000,航头镇,town,True,39000,J,3706,official district-by-industry,maximum-entropy independence prior fitted by RAS/IPF; deterministic controlled integer rounding,not applicable,1,2.3283064365386963e-10,True
low_office_intensity,浦东新区,310115137000,航头镇,town,True,39000,M,2921,official district-by-industry,maximum-entropy independence prior fitted by RAS/IPF; deterministic controlled integer rounding,not applicable,1,2.3283064365386963e-10,True
low_office_intensity,浦东新区,310115137000,航头镇,town,True,39000,721,590,reviewed Core+ district composition scenario,maximum-entropy independence prior fitted by RAS/IPF; deterministic controlled integer rounding,not applicable,1,2.3283064365386963e-10,True
low_office_intensity,浦东新区,310115137000,航头镇,town,True,39000,723,130,reviewed Core+ district composition scenario,maximum-entropy independence prior fitted by RAS/IPF; deterministic controlled integer rounding,not applicable,1,2.3283064365386963e-10,True
low_office_intensity,浦东新区,310115137000,航头镇,town,True,39000,724,940,reviewed Core+ district composition scenario,maximum-entropy independence prior fitted by RAS/IPF; deterministic controlled integer rounding,not applicable,1,2.3283064365386963e-10,True
low_office_intensity,浦东新区,310115137000,航头镇,town,True,39000,725,260,reviewed Core+ district composition scenario,maximum-entropy independence prior fitted by RAS/IPF; deterministic controlled integer rounding,not applicable,1,2.3283064365386963e-10,True
low_office_intensity,浦东新区,310115137000,航头镇,town,True,39000,OTHER,26013,balancing non-office remainder,maximum-entropy independence prior fitted by RAS/IPF; deterministic controlled integer rounding,not applicable,1,2.3283064365386963e-10,True
low_office_intensity,浦东新区,310115139000,祝桥镇,town,True,82000,I,9335,official district-by-industry,maximum-entropy independence prior fitted by RAS/IPF; deterministic controlled integer rounding,not applicable,1,2.3283064365386963e-10,True
low_office_intensity,浦东新区,310115139000,祝桥镇,town,True,82000,J,7792,official district-by-industry,maximum-entropy independence prior fitted by RAS/IPF; deterministic controlled integer rounding,not applicable,1,2.3283064365386963e-10,True
low_office_intensity,浦东新区,310115139000,祝桥镇,town,True,82000,M,6141,official district-by-industry,maximum-entropy independence prior fitted by RAS/IPF; deterministic controlled integer rounding,not applicable,1,2.3283064365386963e-10,True
low_office_intensity,浦东新区,310115139000,祝桥镇,town,True,82000,721,1241,reviewed Core+ district composition scenario,maximum-entropy independence prior fitted by RAS/IPF; deterministic controlled integer rounding,not applicable,1,2.3283064365386963e-10,True
low_office_intensity,浦东新区,310115139000,祝桥镇,town,True,82000,723,273,reviewed Core+ district composition scenario,maximum-entropy independence prior fitted by RAS/IPF; deterministic controlled integer rounding,not applicable,1,2.3283064365386963e-10,True
low_office_intensity,浦东新区,310115139000,祝桥镇,town,True,82000,724,1977,reviewed Core+ district composition scenario,maximum-entropy independence prior fitted by RAS/IPF; deterministic controlled integer rounding,not applicable,1,2.3283064365386963e-10,True
low_office_intensity,浦东新区,310115139000,祝桥镇,town,True,82000,725,547,reviewed Core+ district composition scenario,maximum-entropy independence prior fitted by RAS/IPF; deterministic controlled integer rounding,not applicable,1,2.3283064365386963e-10,True
low_office_intensity,浦东新区,310115139000,祝桥镇,town,True,82000,OTHER,54694,balancing non-office remainder,maximum-entropy independence prior fitted by RAS/IPF; deterministic controlled integer rounding,not applicable,1,2.3283064365386963e-10,True
low_office_intensity,浦东新区,310115140000,泥城镇,town,True,38000,I,4326,official district-by-industry,maximum-entropy independence prior fitted by RAS/IPF; deterministic controlled integer rounding,not applicable,1,2.3283064365386963e-10,True
low_office_intensity,浦东新区,310115140000,泥城镇,town,True,38000,J,3611,official district-by-industry,maximum-entropy independence prior fitted by RAS/IPF; deterministic controlled integer rounding,not applicable,1,2.3283064365386963e-10,True
low_office_intensity,浦东新区,310115140000,泥城镇,town,True,38000,M,2846,official district-by-industry,maximum-entropy independence prior fitted by RAS/IPF; deterministic controlled integer rounding,not applicable,1,2.3283064365386963e-10,True
low_office_intensity,浦东新区,310115140000,泥城镇,town,True,38000,721,575,reviewed Core+ district composition scenario,maximum-entropy independence prior fitted by RAS/IPF; deterministic controlled integer rounding,not applicable,1,2.3283064365386963e-10,True
low_office_intensity,浦东新区,310115140000,泥城镇,town,True,38000,723,126,reviewed Core+ district composition scenario,maximum-entropy independence prior fitted by RAS/IPF; deterministic controlled integer rounding,not applicable,1,2.3283064365386963e-10,True
low_office_intensity,浦东新区,310115140000,泥城镇,town,True,38000,724,916,reviewed Core+ district composition scenario,maximum-entropy independence prior fitted by RAS/IPF; deterministic controlled integer rounding,not applicable,1,2.3283064365386963e-10,True
low_office_intensity,浦东新区,310115140000,泥城镇,town,True,38000,725,254,reviewed Core+ district composition scenario,maximum-entropy independence prior fitted by RAS/IPF; deterministic controlled integer rounding,not applicable,1,2.3283064365386963e-10,True
low_office_intensity,浦东新区,310115140000,泥城镇,town,True,38000,OTHER,25346,balancing non-office remainder,maximum-entropy independence prior fitted by RAS/IPF; deterministic controlled integer rounding,not applicable,1,2.3283064365386963e-10,True
low_office_intensity,浦东新区,310115141000,宣桥镇,town,True,36000,I,4098,official district-by-industry,maximum-entropy independence prior fitted by RAS/IPF; deterministic controlled integer rounding,not applicable,1,2.3283064365386963e-10,True
low_office_intensity,浦东新区,310115141000,宣桥镇,town,True,36000,J,3421,official district-by-industry,maximum-entropy independence prior fitted by RAS/IPF; deterministic controlled integer rounding,not applicable,1,2.3283064365386963e-10,True
low_office_intensity,浦东新区,310115141000,宣桥镇,town,True,36000,M,2696,official district-by-industry,maximum-entropy independence prior fitted by RAS/IPF; deterministic controlled integer rounding,not applicable,1,2.3283064365386963e-10,True
low_office_intensity,浦东新区,310115141000,宣桥镇,town,True,36000,721,545,reviewed Core+ district composition scenario,maximum-entropy independence prior fitted by RAS/IPF; deterministic controlled integer rounding,not applicable,1,2.3283064365386963e-10,True
low_office_intensity,浦东新区,310115141000,宣桥镇,town,True,36000,723,120,reviewed Core+ district composition scenario,maximum-entropy independence prior fitted by RAS/IPF; deterministic controlled integer rounding,not applicable,1,2.3283064365386963e-10,True
low_office_intensity,浦东新区,310115141000,宣桥镇,town,True,36000,724,868,reviewed Core+ district composition scenario,maximum-entropy independence prior fitted by RAS/IPF; deterministic controlled integer rounding,not applicable,1,2.3283064365386963e-10,True
low_office_intensity,浦东新区,310115141000,宣桥镇,town,True,36000,725,240,reviewed Core+ district composition scenario,maximum-entropy independence prior fitted by RAS/IPF; deterministic controlled integer rounding,not applicable,1,2.3283064365386963e-10,True
low_office_intensity,浦东新区,310115141000,宣桥镇,town,True,36000,OTHER,24012,balancing non-office remainder,maximum-entropy independence prior fitted by RAS/IPF; deterministic controlled integer rounding,not applicable,1,2.3283064365386963e-10,True
low_office_intensity,浦东新区,310115142000,书院镇,town,True,14000,I,1594,official district-by-industry,maximum-entropy independence prior fitted by RAS/IPF; deterministic controlled integer rounding,not applicable,1,2.3283064365386963e-10,True
low_office_intensity,浦东新区,310115142000,书院镇,town,True,14000,J,1330,official district-by-industry,maximum-entropy independence prior fitted by RAS/IPF; deterministic controlled integer rounding,not applicable,1,2.3283064365386963e-10,True
low_office_intensity,浦东新区,310115142000,书院镇,town,True,14000,M,1048,official district-by-industry,maximum-entropy independence prior fitted by RAS/IPF; deterministic controlled integer rounding,not applicable,1,2.3283064365386963e-10,True
low_office_intensity,浦东新区,310115142000,书院镇,town,True,14000,721,212,reviewed Core+ district composition scenario,maximum-entropy independence prior fitted by RAS/IPF; deterministic controlled integer rounding,not applicable,1,2.3283064365386963e-10,True
low_office_intensity,浦东新区,310115142000,书院镇,town,True,14000,723,47,reviewed Core+ district composition scenario,maximum-entropy independence prior fitted by RAS/IPF; deterministic controlled integer rounding,not applicable,1,2.3283064365386963e-10,True
low_office_intensity,浦东新区,310115142000,书院镇,town,True,14000,724,338,reviewed Core+ district composition scenario,maximum-entropy independence prior fitted by RAS/IPF; deterministic controlled integer rounding,not applicable,1,2.3283064365386963e-10,True
low_office_intensity,浦东新区,310115142000,书院镇,town,True,14000,725,93,reviewed Core+ district composition scenario,maximum-entropy independence prior fitted by RAS/IPF; deterministic controlled integer rounding,not applicable,1,2.3283064365386963e-10,True
low_office_intensity,浦东新区,310115142000,书院镇,town,True,14000,OTHER,9338,balancing non-office remainder,maximum-entropy independence prior fitted by RAS/IPF; deterministic controlled integer rounding,not applicable,1,2.3283064365386963e-10,True
low_office_intensity,浦东新区,310115143000,万祥镇,town,True,17000,I,1935,official district-by-industry,maximum-entropy independence prior fitted by RAS/IPF; deterministic controlled integer rounding,not applicable,1,2.3283064365386963e-10,True
low_office_intensity,浦东新区,310115143000,万祥镇,town,True,17000,J,1615,official district-by-industry,maximum-entropy independence prior fitted by RAS/IPF; deterministic controlled integer rounding,not applicable,1,2.3283064365386963e-10,True
low_office_intensity,浦东新区,310115143000,万祥镇,town,True,17000,M,1273,official district-by-industry,maximum-entropy independence prior fitted by RAS/IPF; deterministic controlled integer rounding,not applicable,1,2.3283064365386963e-10,True
low_office_intensity,浦东新区,310115143000,万祥镇,town,True,17000,721,257,reviewed Core+ district composition scenario,maximum-entropy independence prior fitted by RAS/IPF; deterministic controlled integer rounding,not applicable,1,2.3283064365386963e-10,True
low_office_intensity,浦东新区,310115143000,万祥镇,town,True,17000,723,57,reviewed Core+ district composition scenario,maximum-entropy independence prior fitted by RAS/IPF; deterministic controlled integer rounding,not applicable,1,2.3283064365386963e-10,True
low_office_intensity,浦东新区,310115143000,万祥镇,town,True,17000,724,410,reviewed Core+ district composition scenario,maximum-entropy independence prior fitted by RAS/IPF; deterministic controlled integer rounding,not applicable,1,2.3283064365386963e-10,True
low_office_intensity,浦东新区,310115143000,万祥镇,town,True,17000,725,114,reviewed Core+ district composition scenario,maximum-entropy independence prior fitted by RAS/IPF; deterministic controlled integer rounding,not applicable,1,2.3283064365386963e-10,True
low_office_intensity,浦东新区,310115143000,万祥镇,town,True,17000,OTHER,11339,balancing non-office remainder,maximum-entropy independence prior fitted by RAS/IPF; deterministic controlled integer rounding,not applicable,1,2.3283064365386963e-10,True
low_office_intensity,浦东新区,310115144000,老港镇,town,True,14000,I,1594,official district-by-industry,maximum-entropy independence prior fitted by RAS/IPF; deterministic controlled integer rounding,not applicable,1,2.3283064365386963e-10,True
low_office_intensity,浦东新区,310115144000,老港镇,town,True,14000,J,1330,official district-by-industry,maximum-entropy independence prior fitted by RAS/IPF; deterministic controlled integer rounding,not applicable,1,2.3283064365386963e-10,True
low_office_intensity,浦东新区,310115144000,老港镇,town,True,14000,M,1048,official district-by-industry,maximum-entropy independence prior fitted by RAS/IPF; deterministic controlled integer rounding,not applicable,1,2.3283064365386963e-10,True
low_office_intensity,浦东新区,310115144000,老港镇,town,True,14000,721,212,reviewed Core+ district composition scenario,maximum-entropy independence prior fitted by RAS/IPF; deterministic controlled integer rounding,not applicable,1,2.3283064365386963e-10,True
low_office_intensity,浦东新区,310115144000,老港镇,town,True,14000,723,47,reviewed Core+ district composition scenario,maximum-entropy independence prior fitted by RAS/IPF; deterministic controlled integer rounding,not applicable,1,2.3283064365386963e-10,True
low_office_intensity,浦东新区,310115144000,老港镇,town,True,14000,724,338,reviewed Core+ district composition scenario,maximum-entropy independence prior fitted by RAS/IPF; deterministic controlled integer rounding,not applicable,1,2.3283064365386963e-10,True
low_office_intensity,浦东新区,310115144000,老港镇,town,True,14000,725,93,reviewed Core+ district composition scenario,maximum-entropy independence prior fitted by RAS/IPF; deterministic controlled integer rounding,not applicable,1,2.3283064365386963e-10,True
low_office_intensity,浦东新区,310115144000,老港镇,town,True,14000,OTHER,9338,balancing non-office remainder,maximum-entropy independence prior fitted by RAS/IPF; deterministic controlled integer rounding,not applicable,1,2.3283064365386963e-10,True
low_office_intensity,浦东新区,310115145000,南汇新城镇,town,True,138000,I,15711,official district-by-industry,maximum-entropy independence prior fitted by RAS/IPF; deterministic controlled integer rounding,not applicable,1,2.3283064365386963e-10,True
low_office_intensity,浦东新区,310115145000,南汇新城镇,town,True,138000,J,13112,official district-by-industry,maximum-entropy independence prior fitted by RAS/IPF; deterministic controlled integer rounding,not applicable,1,2.3283064365386963e-10,True
low_office_intensity,浦东新区,310115145000,南汇新城镇,town,True,138000,M,10335,official district-by-industry,maximum-entropy independence prior fitted by RAS/IPF; deterministic controlled integer rounding,not applicable,1,2.3283064365386963e-10,True
low_office_intensity,浦东新区,310115145000,南汇新城镇,town,True,138000,721,2088,reviewed Core+ district composition scenario,maximum-entropy independence prior fitted by RAS/IPF; deterministic controlled integer rounding,not applicable,1,2.3283064365386963e-10,True
low_office_intensity,浦东新区,310115145000,南汇新城镇,town,True,138000,723,460,reviewed Core+ district composition scenario,maximum-entropy independence prior fitted by RAS/IPF; deterministic controlled integer rounding,not applicable,1,2.3283064365386963e-10,True
low_office_intensity,浦东新区,310115145000,南汇新城镇,town,True,138000,724,3328,reviewed Core+ district composition scenario,maximum-entropy independence prior fitted by RAS/IPF; deterministic controlled integer rounding,not applicable,1,2.3283064365386963e-10,True
low_office_intensity,浦东新区,310115145000,南汇新城镇,town,True,138000,725,921,reviewed Core+ district composition scenario,maximum-entropy independence prior fitted by RAS/IPF; deterministic controlled integer rounding,not applicable,1,2.3283064365386963e-10,True
low_office_intensity,浦东新区,310115145000,南汇新城镇,town,True,138000,OTHER,92045,balancing non-office remainder,maximum-entropy independence prior fitted by RAS/IPF; deterministic controlled integer rounding,not applicable,1,2.3283064365386963e-10,True
low_office_intensity,浦东新区,310115501000,中国（上海）自由贸易试验区（保税片区）,functional_zone,True,149000,I,16963,official district-by-industry,maximum-entropy independence prior fitted by RAS/IPF; deterministic controlled integer rounding,not applicable,1,2.3283064365386963e-10,True
low_office_intensity,浦东新区,310115501000,中国（上海）自由贸易试验区（保税片区）,functional_zone,True,149000,J,14158,official district-by-industry,maximum-entropy independence prior fitted by RAS/IPF; deterministic controlled integer rounding,not applicable,1,2.3283064365386963e-10,True
low_office_intensity,浦东新区,310115501000,中国（上海）自由贸易试验区（保税片区）,functional_zone,True,149000,M,11158,official district-by-industry,maximum-entropy independence prior fitted by RAS/IPF; deterministic controlled integer rounding,not applicable,1,2.3283064365386963e-10,True
low_office_intensity,浦东新区,310115501000,中国（上海）自由贸易试验区（保税片区）,functional_zone,True,149000,721,2254,reviewed Core+ district composition scenario,maximum-entropy independence prior fitted by RAS/IPF; deterministic controlled integer rounding,not applicable,1,2.3283064365386963e-10,True
low_office_intensity,浦东新区,310115501000,中国（上海）自由贸易试验区（保税片区）,functional_zone,True,149000,723,497,reviewed Core+ district composition scenario,maximum-entropy independence prior fitted by RAS/IPF; deterministic controlled integer rounding,not applicable,1,2.3283064365386963e-10,True
low_office_intensity,浦东新区,310115501000,中国（上海）自由贸易试验区（保税片区）,functional_zone,True,149000,724,3593,reviewed Core+ district composition scenario,maximum-entropy independence prior fitted by RAS/IPF; deterministic controlled integer rounding,not applicable,1,2.3283064365386963e-10,True
low_office_intensity,浦东新区,310115501000,中国（上海）自由贸易试验区（保税片区）,functional_zone,True,149000,725,994,reviewed Core+ district composition scenario,maximum-entropy independence prior fitted by RAS/IPF; deterministic controlled integer rounding,not applicable,1,2.3283064365386963e-10,True
low_office_intensity,浦东新区,310115501000,中国（上海）自由贸易试验区（保税片区）,functional_zone,True,149000,OTHER,99383,balancing non-office remainder,maximum-entropy independence prior fitted by RAS/IPF; deterministic controlled integer rounding,not applicable,1,2.3283064365386963e-10,True
low_office_intensity,浦东新区,310115502000,金桥经济技术开发区,functional_zone,True,203000,I,23111,official district-by-industry,maximum-entropy independence prior fitted by RAS/IPF; deterministic controlled integer rounding,not applicable,1,2.3283064365386963e-10,True
low_office_intensity,浦东新区,310115502000,金桥经济技术开发区,functional_zone,True,203000,J,19289,official district-by-industry,maximum-entropy independence prior fitted by RAS/IPF; deterministic controlled integer rounding,not applicable,1,2.3283064365386963e-10,True
low_office_intensity,浦东新区,310115502000,金桥经济技术开发区,functional_zone,True,203000,M,15203,official district-by-industry,maximum-entropy independence prior fitted by RAS/IPF; deterministic controlled integer rounding,not applicable,1,2.3283064365386963e-10,True
low_office_intensity,浦东新区,310115502000,金桥经济技术开发区,functional_zone,True,203000,721,3071,reviewed Core+ district composition scenario,maximum-entropy independence prior fitted by RAS/IPF; deterministic controlled integer rounding,not applicable,1,2.3283064365386963e-10,True
low_office_intensity,浦东新区,310115502000,金桥经济技术开发区,functional_zone,True,203000,723,677,reviewed Core+ district composition scenario,maximum-entropy independence prior fitted by RAS/IPF; deterministic controlled integer rounding,not applicable,1,2.3283064365386963e-10,True
low_office_intensity,浦东新区,310115502000,金桥经济技术开发区,functional_zone,True,203000,724,4895,reviewed Core+ district composition scenario,maximum-entropy independence prior fitted by RAS/IPF; deterministic controlled integer rounding,not applicable,1,2.3283064365386963e-10,True
low_office_intensity,浦东新区,310115502000,金桥经济技术开发区,functional_zone,True,203000,725,1354,reviewed Core+ district composition scenario,maximum-entropy independence prior fitted by RAS/IPF; deterministic controlled integer rounding,not applicable,1,2.3283064365386963e-10,True
low_office_intensity,浦东新区,310115502000,金桥经济技术开发区,functional_zone,True,203000,OTHER,135400,balancing non-office remainder,maximum-entropy independence prior fitted by RAS/IPF; deterministic controlled integer rounding,not applicable,1,2.3283064365386963e-10,True
low_office_intensity,浦东新区,310115503000,张江高科技园区,functional_zone,True,469000,I,53394,official district-by-industry,maximum-entropy independence prior fitted by RAS/IPF; deterministic controlled integer rounding,not applicable,1,2.3283064365386963e-10,True
low_office_intensity,浦东新区,310115503000,张江高科技园区,functional_zone,True,469000,J,44563,official district-by-industry,maximum-entropy independence prior fitted by RAS/IPF; deterministic controlled integer rounding,not applicable,1,2.3283064365386963e-10,True
low_office_intensity,浦东新区,310115503000,张江高科技园区,functional_zone,True,469000,M,35123,official district-by-industry,maximum-entropy independence prior fitted by RAS/IPF; deterministic controlled integer rounding,not applicable,1,2.3283064365386963e-10,True
low_office_intensity,浦东新区,310115503000,张江高科技园区,functional_zone,True,469000,721,7096,reviewed Core+ district composition scenario,maximum-entropy independence prior fitted by RAS/IPF; deterministic controlled integer rounding,not applicable,1,2.3283064365386963e-10,True
low_office_intensity,浦东新区,310115503000,张江高科技园区,functional_zone,True,469000,723,1564,reviewed Core+ district composition scenario,maximum-entropy independence prior fitted by RAS/IPF; deterministic controlled integer rounding,not applicable,1,2.3283064365386963e-10,True
low_office_intensity,浦东新区,310115503000,张江高科技园区,functional_zone,True,469000,724,11310,reviewed Core+ district composition scenario,maximum-entropy independence prior fitted by RAS/IPF; deterministic controlled integer rounding,not applicable,1,2.3283064365386963e-10,True
low_office_intensity,浦东新区,310115503000,张江高科技园区,functional_zone,True,469000,725,3129,reviewed Core+ district composition scenario,maximum-entropy independence prior fitted by RAS/IPF; deterministic controlled integer rounding,not applicable,1,2.3283064365386963e-10,True
low_office_intensity,浦东新区,310115503000,张江高科技园区,functional_zone,True,469000,OTHER,312821,balancing non-office remainder,maximum-entropy independence prior fitted by RAS/IPF; deterministic controlled integer rounding,not applicable,1,2.3283064365386963e-10,True
low_office_intensity,浦东新区,310115-unsubdivided-residual,310115-unsubdivided-residual,residual,False,264157,I,30073,official district-by-industry,maximum-entropy independence prior fitted by RAS/IPF; deterministic controlled integer rounding,IPF because bulletin residual is not sector-classified,1,2.3283064365386963e-10,True
low_office_intensity,浦东新区,310115-unsubdivided-residual,310115-unsubdivided-residual,residual,False,264157,J,25100,official district-by-industry,maximum-entropy independence prior fitted by RAS/IPF; deterministic controlled integer rounding,IPF because bulletin residual is not sector-classified,1,2.3283064365386963e-10,True
low_office_intensity,浦东新区,310115-unsubdivided-residual,310115-unsubdivided-residual,residual,False,264157,M,19782,official district-by-industry,maximum-entropy independence prior fitted by RAS/IPF; deterministic controlled integer rounding,IPF because bulletin residual is not sector-classified,1,2.3283064365386963e-10,True
low_office_intensity,浦东新区,310115-unsubdivided-residual,310115-unsubdivided-residual,residual,False,264157,721,3997,reviewed Core+ district composition scenario,maximum-entropy independence prior fitted by RAS/IPF; deterministic controlled integer rounding,IPF because bulletin residual is not sector-classified,1,2.3283064365386963e-10,True
low_office_intensity,浦东新区,310115-unsubdivided-residual,310115-unsubdivided-residual,residual,False,264157,723,881,reviewed Core+ district composition scenario,maximum-entropy independence prior fitted by RAS/IPF; deterministic controlled integer rounding,IPF because bulletin residual is not sector-classified,1,2.3283064365386963e-10,True
low_office_intensity,浦东新区,310115-unsubdivided-residual,310115-unsubdivided-residual,residual,False,264157,724,6370,reviewed Core+ district composition scenario,maximum-entropy independence prior fitted by RAS/IPF; deterministic controlled integer rounding,IPF because bulletin residual is not sector-classified,1,2.3283064365386963e-10,True
low_office_intensity,浦东新区,310115-unsubdivided-residual,310115-unsubdivided-residual,residual,False,264157,725,1762,reviewed Core+ district composition scenario,maximum-entropy independence prior fitted by RAS/IPF; deterministic controlled integer rounding,IPF because bulletin residual is not sector-classified,1,2.3283064365386963e-10,True
low_office_intensity,浦东新区,310115-unsubdivided-residual,310115-unsubdivided-residual,residual,False,264157,OTHER,176192,balancing non-office remainder,maximum-entropy independence prior fitted by RAS/IPF; deterministic controlled integer rounding,IPF because bulletin residual is not sector-classified,1,2.3283064365386963e-10,True
base,黄浦区,310101002000,南京东路街道,street,True,101851,I,5590,official district-by-industry,maximum-entropy independence prior fitted by RAS/IPF; deterministic controlled integer rounding,not applicable,1,7.275957614183426e-12,True
base,黄浦区,310101002000,南京东路街道,street,True,101851,J,1425,official district-by-industry,maximum-entropy independence prior fitted by RAS/IPF; deterministic controlled integer rounding,not applicable,1,7.275957614183426e-12,True
base,黄浦区,310101002000,南京东路街道,street,True,101851,M,6458,official district-by-industry,maximum-entropy independence prior fitted by RAS/IPF; deterministic controlled integer rounding,not applicable,1,7.275957614183426e-12,True
base,黄浦区,310101002000,南京东路街道,street,True,101851,721,3658,reviewed Core+ district composition scenario,maximum-entropy independence prior fitted by RAS/IPF; deterministic controlled integer rounding,not applicable,1,7.275957614183426e-12,True
base,黄浦区,310101002000,南京东路街道,street,True,101851,723,806,reviewed Core+ district composition scenario,maximum-entropy independence prior fitted by RAS/IPF; deterministic controlled integer rounding,not applicable,1,7.275957614183426e-12,True
base,黄浦区,310101002000,南京东路街道,street,True,101851,724,5829,reviewed Core+ district composition scenario,maximum-entropy independence prior fitted by RAS/IPF; deterministic controlled integer rounding,not applicable,1,7.275957614183426e-12,True
base,黄浦区,310101002000,南京东路街道,street,True,101851,725,1613,reviewed Core+ district composition scenario,maximum-entropy independence prior fitted by RAS/IPF; deterministic controlled integer rounding,not applicable,1,7.275957614183426e-12,True
base,黄浦区,310101002000,南京东路街道,street,True,101851,OTHER,76472,balancing non-office remainder,maximum-entropy independence prior fitted by RAS/IPF; deterministic controlled integer rounding,not applicable,1,7.275957614183426e-12,True
base,黄浦区,310101013000,外滩街道,street,True,113352,I,6221,official district-by-industry,maximum-entropy independence prior fitted by RAS/IPF; deterministic controlled integer rounding,not applicable,1,7.275957614183426e-12,True
base,黄浦区,310101013000,外滩街道,street,True,113352,J,1586,official district-by-industry,maximum-entropy independence prior fitted by RAS/IPF; deterministic controlled integer rounding,not applicable,1,7.275957614183426e-12,True
base,黄浦区,310101013000,外滩街道,street,True,113352,M,7188,official district-by-industry,maximum-entropy independence prior fitted by RAS/IPF; deterministic controlled integer rounding,not applicable,1,7.275957614183426e-12,True
base,黄浦区,310101013000,外滩街道,street,True,113352,721,4070,reviewed Core+ district composition scenario,maximum-entropy independence prior fitted by RAS/IPF; deterministic controlled integer rounding,not applicable,1,7.275957614183426e-12,True
base,黄浦区,310101013000,外滩街道,street,True,113352,723,897,reviewed Core+ district composition scenario,maximum-entropy independence prior fitted by RAS/IPF; deterministic controlled integer rounding,not applicable,1,7.275957614183426e-12,True
base,黄浦区,310101013000,外滩街道,street,True,113352,724,6488,reviewed Core+ district composition scenario,maximum-entropy independence prior fitted by RAS/IPF; deterministic controlled integer rounding,not applicable,1,7.275957614183426e-12,True
base,黄浦区,310101013000,外滩街道,street,True,113352,725,1794,reviewed Core+ district composition scenario,maximum-entropy independence prior fitted by RAS/IPF; deterministic controlled integer rounding,not applicable,1,7.275957614183426e-12,True
base,黄浦区,310101013000,外滩街道,street,True,113352,OTHER,85108,balancing non-office remainder,maximum-entropy independence prior fitted by RAS/IPF; deterministic controlled integer rounding,not applicable,1,7.275957614183426e-12,True
base,黄浦区,310101015000,半淞园路街道,street,True,30334,I,1665,official district-by-industry,maximum-entropy independence prior fitted by RAS/IPF; deterministic controlled integer rounding,not applicable,1,7.275957614183426e-12,True
base,黄浦区,310101015000,半淞园路街道,street,True,30334,J,424,official district-by-industry,maximum-entropy independence prior fitted by RAS/IPF; deterministic controlled integer rounding,not applicable,1,7.275957614183426e-12,True
base,黄浦区,310101015000,半淞园路街道,street,True,30334,M,1924,official district-by-industry,maximum-entropy independence prior fitted by RAS/IPF; deterministic controlled integer rounding,not applicable,1,7.275957614183426e-12,True
base,黄浦区,310101015000,半淞园路街道,street,True,30334,721,1089,reviewed Core+ district composition scenario,maximum-entropy independence prior fitted by RAS/IPF; deterministic controlled integer rounding,not applicable,1,7.275957614183426e-12,True
base,黄浦区,310101015000,半淞园路街道,street,True,30334,723,240,reviewed Core+ district composition scenario,maximum-entropy independence prior fitted by RAS/IPF; deterministic controlled integer rounding,not applicable,1,7.275957614183426e-12,True
base,黄浦区,310101015000,半淞园路街道,street,True,30334,724,1736,reviewed Core+ district composition scenario,maximum-entropy independence prior fitted by RAS/IPF; deterministic controlled integer rounding,not applicable,1,7.275957614183426e-12,True
base,黄浦区,310101015000,半淞园路街道,street,True,30334,725,480,reviewed Core+ district composition scenario,maximum-entropy independence prior fitted by RAS/IPF; deterministic controlled integer rounding,not applicable,1,7.275957614183426e-12,True
base,黄浦区,310101015000,半淞园路街道,street,True,30334,OTHER,22776,balancing non-office remainder,maximum-entropy independence prior fitted by RAS/IPF; deterministic controlled integer rounding,not applicable,1,7.275957614183426e-12,True
base,黄浦区,310101017000,小东门街道,street,True,126442,I,6940,official district-by-industry,maximum-entropy independence prior fitted by RAS/IPF; deterministic controlled integer rounding,not applicable,1,7.275957614183426e-12,True
base,黄浦区,310101017000,小东门街道,street,True,126442,J,1769,official district-by-industry,maximum-entropy independence prior fitted by RAS/IPF; deterministic controlled integer rounding,not applicable,1,7.275957614183426e-12,True
base,黄浦区,310101017000,小东门街道,street,True,126442,M,8017,official district-by-industry,maximum-entropy independence prior fitted by RAS/IPF; deterministic controlled integer rounding,not applicable,1,7.275957614183426e-12,True
base,黄浦区,310101017000,小东门街道,street,True,126442,721,4540,reviewed Core+ district composition scenario,maximum-entropy independence prior fitted by RAS/IPF; deterministic controlled integer rounding,not applicable,1,7.275957614183426e-12,True
base,黄浦区,310101017000,小东门街道,street,True,126442,723,1001,reviewed Core+ district composition scenario,maximum-entropy independence prior fitted by RAS/IPF; deterministic controlled integer rounding,not applicable,1,7.275957614183426e-12,True
base,黄浦区,310101017000,小东门街道,street,True,126442,724,7237,reviewed Core+ district composition scenario,maximum-entropy independence prior fitted by RAS/IPF; deterministic controlled integer rounding,not applicable,1,7.275957614183426e-12,True
base,黄浦区,310101017000,小东门街道,street,True,126442,725,2002,reviewed Core+ district composition scenario,maximum-entropy independence prior fitted by RAS/IPF; deterministic controlled integer rounding,not applicable,1,7.275957614183426e-12,True
base,黄浦区,310101017000,小东门街道,street,True,126442,OTHER,94936,balancing non-office remainder,maximum-entropy independence prior fitted by RAS/IPF; deterministic controlled integer rounding,not applicable,1,7.275957614183426e-12,True
base,黄浦区,310101018000,豫园街道,street,True,19681,I,1080,official district-by-industry,maximum-entropy independence prior fitted by RAS/IPF; deterministic controlled integer rounding,not applicable,1,7.275957614183426e-12,True
base,黄浦区,310101018000,豫园街道,street,True,19681,J,275,official district-by-industry,maximum-entropy independence prior fitted by RAS/IPF; deterministic controlled integer rounding,not applicable,1,7.275957614183426e-12,True
base,黄浦区,310101018000,豫园街道,street,True,19681,M,1248,official district-by-industry,maximum-entropy independence prior fitted by RAS/IPF; deterministic controlled integer rounding,not applicable,1,7.275957614183426e-12,True
base,黄浦区,310101018000,豫园街道,street,True,19681,721,707,reviewed Core+ district composition scenario,maximum-entropy independence prior fitted by RAS/IPF; deterministic controlled integer rounding,not applicable,1,7.275957614183426e-12,True
base,黄浦区,310101018000,豫园街道,street,True,19681,723,156,reviewed Core+ district composition scenario,maximum-entropy independence prior fitted by RAS/IPF; deterministic controlled integer rounding,not applicable,1,7.275957614183426e-12,True
base,黄浦区,310101018000,豫园街道,street,True,19681,724,1126,reviewed Core+ district composition scenario,maximum-entropy independence prior fitted by RAS/IPF; deterministic controlled integer rounding,not applicable,1,7.275957614183426e-12,True
base,黄浦区,310101018000,豫园街道,street,True,19681,725,312,reviewed Core+ district composition scenario,maximum-entropy independence prior fitted by RAS/IPF; deterministic controlled integer rounding,not applicable,1,7.275957614183426e-12,True
base,黄浦区,310101018000,豫园街道,street,True,19681,OTHER,14777,balancing non-office remainder,maximum-entropy independence prior fitted by RAS/IPF; deterministic controlled integer rounding,not applicable,1,7.275957614183426e-12,True
base,黄浦区,310101019000,老西门街道,street,True,16323,I,896,official district-by-industry,maximum-entropy independence prior fitted by RAS/IPF; deterministic controlled integer rounding,not applicable,1,7.275957614183426e-12,True
base,黄浦区,310101019000,老西门街道,street,True,16323,J,229,official district-by-industry,maximum-entropy independence prior fitted by RAS/IPF; deterministic controlled integer rounding,not applicable,1,7.275957614183426e-12,True
base,黄浦区,310101019000,老西门街道,street,True,16323,M,1035,official district-by-industry,maximum-entropy independence prior fitted by RAS/IPF; deterministic controlled integer rounding,not applicable,1,7.275957614183426e-12,True
base,黄浦区,310101019000,老西门街道,street,True,16323,721,586,reviewed Core+ district composition scenario,maximum-entropy independence prior fitted by RAS/IPF; deterministic controlled integer rounding,not applicable,1,7.275957614183426e-12,True
base,黄浦区,310101019000,老西门街道,street,True,16323,723,129,reviewed Core+ district composition scenario,maximum-entropy independence prior fitted by RAS/IPF; deterministic controlled integer rounding,not applicable,1,7.275957614183426e-12,True
base,黄浦区,310101019000,老西门街道,street,True,16323,724,934,reviewed Core+ district composition scenario,maximum-entropy independence prior fitted by RAS/IPF; deterministic controlled integer rounding,not applicable,1,7.275957614183426e-12,True
base,黄浦区,310101019000,老西门街道,street,True,16323,725,258,reviewed Core+ district composition scenario,maximum-entropy independence prior fitted by RAS/IPF; deterministic controlled integer rounding,not applicable,1,7.275957614183426e-12,True
base,黄浦区,310101019000,老西门街道,street,True,16323,OTHER,12256,balancing non-office remainder,maximum-entropy independence prior fitted by RAS/IPF; deterministic controlled integer rounding,not applicable,1,7.275957614183426e-12,True
base,黄浦区,310101020000,五里桥街道,street,True,45959,I,2522,official district-by-industry,maximum-entropy independence prior fitted by RAS/IPF; deterministic controlled integer rounding,not applicable,1,7.275957614183426e-12,True
base,黄浦区,310101020000,五里桥街道,street,True,45959,J,643,official district-by-industry,maximum-entropy independence prior fitted by RAS/IPF; deterministic controlled integer rounding,not applicable,1,7.275957614183426e-12,True
base,黄浦区,310101020000,五里桥街道,street,True,45959,M,2914,official district-by-industry,maximum-entropy independence prior fitted by RAS/IPF; deterministic controlled integer rounding,not applicable,1,7.275957614183426e-12,True
base,黄浦区,310101020000,五里桥街道,street,True,45959,721,1650,reviewed Core+ district composition scenario,maximum-entropy independence prior fitted by RAS/IPF; deterministic controlled integer rounding,not applicable,1,7.275957614183426e-12,True
base,黄浦区,310101020000,五里桥街道,street,True,45959,723,364,reviewed Core+ district composition scenario,maximum-entropy independence prior fitted by RAS/IPF; deterministic controlled integer rounding,not applicable,1,7.275957614183426e-12,True
base,黄浦区,310101020000,五里桥街道,street,True,45959,724,2631,reviewed Core+ district composition scenario,maximum-entropy independence prior fitted by RAS/IPF; deterministic controlled integer rounding,not applicable,1,7.275957614183426e-12,True
base,黄浦区,310101020000,五里桥街道,street,True,45959,725,728,reviewed Core+ district composition scenario,maximum-entropy independence prior fitted by RAS/IPF; deterministic controlled integer rounding,not applicable,1,7.275957614183426e-12,True
base,黄浦区,310101020000,五里桥街道,street,True,45959,OTHER,34507,balancing non-office remainder,maximum-entropy independence prior fitted by RAS/IPF; deterministic controlled integer rounding,not applicable,1,7.275957614183426e-12,True
base,黄浦区,310101021000,打浦桥街道,street,True,49936,I,2741,official district-by-industry,maximum-entropy independence prior fitted by RAS/IPF; deterministic controlled integer rounding,not applicable,1,7.275957614183426e-12,True
base,黄浦区,310101021000,打浦桥街道,street,True,49936,J,699,official district-by-industry,maximum-entropy independence prior fitted by RAS/IPF; deterministic controlled integer rounding,not applicable,1,7.275957614183426e-12,True
base,黄浦区,310101021000,打浦桥街道,street,True,49936,M,3166,official district-by-industry,maximum-entropy independence prior fitted by RAS/IPF; deterministic controlled integer rounding,not applicable,1,7.275957614183426e-12,True
base,黄浦区,310101021000,打浦桥街道,street,True,49936,721,1793,reviewed Core+ district composition scenario,maximum-entropy independence prior fitted by RAS/IPF; deterministic controlled integer rounding,not applicable,1,7.275957614183426e-12,True
base,黄浦区,310101021000,打浦桥街道,street,True,49936,723,395,reviewed Core+ district composition scenario,maximum-entropy independence prior fitted by RAS/IPF; deterministic controlled integer rounding,not applicable,1,7.275957614183426e-12,True
base,黄浦区,310101021000,打浦桥街道,street,True,49936,724,2858,reviewed Core+ district composition scenario,maximum-entropy independence prior fitted by RAS/IPF; deterministic controlled integer rounding,not applicable,1,7.275957614183426e-12,True
base,黄浦区,310101021000,打浦桥街道,street,True,49936,725,791,reviewed Core+ district composition scenario,maximum-entropy independence prior fitted by RAS/IPF; deterministic controlled integer rounding,not applicable,1,7.275957614183426e-12,True
base,黄浦区,310101021000,打浦桥街道,street,True,49936,OTHER,37493,balancing non-office remainder,maximum-entropy independence prior fitted by RAS/IPF; deterministic controlled integer rounding,not applicable,1,7.275957614183426e-12,True
base,黄浦区,310101022000,淮海中路街道,street,True,81561,I,4477,official district-by-industry,maximum-entropy independence prior fitted by RAS/IPF; deterministic controlled integer rounding,not applicable,1,7.275957614183426e-12,True
base,黄浦区,310101022000,淮海中路街道,street,True,81561,J,1141,official district-by-industry,maximum-entropy independence prior fitted by RAS/IPF; deterministic controlled integer rounding,not applicable,1,7.275957614183426e-12,True
base,黄浦区,310101022000,淮海中路街道,street,True,81561,M,5172,official district-by-industry,maximum-entropy independence prior fitted by RAS/IPF; deterministic controlled integer rounding,not applicable,1,7.275957614183426e-12,True
base,黄浦区,310101022000,淮海中路街道,street,True,81561,721,2929,reviewed Core+ district composition scenario,maximum-entropy independence prior fitted by RAS/IPF; deterministic controlled integer rounding,not applicable,1,7.275957614183426e-12,True
base,黄浦区,310101022000,淮海中路街道,street,True,81561,723,645,reviewed Core+ district composition scenario,maximum-entropy independence prior fitted by RAS/IPF; deterministic controlled integer rounding,not applicable,1,7.275957614183426e-12,True
base,黄浦区,310101022000,淮海中路街道,street,True,81561,724,4668,reviewed Core+ district composition scenario,maximum-entropy independence prior fitted by RAS/IPF; deterministic controlled integer rounding,not applicable,1,7.275957614183426e-12,True
base,黄浦区,310101022000,淮海中路街道,street,True,81561,725,1291,reviewed Core+ district composition scenario,maximum-entropy independence prior fitted by RAS/IPF; deterministic controlled integer rounding,not applicable,1,7.275957614183426e-12,True
base,黄浦区,310101022000,淮海中路街道,street,True,81561,OTHER,61238,balancing non-office remainder,maximum-entropy independence prior fitted by RAS/IPF; deterministic controlled integer rounding,not applicable,1,7.275957614183426e-12,True
base,黄浦区,310101023000,瑞金二路街道,street,True,52840,I,2900,official district-by-industry,maximum-entropy independence prior fitted by RAS/IPF; deterministic controlled integer rounding,not applicable,1,7.275957614183426e-12,True
base,黄浦区,310101023000,瑞金二路街道,street,True,52840,J,739,official district-by-industry,maximum-entropy independence prior fitted by RAS/IPF; deterministic controlled integer rounding,not applicable,1,7.275957614183426e-12,True
base,黄浦区,310101023000,瑞金二路街道,street,True,52840,M,3351,official district-by-industry,maximum-entropy independence prior fitted by RAS/IPF; deterministic controlled integer rounding,not applicable,1,7.275957614183426e-12,True
base,黄浦区,310101023000,瑞金二路街道,street,True,52840,721,1897,reviewed Core+ district composition scenario,maximum-entropy independence prior fitted by RAS/IPF; deterministic controlled integer rounding,not applicable,1,7.275957614183426e-12,True
base,黄浦区,310101023000,瑞金二路街道,street,True,52840,723,418,reviewed Core+ district composition scenario,maximum-entropy independence prior fitted by RAS/IPF; deterministic controlled integer rounding,not applicable,1,7.275957614183426e-12,True
base,黄浦区,310101023000,瑞金二路街道,street,True,52840,724,3024,reviewed Core+ district composition scenario,maximum-entropy independence prior fitted by RAS/IPF; deterministic controlled integer rounding,not applicable,1,7.275957614183426e-12,True
base,黄浦区,310101023000,瑞金二路街道,street,True,52840,725,837,reviewed Core+ district composition scenario,maximum-entropy independence prior fitted by RAS/IPF; deterministic controlled integer rounding,not applicable,1,7.275957614183426e-12,True
base,黄浦区,310101023000,瑞金二路街道,street,True,52840,OTHER,39674,balancing non-office remainder,maximum-entropy independence prior fitted by RAS/IPF; deterministic controlled integer rounding,not applicable,1,7.275957614183426e-12,True
base,黄浦区,310101-finance-residual,310101-finance-residual,residual,False,74334,I,0,official district-by-industry,bulletin-compatible fixed residual assignment before maximum-entropy RAS/IPF,official J assigned to finance-tied residual up to row total; remaining residual is OTHER,1,7.275957614183426e-12,True
base,黄浦区,310101-finance-residual,310101-finance-residual,residual,False,74334,J,74334,official district-by-industry,bulletin-compatible fixed residual assignment before maximum-entropy RAS/IPF,official J assigned to finance-tied residual up to row total; remaining residual is OTHER,1,7.275957614183426e-12,True
base,黄浦区,310101-finance-residual,310101-finance-residual,residual,False,74334,M,0,official district-by-industry,bulletin-compatible fixed residual assignment before maximum-entropy RAS/IPF,official J assigned to finance-tied residual up to row total; remaining residual is OTHER,1,7.275957614183426e-12,True
base,黄浦区,310101-finance-residual,310101-finance-residual,residual,False,74334,721,0,reviewed Core+ district composition scenario,bulletin-compatible fixed residual assignment before maximum-entropy RAS/IPF,official J assigned to finance-tied residual up to row total; remaining residual is OTHER,1,7.275957614183426e-12,True
base,黄浦区,310101-finance-residual,310101-finance-residual,residual,False,74334,723,0,reviewed Core+ district composition scenario,bulletin-compatible fixed residual assignment before maximum-entropy RAS/IPF,official J assigned to finance-tied residual up to row total; remaining residual is OTHER,1,7.275957614183426e-12,True
base,黄浦区,310101-finance-residual,310101-finance-residual,residual,False,74334,724,0,reviewed Core+ district composition scenario,bulletin-compatible fixed residual assignment before maximum-entropy RAS/IPF,official J assigned to finance-tied residual up to row total; remaining residual is OTHER,1,7.275957614183426e-12,True
base,黄浦区,310101-finance-residual,310101-finance-residual,residual,False,74334,725,0,reviewed Core+ district composition scenario,bulletin-compatible fixed residual assignment before maximum-entropy RAS/IPF,official J assigned to finance-tied residual up to row total; remaining residual is OTHER,1,7.275957614183426e-12,True
base,黄浦区,310101-finance-residual,310101-finance-residual,residual,False,74334,OTHER,0,balancing non-office remainder,bulletin-compatible fixed residual assignment before maximum-entropy RAS/IPF,official J assigned to finance-tied residual up to row total; remaining residual is OTHER,1,7.275957614183426e-12,True
base,徐汇区,310104003000,天平路街道,street,True,57800,I,8417,official district-by-industry,maximum-entropy independence prior fitted by RAS/IPF; deterministic controlled integer rounding,not applicable,1,3.637978807091713e-12,True
base,徐汇区,310104003000,天平路街道,street,True,57800,J,0,official district-by-industry,maximum-entropy independence prior fitted by RAS/IPF; deterministic controlled integer rounding,not applicable,1,3.637978807091713e-12,True
base,徐汇区,310104003000,天平路街道,street,True,57800,M,5755,official district-by-industry,maximum-entropy independence prior fitted by RAS/IPF; deterministic controlled integer rounding,not applicable,1,3.637978807091713e-12,True
base,徐汇区,310104003000,天平路街道,street,True,57800,721,1102,reviewed Core+ district composition scenario,maximum-entropy independence prior fitted by RAS/IPF; deterministic controlled integer rounding,not applicable,1,3.637978807091713e-12,True
base,徐汇区,310104003000,天平路街道,street,True,57800,723,243,reviewed Core+ district composition scenario,maximum-entropy independence prior fitted by RAS/IPF; deterministic controlled integer rounding,not applicable,1,3.637978807091713e-12,True
base,徐汇区,310104003000,天平路街道,street,True,57800,724,1757,reviewed Core+ district composition scenario,maximum-entropy independence prior fitted by RAS/IPF; deterministic controlled integer rounding,not applicable,1,3.637978807091713e-12,True
base,徐汇区,310104003000,天平路街道,street,True,57800,725,486,reviewed Core+ district composition scenario,maximum-entropy independence prior fitted by RAS/IPF; deterministic controlled integer rounding,not applicable,1,3.637978807091713e-12,True
base,徐汇区,310104003000,天平路街道,street,True,57800,OTHER,40040,balancing non-office remainder,maximum-entropy independence prior fitted by RAS/IPF; deterministic controlled integer rounding,not applicable,1,3.637978807091713e-12,True
base,徐汇区,310104004000,湖南路街道,street,True,48700,I,7091,official district-by-industry,maximum-entropy independence prior fitted by RAS/IPF; deterministic controlled integer rounding,not applicable,1,3.637978807091713e-12,True
base,徐汇区,310104004000,湖南路街道,street,True,48700,J,0,official district-by-industry,maximum-entropy independence prior fitted by RAS/IPF; deterministic controlled integer rounding,not applicable,1,3.637978807091713e-12,True
base,徐汇区,310104004000,湖南路街道,street,True,48700,M,4849,official district-by-industry,maximum-entropy independence prior fitted by RAS/IPF; deterministic controlled integer rounding,not applicable,1,3.637978807091713e-12,True
base,徐汇区,310104004000,湖南路街道,street,True,48700,721,929,reviewed Core+ district composition scenario,maximum-entropy independence prior fitted by RAS/IPF; deterministic controlled integer rounding,not applicable,1,3.637978807091713e-12,True
base,徐汇区,310104004000,湖南路街道,street,True,48700,723,205,reviewed Core+ district composition scenario,maximum-entropy independence prior fitted by RAS/IPF; deterministic controlled integer rounding,not applicable,1,3.637978807091713e-12,True
base,徐汇区,310104004000,湖南路街道,street,True,48700,724,1481,reviewed Core+ district composition scenario,maximum-entropy independence prior fitted by RAS/IPF; deterministic controlled integer rounding,not applicable,1,3.637978807091713e-12,True
base,徐汇区,310104004000,湖南路街道,street,True,48700,725,409,reviewed Core+ district composition scenario,maximum-entropy independence prior fitted by RAS/IPF; deterministic controlled integer rounding,not applicable,1,3.637978807091713e-12,True
base,徐汇区,310104004000,湖南路街道,street,True,48700,OTHER,33736,balancing non-office remainder,maximum-entropy independence prior fitted by RAS/IPF; deterministic controlled integer rounding,not applicable,1,3.637978807091713e-12,True
base,徐汇区,310104007000,斜土路街道,street,True,29800,I,4339,official district-by-industry,maximum-entropy independence prior fitted by RAS/IPF; deterministic controlled integer rounding,not applicable,1,3.637978807091713e-12,True
base,徐汇区,310104007000,斜土路街道,street,True,29800,J,0,official district-by-industry,maximum-entropy independence prior fitted by RAS/IPF; deterministic controlled integer rounding,not applicable,1,3.637978807091713e-12,True
base,徐汇区,310104007000,斜土路街道,street,True,29800,M,2967,official district-by-industry,maximum-entropy independence prior fitted by RAS/IPF; deterministic controlled integer rounding,not applicable,1,3.637978807091713e-12,True
base,徐汇区,310104007000,斜土路街道,street,True,29800,721,569,reviewed Core+ district composition scenario,maximum-entropy independence prior fitted by RAS/IPF; deterministic controlled integer rounding,not applicable,1,3.637978807091713e-12,True
base,徐汇区,310104007000,斜土路街道,street,True,29800,723,125,reviewed Core+ district composition scenario,maximum-entropy independence prior fitted by RAS/IPF; deterministic controlled integer rounding,not applicable,1,3.637978807091713e-12,True
base,徐汇区,310104007000,斜土路街道,street,True,29800,724,906,reviewed Core+ district composition scenario,maximum-entropy independence prior fitted by RAS/IPF; deterministic controlled integer rounding,not applicable,1,3.637978807091713e-12,True
base,徐汇区,310104007000,斜土路街道,street,True,29800,725,251,reviewed Core+ district composition scenario,maximum-entropy independence prior fitted by RAS/IPF; deterministic controlled integer rounding,not applicable,1,3.637978807091713e-12,True
base,徐汇区,310104007000,斜土路街道,street,True,29800,OTHER,20643,balancing non-office remainder,maximum-entropy independence prior fitted by RAS/IPF; deterministic controlled integer rounding,not applicable,1,3.637978807091713e-12,True
base,徐汇区,310104008000,枫林路街道,street,True,56800,I,8271,official district-by-industry,maximum-entropy independence prior fitted by RAS/IPF; deterministic controlled integer rounding,not applicable,1,3.637978807091713e-12,True
base,徐汇区,310104008000,枫林路街道,street,True,56800,J,0,official district-by-industry,maximum-entropy independence prior fitted by RAS/IPF; deterministic controlled integer rounding,not applicable,1,3.637978807091713e-12,True
base,徐汇区,310104008000,枫林路街道,street,True,56800,M,5655,official district-by-industry,maximum-entropy independence prior fitted by RAS/IPF; deterministic controlled integer rounding,not applicable,1,3.637978807091713e-12,True
base,徐汇区,310104008000,枫林路街道,street,True,56800,721,1083,reviewed Core+ district composition scenario,maximum-entropy independence prior fitted by RAS/IPF; deterministic controlled integer rounding,not applicable,1,3.637978807091713e-12,True
base,徐汇区,310104008000,枫林路街道,street,True,56800,723,239,reviewed Core+ district composition scenario,maximum-entropy independence prior fitted by RAS/IPF; deterministic controlled integer rounding,not applicable,1,3.637978807091713e-12,True
base,徐汇区,310104008000,枫林路街道,street,True,56800,724,1727,reviewed Core+ district composition scenario,maximum-entropy independence prior fitted by RAS/IPF; deterministic controlled integer rounding,not applicable,1,3.637978807091713e-12,True
base,徐汇区,310104008000,枫林路街道,street,True,56800,725,478,reviewed Core+ district composition scenario,maximum-entropy independence prior fitted by RAS/IPF; deterministic controlled integer rounding,not applicable,1,3.637978807091713e-12,True
base,徐汇区,310104008000,枫林路街道,street,True,56800,OTHER,39347,balancing non-office remainder,maximum-entropy independence prior fitted by RAS/IPF; deterministic controlled integer rounding,not applicable,1,3.637978807091713e-12,True
base,徐汇区,310104010000,长桥街道,street,True,20700,I,3014,official district-by-industry,maximum-entropy independence prior fitted by RAS/IPF; deterministic controlled integer rounding,not applicable,1,3.637978807091713e-12,True
base,徐汇区,310104010000,长桥街道,street,True,20700,J,0,official district-by-industry,maximum-entropy independence prior fitted by RAS/IPF; deterministic controlled integer rounding,not applicable,1,3.637978807091713e-12,True
base,徐汇区,310104010000,长桥街道,street,True,20700,M,2061,official district-by-industry,maximum-entropy independence prior fitted by RAS/IPF; deterministic controlled integer rounding,not applicable,1,3.637978807091713e-12,True
base,徐汇区,310104010000,长桥街道,street,True,20700,721,395,reviewed Core+ district composition scenario,maximum-entropy independence prior fitted by RAS/IPF; deterministic controlled integer rounding,not applicable,1,3.637978807091713e-12,True
base,徐汇区,310104010000,长桥街道,street,True,20700,723,87,reviewed Core+ district composition scenario,maximum-entropy independence prior fitted by RAS/IPF; deterministic controlled integer rounding,not applicable,1,3.637978807091713e-12,True
base,徐汇区,310104010000,长桥街道,street,True,20700,724,629,reviewed Core+ district composition scenario,maximum-entropy independence prior fitted by RAS/IPF; deterministic controlled integer rounding,not applicable,1,3.637978807091713e-12,True
base,徐汇区,310104010000,长桥街道,street,True,20700,725,174,reviewed Core+ district composition scenario,maximum-entropy independence prior fitted by RAS/IPF; deterministic controlled integer rounding,not applicable,1,3.637978807091713e-12,True
base,徐汇区,310104010000,长桥街道,street,True,20700,OTHER,14340,balancing non-office remainder,maximum-entropy independence prior fitted by RAS/IPF; deterministic controlled integer rounding,not applicable,1,3.637978807091713e-12,True
base,徐汇区,310104011000,田林街道,street,True,75600,I,11008,official district-by-industry,maximum-entropy independence prior fitted by RAS/IPF; deterministic controlled integer rounding,not applicable,1,3.637978807091713e-12,True
base,徐汇区,310104011000,田林街道,street,True,75600,J,0,official district-by-industry,maximum-entropy independence prior fitted by RAS/IPF; deterministic controlled integer rounding,not applicable,1,3.637978807091713e-12,True
base,徐汇区,310104011000,田林街道,street,True,75600,M,7528,official district-by-industry,maximum-entropy independence prior fitted by RAS/IPF; deterministic controlled integer rounding,not applicable,1,3.637978807091713e-12,True
base,徐汇区,310104011000,田林街道,street,True,75600,721,1442,reviewed Core+ district composition scenario,maximum-entropy independence prior fitted by RAS/IPF; deterministic controlled integer rounding,not applicable,1,3.637978807091713e-12,True
base,徐汇区,310104011000,田林街道,street,True,75600,723,318,reviewed Core+ district composition scenario,maximum-entropy independence prior fitted by RAS/IPF; deterministic controlled integer rounding,not applicable,1,3.637978807091713e-12,True
base,徐汇区,310104011000,田林街道,street,True,75600,724,2298,reviewed Core+ district composition scenario,maximum-entropy independence prior fitted by RAS/IPF; deterministic controlled integer rounding,not applicable,1,3.637978807091713e-12,True
base,徐汇区,310104011000,田林街道,street,True,75600,725,636,reviewed Core+ district composition scenario,maximum-entropy independence prior fitted by RAS/IPF; deterministic controlled integer rounding,not applicable,1,3.637978807091713e-12,True
base,徐汇区,310104011000,田林街道,street,True,75600,OTHER,52370,balancing non-office remainder,maximum-entropy independence prior fitted by RAS/IPF; deterministic controlled integer rounding,not applicable,1,3.637978807091713e-12,True
base,徐汇区,310104012000,虹梅路街道,street,True,262100,I,38166,official district-by-industry,maximum-entropy independence prior fitted by RAS/IPF; deterministic controlled integer rounding,not applicable,1,3.637978807091713e-12,True
base,徐汇区,310104012000,虹梅路街道,street,True,262100,J,0,official district-by-industry,maximum-entropy independence prior fitted by RAS/IPF; deterministic controlled integer rounding,not applicable,1,3.637978807091713e-12,True
base,徐汇区,310104012000,虹梅路街道,street,True,262100,M,26097,official district-by-industry,maximum-entropy independence prior fitted by RAS/IPF; deterministic controlled integer rounding,not applicable,1,3.637978807091713e-12,True
base,徐汇区,310104012000,虹梅路街道,street,True,262100,721,4999,reviewed Core+ district composition scenario,maximum-entropy independence prior fitted by RAS/IPF; deterministic controlled integer rounding,not applicable,1,3.637978807091713e-12,True
base,徐汇区,310104012000,虹梅路街道,street,True,262100,723,1102,reviewed Core+ district composition scenario,maximum-entropy independence prior fitted by RAS/IPF; deterministic controlled integer rounding,not applicable,1,3.637978807091713e-12,True
base,徐汇区,310104012000,虹梅路街道,street,True,262100,724,7968,reviewed Core+ district composition scenario,maximum-entropy independence prior fitted by RAS/IPF; deterministic controlled integer rounding,not applicable,1,3.637978807091713e-12,True
base,徐汇区,310104012000,虹梅路街道,street,True,262100,725,2204,reviewed Core+ district composition scenario,maximum-entropy independence prior fitted by RAS/IPF; deterministic controlled integer rounding,not applicable,1,3.637978807091713e-12,True
base,徐汇区,310104012000,虹梅路街道,street,True,262100,OTHER,181564,balancing non-office remainder,maximum-entropy independence prior fitted by RAS/IPF; deterministic controlled integer rounding,not applicable,1,3.637978807091713e-12,True
base,徐汇区,310104013000,康健新村街道,street,True,15900,I,2315,official district-by-industry,maximum-entropy independence prior fitted by RAS/IPF; deterministic controlled integer rounding,not applicable,1,3.637978807091713e-12,True
base,徐汇区,310104013000,康健新村街道,street,True,15900,J,0,official district-by-industry,maximum-entropy independence prior fitted by RAS/IPF; deterministic controlled integer rounding,not applicable,1,3.637978807091713e-12,True
base,徐汇区,310104013000,康健新村街道,street,True,15900,M,1583,official district-by-industry,maximum-entropy independence prior fitted by RAS/IPF; deterministic controlled integer rounding,not applicable,1,3.637978807091713e-12,True
base,徐汇区,310104013000,康健新村街道,street,True,15900,721,303,reviewed Core+ district composition scenario,maximum-entropy independence prior fitted by RAS/IPF; deterministic controlled integer rounding,not applicable,1,3.637978807091713e-12,True
base,徐汇区,310104013000,康健新村街道,street,True,15900,723,67,reviewed Core+ district composition scenario,maximum-entropy independence prior fitted by RAS/IPF; deterministic controlled integer rounding,not applicable,1,3.637978807091713e-12,True
base,徐汇区,310104013000,康健新村街道,street,True,15900,724,483,reviewed Core+ district composition scenario,maximum-entropy independence prior fitted by RAS/IPF; deterministic controlled integer rounding,not applicable,1,3.637978807091713e-12,True
base,徐汇区,310104013000,康健新村街道,street,True,15900,725,134,reviewed Core+ district composition scenario,maximum-entropy independence prior fitted by RAS/IPF; deterministic controlled integer rounding,not applicable,1,3.637978807091713e-12,True
base,徐汇区,310104013000,康健新村街道,street,True,15900,OTHER,11015,balancing non-office remainder,maximum-entropy independence prior fitted by RAS/IPF; deterministic controlled integer rounding,not applicable,1,3.637978807091713e-12,True
base,徐汇区,310104014000,徐家汇街道,street,True,216300,I,31496,official district-by-industry,maximum-entropy independence prior fitted by RAS/IPF; deterministic controlled integer rounding,not applicable,1,3.637978807091713e-12,True
base,徐汇区,310104014000,徐家汇街道,street,True,216300,J,0,official district-by-industry,maximum-entropy independence prior fitted by RAS/IPF; deterministic controlled integer rounding,not applicable,1,3.637978807091713e-12,True
base,徐汇区,310104014000,徐家汇街道,street,True,216300,M,21537,official district-by-industry,maximum-entropy independence prior fitted by RAS/IPF; deterministic controlled integer rounding,not applicable,1,3.637978807091713e-12,True
base,徐汇区,310104014000,徐家汇街道,street,True,216300,721,4126,reviewed Core+ district composition scenario,maximum-entropy independence prior fitted by RAS/IPF; deterministic controlled integer rounding,not applicable,1,3.637978807091713e-12,True
base,徐汇区,310104014000,徐家汇街道,street,True,216300,723,909,reviewed Core+ district composition scenario,maximum-entropy independence prior fitted by RAS/IPF; deterministic controlled integer rounding,not applicable,1,3.637978807091713e-12,True
base,徐汇区,310104014000,徐家汇街道,street,True,216300,724,6576,reviewed Core+ district composition scenario,maximum-entropy independence prior fitted by RAS/IPF; deterministic controlled integer rounding,not applicable,1,3.637978807091713e-12,True
base,徐汇区,310104014000,徐家汇街道,street,True,216300,725,1819,reviewed Core+ district composition scenario,maximum-entropy independence prior fitted by RAS/IPF; deterministic controlled integer rounding,not applicable,1,3.637978807091713e-12,True
base,徐汇区,310104014000,徐家汇街道,street,True,216300,OTHER,149837,balancing non-office remainder,maximum-entropy independence prior fitted by RAS/IPF; deterministic controlled integer rounding,not applicable,1,3.637978807091713e-12,True
base,徐汇区,310104015000,凌云路街道,street,True,12200,I,1777,official district-by-industry,maximum-entropy independence prior fitted by RAS/IPF; deterministic controlled integer rounding,not applicable,1,3.637978807091713e-12,True
base,徐汇区,310104015000,凌云路街道,street,True,12200,J,0,official district-by-industry,maximum-entropy independence prior fitted by RAS/IPF; deterministic controlled integer rounding,not applicable,1,3.637978807091713e-12,True
base,徐汇区,310104015000,凌云路街道,street,True,12200,M,1215,official district-by-industry,maximum-entropy independence prior fitted by RAS/IPF; deterministic controlled integer rounding,not applicable,1,3.637978807091713e-12,True
base,徐汇区,310104015000,凌云路街道,street,True,12200,721,233,reviewed Core+ district composition scenario,maximum-entropy independence prior fitted by RAS/IPF; deterministic controlled integer rounding,not applicable,1,3.637978807091713e-12,True
base,徐汇区,310104015000,凌云路街道,street,True,12200,723,51,reviewed Core+ district composition scenario,maximum-entropy independence prior fitted by RAS/IPF; deterministic controlled integer rounding,not applicable,1,3.637978807091713e-12,True
base,徐汇区,310104015000,凌云路街道,street,True,12200,724,371,reviewed Core+ district composition scenario,maximum-entropy independence prior fitted by RAS/IPF; deterministic controlled integer rounding,not applicable,1,3.637978807091713e-12,True
base,徐汇区,310104015000,凌云路街道,street,True,12200,725,102,reviewed Core+ district composition scenario,maximum-entropy independence prior fitted by RAS/IPF; deterministic controlled integer rounding,not applicable,1,3.637978807091713e-12,True
base,徐汇区,310104015000,凌云路街道,street,True,12200,OTHER,8451,balancing non-office remainder,maximum-entropy independence prior fitted by RAS/IPF; deterministic controlled integer rounding,not applicable,1,3.637978807091713e-12,True
base,徐汇区,310104016000,龙华街道,street,True,59600,I,8679,official district-by-industry,maximum-entropy independence prior fitted by RAS/IPF; deterministic controlled integer rounding,not applicable,1,3.637978807091713e-12,True
base,徐汇区,310104016000,龙华街道,street,True,59600,J,0,official district-by-industry,maximum-entropy independence prior fitted by RAS/IPF; deterministic controlled integer rounding,not applicable,1,3.637978807091713e-12,True
base,徐汇区,310104016000,龙华街道,street,True,59600,M,5934,official district-by-industry,maximum-entropy independence prior fitted by RAS/IPF; deterministic controlled integer rounding,not applicable,1,3.637978807091713e-12,True
base,徐汇区,310104016000,龙华街道,street,True,59600,721,1137,reviewed Core+ district composition scenario,maximum-entropy independence prior fitted by RAS/IPF; deterministic controlled integer rounding,not applicable,1,3.637978807091713e-12,True
base,徐汇区,310104016000,龙华街道,street,True,59600,723,250,reviewed Core+ district composition scenario,maximum-entropy independence prior fitted by RAS/IPF; deterministic controlled integer rounding,not applicable,1,3.637978807091713e-12,True
base,徐汇区,310104016000,龙华街道,street,True,59600,724,1812,reviewed Core+ district composition scenario,maximum-entropy independence prior fitted by RAS/IPF; deterministic controlled integer rounding,not applicable,1,3.637978807091713e-12,True
base,徐汇区,310104016000,龙华街道,street,True,59600,725,501,reviewed Core+ district composition scenario,maximum-entropy independence prior fitted by RAS/IPF; deterministic controlled integer rounding,not applicable,1,3.637978807091713e-12,True
base,徐汇区,310104016000,龙华街道,street,True,59600,OTHER,41287,balancing non-office remainder,maximum-entropy independence prior fitted by RAS/IPF; deterministic controlled integer rounding,not applicable,1,3.637978807091713e-12,True
base,徐汇区,310104017000,漕河泾街道,street,True,88600,I,12901,official district-by-industry,maximum-entropy independence prior fitted by RAS/IPF; deterministic controlled integer rounding,not applicable,1,3.637978807091713e-12,True
base,徐汇区,310104017000,漕河泾街道,street,True,88600,J,0,official district-by-industry,maximum-entropy independence prior fitted by RAS/IPF; deterministic controlled integer rounding,not applicable,1,3.637978807091713e-12,True
base,徐汇区,310104017000,漕河泾街道,street,True,88600,M,8822,official district-by-industry,maximum-entropy independence prior fitted by RAS/IPF; deterministic controlled integer rounding,not applicable,1,3.637978807091713e-12,True
base,徐汇区,310104017000,漕河泾街道,street,True,88600,721,1690,reviewed Core+ district composition scenario,maximum-entropy independence prior fitted by RAS/IPF; deterministic controlled integer rounding,not applicable,1,3.637978807091713e-12,True
base,徐汇区,310104017000,漕河泾街道,street,True,88600,723,373,reviewed Core+ district composition scenario,maximum-entropy independence prior fitted by RAS/IPF; deterministic controlled integer rounding,not applicable,1,3.637978807091713e-12,True
base,徐汇区,310104017000,漕河泾街道,street,True,88600,724,2693,reviewed Core+ district composition scenario,maximum-entropy independence prior fitted by RAS/IPF; deterministic controlled integer rounding,not applicable,1,3.637978807091713e-12,True
base,徐汇区,310104017000,漕河泾街道,street,True,88600,725,745,reviewed Core+ district composition scenario,maximum-entropy independence prior fitted by RAS/IPF; deterministic controlled integer rounding,not applicable,1,3.637978807091713e-12,True
base,徐汇区,310104017000,漕河泾街道,street,True,88600,OTHER,61376,balancing non-office remainder,maximum-entropy independence prior fitted by RAS/IPF; deterministic controlled integer rounding,not applicable,1,3.637978807091713e-12,True
base,徐汇区,310104103000,华泾镇,town,True,10300,I,1500,official district-by-industry,maximum-entropy independence prior fitted by RAS/IPF; deterministic controlled integer rounding,not applicable,1,3.637978807091713e-12,True
base,徐汇区,310104103000,华泾镇,town,True,10300,J,0,official district-by-industry,maximum-entropy independence prior fitted by RAS/IPF; deterministic controlled integer rounding,not applicable,1,3.637978807091713e-12,True
base,徐汇区,310104103000,华泾镇,town,True,10300,M,1026,official district-by-industry,maximum-entropy independence prior fitted by RAS/IPF; deterministic controlled integer rounding,not applicable,1,3.637978807091713e-12,True
base,徐汇区,310104103000,华泾镇,town,True,10300,721,196,reviewed Core+ district composition scenario,maximum-entropy independence prior fitted by RAS/IPF; deterministic controlled integer rounding,not applicable,1,3.637978807091713e-12,True
base,徐汇区,310104103000,华泾镇,town,True,10300,723,43,reviewed Core+ district composition scenario,maximum-entropy independence prior fitted by RAS/IPF; deterministic controlled integer rounding,not applicable,1,3.637978807091713e-12,True
base,徐汇区,310104103000,华泾镇,town,True,10300,724,313,reviewed Core+ district composition scenario,maximum-entropy independence prior fitted by RAS/IPF; deterministic controlled integer rounding,not applicable,1,3.637978807091713e-12,True
base,徐汇区,310104103000,华泾镇,town,True,10300,725,87,reviewed Core+ district composition scenario,maximum-entropy independence prior fitted by RAS/IPF; deterministic controlled integer rounding,not applicable,1,3.637978807091713e-12,True
base,徐汇区,310104103000,华泾镇,town,True,10300,OTHER,7135,balancing non-office remainder,maximum-entropy independence prior fitted by RAS/IPF; deterministic controlled integer rounding,not applicable,1,3.637978807091713e-12,True
base,徐汇区,310104-construction-finance-residual,310104-construction-finance-residual,residual,False,73346,I,0,official district-by-industry,bulletin-compatible fixed residual assignment before maximum-entropy RAS/IPF,official J assigned to finance-tied residual up to row total; remaining residual is OTHER,1,3.637978807091713e-12,True
base,徐汇区,310104-construction-finance-residual,310104-construction-finance-residual,residual,False,73346,J,24820,official district-by-industry,bulletin-compatible fixed residual assignment before maximum-entropy RAS/IPF,official J assigned to finance-tied residual up to row total; remaining residual is OTHER,1,3.637978807091713e-12,True
base,徐汇区,310104-construction-finance-residual,310104-construction-finance-residual,residual,False,73346,M,0,official district-by-industry,bulletin-compatible fixed residual assignment before maximum-entropy RAS/IPF,official J assigned to finance-tied residual up to row total; remaining residual is OTHER,1,3.637978807091713e-12,True
base,徐汇区,310104-construction-finance-residual,310104-construction-finance-residual,residual,False,73346,721,0,reviewed Core+ district composition scenario,bulletin-compatible fixed residual assignment before maximum-entropy RAS/IPF,official J assigned to finance-tied residual up to row total; remaining residual is OTHER,1,3.637978807091713e-12,True
base,徐汇区,310104-construction-finance-residual,310104-construction-finance-residual,residual,False,73346,723,0,reviewed Core+ district composition scenario,bulletin-compatible fixed residual assignment before maximum-entropy RAS/IPF,official J assigned to finance-tied residual up to row total; remaining residual is OTHER,1,3.637978807091713e-12,True
base,徐汇区,310104-construction-finance-residual,310104-construction-finance-residual,residual,False,73346,724,0,reviewed Core+ district composition scenario,bulletin-compatible fixed residual assignment before maximum-entropy RAS/IPF,official J assigned to finance-tied residual up to row total; remaining residual is OTHER,1,3.637978807091713e-12,True
base,徐汇区,310104-construction-finance-residual,310104-construction-finance-residual,residual,False,73346,725,0,reviewed Core+ district composition scenario,bulletin-compatible fixed residual assignment before maximum-entropy RAS/IPF,official J assigned to finance-tied residual up to row total; remaining residual is OTHER,1,3.637978807091713e-12,True
base,徐汇区,310104-construction-finance-residual,310104-construction-finance-residual,residual,False,73346,OTHER,48526,balancing non-office remainder,bulletin-compatible fixed residual assignment before maximum-entropy RAS/IPF,official J assigned to finance-tied residual up to row total; remaining residual is OTHER,1,3.637978807091713e-12,True
base,长宁区,310105001000,华阳路街道,street,True,48926,I,5405,official district-by-industry,maximum-entropy independence prior fitted by RAS/IPF; deterministic controlled integer rounding,not applicable,1,2.9103830456733704e-11,True
base,长宁区,310105001000,华阳路街道,street,True,48926,J,605,official district-by-industry,maximum-entropy independence prior fitted by RAS/IPF; deterministic controlled integer rounding,not applicable,1,2.9103830456733704e-11,True
base,长宁区,310105001000,华阳路街道,street,True,48926,M,2180,official district-by-industry,maximum-entropy independence prior fitted by RAS/IPF; deterministic controlled integer rounding,not applicable,1,2.9103830456733704e-11,True
base,长宁区,310105001000,华阳路街道,street,True,48926,721,1044,reviewed Core+ district composition scenario,maximum-entropy independence prior fitted by RAS/IPF; deterministic controlled integer rounding,not applicable,1,2.9103830456733704e-11,True
base,长宁区,310105001000,华阳路街道,street,True,48926,723,230,reviewed Core+ district composition scenario,maximum-entropy independence prior fitted by RAS/IPF; deterministic controlled integer rounding,not applicable,1,2.9103830456733704e-11,True
base,长宁区,310105001000,华阳路街道,street,True,48926,724,1663,reviewed Core+ district composition scenario,maximum-entropy independence prior fitted by RAS/IPF; deterministic controlled integer rounding,not applicable,1,2.9103830456733704e-11,True
base,长宁区,310105001000,华阳路街道,street,True,48926,725,460,reviewed Core+ district composition scenario,maximum-entropy independence prior fitted by RAS/IPF; deterministic controlled integer rounding,not applicable,1,2.9103830456733704e-11,True
base,长宁区,310105001000,华阳路街道,street,True,48926,OTHER,37339,balancing non-office remainder,maximum-entropy independence prior fitted by RAS/IPF; deterministic controlled integer rounding,not applicable,1,2.9103830456733704e-11,True
base,长宁区,310105002000,江苏路街道,street,True,37808,I,4177,official district-by-industry,maximum-entropy independence prior fitted by RAS/IPF; deterministic controlled integer rounding,not applicable,1,2.9103830456733704e-11,True
base,长宁区,310105002000,江苏路街道,street,True,37808,J,468,official district-by-industry,maximum-entropy independence prior fitted by RAS/IPF; deterministic controlled integer rounding,not applicable,1,2.9103830456733704e-11,True
base,长宁区,310105002000,江苏路街道,street,True,37808,M,1685,official district-by-industry,maximum-entropy independence prior fitted by RAS/IPF; deterministic controlled integer rounding,not applicable,1,2.9103830456733704e-11,True
base,长宁区,310105002000,江苏路街道,street,True,37808,721,806,reviewed Core+ district composition scenario,maximum-entropy independence prior fitted by RAS/IPF; deterministic controlled integer rounding,not applicable,1,2.9103830456733704e-11,True
base,长宁区,310105002000,江苏路街道,street,True,37808,723,178,reviewed Core+ district composition scenario,maximum-entropy independence prior fitted by RAS/IPF; deterministic controlled integer rounding,not applicable,1,2.9103830456733704e-11,True
base,长宁区,310105002000,江苏路街道,street,True,37808,724,1285,reviewed Core+ district composition scenario,maximum-entropy independence prior fitted by RAS/IPF; deterministic controlled integer rounding,not applicable,1,2.9103830456733704e-11,True
base,长宁区,310105002000,江苏路街道,street,True,37808,725,355,reviewed Core+ district composition scenario,maximum-entropy independence prior fitted by RAS/IPF; deterministic controlled integer rounding,not applicable,1,2.9103830456733704e-11,True
base,长宁区,310105002000,江苏路街道,street,True,37808,OTHER,28854,balancing non-office remainder,maximum-entropy independence prior fitted by RAS/IPF; deterministic controlled integer rounding,not applicable,1,2.9103830456733704e-11,True
base,长宁区,310105004000,新华路街道,street,True,52426,I,5792,official district-by-industry,maximum-entropy independence prior fitted by RAS/IPF; deterministic controlled integer rounding,not applicable,1,2.9103830456733704e-11,True
base,长宁区,310105004000,新华路街道,street,True,52426,J,649,official district-by-industry,maximum-entropy independence prior fitted by RAS/IPF; deterministic controlled integer rounding,not applicable,1,2.9103830456733704e-11,True
base,长宁区,310105004000,新华路街道,street,True,52426,M,2336,official district-by-industry,maximum-entropy independence prior fitted by RAS/IPF; deterministic controlled integer rounding,not applicable,1,2.9103830456733704e-11,True
base,长宁区,310105004000,新华路街道,street,True,52426,721,1118,reviewed Core+ district composition scenario,maximum-entropy independence prior fitted by RAS/IPF; deterministic controlled integer rounding,not applicable,1,2.9103830456733704e-11,True
base,长宁区,310105004000,新华路街道,street,True,52426,723,246,reviewed Core+ district composition scenario,maximum-entropy independence prior fitted by RAS/IPF; deterministic controlled integer rounding,not applicable,1,2.9103830456733704e-11,True
base,长宁区,310105004000,新华路街道,street,True,52426,724,1782,reviewed Core+ district composition scenario,maximum-entropy independence prior fitted by RAS/IPF; deterministic controlled integer rounding,not applicable,1,2.9103830456733704e-11,True
base,长宁区,310105004000,新华路街道,street,True,52426,725,493,reviewed Core+ district composition scenario,maximum-entropy independence prior fitted by RAS/IPF; deterministic controlled integer rounding,not applicable,1,2.9103830456733704e-11,True
base,长宁区,310105004000,新华路街道,street,True,52426,OTHER,40010,balancing non-office remainder,maximum-entropy independence prior fitted by RAS/IPF; deterministic controlled integer rounding,not applicable,1,2.9103830456733704e-11,True
base,长宁区,310105005000,周家桥街道,street,True,25426,I,2809,official district-by-industry,maximum-entropy independence prior fitted by RAS/IPF; deterministic controlled integer rounding,not applicable,1,2.9103830456733704e-11,True
base,长宁区,310105005000,周家桥街道,street,True,25426,J,314,official district-by-industry,maximum-entropy independence prior fitted by RAS/IPF; deterministic controlled integer rounding,not applicable,1,2.9103830456733704e-11,True
base,长宁区,310105005000,周家桥街道,street,True,25426,M,1133,official district-by-industry,maximum-entropy independence prior fitted by RAS/IPF; deterministic controlled integer rounding,not applicable,1,2.9103830456733704e-11,True
base,长宁区,310105005000,周家桥街道,street,True,25426,721,542,reviewed Core+ district composition scenario,maximum-entropy independence prior fitted by RAS/IPF; deterministic controlled integer rounding,not applicable,1,2.9103830456733704e-11,True
base,长宁区,310105005000,周家桥街道,street,True,25426,723,119,reviewed Core+ district composition scenario,maximum-entropy independence prior fitted by RAS/IPF; deterministic controlled integer rounding,not applicable,1,2.9103830456733704e-11,True
base,长宁区,310105005000,周家桥街道,street,True,25426,724,865,reviewed Core+ district composition scenario,maximum-entropy independence prior fitted by RAS/IPF; deterministic controlled integer rounding,not applicable,1,2.9103830456733704e-11,True
base,长宁区,310105005000,周家桥街道,street,True,25426,725,239,reviewed Core+ district composition scenario,maximum-entropy independence prior fitted by RAS/IPF; deterministic controlled integer rounding,not applicable,1,2.9103830456733704e-11,True
base,长宁区,310105005000,周家桥街道,street,True,25426,OTHER,19405,balancing non-office remainder,maximum-entropy independence prior fitted by RAS/IPF; deterministic controlled integer rounding,not applicable,1,2.9103830456733704e-11,True
base,长宁区,310105006000,天山路街道,street,True,70756,I,7817,official district-by-industry,maximum-entropy independence prior fitted by RAS/IPF; deterministic controlled integer rounding,not applicable,1,2.9103830456733704e-11,True
base,长宁区,310105006000,天山路街道,street,True,70756,J,875,official district-by-industry,maximum-entropy independence prior fitted by RAS/IPF; deterministic controlled integer rounding,not applicable,1,2.9103830456733704e-11,True
base,长宁区,310105006000,天山路街道,street,True,70756,M,3153,official district-by-industry,maximum-entropy independence prior fitted by RAS/IPF; deterministic controlled integer rounding,not applicable,1,2.9103830456733704e-11,True
base,长宁区,310105006000,天山路街道,street,True,70756,721,1509,reviewed Core+ district composition scenario,maximum-entropy independence prior fitted by RAS/IPF; deterministic controlled integer rounding,not applicable,1,2.9103830456733704e-11,True
base,长宁区,310105006000,天山路街道,street,True,70756,723,333,reviewed Core+ district composition scenario,maximum-entropy independence prior fitted by RAS/IPF; deterministic controlled integer rounding,not applicable,1,2.9103830456733704e-11,True
base,长宁区,310105006000,天山路街道,street,True,70756,724,2405,reviewed Core+ district composition scenario,maximum-entropy independence prior fitted by RAS/IPF; deterministic controlled integer rounding,not applicable,1,2.9103830456733704e-11,True
base,长宁区,310105006000,天山路街道,street,True,70756,725,665,reviewed Core+ district composition scenario,maximum-entropy independence prior fitted by RAS/IPF; deterministic controlled integer rounding,not applicable,1,2.9103830456733704e-11,True
base,长宁区,310105006000,天山路街道,street,True,70756,OTHER,53999,balancing non-office remainder,maximum-entropy independence prior fitted by RAS/IPF; deterministic controlled integer rounding,not applicable,1,2.9103830456733704e-11,True
base,长宁区,310105008000,仙霞新村街道,street,True,20827,I,2301,official district-by-industry,maximum-entropy independence prior fitted by RAS/IPF; deterministic controlled integer rounding,not applicable,1,2.9103830456733704e-11,True
base,长宁区,310105008000,仙霞新村街道,street,True,20827,J,257,official district-by-industry,maximum-entropy independence prior fitted by RAS/IPF; deterministic controlled integer rounding,not applicable,1,2.9103830456733704e-11,True
base,长宁区,310105008000,仙霞新村街道,street,True,20827,M,928,official district-by-industry,maximum-entropy independence prior fitted by RAS/IPF; deterministic controlled integer rounding,not applicable,1,2.9103830456733704e-11,True
base,长宁区,310105008000,仙霞新村街道,street,True,20827,721,444,reviewed Core+ district composition scenario,maximum-entropy independence prior fitted by RAS/IPF; deterministic controlled integer rounding,not applicable,1,2.9103830456733704e-11,True
base,长宁区,310105008000,仙霞新村街道,street,True,20827,723,98,reviewed Core+ district composition scenario,maximum-entropy independence prior fitted by RAS/IPF; deterministic controlled integer rounding,not applicable,1,2.9103830456733704e-11,True
base,长宁区,310105008000,仙霞新村街道,street,True,20827,724,708,reviewed Core+ district composition scenario,maximum-entropy independence prior fitted by RAS/IPF; deterministic controlled integer rounding,not applicable,1,2.9103830456733704e-11,True
base,长宁区,310105008000,仙霞新村街道,street,True,20827,725,196,reviewed Core+ district composition scenario,maximum-entropy independence prior fitted by RAS/IPF; deterministic controlled integer rounding,not applicable,1,2.9103830456733704e-11,True
base,长宁区,310105008000,仙霞新村街道,street,True,20827,OTHER,15895,balancing non-office remainder,maximum-entropy independence prior fitted by RAS/IPF; deterministic controlled integer rounding,not applicable,1,2.9103830456733704e-11,True
base,长宁区,310105009000,虹桥街道,street,True,84297,I,9313,official district-by-industry,maximum-entropy independence prior fitted by RAS/IPF; deterministic controlled integer rounding,not applicable,1,2.9103830456733704e-11,True
base,长宁区,310105009000,虹桥街道,street,True,84297,J,1043,official district-by-industry,maximum-entropy independence prior fitted by RAS/IPF; deterministic controlled integer rounding,not applicable,1,2.9103830456733704e-11,True
base,长宁区,310105009000,虹桥街道,street,True,84297,M,3756,official district-by-industry,maximum-entropy independence prior fitted by RAS/IPF; deterministic controlled integer rounding,not applicable,1,2.9103830456733704e-11,True
base,长宁区,310105009000,虹桥街道,street,True,84297,721,1798,reviewed Core+ district composition scenario,maximum-entropy independence prior fitted by RAS/IPF; deterministic controlled integer rounding,not applicable,1,2.9103830456733704e-11,True
base,长宁区,310105009000,虹桥街道,street,True,84297,723,396,reviewed Core+ district composition scenario,maximum-entropy independence prior fitted by RAS/IPF; deterministic controlled integer rounding,not applicable,1,2.9103830456733704e-11,True
base,长宁区,310105009000,虹桥街道,street,True,84297,724,2865,reviewed Core+ district composition scenario,maximum-entropy independence prior fitted by RAS/IPF; deterministic controlled integer rounding,not applicable,1,2.9103830456733704e-11,True
base,长宁区,310105009000,虹桥街道,street,True,84297,725,793,reviewed Core+ district composition scenario,maximum-entropy independence prior fitted by RAS/IPF; deterministic controlled integer rounding,not applicable,1,2.9103830456733704e-11,True
base,长宁区,310105009000,虹桥街道,street,True,84297,OTHER,64333,balancing non-office remainder,maximum-entropy independence prior fitted by RAS/IPF; deterministic controlled integer rounding,not applicable,1,2.9103830456733704e-11,True
base,长宁区,310105010000,程家桥街道,street,True,101760,I,11242,official district-by-industry,maximum-entropy independence prior fitted by RAS/IPF; deterministic controlled integer rounding,not applicable,1,2.9103830456733704e-11,True
base,长宁区,310105010000,程家桥街道,street,True,101760,J,1259,official district-by-industry,maximum-entropy independence prior fitted by RAS/IPF; deterministic controlled integer rounding,not applicable,1,2.9103830456733704e-11,True
base,长宁区,310105010000,程家桥街道,street,True,101760,M,4534,official district-by-industry,maximum-entropy independence prior fitted by RAS/IPF; deterministic controlled integer rounding,not applicable,1,2.9103830456733704e-11,True
base,长宁区,310105010000,程家桥街道,street,True,101760,721,2170,reviewed Core+ district composition scenario,maximum-entropy independence prior fitted by RAS/IPF; deterministic controlled integer rounding,not applicable,1,2.9103830456733704e-11,True
base,长宁区,310105010000,程家桥街道,street,True,101760,723,478,reviewed Core+ district composition scenario,maximum-entropy independence prior fitted by RAS/IPF; deterministic controlled integer rounding,not applicable,1,2.9103830456733704e-11,True
base,长宁区,310105010000,程家桥街道,street,True,101760,724,3459,reviewed Core+ district composition scenario,maximum-entropy independence prior fitted by RAS/IPF; deterministic controlled integer rounding,not applicable,1,2.9103830456733704e-11,True
base,长宁区,310105010000,程家桥街道,street,True,101760,725,957,reviewed Core+ district composition scenario,maximum-entropy independence prior fitted by RAS/IPF; deterministic controlled integer rounding,not applicable,1,2.9103830456733704e-11,True
base,长宁区,310105010000,程家桥街道,street,True,101760,OTHER,77661,balancing non-office remainder,maximum-entropy independence prior fitted by RAS/IPF; deterministic controlled integer rounding,not applicable,1,2.9103830456733704e-11,True
base,长宁区,310105011000,北新泾街道,street,True,6332,I,700,official district-by-industry,maximum-entropy independence prior fitted by RAS/IPF; deterministic controlled integer rounding,not applicable,1,2.9103830456733704e-11,True
base,长宁区,310105011000,北新泾街道,street,True,6332,J,78,official district-by-industry,maximum-entropy independence prior fitted by RAS/IPF; deterministic controlled integer rounding,not applicable,1,2.9103830456733704e-11,True
base,长宁区,310105011000,北新泾街道,street,True,6332,M,282,official district-by-industry,maximum-entropy independence prior fitted by RAS/IPF; deterministic controlled integer rounding,not applicable,1,2.9103830456733704e-11,True
base,长宁区,310105011000,北新泾街道,street,True,6332,721,135,reviewed Core+ district composition scenario,maximum-entropy independence prior fitted by RAS/IPF; deterministic controlled integer rounding,not applicable,1,2.9103830456733704e-11,True
base,长宁区,310105011000,北新泾街道,street,True,6332,723,30,reviewed Core+ district composition scenario,maximum-entropy independence prior fitted by RAS/IPF; deterministic controlled integer rounding,not applicable,1,2.9103830456733704e-11,True
base,长宁区,310105011000,北新泾街道,street,True,6332,724,215,reviewed Core+ district composition scenario,maximum-entropy independence prior fitted by RAS/IPF; deterministic controlled integer rounding,not applicable,1,2.9103830456733704e-11,True
base,长宁区,310105011000,北新泾街道,street,True,6332,725,60,reviewed Core+ district composition scenario,maximum-entropy independence prior fitted by RAS/IPF; deterministic controlled integer rounding,not applicable,1,2.9103830456733704e-11,True
base,长宁区,310105011000,北新泾街道,street,True,6332,OTHER,4832,balancing non-office remainder,maximum-entropy independence prior fitted by RAS/IPF; deterministic controlled integer rounding,not applicable,1,2.9103830456733704e-11,True
base,长宁区,310105102000,新泾镇,town,True,148418,I,16397,official district-by-industry,maximum-entropy independence prior fitted by RAS/IPF; deterministic controlled integer rounding,not applicable,1,2.9103830456733704e-11,True
base,长宁区,310105102000,新泾镇,town,True,148418,J,1836,official district-by-industry,maximum-entropy independence prior fitted by RAS/IPF; deterministic controlled integer rounding,not applicable,1,2.9103830456733704e-11,True
base,长宁区,310105102000,新泾镇,town,True,148418,M,6613,official district-by-industry,maximum-entropy independence prior fitted by RAS/IPF; deterministic controlled integer rounding,not applicable,1,2.9103830456733704e-11,True
base,长宁区,310105102000,新泾镇,town,True,148418,721,3165,reviewed Core+ district composition scenario,maximum-entropy independence prior fitted by RAS/IPF; deterministic controlled integer rounding,not applicable,1,2.9103830456733704e-11,True
base,长宁区,310105102000,新泾镇,town,True,148418,723,698,reviewed Core+ district composition scenario,maximum-entropy independence prior fitted by RAS/IPF; deterministic controlled integer rounding,not applicable,1,2.9103830456733704e-11,True
base,长宁区,310105102000,新泾镇,town,True,148418,724,5045,reviewed Core+ district composition scenario,maximum-entropy independence prior fitted by RAS/IPF; deterministic controlled integer rounding,not applicable,1,2.9103830456733704e-11,True
base,长宁区,310105102000,新泾镇,town,True,148418,725,1395,reviewed Core+ district composition scenario,maximum-entropy independence prior fitted by RAS/IPF; deterministic controlled integer rounding,not applicable,1,2.9103830456733704e-11,True
base,长宁区,310105102000,新泾镇,town,True,148418,OTHER,113269,balancing non-office remainder,maximum-entropy independence prior fitted by RAS/IPF; deterministic controlled integer rounding,not applicable,1,2.9103830456733704e-11,True
base,长宁区,310105-finance-residual,310105-finance-residual,residual,False,5174,I,0,official district-by-industry,bulletin-compatible fixed residual assignment before maximum-entropy RAS/IPF,official J assigned to finance-tied residual up to row total; remaining residual is OTHER,1,2.9103830456733704e-11,True
base,长宁区,310105-finance-residual,310105-finance-residual,residual,False,5174,J,5174,official district-by-industry,bulletin-compatible fixed residual assignment before maximum-entropy RAS/IPF,official J assigned to finance-tied residual up to row total; remaining residual is OTHER,1,2.9103830456733704e-11,True
base,长宁区,310105-finance-residual,310105-finance-residual,residual,False,5174,M,0,official district-by-industry,bulletin-compatible fixed residual assignment before maximum-entropy RAS/IPF,official J assigned to finance-tied residual up to row total; remaining residual is OTHER,1,2.9103830456733704e-11,True
base,长宁区,310105-finance-residual,310105-finance-residual,residual,False,5174,721,0,reviewed Core+ district composition scenario,bulletin-compatible fixed residual assignment before maximum-entropy RAS/IPF,official J assigned to finance-tied residual up to row total; remaining residual is OTHER,1,2.9103830456733704e-11,True
base,长宁区,310105-finance-residual,310105-finance-residual,residual,False,5174,723,0,reviewed Core+ district composition scenario,bulletin-compatible fixed residual assignment before maximum-entropy RAS/IPF,official J assigned to finance-tied residual up to row total; remaining residual is OTHER,1,2.9103830456733704e-11,True
base,长宁区,310105-finance-residual,310105-finance-residual,residual,False,5174,724,0,reviewed Core+ district composition scenario,bulletin-compatible fixed residual assignment before maximum-entropy RAS/IPF,official J assigned to finance-tied residual up to row total; remaining residual is OTHER,1,2.9103830456733704e-11,True
base,长宁区,310105-finance-residual,310105-finance-residual,residual,False,5174,725,0,reviewed Core+ district composition scenario,bulletin-compatible fixed residual assignment before maximum-entropy RAS/IPF,official J assigned to finance-tied residual up to row total; remaining residual is OTHER,1,2.9103830456733704e-11,True
base,长宁区,310105-finance-residual,310105-finance-residual,residual,False,5174,OTHER,0,balancing non-office remainder,bulletin-compatible fixed residual assignment before maximum-entropy RAS/IPF,official J assigned to finance-tied residual up to row total; remaining residual is OTHER,1,2.9103830456733704e-11,True
base,静安区,310106006000,江宁路街道,street,True,35000,I,3280,official district-by-industry,maximum-entropy independence prior fitted by RAS/IPF; deterministic controlled integer rounding,not applicable,1,1.4551915228366852e-11,True
base,静安区,310106006000,江宁路街道,street,True,35000,J,32,official district-by-industry,maximum-entropy independence prior fitted by RAS/IPF; deterministic controlled integer rounding,not applicable,1,1.4551915228366852e-11,True
base,静安区,310106006000,江宁路街道,street,True,35000,M,1930,official district-by-industry,maximum-entropy independence prior fitted by RAS/IPF; deterministic controlled integer rounding,not applicable,1,1.4551915228366852e-11,True
base,静安区,310106006000,江宁路街道,street,True,35000,721,1047,reviewed Core+ district composition scenario,maximum-entropy independence prior fitted by RAS/IPF; deterministic controlled integer rounding,not applicable,1,1.4551915228366852e-11,True
base,静安区,310106006000,江宁路街道,street,True,35000,723,231,reviewed Core+ district composition scenario,maximum-entropy independence prior fitted by RAS/IPF; deterministic controlled integer rounding,not applicable,1,1.4551915228366852e-11,True
base,静安区,310106006000,江宁路街道,street,True,35000,724,1669,reviewed Core+ district composition scenario,maximum-entropy independence prior fitted by RAS/IPF; deterministic controlled integer rounding,not applicable,1,1.4551915228366852e-11,True
base,静安区,310106006000,江宁路街道,street,True,35000,725,462,reviewed Core+ district composition scenario,maximum-entropy independence prior fitted by RAS/IPF; deterministic controlled integer rounding,not applicable,1,1.4551915228366852e-11,True
base,静安区,310106006000,江宁路街道,street,True,35000,OTHER,26349,balancing non-office remainder,maximum-entropy independence prior fitted by RAS/IPF; deterministic controlled integer rounding,not applicable,1,1.4551915228366852e-11,True
base,静安区,310106011000,石门二路街道,street,True,47000,I,4405,official district-by-industry,maximum-entropy independence prior fitted by RAS/IPF; deterministic controlled integer rounding,not applicable,1,1.4551915228366852e-11,True
base,静安区,310106011000,石门二路街道,street,True,47000,J,43,official district-by-industry,maximum-entropy independence prior fitted by RAS/IPF; deterministic controlled integer rounding,not applicable,1,1.4551915228366852e-11,True
base,静安区,310106011000,石门二路街道,street,True,47000,M,2592,official district-by-industry,maximum-entropy independence prior fitted by RAS/IPF; deterministic controlled integer rounding,not applicable,1,1.4551915228366852e-11,True
base,静安区,310106011000,石门二路街道,street,True,47000,721,1406,reviewed Core+ district composition scenario,maximum-entropy independence prior fitted by RAS/IPF; deterministic controlled integer rounding,not applicable,1,1.4551915228366852e-11,True
base,静安区,310106011000,石门二路街道,street,True,47000,723,310,reviewed Core+ district composition scenario,maximum-entropy independence prior fitted by RAS/IPF; deterministic controlled integer rounding,not applicable,1,1.4551915228366852e-11,True
base,静安区,310106011000,石门二路街道,street,True,47000,724,2241,reviewed Core+ district composition scenario,maximum-entropy independence prior fitted by RAS/IPF; deterministic controlled integer rounding,not applicable,1,1.4551915228366852e-11,True
base,静安区,310106011000,石门二路街道,street,True,47000,725,620,reviewed Core+ district composition scenario,maximum-entropy independence prior fitted by RAS/IPF; deterministic controlled integer rounding,not applicable,1,1.4551915228366852e-11,True
base,静安区,310106011000,石门二路街道,street,True,47000,OTHER,35383,balancing non-office remainder,maximum-entropy independence prior fitted by RAS/IPF; deterministic controlled integer rounding,not applicable,1,1.4551915228366852e-11,True
base,静安区,310106012000,南京西路街道,street,True,152000,I,14247,official district-by-industry,maximum-entropy independence prior fitted by RAS/IPF; deterministic controlled integer rounding,not applicable,1,1.4551915228366852e-11,True
base,静安区,310106012000,南京西路街道,street,True,152000,J,138,official district-by-industry,maximum-entropy independence prior fitted by RAS/IPF; deterministic controlled integer rounding,not applicable,1,1.4551915228366852e-11,True
base,静安区,310106012000,南京西路街道,street,True,152000,M,8381,official district-by-industry,maximum-entropy independence prior fitted by RAS/IPF; deterministic controlled integer rounding,not applicable,1,1.4551915228366852e-11,True
base,静安区,310106012000,南京西路街道,street,True,152000,721,4548,reviewed Core+ district composition scenario,maximum-entropy independence prior fitted by RAS/IPF; deterministic controlled integer rounding,not applicable,1,1.4551915228366852e-11,True
base,静安区,310106012000,南京西路街道,street,True,152000,723,1002,reviewed Core+ district composition scenario,maximum-entropy independence prior fitted by RAS/IPF; deterministic controlled integer rounding,not applicable,1,1.4551915228366852e-11,True
base,静安区,310106012000,南京西路街道,street,True,152000,724,7248,reviewed Core+ district composition scenario,maximum-entropy independence prior fitted by RAS/IPF; deterministic controlled integer rounding,not applicable,1,1.4551915228366852e-11,True
base,静安区,310106012000,南京西路街道,street,True,152000,725,2005,reviewed Core+ district composition scenario,maximum-entropy independence prior fitted by RAS/IPF; deterministic controlled integer rounding,not applicable,1,1.4551915228366852e-11,True
base,静安区,310106012000,南京西路街道,street,True,152000,OTHER,114431,balancing non-office remainder,maximum-entropy independence prior fitted by RAS/IPF; deterministic controlled integer rounding,not applicable,1,1.4551915228366852e-11,True
base,静安区,310106013000,静安寺街道,street,True,80000,I,7498,official district-by-industry,maximum-entropy independence prior fitted by RAS/IPF; deterministic controlled integer rounding,not applicable,1,1.4551915228366852e-11,True
base,静安区,310106013000,静安寺街道,street,True,80000,J,73,official district-by-industry,maximum-entropy independence prior fitted by RAS/IPF; deterministic controlled integer rounding,not applicable,1,1.4551915228366852e-11,True
base,静安区,310106013000,静安寺街道,street,True,80000,M,4411,official district-by-industry,maximum-entropy independence prior fitted by RAS/IPF; deterministic controlled integer rounding,not applicable,1,1.4551915228366852e-11,True
base,静安区,310106013000,静安寺街道,street,True,80000,721,2393,reviewed Core+ district composition scenario,maximum-entropy independence prior fitted by RAS/IPF; deterministic controlled integer rounding,not applicable,1,1.4551915228366852e-11,True
base,静安区,310106013000,静安寺街道,street,True,80000,723,528,reviewed Core+ district composition scenario,maximum-entropy independence prior fitted by RAS/IPF; deterministic controlled integer rounding,not applicable,1,1.4551915228366852e-11,True
base,静安区,310106013000,静安寺街道,street,True,80000,724,3815,reviewed Core+ district composition scenario,maximum-entropy independence prior fitted by RAS/IPF; deterministic controlled integer rounding,not applicable,1,1.4551915228366852e-11,True
base,静安区,310106013000,静安寺街道,street,True,80000,725,1055,reviewed Core+ district composition scenario,maximum-entropy independence prior fitted by RAS/IPF; deterministic controlled integer rounding,not applicable,1,1.4551915228366852e-11,True
base,静安区,310106013000,静安寺街道,street,True,80000,OTHER,60227,balancing non-office remainder,maximum-entropy independence prior fitted by RAS/IPF; deterministic controlled integer rounding,not applicable,1,1.4551915228366852e-11,True
base,静安区,310106014000,曹家渡街道,street,True,48000,I,4499,official district-by-industry,maximum-entropy independence prior fitted by RAS/IPF; deterministic controlled integer rounding,not applicable,1,1.4551915228366852e-11,True
base,静安区,310106014000,曹家渡街道,street,True,48000,J,44,official district-by-industry,maximum-entropy independence prior fitted by RAS/IPF; deterministic controlled integer rounding,not applicable,1,1.4551915228366852e-11,True
base,静安区,310106014000,曹家渡街道,street,True,48000,M,2647,official district-by-industry,maximum-entropy independence prior fitted by RAS/IPF; deterministic controlled integer rounding,not applicable,1,1.4551915228366852e-11,True
base,静安区,310106014000,曹家渡街道,street,True,48000,721,1436,reviewed Core+ district composition scenario,maximum-entropy independence prior fitted by RAS/IPF; deterministic controlled integer rounding,not applicable,1,1.4551915228366852e-11,True
base,静安区,310106014000,曹家渡街道,street,True,48000,723,316,reviewed Core+ district composition scenario,maximum-entropy independence prior fitted by RAS/IPF; deterministic controlled integer rounding,not applicable,1,1.4551915228366852e-11,True
base,静安区,310106014000,曹家渡街道,street,True,48000,724,2289,reviewed Core+ district composition scenario,maximum-entropy independence prior fitted by RAS/IPF; deterministic controlled integer rounding,not applicable,1,1.4551915228366852e-11,True
base,静安区,310106014000,曹家渡街道,street,True,48000,725,633,reviewed Core+ district composition scenario,maximum-entropy independence prior fitted by RAS/IPF; deterministic controlled integer rounding,not applicable,1,1.4551915228366852e-11,True
base,静安区,310106014000,曹家渡街道,street,True,48000,OTHER,36136,balancing non-office remainder,maximum-entropy independence prior fitted by RAS/IPF; deterministic controlled integer rounding,not applicable,1,1.4551915228366852e-11,True
base,静安区,310106015000,天目西路街道,street,True,161000,I,15090,official district-by-industry,maximum-entropy independence prior fitted by RAS/IPF; deterministic controlled integer rounding,not applicable,1,1.4551915228366852e-11,True
base,静安区,310106015000,天目西路街道,street,True,161000,J,146,official district-by-industry,maximum-entropy independence prior fitted by RAS/IPF; deterministic controlled integer rounding,not applicable,1,1.4551915228366852e-11,True
base,静安区,310106015000,天目西路街道,street,True,161000,M,8878,official district-by-industry,maximum-entropy independence prior fitted by RAS/IPF; deterministic controlled integer rounding,not applicable,1,1.4551915228366852e-11,True
base,静安区,310106015000,天目西路街道,street,True,161000,721,4817,reviewed Core+ district composition scenario,maximum-entropy independence prior fitted by RAS/IPF; deterministic controlled integer rounding,not applicable,1,1.4551915228366852e-11,True
base,静安区,310106015000,天目西路街道,street,True,161000,723,1062,reviewed Core+ district composition scenario,maximum-entropy independence prior fitted by RAS/IPF; deterministic controlled integer rounding,not applicable,1,1.4551915228366852e-11,True
base,静安区,310106015000,天目西路街道,street,True,161000,724,7677,reviewed Core+ district composition scenario,maximum-entropy independence prior fitted by RAS/IPF; deterministic controlled integer rounding,not applicable,1,1.4551915228366852e-11,True
base,静安区,310106015000,天目西路街道,street,True,161000,725,2124,reviewed Core+ district composition scenario,maximum-entropy independence prior fitted by RAS/IPF; deterministic controlled integer rounding,not applicable,1,1.4551915228366852e-11,True
base,静安区,310106015000,天目西路街道,street,True,161000,OTHER,121206,balancing non-office remainder,maximum-entropy independence prior fitted by RAS/IPF; deterministic controlled integer rounding,not applicable,1,1.4551915228366852e-11,True
base,静安区,310106016000,北站街道,street,True,65000,I,6092,official district-by-industry,maximum-entropy independence prior fitted by RAS/IPF; deterministic controlled integer rounding,not applicable,1,1.4551915228366852e-11,True
base,静安区,310106016000,北站街道,street,True,65000,J,59,official district-by-industry,maximum-entropy independence prior fitted by RAS/IPF; deterministic controlled integer rounding,not applicable,1,1.4551915228366852e-11,True
base,静安区,310106016000,北站街道,street,True,65000,M,3584,official district-by-industry,maximum-entropy independence prior fitted by RAS/IPF; deterministic controlled integer rounding,not applicable,1,1.4551915228366852e-11,True
base,静安区,310106016000,北站街道,street,True,65000,721,1945,reviewed Core+ district composition scenario,maximum-entropy independence prior fitted by RAS/IPF; deterministic controlled integer rounding,not applicable,1,1.4551915228366852e-11,True
base,静安区,310106016000,北站街道,street,True,65000,723,428,reviewed Core+ district composition scenario,maximum-entropy independence prior fitted by RAS/IPF; deterministic controlled integer rounding,not applicable,1,1.4551915228366852e-11,True
base,静安区,310106016000,北站街道,street,True,65000,724,3100,reviewed Core+ district composition scenario,maximum-entropy independence prior fitted by RAS/IPF; deterministic controlled integer rounding,not applicable,1,1.4551915228366852e-11,True
base,静安区,310106016000,北站街道,street,True,65000,725,858,reviewed Core+ district composition scenario,maximum-entropy independence prior fitted by RAS/IPF; deterministic controlled integer rounding,not applicable,1,1.4551915228366852e-11,True
base,静安区,310106016000,北站街道,street,True,65000,OTHER,48934,balancing non-office remainder,maximum-entropy independence prior fitted by RAS/IPF; deterministic controlled integer rounding,not applicable,1,1.4551915228366852e-11,True
base,静安区,310106017000,宝山路街道,street,True,21000,I,1968,official district-by-industry,maximum-entropy independence prior fitted by RAS/IPF; deterministic controlled integer rounding,not applicable,1,1.4551915228366852e-11,True
base,静安区,310106017000,宝山路街道,street,True,21000,J,19,official district-by-industry,maximum-entropy independence prior fitted by RAS/IPF; deterministic controlled integer rounding,not applicable,1,1.4551915228366852e-11,True
base,静安区,310106017000,宝山路街道,street,True,21000,M,1158,official district-by-industry,maximum-entropy independence prior fitted by RAS/IPF; deterministic controlled integer rounding,not applicable,1,1.4551915228366852e-11,True
base,静安区,310106017000,宝山路街道,street,True,21000,721,628,reviewed Core+ district composition scenario,maximum-entropy independence prior fitted by RAS/IPF; deterministic controlled integer rounding,not applicable,1,1.4551915228366852e-11,True
base,静安区,310106017000,宝山路街道,street,True,21000,723,138,reviewed Core+ district composition scenario,maximum-entropy independence prior fitted by RAS/IPF; deterministic controlled integer rounding,not applicable,1,1.4551915228366852e-11,True
base,静安区,310106017000,宝山路街道,street,True,21000,724,1002,reviewed Core+ district composition scenario,maximum-entropy independence prior fitted by RAS/IPF; deterministic controlled integer rounding,not applicable,1,1.4551915228366852e-11,True
base,静安区,310106017000,宝山路街道,street,True,21000,725,277,reviewed Core+ district composition scenario,maximum-entropy independence prior fitted by RAS/IPF; deterministic controlled integer rounding,not applicable,1,1.4551915228366852e-11,True
base,静安区,310106017000,宝山路街道,street,True,21000,OTHER,15810,balancing non-office remainder,maximum-entropy independence prior fitted by RAS/IPF; deterministic controlled integer rounding,not applicable,1,1.4551915228366852e-11,True
base,静安区,310106018000,共和新路街道,street,True,31000,I,2906,official district-by-industry,maximum-entropy independence prior fitted by RAS/IPF; deterministic controlled integer rounding,not applicable,1,1.4551915228366852e-11,True
base,静安区,310106018000,共和新路街道,street,True,31000,J,28,official district-by-industry,maximum-entropy independence prior fitted by RAS/IPF; deterministic controlled integer rounding,not applicable,1,1.4551915228366852e-11,True
base,静安区,310106018000,共和新路街道,street,True,31000,M,1709,official district-by-industry,maximum-entropy independence prior fitted by RAS/IPF; deterministic controlled integer rounding,not applicable,1,1.4551915228366852e-11,True
base,静安区,310106018000,共和新路街道,street,True,31000,721,927,reviewed Core+ district composition scenario,maximum-entropy independence prior fitted by RAS/IPF; deterministic controlled integer rounding,not applicable,1,1.4551915228366852e-11,True
base,静安区,310106018000,共和新路街道,street,True,31000,723,205,reviewed Core+ district composition scenario,maximum-entropy independence prior fitted by RAS/IPF; deterministic controlled integer rounding,not applicable,1,1.4551915228366852e-11,True
base,静安区,310106018000,共和新路街道,street,True,31000,724,1478,reviewed Core+ district composition scenario,maximum-entropy independence prior fitted by RAS/IPF; deterministic controlled integer rounding,not applicable,1,1.4551915228366852e-11,True
base,静安区,310106018000,共和新路街道,street,True,31000,725,409,reviewed Core+ district composition scenario,maximum-entropy independence prior fitted by RAS/IPF; deterministic controlled integer rounding,not applicable,1,1.4551915228366852e-11,True
base,静安区,310106018000,共和新路街道,street,True,31000,OTHER,23338,balancing non-office remainder,maximum-entropy independence prior fitted by RAS/IPF; deterministic controlled integer rounding,not applicable,1,1.4551915228366852e-11,True
base,静安区,310106019000,大宁路街道,street,True,115000,I,10779,official district-by-industry,maximum-entropy independence prior fitted by RAS/IPF; deterministic controlled integer rounding,not applicable,1,1.4551915228366852e-11,True
base,静安区,310106019000,大宁路街道,street,True,115000,J,105,official district-by-industry,maximum-entropy independence prior fitted by RAS/IPF; deterministic controlled integer rounding,not applicable,1,1.4551915228366852e-11,True
base,静安区,310106019000,大宁路街道,street,True,115000,M,6341,official district-by-industry,maximum-entropy independence prior fitted by RAS/IPF; deterministic controlled integer rounding,not applicable,1,1.4551915228366852e-11,True
base,静安区,310106019000,大宁路街道,street,True,115000,721,3440,reviewed Core+ district composition scenario,maximum-entropy independence prior fitted by RAS/IPF; deterministic controlled integer rounding,not applicable,1,1.4551915228366852e-11,True
base,静安区,310106019000,大宁路街道,street,True,115000,723,758,reviewed Core+ district composition scenario,maximum-entropy independence prior fitted by RAS/IPF; deterministic controlled integer rounding,not applicable,1,1.4551915228366852e-11,True
base,静安区,310106019000,大宁路街道,street,True,115000,724,5484,reviewed Core+ district composition scenario,maximum-entropy independence prior fitted by RAS/IPF; deterministic controlled integer rounding,not applicable,1,1.4551915228366852e-11,True
base,静安区,310106019000,大宁路街道,street,True,115000,725,1517,reviewed Core+ district composition scenario,maximum-entropy independence prior fitted by RAS/IPF; deterministic controlled integer rounding,not applicable,1,1.4551915228366852e-11,True
base,静安区,310106019000,大宁路街道,street,True,115000,OTHER,86576,balancing non-office remainder,maximum-entropy independence prior fitted by RAS/IPF; deterministic controlled integer rounding,not applicable,1,1.4551915228366852e-11,True
base,静安区,310106020000,彭浦新村街道,street,True,17000,I,1594,official district-by-industry,maximum-entropy independence prior fitted by RAS/IPF; deterministic controlled integer rounding,not applicable,1,1.4551915228366852e-11,True
base,静安区,310106020000,彭浦新村街道,street,True,17000,J,15,official district-by-industry,maximum-entropy independence prior fitted by RAS/IPF; deterministic controlled integer rounding,not applicable,1,1.4551915228366852e-11,True
base,静安区,310106020000,彭浦新村街道,street,True,17000,M,937,official district-by-industry,maximum-entropy independence prior fitted by RAS/IPF; deterministic controlled integer rounding,not applicable,1,1.4551915228366852e-11,True
base,静安区,310106020000,彭浦新村街道,street,True,17000,721,509,reviewed Core+ district composition scenario,maximum-entropy independence prior fitted by RAS/IPF; deterministic controlled integer rounding,not applicable,1,1.4551915228366852e-11,True
base,静安区,310106020000,彭浦新村街道,street,True,17000,723,112,reviewed Core+ district composition scenario,maximum-entropy independence prior fitted by RAS/IPF; deterministic controlled integer rounding,not applicable,1,1.4551915228366852e-11,True
base,静安区,310106020000,彭浦新村街道,street,True,17000,724,811,reviewed Core+ district composition scenario,maximum-entropy independence prior fitted by RAS/IPF; deterministic controlled integer rounding,not applicable,1,1.4551915228366852e-11,True
base,静安区,310106020000,彭浦新村街道,street,True,17000,725,224,reviewed Core+ district composition scenario,maximum-entropy independence prior fitted by RAS/IPF; deterministic controlled integer rounding,not applicable,1,1.4551915228366852e-11,True
base,静安区,310106020000,彭浦新村街道,street,True,17000,OTHER,12798,balancing non-office remainder,maximum-entropy independence prior fitted by RAS/IPF; deterministic controlled integer rounding,not applicable,1,1.4551915228366852e-11,True
base,静安区,310106021000,临汾路街道,street,True,5000,I,469,official district-by-industry,maximum-entropy independence prior fitted by RAS/IPF; deterministic controlled integer rounding,not applicable,1,1.4551915228366852e-11,True
base,静安区,310106021000,临汾路街道,street,True,5000,J,5,official district-by-industry,maximum-entropy independence prior fitted by RAS/IPF; deterministic controlled integer rounding,not applicable,1,1.4551915228366852e-11,True
base,静安区,310106021000,临汾路街道,street,True,5000,M,276,official district-by-industry,maximum-entropy independence prior fitted by RAS/IPF; deterministic controlled integer rounding,not applicable,1,1.4551915228366852e-11,True
base,静安区,310106021000,临汾路街道,street,True,5000,721,149,reviewed Core+ district composition scenario,maximum-entropy independence prior fitted by RAS/IPF; deterministic controlled integer rounding,not applicable,1,1.4551915228366852e-11,True
base,静安区,310106021000,临汾路街道,street,True,5000,723,33,reviewed Core+ district composition scenario,maximum-entropy independence prior fitted by RAS/IPF; deterministic controlled integer rounding,not applicable,1,1.4551915228366852e-11,True
base,静安区,310106021000,临汾路街道,street,True,5000,724,238,reviewed Core+ district composition scenario,maximum-entropy independence prior fitted by RAS/IPF; deterministic controlled integer rounding,not applicable,1,1.4551915228366852e-11,True
base,静安区,310106021000,临汾路街道,street,True,5000,725,66,reviewed Core+ district composition scenario,maximum-entropy independence prior fitted by RAS/IPF; deterministic controlled integer rounding,not applicable,1,1.4551915228366852e-11,True
base,静安区,310106021000,临汾路街道,street,True,5000,OTHER,3764,balancing non-office remainder,maximum-entropy independence prior fitted by RAS/IPF; deterministic controlled integer rounding,not applicable,1,1.4551915228366852e-11,True
base,静安区,310106022000,芷江西路街道,street,True,28000,I,2624,official district-by-industry,maximum-entropy independence prior fitted by RAS/IPF; deterministic controlled integer rounding,not applicable,1,1.4551915228366852e-11,True
base,静安区,310106022000,芷江西路街道,street,True,28000,J,25,official district-by-industry,maximum-entropy independence prior fitted by RAS/IPF; deterministic controlled integer rounding,not applicable,1,1.4551915228366852e-11,True
base,静安区,310106022000,芷江西路街道,street,True,28000,M,1544,official district-by-industry,maximum-entropy independence prior fitted by RAS/IPF; deterministic controlled integer rounding,not applicable,1,1.4551915228366852e-11,True
base,静安区,310106022000,芷江西路街道,street,True,28000,721,838,reviewed Core+ district composition scenario,maximum-entropy independence prior fitted by RAS/IPF; deterministic controlled integer rounding,not applicable,1,1.4551915228366852e-11,True
base,静安区,310106022000,芷江西路街道,street,True,28000,723,185,reviewed Core+ district composition scenario,maximum-entropy independence prior fitted by RAS/IPF; deterministic controlled integer rounding,not applicable,1,1.4551915228366852e-11,True
base,静安区,310106022000,芷江西路街道,street,True,28000,724,1335,reviewed Core+ district composition scenario,maximum-entropy independence prior fitted by RAS/IPF; deterministic controlled integer rounding,not applicable,1,1.4551915228366852e-11,True
base,静安区,310106022000,芷江西路街道,street,True,28000,725,370,reviewed Core+ district composition scenario,maximum-entropy independence prior fitted by RAS/IPF; deterministic controlled integer rounding,not applicable,1,1.4551915228366852e-11,True
base,静安区,310106022000,芷江西路街道,street,True,28000,OTHER,21079,balancing non-office remainder,maximum-entropy independence prior fitted by RAS/IPF; deterministic controlled integer rounding,not applicable,1,1.4551915228366852e-11,True
base,静安区,310106100000,彭浦镇,town,True,112000,I,10498,official district-by-industry,maximum-entropy independence prior fitted by RAS/IPF; deterministic controlled integer rounding,not applicable,1,1.4551915228366852e-11,True
base,静安区,310106100000,彭浦镇,town,True,112000,J,102,official district-by-industry,maximum-entropy independence prior fitted by RAS/IPF; deterministic controlled integer rounding,not applicable,1,1.4551915228366852e-11,True
base,静安区,310106100000,彭浦镇,town,True,112000,M,6176,official district-by-industry,maximum-entropy independence prior fitted by RAS/IPF; deterministic controlled integer rounding,not applicable,1,1.4551915228366852e-11,True
base,静安区,310106100000,彭浦镇,town,True,112000,721,3351,reviewed Core+ district composition scenario,maximum-entropy independence prior fitted by RAS/IPF; deterministic controlled integer rounding,not applicable,1,1.4551915228366852e-11,True
base,静安区,310106100000,彭浦镇,town,True,112000,723,738,reviewed Core+ district composition scenario,maximum-entropy independence prior fitted by RAS/IPF; deterministic controlled integer rounding,not applicable,1,1.4551915228366852e-11,True
base,静安区,310106100000,彭浦镇,town,True,112000,724,5341,reviewed Core+ district composition scenario,maximum-entropy independence prior fitted by RAS/IPF; deterministic controlled integer rounding,not applicable,1,1.4551915228366852e-11,True
base,静安区,310106100000,彭浦镇,town,True,112000,725,1477,reviewed Core+ district composition scenario,maximum-entropy independence prior fitted by RAS/IPF; deterministic controlled integer rounding,not applicable,1,1.4551915228366852e-11,True
base,静安区,310106100000,彭浦镇,town,True,112000,OTHER,84317,balancing non-office remainder,maximum-entropy independence prior fitted by RAS/IPF; deterministic controlled integer rounding,not applicable,1,1.4551915228366852e-11,True
base,静安区,310106-finance-residual,310106-finance-residual,residual,False,56987,I,0,official district-by-industry,bulletin-compatible fixed residual assignment before maximum-entropy RAS/IPF,official J assigned to finance-tied residual up to row total; remaining residual is OTHER,1,1.4551915228366852e-11,True
base,静安区,310106-finance-residual,310106-finance-residual,residual,False,56987,J,56987,official district-by-industry,bulletin-compatible fixed residual assignment before maximum-entropy RAS/IPF,official J assigned to finance-tied residual up to row total; remaining residual is OTHER,1,1.4551915228366852e-11,True
base,静安区,310106-finance-residual,310106-finance-residual,residual,False,56987,M,0,official district-by-industry,bulletin-compatible fixed residual assignment before maximum-entropy RAS/IPF,official J assigned to finance-tied residual up to row total; remaining residual is OTHER,1,1.4551915228366852e-11,True
base,静安区,310106-finance-residual,310106-finance-residual,residual,False,56987,721,0,reviewed Core+ district composition scenario,bulletin-compatible fixed residual assignment before maximum-entropy RAS/IPF,official J assigned to finance-tied residual up to row total; remaining residual is OTHER,1,1.4551915228366852e-11,True
base,静安区,310106-finance-residual,310106-finance-residual,residual,False,56987,723,0,reviewed Core+ district composition scenario,bulletin-compatible fixed residual assignment before maximum-entropy RAS/IPF,official J assigned to finance-tied residual up to row total; remaining residual is OTHER,1,1.4551915228366852e-11,True
base,静安区,310106-finance-residual,310106-finance-residual,residual,False,56987,724,0,reviewed Core+ district composition scenario,bulletin-compatible fixed residual assignment before maximum-entropy RAS/IPF,official J assigned to finance-tied residual up to row total; remaining residual is OTHER,1,1.4551915228366852e-11,True
base,静安区,310106-finance-residual,310106-finance-residual,residual,False,56987,725,0,reviewed Core+ district composition scenario,bulletin-compatible fixed residual assignment before maximum-entropy RAS/IPF,official J assigned to finance-tied residual up to row total; remaining residual is OTHER,1,1.4551915228366852e-11,True
base,静安区,310106-finance-residual,310106-finance-residual,residual,False,56987,OTHER,0,balancing non-office remainder,bulletin-compatible fixed residual assignment before maximum-entropy RAS/IPF,official J assigned to finance-tied residual up to row total; remaining residual is OTHER,1,1.4551915228366852e-11,True
base,普陀区,310107005000,曹杨新村街道,street,True,22000,I,2450,official district-by-industry,maximum-entropy independence prior fitted by RAS/IPF; deterministic controlled integer rounding,not applicable,1,0.0,True
base,普陀区,310107005000,曹杨新村街道,street,True,22000,J,0,official district-by-industry,maximum-entropy independence prior fitted by RAS/IPF; deterministic controlled integer rounding,not applicable,1,0.0,True
base,普陀区,310107005000,曹杨新村街道,street,True,22000,M,1385,official district-by-industry,maximum-entropy independence prior fitted by RAS/IPF; deterministic controlled integer rounding,not applicable,1,0.0,True
base,普陀区,310107005000,曹杨新村街道,street,True,22000,721,454,reviewed Core+ district composition scenario,maximum-entropy independence prior fitted by RAS/IPF; deterministic controlled integer rounding,not applicable,1,0.0,True
base,普陀区,310107005000,曹杨新村街道,street,True,22000,723,100,reviewed Core+ district composition scenario,maximum-entropy independence prior fitted by RAS/IPF; deterministic controlled integer rounding,not applicable,1,0.0,True
base,普陀区,310107005000,曹杨新村街道,street,True,22000,724,723,reviewed Core+ district composition scenario,maximum-entropy independence prior fitted by RAS/IPF; deterministic controlled integer rounding,not applicable,1,0.0,True
base,普陀区,310107005000,曹杨新村街道,street,True,22000,725,200,reviewed Core+ district composition scenario,maximum-entropy independence prior fitted by RAS/IPF; deterministic controlled integer rounding,not applicable,1,0.0,True
base,普陀区,310107005000,曹杨新村街道,street,True,22000,OTHER,16688,balancing non-office remainder,maximum-entropy independence prior fitted by RAS/IPF; deterministic controlled integer rounding,not applicable,1,0.0,True
base,普陀区,310107014000,长风新村街道,street,True,90000,I,10023,official district-by-industry,maximum-entropy independence prior fitted by RAS/IPF; deterministic controlled integer rounding,not applicable,1,0.0,True
base,普陀区,310107014000,长风新村街道,street,True,90000,J,0,official district-by-industry,maximum-entropy independence prior fitted by RAS/IPF; deterministic controlled integer rounding,not applicable,1,0.0,True
base,普陀区,310107014000,长风新村街道,street,True,90000,M,5664,official district-by-industry,maximum-entropy independence prior fitted by RAS/IPF; deterministic controlled integer rounding,not applicable,1,0.0,True
base,普陀区,310107014000,长风新村街道,street,True,90000,721,1856,reviewed Core+ district composition scenario,maximum-entropy independence prior fitted by RAS/IPF; deterministic controlled integer rounding,not applicable,1,0.0,True
base,普陀区,310107014000,长风新村街道,street,True,90000,723,409,reviewed Core+ district composition scenario,maximum-entropy independence prior fitted by RAS/IPF; deterministic controlled integer rounding,not applicable,1,0.0,True
base,普陀区,310107014000,长风新村街道,street,True,90000,724,2959,reviewed Core+ district composition scenario,maximum-entropy independence prior fitted by RAS/IPF; deterministic controlled integer rounding,not applicable,1,0.0,True
base,普陀区,310107014000,长风新村街道,street,True,90000,725,818,reviewed Core+ district composition scenario,maximum-entropy independence prior fitted by RAS/IPF; deterministic controlled integer rounding,not applicable,1,0.0,True
base,普陀区,310107014000,长风新村街道,street,True,90000,OTHER,68271,balancing non-office remainder,maximum-entropy independence prior fitted by RAS/IPF; deterministic controlled integer rounding,not applicable,1,0.0,True
base,普陀区,310107015000,长寿路街道,street,True,96000,I,10691,official district-by-industry,maximum-entropy independence prior fitted by RAS/IPF; deterministic controlled integer rounding,not applicable,1,0.0,True
base,普陀区,310107015000,长寿路街道,street,True,96000,J,0,official district-by-industry,maximum-entropy independence prior fitted by RAS/IPF; deterministic controlled integer rounding,not applicable,1,0.0,True
base,普陀区,310107015000,长寿路街道,street,True,96000,M,6041,official district-by-industry,maximum-entropy independence prior fitted by RAS/IPF; deterministic controlled integer rounding,not applicable,1,0.0,True
base,普陀区,310107015000,长寿路街道,street,True,96000,721,1980,reviewed Core+ district composition scenario,maximum-entropy independence prior fitted by RAS/IPF; deterministic controlled integer rounding,not applicable,1,0.0,True
base,普陀区,310107015000,长寿路街道,street,True,96000,723,437,reviewed Core+ district composition scenario,maximum-entropy independence prior fitted by RAS/IPF; deterministic controlled integer rounding,not applicable,1,0.0,True
base,普陀区,310107015000,长寿路街道,street,True,96000,724,3156,reviewed Core+ district composition scenario,maximum-entropy independence prior fitted by RAS/IPF; deterministic controlled integer rounding,not applicable,1,0.0,True
base,普陀区,310107015000,长寿路街道,street,True,96000,725,873,reviewed Core+ district composition scenario,maximum-entropy independence prior fitted by RAS/IPF; deterministic controlled integer rounding,not applicable,1,0.0,True
base,普陀区,310107015000,长寿路街道,street,True,96000,OTHER,72822,balancing non-office remainder,maximum-entropy independence prior fitted by RAS/IPF; deterministic controlled integer rounding,not applicable,1,0.0,True
base,普陀区,310107016000,甘泉路街道,street,True,21000,I,2339,official district-by-industry,maximum-entropy independence prior fitted by RAS/IPF; deterministic controlled integer rounding,not applicable,1,0.0,True
base,普陀区,310107016000,甘泉路街道,street,True,21000,J,0,official district-by-industry,maximum-entropy independence prior fitted by RAS/IPF; deterministic controlled integer rounding,not applicable,1,0.0,True
base,普陀区,310107016000,甘泉路街道,street,True,21000,M,1321,official district-by-industry,maximum-entropy independence prior fitted by RAS/IPF; deterministic controlled integer rounding,not applicable,1,0.0,True
base,普陀区,310107016000,甘泉路街道,street,True,21000,721,433,reviewed Core+ district composition scenario,maximum-entropy independence prior fitted by RAS/IPF; deterministic controlled integer rounding,not applicable,1,0.0,True
base,普陀区,310107016000,甘泉路街道,street,True,21000,723,96,reviewed Core+ district composition scenario,maximum-entropy independence prior fitted by RAS/IPF; deterministic controlled integer rounding,not applicable,1,0.0,True
base,普陀区,310107016000,甘泉路街道,street,True,21000,724,690,reviewed Core+ district composition scenario,maximum-entropy independence prior fitted by RAS/IPF; deterministic controlled integer rounding,not applicable,1,0.0,True
base,普陀区,310107016000,甘泉路街道,street,True,21000,725,191,reviewed Core+ district composition scenario,maximum-entropy independence prior fitted by RAS/IPF; deterministic controlled integer rounding,not applicable,1,0.0,True
base,普陀区,310107016000,甘泉路街道,street,True,21000,OTHER,15930,balancing non-office remainder,maximum-entropy independence prior fitted by RAS/IPF; deterministic controlled integer rounding,not applicable,1,0.0,True
base,普陀区,310107017000,石泉路街道,street,True,20000,I,2227,official district-by-industry,maximum-entropy independence prior fitted by RAS/IPF; deterministic controlled integer rounding,not applicable,1,0.0,True
base,普陀区,310107017000,石泉路街道,street,True,20000,J,0,official district-by-industry,maximum-entropy independence prior fitted by RAS/IPF; deterministic controlled integer rounding,not applicable,1,0.0,True
base,普陀区,310107017000,石泉路街道,street,True,20000,M,1259,official district-by-industry,maximum-entropy independence prior fitted by RAS/IPF; deterministic controlled integer rounding,not applicable,1,0.0,True
base,普陀区,310107017000,石泉路街道,street,True,20000,721,412,reviewed Core+ district composition scenario,maximum-entropy independence prior fitted by RAS/IPF; deterministic controlled integer rounding,not applicable,1,0.0,True
base,普陀区,310107017000,石泉路街道,street,True,20000,723,91,reviewed Core+ district composition scenario,maximum-entropy independence prior fitted by RAS/IPF; deterministic controlled integer rounding,not applicable,1,0.0,True
base,普陀区,310107017000,石泉路街道,street,True,20000,724,658,reviewed Core+ district composition scenario,maximum-entropy independence prior fitted by RAS/IPF; deterministic controlled integer rounding,not applicable,1,0.0,True
base,普陀区,310107017000,石泉路街道,street,True,20000,725,182,reviewed Core+ district composition scenario,maximum-entropy independence prior fitted by RAS/IPF; deterministic controlled integer rounding,not applicable,1,0.0,True
base,普陀区,310107017000,石泉路街道,street,True,20000,OTHER,15171,balancing non-office remainder,maximum-entropy independence prior fitted by RAS/IPF; deterministic controlled integer rounding,not applicable,1,0.0,True
base,普陀区,310107020000,宜川路街道,street,True,17000,I,1893,official district-by-industry,maximum-entropy independence prior fitted by RAS/IPF; deterministic controlled integer rounding,not applicable,1,0.0,True
base,普陀区,310107020000,宜川路街道,street,True,17000,J,0,official district-by-industry,maximum-entropy independence prior fitted by RAS/IPF; deterministic controlled integer rounding,not applicable,1,0.0,True
base,普陀区,310107020000,宜川路街道,street,True,17000,M,1070,official district-by-industry,maximum-entropy independence prior fitted by RAS/IPF; deterministic controlled integer rounding,not applicable,1,0.0,True
base,普陀区,310107020000,宜川路街道,street,True,17000,721,351,reviewed Core+ district composition scenario,maximum-entropy independence prior fitted by RAS/IPF; deterministic controlled integer rounding,not applicable,1,0.0,True
base,普陀区,310107020000,宜川路街道,street,True,17000,723,77,reviewed Core+ district composition scenario,maximum-entropy independence prior fitted by RAS/IPF; deterministic controlled integer rounding,not applicable,1,0.0,True
base,普陀区,310107020000,宜川路街道,street,True,17000,724,559,reviewed Core+ district composition scenario,maximum-entropy independence prior fitted by RAS/IPF; deterministic controlled integer rounding,not applicable,1,0.0,True
base,普陀区,310107020000,宜川路街道,street,True,17000,725,155,reviewed Core+ district composition scenario,maximum-entropy independence prior fitted by RAS/IPF; deterministic controlled integer rounding,not applicable,1,0.0,True
base,普陀区,310107020000,宜川路街道,street,True,17000,OTHER,12895,balancing non-office remainder,maximum-entropy independence prior fitted by RAS/IPF; deterministic controlled integer rounding,not applicable,1,0.0,True
base,普陀区,310107021000,真如镇街道,street,True,26000,I,2895,official district-by-industry,maximum-entropy independence prior fitted by RAS/IPF; deterministic controlled integer rounding,not applicable,1,0.0,True
base,普陀区,310107021000,真如镇街道,street,True,26000,J,0,official district-by-industry,maximum-entropy independence prior fitted by RAS/IPF; deterministic controlled integer rounding,not applicable,1,0.0,True
base,普陀区,310107021000,真如镇街道,street,True,26000,M,1636,official district-by-industry,maximum-entropy independence prior fitted by RAS/IPF; deterministic controlled integer rounding,not applicable,1,0.0,True
base,普陀区,310107021000,真如镇街道,street,True,26000,721,537,reviewed Core+ district composition scenario,maximum-entropy independence prior fitted by RAS/IPF; deterministic controlled integer rounding,not applicable,1,0.0,True
base,普陀区,310107021000,真如镇街道,street,True,26000,723,118,reviewed Core+ district composition scenario,maximum-entropy independence prior fitted by RAS/IPF; deterministic controlled integer rounding,not applicable,1,0.0,True
base,普陀区,310107021000,真如镇街道,street,True,26000,724,855,reviewed Core+ district composition scenario,maximum-entropy independence prior fitted by RAS/IPF; deterministic controlled integer rounding,not applicable,1,0.0,True
base,普陀区,310107021000,真如镇街道,street,True,26000,725,236,reviewed Core+ district composition scenario,maximum-entropy independence prior fitted by RAS/IPF; deterministic controlled integer rounding,not applicable,1,0.0,True
base,普陀区,310107021000,真如镇街道,street,True,26000,OTHER,19723,balancing non-office remainder,maximum-entropy independence prior fitted by RAS/IPF; deterministic controlled integer rounding,not applicable,1,0.0,True
base,普陀区,310107022000,万里街道,street,True,43000,I,4789,official district-by-industry,maximum-entropy independence prior fitted by RAS/IPF; deterministic controlled integer rounding,not applicable,1,0.0,True
base,普陀区,310107022000,万里街道,street,True,43000,J,0,official district-by-industry,maximum-entropy independence prior fitted by RAS/IPF; deterministic controlled integer rounding,not applicable,1,0.0,True
base,普陀区,310107022000,万里街道,street,True,43000,M,2706,official district-by-industry,maximum-entropy independence prior fitted by RAS/IPF; deterministic controlled integer rounding,not applicable,1,0.0,True
base,普陀区,310107022000,万里街道,street,True,43000,721,887,reviewed Core+ district composition scenario,maximum-entropy independence prior fitted by RAS/IPF; deterministic controlled integer rounding,not applicable,1,0.0,True
base,普陀区,310107022000,万里街道,street,True,43000,723,195,reviewed Core+ district composition scenario,maximum-entropy independence prior fitted by RAS/IPF; deterministic controlled integer rounding,not applicable,1,0.0,True
base,普陀区,310107022000,万里街道,street,True,43000,724,1414,reviewed Core+ district composition scenario,maximum-entropy independence prior fitted by RAS/IPF; deterministic controlled integer rounding,not applicable,1,0.0,True
base,普陀区,310107022000,万里街道,street,True,43000,725,391,reviewed Core+ district composition scenario,maximum-entropy independence prior fitted by RAS/IPF; deterministic controlled integer rounding,not applicable,1,0.0,True
base,普陀区,310107022000,万里街道,street,True,43000,OTHER,32618,balancing non-office remainder,maximum-entropy independence prior fitted by RAS/IPF; deterministic controlled integer rounding,not applicable,1,0.0,True
base,普陀区,310107102000,长征镇,town,True,112000,I,12473,official district-by-industry,maximum-entropy independence prior fitted by RAS/IPF; deterministic controlled integer rounding,not applicable,1,0.0,True
base,普陀区,310107102000,长征镇,town,True,112000,J,0,official district-by-industry,maximum-entropy independence prior fitted by RAS/IPF; deterministic controlled integer rounding,not applicable,1,0.0,True
base,普陀区,310107102000,长征镇,town,True,112000,M,7048,official district-by-industry,maximum-entropy independence prior fitted by RAS/IPF; deterministic controlled integer rounding,not applicable,1,0.0,True
base,普陀区,310107102000,长征镇,town,True,112000,721,2310,reviewed Core+ district composition scenario,maximum-entropy independence prior fitted by RAS/IPF; deterministic controlled integer rounding,not applicable,1,0.0,True
base,普陀区,310107102000,长征镇,town,True,112000,723,509,reviewed Core+ district composition scenario,maximum-entropy independence prior fitted by RAS/IPF; deterministic controlled integer rounding,not applicable,1,0.0,True
base,普陀区,310107102000,长征镇,town,True,112000,724,3682,reviewed Core+ district composition scenario,maximum-entropy independence prior fitted by RAS/IPF; deterministic controlled integer rounding,not applicable,1,0.0,True
base,普陀区,310107102000,长征镇,town,True,112000,725,1019,reviewed Core+ district composition scenario,maximum-entropy independence prior fitted by RAS/IPF; deterministic controlled integer rounding,not applicable,1,0.0,True
base,普陀区,310107102000,长征镇,town,True,112000,OTHER,84959,balancing non-office remainder,maximum-entropy independence prior fitted by RAS/IPF; deterministic controlled integer rounding,not applicable,1,0.0,True
base,普陀区,310107103000,桃浦镇,town,True,65000,I,7239,official district-by-industry,maximum-entropy independence prior fitted by RAS/IPF; deterministic controlled integer rounding,not applicable,1,0.0,True
base,普陀区,310107103000,桃浦镇,town,True,65000,J,0,official district-by-industry,maximum-entropy independence prior fitted by RAS/IPF; deterministic controlled integer rounding,not applicable,1,0.0,True
base,普陀区,310107103000,桃浦镇,town,True,65000,M,4090,official district-by-industry,maximum-entropy independence prior fitted by RAS/IPF; deterministic controlled integer rounding,not applicable,1,0.0,True
base,普陀区,310107103000,桃浦镇,town,True,65000,721,1341,reviewed Core+ district composition scenario,maximum-entropy independence prior fitted by RAS/IPF; deterministic controlled integer rounding,not applicable,1,0.0,True
base,普陀区,310107103000,桃浦镇,town,True,65000,723,295,reviewed Core+ district composition scenario,maximum-entropy independence prior fitted by RAS/IPF; deterministic controlled integer rounding,not applicable,1,0.0,True
base,普陀区,310107103000,桃浦镇,town,True,65000,724,2137,reviewed Core+ district composition scenario,maximum-entropy independence prior fitted by RAS/IPF; deterministic controlled integer rounding,not applicable,1,0.0,True
base,普陀区,310107103000,桃浦镇,town,True,65000,725,591,reviewed Core+ district composition scenario,maximum-entropy independence prior fitted by RAS/IPF; deterministic controlled integer rounding,not applicable,1,0.0,True
base,普陀区,310107103000,桃浦镇,town,True,65000,OTHER,49307,balancing non-office remainder,maximum-entropy independence prior fitted by RAS/IPF; deterministic controlled integer rounding,not applicable,1,0.0,True
base,普陀区,310107-finance-residual,310107-finance-residual,residual,False,12969,I,0,official district-by-industry,bulletin-compatible fixed residual assignment before maximum-entropy RAS/IPF,official J assigned to finance-tied residual up to row total; remaining residual is OTHER,1,0.0,True
base,普陀区,310107-finance-residual,310107-finance-residual,residual,False,12969,J,11667,official district-by-industry,bulletin-compatible fixed residual assignment before maximum-entropy RAS/IPF,official J assigned to finance-tied residual up to row total; remaining residual is OTHER,1,0.0,True
base,普陀区,310107-finance-residual,310107-finance-residual,residual,False,12969,M,0,official district-by-industry,bulletin-compatible fixed residual assignment before maximum-entropy RAS/IPF,official J assigned to finance-tied residual up to row total; remaining residual is OTHER,1,0.0,True
base,普陀区,310107-finance-residual,310107-finance-residual,residual,False,12969,721,0,reviewed Core+ district composition scenario,bulletin-compatible fixed residual assignment before maximum-entropy RAS/IPF,official J assigned to finance-tied residual up to row total; remaining residual is OTHER,1,0.0,True
base,普陀区,310107-finance-residual,310107-finance-residual,residual,False,12969,723,0,reviewed Core+ district composition scenario,bulletin-compatible fixed residual assignment before maximum-entropy RAS/IPF,official J assigned to finance-tied residual up to row total; remaining residual is OTHER,1,0.0,True
base,普陀区,310107-finance-residual,310107-finance-residual,residual,False,12969,724,0,reviewed Core+ district composition scenario,bulletin-compatible fixed residual assignment before maximum-entropy RAS/IPF,official J assigned to finance-tied residual up to row total; remaining residual is OTHER,1,0.0,True
base,普陀区,310107-finance-residual,310107-finance-residual,residual,False,12969,725,0,reviewed Core+ district composition scenario,bulletin-compatible fixed residual assignment before maximum-entropy RAS/IPF,official J assigned to finance-tied residual up to row total; remaining residual is OTHER,1,0.0,True
base,普陀区,310107-finance-residual,310107-finance-residual,residual,False,12969,OTHER,1302,balancing non-office remainder,bulletin-compatible fixed residual assignment before maximum-entropy RAS/IPF,official J assigned to finance-tied residual up to row total; remaining residual is OTHER,1,0.0,True
base,虹口区,310109009000,欧阳路街道,street,True,21300,I,1098,official district-by-industry,maximum-entropy independence prior fitted by RAS/IPF; deterministic controlled integer rounding,not applicable,1,7.275957614183426e-12,True
base,虹口区,310109009000,欧阳路街道,street,True,21300,J,1575,official district-by-industry,maximum-entropy independence prior fitted by RAS/IPF; deterministic controlled integer rounding,not applicable,1,7.275957614183426e-12,True
base,虹口区,310109009000,欧阳路街道,street,True,21300,M,1026,official district-by-industry,maximum-entropy independence prior fitted by RAS/IPF; deterministic controlled integer rounding,not applicable,1,7.275957614183426e-12,True
base,虹口区,310109009000,欧阳路街道,street,True,21300,721,338,reviewed Core+ district composition scenario,maximum-entropy independence prior fitted by RAS/IPF; deterministic controlled integer rounding,not applicable,1,7.275957614183426e-12,True
base,虹口区,310109009000,欧阳路街道,street,True,21300,723,74,reviewed Core+ district composition scenario,maximum-entropy independence prior fitted by RAS/IPF; deterministic controlled integer rounding,not applicable,1,7.275957614183426e-12,True
base,虹口区,310109009000,欧阳路街道,street,True,21300,724,539,reviewed Core+ district composition scenario,maximum-entropy independence prior fitted by RAS/IPF; deterministic controlled integer rounding,not applicable,1,7.275957614183426e-12,True
base,虹口区,310109009000,欧阳路街道,street,True,21300,725,149,reviewed Core+ district composition scenario,maximum-entropy independence prior fitted by RAS/IPF; deterministic controlled integer rounding,not applicable,1,7.275957614183426e-12,True
base,虹口区,310109009000,欧阳路街道,street,True,21300,OTHER,16501,balancing non-office remainder,maximum-entropy independence prior fitted by RAS/IPF; deterministic controlled integer rounding,not applicable,1,7.275957614183426e-12,True
base,虹口区,310109010000,曲阳路街道,street,True,46159,I,2379,official district-by-industry,maximum-entropy independence prior fitted by RAS/IPF; deterministic controlled integer rounding,not applicable,1,7.275957614183426e-12,True
base,虹口区,310109010000,曲阳路街道,street,True,46159,J,3413,official district-by-industry,maximum-entropy independence prior fitted by RAS/IPF; deterministic controlled integer rounding,not applicable,1,7.275957614183426e-12,True
base,虹口区,310109010000,曲阳路街道,street,True,46159,M,2223,official district-by-industry,maximum-entropy independence prior fitted by RAS/IPF; deterministic controlled integer rounding,not applicable,1,7.275957614183426e-12,True
base,虹口区,310109010000,曲阳路街道,street,True,46159,721,732,reviewed Core+ district composition scenario,maximum-entropy independence prior fitted by RAS/IPF; deterministic controlled integer rounding,not applicable,1,7.275957614183426e-12,True
base,虹口区,310109010000,曲阳路街道,street,True,46159,723,162,reviewed Core+ district composition scenario,maximum-entropy independence prior fitted by RAS/IPF; deterministic controlled integer rounding,not applicable,1,7.275957614183426e-12,True
base,虹口区,310109010000,曲阳路街道,street,True,46159,724,1167,reviewed Core+ district composition scenario,maximum-entropy independence prior fitted by RAS/IPF; deterministic controlled integer rounding,not applicable,1,7.275957614183426e-12,True
base,虹口区,310109010000,曲阳路街道,street,True,46159,725,323,reviewed Core+ district composition scenario,maximum-entropy independence prior fitted by RAS/IPF; deterministic controlled integer rounding,not applicable,1,7.275957614183426e-12,True
base,虹口区,310109010000,曲阳路街道,street,True,46159,OTHER,35760,balancing non-office remainder,maximum-entropy independence prior fitted by RAS/IPF; deterministic controlled integer rounding,not applicable,1,7.275957614183426e-12,True
base,虹口区,310109011000,广中路街道,street,True,33773,I,1741,official district-by-industry,maximum-entropy independence prior fitted by RAS/IPF; deterministic controlled integer rounding,not applicable,1,7.275957614183426e-12,True
base,虹口区,310109011000,广中路街道,street,True,33773,J,2497,official district-by-industry,maximum-entropy independence prior fitted by RAS/IPF; deterministic controlled integer rounding,not applicable,1,7.275957614183426e-12,True
base,虹口区,310109011000,广中路街道,street,True,33773,M,1626,official district-by-industry,maximum-entropy independence prior fitted by RAS/IPF; deterministic controlled integer rounding,not applicable,1,7.275957614183426e-12,True
base,虹口区,310109011000,广中路街道,street,True,33773,721,536,reviewed Core+ district composition scenario,maximum-entropy independence prior fitted by RAS/IPF; deterministic controlled integer rounding,not applicable,1,7.275957614183426e-12,True
base,虹口区,310109011000,广中路街道,street,True,33773,723,118,reviewed Core+ district composition scenario,maximum-entropy independence prior fitted by RAS/IPF; deterministic controlled integer rounding,not applicable,1,7.275957614183426e-12,True
base,虹口区,310109011000,广中路街道,street,True,33773,724,854,reviewed Core+ district composition scenario,maximum-entropy independence prior fitted by RAS/IPF; deterministic controlled integer rounding,not applicable,1,7.275957614183426e-12,True
base,虹口区,310109011000,广中路街道,street,True,33773,725,236,reviewed Core+ district composition scenario,maximum-entropy independence prior fitted by RAS/IPF; deterministic controlled integer rounding,not applicable,1,7.275957614183426e-12,True
base,虹口区,310109011000,广中路街道,street,True,33773,OTHER,26165,balancing non-office remainder,maximum-entropy independence prior fitted by RAS/IPF; deterministic controlled integer rounding,not applicable,1,7.275957614183426e-12,True
base,虹口区,310109014000,嘉兴路街道,street,True,40429,I,2083,official district-by-industry,maximum-entropy independence prior fitted by RAS/IPF; deterministic controlled integer rounding,not applicable,1,7.275957614183426e-12,True
base,虹口区,310109014000,嘉兴路街道,street,True,40429,J,2989,official district-by-industry,maximum-entropy independence prior fitted by RAS/IPF; deterministic controlled integer rounding,not applicable,1,7.275957614183426e-12,True
base,虹口区,310109014000,嘉兴路街道,street,True,40429,M,1947,official district-by-industry,maximum-entropy independence prior fitted by RAS/IPF; deterministic controlled integer rounding,not applicable,1,7.275957614183426e-12,True
base,虹口区,310109014000,嘉兴路街道,street,True,40429,721,642,reviewed Core+ district composition scenario,maximum-entropy independence prior fitted by RAS/IPF; deterministic controlled integer rounding,not applicable,1,7.275957614183426e-12,True
base,虹口区,310109014000,嘉兴路街道,street,True,40429,723,141,reviewed Core+ district composition scenario,maximum-entropy independence prior fitted by RAS/IPF; deterministic controlled integer rounding,not applicable,1,7.275957614183426e-12,True
base,虹口区,310109014000,嘉兴路街道,street,True,40429,724,1023,reviewed Core+ district composition scenario,maximum-entropy independence prior fitted by RAS/IPF; deterministic controlled integer rounding,not applicable,1,7.275957614183426e-12,True
base,虹口区,310109014000,嘉兴路街道,street,True,40429,725,283,reviewed Core+ district composition scenario,maximum-entropy independence prior fitted by RAS/IPF; deterministic controlled integer rounding,not applicable,1,7.275957614183426e-12,True
base,虹口区,310109014000,嘉兴路街道,street,True,40429,OTHER,31321,balancing non-office remainder,maximum-entropy independence prior fitted by RAS/IPF; deterministic controlled integer rounding,not applicable,1,7.275957614183426e-12,True
base,虹口区,310109016000,凉城新村街道,street,True,23538,I,1213,official district-by-industry,maximum-entropy independence prior fitted by RAS/IPF; deterministic controlled integer rounding,not applicable,1,7.275957614183426e-12,True
base,虹口区,310109016000,凉城新村街道,street,True,23538,J,1740,official district-by-industry,maximum-entropy independence prior fitted by RAS/IPF; deterministic controlled integer rounding,not applicable,1,7.275957614183426e-12,True
base,虹口区,310109016000,凉城新村街道,street,True,23538,M,1133,official district-by-industry,maximum-entropy independence prior fitted by RAS/IPF; deterministic controlled integer rounding,not applicable,1,7.275957614183426e-12,True
base,虹口区,310109016000,凉城新村街道,street,True,23538,721,374,reviewed Core+ district composition scenario,maximum-entropy independence prior fitted by RAS/IPF; deterministic controlled integer rounding,not applicable,1,7.275957614183426e-12,True
base,虹口区,310109016000,凉城新村街道,street,True,23538,723,83,reviewed Core+ district composition scenario,maximum-entropy independence prior fitted by RAS/IPF; deterministic controlled integer rounding,not applicable,1,7.275957614183426e-12,True
base,虹口区,310109016000,凉城新村街道,street,True,23538,724,595,reviewed Core+ district composition scenario,maximum-entropy independence prior fitted by RAS/IPF; deterministic controlled integer rounding,not applicable,1,7.275957614183426e-12,True
base,虹口区,310109016000,凉城新村街道,street,True,23538,725,164,reviewed Core+ district composition scenario,maximum-entropy independence prior fitted by RAS/IPF; deterministic controlled integer rounding,not applicable,1,7.275957614183426e-12,True
base,虹口区,310109016000,凉城新村街道,street,True,23538,OTHER,18236,balancing non-office remainder,maximum-entropy independence prior fitted by RAS/IPF; deterministic controlled integer rounding,not applicable,1,7.275957614183426e-12,True
base,虹口区,310109017000,四川北路街道,street,True,51996,I,2679,official district-by-industry,maximum-entropy independence prior fitted by RAS/IPF; deterministic controlled integer rounding,not applicable,1,7.275957614183426e-12,True
base,虹口区,310109017000,四川北路街道,street,True,51996,J,3844,official district-by-industry,maximum-entropy independence prior fitted by RAS/IPF; deterministic controlled integer rounding,not applicable,1,7.275957614183426e-12,True
base,虹口区,310109017000,四川北路街道,street,True,51996,M,2504,official district-by-industry,maximum-entropy independence prior fitted by RAS/IPF; deterministic controlled integer rounding,not applicable,1,7.275957614183426e-12,True
base,虹口区,310109017000,四川北路街道,street,True,51996,721,825,reviewed Core+ district composition scenario,maximum-entropy independence prior fitted by RAS/IPF; deterministic controlled integer rounding,not applicable,1,7.275957614183426e-12,True
base,虹口区,310109017000,四川北路街道,street,True,51996,723,182,reviewed Core+ district composition scenario,maximum-entropy independence prior fitted by RAS/IPF; deterministic controlled integer rounding,not applicable,1,7.275957614183426e-12,True
base,虹口区,310109017000,四川北路街道,street,True,51996,724,1315,reviewed Core+ district composition scenario,maximum-entropy independence prior fitted by RAS/IPF; deterministic controlled integer rounding,not applicable,1,7.275957614183426e-12,True
base,虹口区,310109017000,四川北路街道,street,True,51996,725,364,reviewed Core+ district composition scenario,maximum-entropy independence prior fitted by RAS/IPF; deterministic controlled integer rounding,not applicable,1,7.275957614183426e-12,True
base,虹口区,310109017000,四川北路街道,street,True,51996,OTHER,40283,balancing non-office remainder,maximum-entropy independence prior fitted by RAS/IPF; deterministic controlled integer rounding,not applicable,1,7.275957614183426e-12,True
base,虹口区,310109018000,北外滩街道,street,True,133468,I,6878,official district-by-industry,maximum-entropy independence prior fitted by RAS/IPF; deterministic controlled integer rounding,not applicable,1,7.275957614183426e-12,True
base,虹口区,310109018000,北外滩街道,street,True,133468,J,9868,official district-by-industry,maximum-entropy independence prior fitted by RAS/IPF; deterministic controlled integer rounding,not applicable,1,7.275957614183426e-12,True
base,虹口区,310109018000,北外滩街道,street,True,133468,M,6426,official district-by-industry,maximum-entropy independence prior fitted by RAS/IPF; deterministic controlled integer rounding,not applicable,1,7.275957614183426e-12,True
base,虹口区,310109018000,北外滩街道,street,True,133468,721,2118,reviewed Core+ district composition scenario,maximum-entropy independence prior fitted by RAS/IPF; deterministic controlled integer rounding,not applicable,1,7.275957614183426e-12,True
base,虹口区,310109018000,北外滩街道,street,True,133468,723,467,reviewed Core+ district composition scenario,maximum-entropy independence prior fitted by RAS/IPF; deterministic controlled integer rounding,not applicable,1,7.275957614183426e-12,True
base,虹口区,310109018000,北外滩街道,street,True,133468,724,3376,reviewed Core+ district composition scenario,maximum-entropy independence prior fitted by RAS/IPF; deterministic controlled integer rounding,not applicable,1,7.275957614183426e-12,True
base,虹口区,310109018000,北外滩街道,street,True,133468,725,934,reviewed Core+ district composition scenario,maximum-entropy independence prior fitted by RAS/IPF; deterministic controlled integer rounding,not applicable,1,7.275957614183426e-12,True
base,虹口区,310109018000,北外滩街道,street,True,133468,OTHER,103401,balancing non-office remainder,maximum-entropy independence prior fitted by RAS/IPF; deterministic controlled integer rounding,not applicable,1,7.275957614183426e-12,True
base,虹口区,310109019000,江湾镇街道,street,True,29170,I,1503,official district-by-industry,maximum-entropy independence prior fitted by RAS/IPF; deterministic controlled integer rounding,not applicable,1,7.275957614183426e-12,True
base,虹口区,310109019000,江湾镇街道,street,True,29170,J,2157,official district-by-industry,maximum-entropy independence prior fitted by RAS/IPF; deterministic controlled integer rounding,not applicable,1,7.275957614183426e-12,True
base,虹口区,310109019000,江湾镇街道,street,True,29170,M,1404,official district-by-industry,maximum-entropy independence prior fitted by RAS/IPF; deterministic controlled integer rounding,not applicable,1,7.275957614183426e-12,True
base,虹口区,310109019000,江湾镇街道,street,True,29170,721,463,reviewed Core+ district composition scenario,maximum-entropy independence prior fitted by RAS/IPF; deterministic controlled integer rounding,not applicable,1,7.275957614183426e-12,True
base,虹口区,310109019000,江湾镇街道,street,True,29170,723,102,reviewed Core+ district composition scenario,maximum-entropy independence prior fitted by RAS/IPF; deterministic controlled integer rounding,not applicable,1,7.275957614183426e-12,True
base,虹口区,310109019000,江湾镇街道,street,True,29170,724,738,reviewed Core+ district composition scenario,maximum-entropy independence prior fitted by RAS/IPF; deterministic controlled integer rounding,not applicable,1,7.275957614183426e-12,True
base,虹口区,310109019000,江湾镇街道,street,True,29170,725,204,reviewed Core+ district composition scenario,maximum-entropy independence prior fitted by RAS/IPF; deterministic controlled integer rounding,not applicable,1,7.275957614183426e-12,True
base,虹口区,310109019000,江湾镇街道,street,True,29170,OTHER,22599,balancing non-office remainder,maximum-entropy independence prior fitted by RAS/IPF; deterministic controlled integer rounding,not applicable,1,7.275957614183426e-12,True
base,虹口区,310109-special-channel-residual,310109-special-channel-residual,residual,False,29556,I,1523,official district-by-industry,maximum-entropy independence prior fitted by RAS/IPF; deterministic controlled integer rounding,IPF because bulletin residual is not sector-classified,1,7.275957614183426e-12,True
base,虹口区,310109-special-channel-residual,310109-special-channel-residual,residual,False,29556,J,2185,official district-by-industry,maximum-entropy independence prior fitted by RAS/IPF; deterministic controlled integer rounding,IPF because bulletin residual is not sector-classified,1,7.275957614183426e-12,True
base,虹口区,310109-special-channel-residual,310109-special-channel-residual,residual,False,29556,M,1423,official district-by-industry,maximum-entropy independence prior fitted by RAS/IPF; deterministic controlled integer rounding,IPF because bulletin residual is not sector-classified,1,7.275957614183426e-12,True
base,虹口区,310109-special-channel-residual,310109-special-channel-residual,residual,False,29556,721,469,reviewed Core+ district composition scenario,maximum-entropy independence prior fitted by RAS/IPF; deterministic controlled integer rounding,IPF because bulletin residual is not sector-classified,1,7.275957614183426e-12,True
base,虹口区,310109-special-channel-residual,310109-special-channel-residual,residual,False,29556,723,103,reviewed Core+ district composition scenario,maximum-entropy independence prior fitted by RAS/IPF; deterministic controlled integer rounding,IPF because bulletin residual is not sector-classified,1,7.275957614183426e-12,True
base,虹口区,310109-special-channel-residual,310109-special-channel-residual,residual,False,29556,724,748,reviewed Core+ district composition scenario,maximum-entropy independence prior fitted by RAS/IPF; deterministic controlled integer rounding,IPF because bulletin residual is not sector-classified,1,7.275957614183426e-12,True
base,虹口区,310109-special-channel-residual,310109-special-channel-residual,residual,False,29556,725,207,reviewed Core+ district composition scenario,maximum-entropy independence prior fitted by RAS/IPF; deterministic controlled integer rounding,IPF because bulletin residual is not sector-classified,1,7.275957614183426e-12,True
base,虹口区,310109-special-channel-residual,310109-special-channel-residual,residual,False,29556,OTHER,22898,balancing non-office remainder,maximum-entropy independence prior fitted by RAS/IPF; deterministic controlled integer rounding,IPF because bulletin residual is not sector-classified,1,7.275957614183426e-12,True
base,杨浦区,310110001000,定海路街道,street,True,30849,I,5050,official district-by-industry,maximum-entropy independence prior fitted by RAS/IPF; deterministic controlled integer rounding,not applicable,1,7.275957614183426e-12,True
base,杨浦区,310110001000,定海路街道,street,True,30849,J,0,official district-by-industry,maximum-entropy independence prior fitted by RAS/IPF; deterministic controlled integer rounding,not applicable,1,7.275957614183426e-12,True
base,杨浦区,310110001000,定海路街道,street,True,30849,M,3432,official district-by-industry,maximum-entropy independence prior fitted by RAS/IPF; deterministic controlled integer rounding,not applicable,1,7.275957614183426e-12,True
base,杨浦区,310110001000,定海路街道,street,True,30849,721,406,reviewed Core+ district composition scenario,maximum-entropy independence prior fitted by RAS/IPF; deterministic controlled integer rounding,not applicable,1,7.275957614183426e-12,True
base,杨浦区,310110001000,定海路街道,street,True,30849,723,90,reviewed Core+ district composition scenario,maximum-entropy independence prior fitted by RAS/IPF; deterministic controlled integer rounding,not applicable,1,7.275957614183426e-12,True
base,杨浦区,310110001000,定海路街道,street,True,30849,724,648,reviewed Core+ district composition scenario,maximum-entropy independence prior fitted by RAS/IPF; deterministic controlled integer rounding,not applicable,1,7.275957614183426e-12,True
base,杨浦区,310110001000,定海路街道,street,True,30849,725,179,reviewed Core+ district composition scenario,maximum-entropy independence prior fitted by RAS/IPF; deterministic controlled integer rounding,not applicable,1,7.275957614183426e-12,True
base,杨浦区,310110001000,定海路街道,street,True,30849,OTHER,21044,balancing non-office remainder,maximum-entropy independence prior fitted by RAS/IPF; deterministic controlled integer rounding,not applicable,1,7.275957614183426e-12,True
base,杨浦区,310110006000,平凉路街道,street,True,49638,I,8126,official district-by-industry,maximum-entropy independence prior fitted by RAS/IPF; deterministic controlled integer rounding,not applicable,1,7.275957614183426e-12,True
base,杨浦区,310110006000,平凉路街道,street,True,49638,J,0,official district-by-industry,maximum-entropy independence prior fitted by RAS/IPF; deterministic controlled integer rounding,not applicable,1,7.275957614183426e-12,True
base,杨浦区,310110006000,平凉路街道,street,True,49638,M,5522,official district-by-industry,maximum-entropy independence prior fitted by RAS/IPF; deterministic controlled integer rounding,not applicable,1,7.275957614183426e-12,True
base,杨浦区,310110006000,平凉路街道,street,True,49638,721,654,reviewed Core+ district composition scenario,maximum-entropy independence prior fitted by RAS/IPF; deterministic controlled integer rounding,not applicable,1,7.275957614183426e-12,True
base,杨浦区,310110006000,平凉路街道,street,True,49638,723,144,reviewed Core+ district composition scenario,maximum-entropy independence prior fitted by RAS/IPF; deterministic controlled integer rounding,not applicable,1,7.275957614183426e-12,True
base,杨浦区,310110006000,平凉路街道,street,True,49638,724,1042,reviewed Core+ district composition scenario,maximum-entropy independence prior fitted by RAS/IPF; deterministic controlled integer rounding,not applicable,1,7.275957614183426e-12,True
base,杨浦区,310110006000,平凉路街道,street,True,49638,725,288,reviewed Core+ district composition scenario,maximum-entropy independence prior fitted by RAS/IPF; deterministic controlled integer rounding,not applicable,1,7.275957614183426e-12,True
base,杨浦区,310110006000,平凉路街道,street,True,49638,OTHER,33862,balancing non-office remainder,maximum-entropy independence prior fitted by RAS/IPF; deterministic controlled integer rounding,not applicable,1,7.275957614183426e-12,True
base,杨浦区,310110008000,江浦路街道,street,True,44382,I,7266,official district-by-industry,maximum-entropy independence prior fitted by RAS/IPF; deterministic controlled integer rounding,not applicable,1,7.275957614183426e-12,True
base,杨浦区,310110008000,江浦路街道,street,True,44382,J,0,official district-by-industry,maximum-entropy independence prior fitted by RAS/IPF; deterministic controlled integer rounding,not applicable,1,7.275957614183426e-12,True
base,杨浦区,310110008000,江浦路街道,street,True,44382,M,4937,official district-by-industry,maximum-entropy independence prior fitted by RAS/IPF; deterministic controlled integer rounding,not applicable,1,7.275957614183426e-12,True
base,杨浦区,310110008000,江浦路街道,street,True,44382,721,585,reviewed Core+ district composition scenario,maximum-entropy independence prior fitted by RAS/IPF; deterministic controlled integer rounding,not applicable,1,7.275957614183426e-12,True
base,杨浦区,310110008000,江浦路街道,street,True,44382,723,129,reviewed Core+ district composition scenario,maximum-entropy independence prior fitted by RAS/IPF; deterministic controlled integer rounding,not applicable,1,7.275957614183426e-12,True
base,杨浦区,310110008000,江浦路街道,street,True,44382,724,931,reviewed Core+ district composition scenario,maximum-entropy independence prior fitted by RAS/IPF; deterministic controlled integer rounding,not applicable,1,7.275957614183426e-12,True
base,杨浦区,310110008000,江浦路街道,street,True,44382,725,258,reviewed Core+ district composition scenario,maximum-entropy independence prior fitted by RAS/IPF; deterministic controlled integer rounding,not applicable,1,7.275957614183426e-12,True
base,杨浦区,310110008000,江浦路街道,street,True,44382,OTHER,30276,balancing non-office remainder,maximum-entropy independence prior fitted by RAS/IPF; deterministic controlled integer rounding,not applicable,1,7.275957614183426e-12,True
base,杨浦区,310110009000,四平路街道,street,True,45502,I,7449,official district-by-industry,maximum-entropy independence prior fitted by RAS/IPF; deterministic controlled integer rounding,not applicable,1,7.275957614183426e-12,True
base,杨浦区,310110009000,四平路街道,street,True,45502,J,0,official district-by-industry,maximum-entropy independence prior fitted by RAS/IPF; deterministic controlled integer rounding,not applicable,1,7.275957614183426e-12,True
base,杨浦区,310110009000,四平路街道,street,True,45502,M,5062,official district-by-industry,maximum-entropy independence prior fitted by RAS/IPF; deterministic controlled integer rounding,not applicable,1,7.275957614183426e-12,True
base,杨浦区,310110009000,四平路街道,street,True,45502,721,599,reviewed Core+ district composition scenario,maximum-entropy independence prior fitted by RAS/IPF; deterministic controlled integer rounding,not applicable,1,7.275957614183426e-12,True
base,杨浦区,310110009000,四平路街道,street,True,45502,723,132,reviewed Core+ district composition scenario,maximum-entropy independence prior fitted by RAS/IPF; deterministic controlled integer rounding,not applicable,1,7.275957614183426e-12,True
base,杨浦区,310110009000,四平路街道,street,True,45502,724,955,reviewed Core+ district composition scenario,maximum-entropy independence prior fitted by RAS/IPF; deterministic controlled integer rounding,not applicable,1,7.275957614183426e-12,True
base,杨浦区,310110009000,四平路街道,street,True,45502,725,264,reviewed Core+ district composition scenario,maximum-entropy independence prior fitted by RAS/IPF; deterministic controlled integer rounding,not applicable,1,7.275957614183426e-12,True
base,杨浦区,310110009000,四平路街道,street,True,45502,OTHER,31041,balancing non-office remainder,maximum-entropy independence prior fitted by RAS/IPF; deterministic controlled integer rounding,not applicable,1,7.275957614183426e-12,True
base,杨浦区,310110012000,控江路街道,street,True,15491,I,2536,official district-by-industry,maximum-entropy independence prior fitted by RAS/IPF; deterministic controlled integer rounding,not applicable,1,7.275957614183426e-12,True
base,杨浦区,310110012000,控江路街道,street,True,15491,J,0,official district-by-industry,maximum-entropy independence prior fitted by RAS/IPF; deterministic controlled integer rounding,not applicable,1,7.275957614183426e-12,True
base,杨浦区,310110012000,控江路街道,street,True,15491,M,1723,official district-by-industry,maximum-entropy independence prior fitted by RAS/IPF; deterministic controlled integer rounding,not applicable,1,7.275957614183426e-12,True
base,杨浦区,310110012000,控江路街道,street,True,15491,721,204,reviewed Core+ district composition scenario,maximum-entropy independence prior fitted by RAS/IPF; deterministic controlled integer rounding,not applicable,1,7.275957614183426e-12,True
base,杨浦区,310110012000,控江路街道,street,True,15491,723,45,reviewed Core+ district composition scenario,maximum-entropy independence prior fitted by RAS/IPF; deterministic controlled integer rounding,not applicable,1,7.275957614183426e-12,True
base,杨浦区,310110012000,控江路街道,street,True,15491,724,325,reviewed Core+ district composition scenario,maximum-entropy independence prior fitted by RAS/IPF; deterministic controlled integer rounding,not applicable,1,7.275957614183426e-12,True
base,杨浦区,310110012000,控江路街道,street,True,15491,725,90,reviewed Core+ district composition scenario,maximum-entropy independence prior fitted by RAS/IPF; deterministic controlled integer rounding,not applicable,1,7.275957614183426e-12,True
base,杨浦区,310110012000,控江路街道,street,True,15491,OTHER,10568,balancing non-office remainder,maximum-entropy independence prior fitted by RAS/IPF; deterministic controlled integer rounding,not applicable,1,7.275957614183426e-12,True
base,杨浦区,310110013000,长白新村街道,street,True,11271,I,1845,official district-by-industry,maximum-entropy independence prior fitted by RAS/IPF; deterministic controlled integer rounding,not applicable,1,7.275957614183426e-12,True
base,杨浦区,310110013000,长白新村街道,street,True,11271,J,0,official district-by-industry,maximum-entropy independence prior fitted by RAS/IPF; deterministic controlled integer rounding,not applicable,1,7.275957614183426e-12,True
base,杨浦区,310110013000,长白新村街道,street,True,11271,M,1254,official district-by-industry,maximum-entropy independence prior fitted by RAS/IPF; deterministic controlled integer rounding,not applicable,1,7.275957614183426e-12,True
base,杨浦区,310110013000,长白新村街道,street,True,11271,721,148,reviewed Core+ district composition scenario,maximum-entropy independence prior fitted by RAS/IPF; deterministic controlled integer rounding,not applicable,1,7.275957614183426e-12,True
base,杨浦区,310110013000,长白新村街道,street,True,11271,723,33,reviewed Core+ district composition scenario,maximum-entropy independence prior fitted by RAS/IPF; deterministic controlled integer rounding,not applicable,1,7.275957614183426e-12,True
base,杨浦区,310110013000,长白新村街道,street,True,11271,724,236,reviewed Core+ district composition scenario,maximum-entropy independence prior fitted by RAS/IPF; deterministic controlled integer rounding,not applicable,1,7.275957614183426e-12,True
base,杨浦区,310110013000,长白新村街道,street,True,11271,725,66,reviewed Core+ district composition scenario,maximum-entropy independence prior fitted by RAS/IPF; deterministic controlled integer rounding,not applicable,1,7.275957614183426e-12,True
base,杨浦区,310110013000,长白新村街道,street,True,11271,OTHER,7689,balancing non-office remainder,maximum-entropy independence prior fitted by RAS/IPF; deterministic controlled integer rounding,not applicable,1,7.275957614183426e-12,True
base,杨浦区,310110015000,延吉新村街道,street,True,13326,I,2182,official district-by-industry,maximum-entropy independence prior fitted by RAS/IPF; deterministic controlled integer rounding,not applicable,1,7.275957614183426e-12,True
base,杨浦区,310110015000,延吉新村街道,street,True,13326,J,0,official district-by-industry,maximum-entropy independence prior fitted by RAS/IPF; deterministic controlled integer rounding,not applicable,1,7.275957614183426e-12,True
base,杨浦区,310110015000,延吉新村街道,street,True,13326,M,1483,official district-by-industry,maximum-entropy independence prior fitted by RAS/IPF; deterministic controlled integer rounding,not applicable,1,7.275957614183426e-12,True
base,杨浦区,310110015000,延吉新村街道,street,True,13326,721,176,reviewed Core+ district composition scenario,maximum-entropy independence prior fitted by RAS/IPF; deterministic controlled integer rounding,not applicable,1,7.275957614183426e-12,True
base,杨浦区,310110015000,延吉新村街道,street,True,13326,723,39,reviewed Core+ district composition scenario,maximum-entropy independence prior fitted by RAS/IPF; deterministic controlled integer rounding,not applicable,1,7.275957614183426e-12,True
base,杨浦区,310110015000,延吉新村街道,street,True,13326,724,279,reviewed Core+ district composition scenario,maximum-entropy independence prior fitted by RAS/IPF; deterministic controlled integer rounding,not applicable,1,7.275957614183426e-12,True
base,杨浦区,310110015000,延吉新村街道,street,True,13326,725,77,reviewed Core+ district composition scenario,maximum-entropy independence prior fitted by RAS/IPF; deterministic controlled integer rounding,not applicable,1,7.275957614183426e-12,True
base,杨浦区,310110015000,延吉新村街道,street,True,13326,OTHER,9090,balancing non-office remainder,maximum-entropy independence prior fitted by RAS/IPF; deterministic controlled integer rounding,not applicable,1,7.275957614183426e-12,True
base,杨浦区,310110016000,殷行街道,street,True,16658,I,2727,official district-by-industry,maximum-entropy independence prior fitted by RAS/IPF; deterministic controlled integer rounding,not applicable,1,7.275957614183426e-12,True
base,杨浦区,310110016000,殷行街道,street,True,16658,J,0,official district-by-industry,maximum-entropy independence prior fitted by RAS/IPF; deterministic controlled integer rounding,not applicable,1,7.275957614183426e-12,True
base,杨浦区,310110016000,殷行街道,street,True,16658,M,1853,official district-by-industry,maximum-entropy independence prior fitted by RAS/IPF; deterministic controlled integer rounding,not applicable,1,7.275957614183426e-12,True
base,杨浦区,310110016000,殷行街道,street,True,16658,721,219,reviewed Core+ district composition scenario,maximum-entropy independence prior fitted by RAS/IPF; deterministic controlled integer rounding,not applicable,1,7.275957614183426e-12,True
base,杨浦区,310110016000,殷行街道,street,True,16658,723,48,reviewed Core+ district composition scenario,maximum-entropy independence prior fitted by RAS/IPF; deterministic controlled integer rounding,not applicable,1,7.275957614183426e-12,True
base,杨浦区,310110016000,殷行街道,street,True,16658,724,350,reviewed Core+ district composition scenario,maximum-entropy independence prior fitted by RAS/IPF; deterministic controlled integer rounding,not applicable,1,7.275957614183426e-12,True
base,杨浦区,310110016000,殷行街道,street,True,16658,725,97,reviewed Core+ district composition scenario,maximum-entropy independence prior fitted by RAS/IPF; deterministic controlled integer rounding,not applicable,1,7.275957614183426e-12,True
base,杨浦区,310110016000,殷行街道,street,True,16658,OTHER,11364,balancing non-office remainder,maximum-entropy independence prior fitted by RAS/IPF; deterministic controlled integer rounding,not applicable,1,7.275957614183426e-12,True
base,杨浦区,310110018000,大桥街道,street,True,72321,I,11839,official district-by-industry,maximum-entropy independence prior fitted by RAS/IPF; deterministic controlled integer rounding,not applicable,1,7.275957614183426e-12,True
base,杨浦区,310110018000,大桥街道,street,True,72321,J,0,official district-by-industry,maximum-entropy independence prior fitted by RAS/IPF; deterministic controlled integer rounding,not applicable,1,7.275957614183426e-12,True
base,杨浦区,310110018000,大桥街道,street,True,72321,M,8046,official district-by-industry,maximum-entropy independence prior fitted by RAS/IPF; deterministic controlled integer rounding,not applicable,1,7.275957614183426e-12,True
base,杨浦区,310110018000,大桥街道,street,True,72321,721,952,reviewed Core+ district composition scenario,maximum-entropy independence prior fitted by RAS/IPF; deterministic controlled integer rounding,not applicable,1,7.275957614183426e-12,True
base,杨浦区,310110018000,大桥街道,street,True,72321,723,210,reviewed Core+ district composition scenario,maximum-entropy independence prior fitted by RAS/IPF; deterministic controlled integer rounding,not applicable,1,7.275957614183426e-12,True
base,杨浦区,310110018000,大桥街道,street,True,72321,724,1518,reviewed Core+ district composition scenario,maximum-entropy independence prior fitted by RAS/IPF; deterministic controlled integer rounding,not applicable,1,7.275957614183426e-12,True
base,杨浦区,310110018000,大桥街道,street,True,72321,725,420,reviewed Core+ district composition scenario,maximum-entropy independence prior fitted by RAS/IPF; deterministic controlled integer rounding,not applicable,1,7.275957614183426e-12,True
base,杨浦区,310110018000,大桥街道,street,True,72321,OTHER,49336,balancing non-office remainder,maximum-entropy independence prior fitted by RAS/IPF; deterministic controlled integer rounding,not applicable,1,7.275957614183426e-12,True
base,杨浦区,310110019000,五角场街道,street,True,105944,I,17344,official district-by-industry,maximum-entropy independence prior fitted by RAS/IPF; deterministic controlled integer rounding,not applicable,1,7.275957614183426e-12,True
base,杨浦区,310110019000,五角场街道,street,True,105944,J,0,official district-by-industry,maximum-entropy independence prior fitted by RAS/IPF; deterministic controlled integer rounding,not applicable,1,7.275957614183426e-12,True
base,杨浦区,310110019000,五角场街道,street,True,105944,M,11786,official district-by-industry,maximum-entropy independence prior fitted by RAS/IPF; deterministic controlled integer rounding,not applicable,1,7.275957614183426e-12,True
base,杨浦区,310110019000,五角场街道,street,True,105944,721,1395,reviewed Core+ district composition scenario,maximum-entropy independence prior fitted by RAS/IPF; deterministic controlled integer rounding,not applicable,1,7.275957614183426e-12,True
base,杨浦区,310110019000,五角场街道,street,True,105944,723,307,reviewed Core+ district composition scenario,maximum-entropy independence prior fitted by RAS/IPF; deterministic controlled integer rounding,not applicable,1,7.275957614183426e-12,True
base,杨浦区,310110019000,五角场街道,street,True,105944,724,2224,reviewed Core+ district composition scenario,maximum-entropy independence prior fitted by RAS/IPF; deterministic controlled integer rounding,not applicable,1,7.275957614183426e-12,True
base,杨浦区,310110019000,五角场街道,street,True,105944,725,615,reviewed Core+ district composition scenario,maximum-entropy independence prior fitted by RAS/IPF; deterministic controlled integer rounding,not applicable,1,7.275957614183426e-12,True
base,杨浦区,310110019000,五角场街道,street,True,105944,OTHER,72273,balancing non-office remainder,maximum-entropy independence prior fitted by RAS/IPF; deterministic controlled integer rounding,not applicable,1,7.275957614183426e-12,True
base,杨浦区,310110020000,新江湾城街道,street,True,55638,I,9108,official district-by-industry,maximum-entropy independence prior fitted by RAS/IPF; deterministic controlled integer rounding,not applicable,1,7.275957614183426e-12,True
base,杨浦区,310110020000,新江湾城街道,street,True,55638,J,0,official district-by-industry,maximum-entropy independence prior fitted by RAS/IPF; deterministic controlled integer rounding,not applicable,1,7.275957614183426e-12,True
base,杨浦区,310110020000,新江湾城街道,street,True,55638,M,6190,official district-by-industry,maximum-entropy independence prior fitted by RAS/IPF; deterministic controlled integer rounding,not applicable,1,7.275957614183426e-12,True
base,杨浦区,310110020000,新江湾城街道,street,True,55638,721,733,reviewed Core+ district composition scenario,maximum-entropy independence prior fitted by RAS/IPF; deterministic controlled integer rounding,not applicable,1,7.275957614183426e-12,True
base,杨浦区,310110020000,新江湾城街道,street,True,55638,723,161,reviewed Core+ district composition scenario,maximum-entropy independence prior fitted by RAS/IPF; deterministic controlled integer rounding,not applicable,1,7.275957614183426e-12,True
base,杨浦区,310110020000,新江湾城街道,street,True,55638,724,1168,reviewed Core+ district composition scenario,maximum-entropy independence prior fitted by RAS/IPF; deterministic controlled integer rounding,not applicable,1,7.275957614183426e-12,True
base,杨浦区,310110020000,新江湾城街道,street,True,55638,725,323,reviewed Core+ district composition scenario,maximum-entropy independence prior fitted by RAS/IPF; deterministic controlled integer rounding,not applicable,1,7.275957614183426e-12,True
base,杨浦区,310110020000,新江湾城街道,street,True,55638,OTHER,37955,balancing non-office remainder,maximum-entropy independence prior fitted by RAS/IPF; deterministic controlled integer rounding,not applicable,1,7.275957614183426e-12,True
base,杨浦区,310110021000,长海路街道,street,True,40003,I,6549,official district-by-industry,maximum-entropy independence prior fitted by RAS/IPF; deterministic controlled integer rounding,not applicable,1,7.275957614183426e-12,True
base,杨浦区,310110021000,长海路街道,street,True,40003,J,0,official district-by-industry,maximum-entropy independence prior fitted by RAS/IPF; deterministic controlled integer rounding,not applicable,1,7.275957614183426e-12,True
base,杨浦区,310110021000,长海路街道,street,True,40003,M,4450,official district-by-industry,maximum-entropy independence prior fitted by RAS/IPF; deterministic controlled integer rounding,not applicable,1,7.275957614183426e-12,True
base,杨浦区,310110021000,长海路街道,street,True,40003,721,527,reviewed Core+ district composition scenario,maximum-entropy independence prior fitted by RAS/IPF; deterministic controlled integer rounding,not applicable,1,7.275957614183426e-12,True
base,杨浦区,310110021000,长海路街道,street,True,40003,723,116,reviewed Core+ district composition scenario,maximum-entropy independence prior fitted by RAS/IPF; deterministic controlled integer rounding,not applicable,1,7.275957614183426e-12,True
base,杨浦区,310110021000,长海路街道,street,True,40003,724,840,reviewed Core+ district composition scenario,maximum-entropy independence prior fitted by RAS/IPF; deterministic controlled integer rounding,not applicable,1,7.275957614183426e-12,True
base,杨浦区,310110021000,长海路街道,street,True,40003,725,232,reviewed Core+ district composition scenario,maximum-entropy independence prior fitted by RAS/IPF; deterministic controlled integer rounding,not applicable,1,7.275957614183426e-12,True
base,杨浦区,310110021000,长海路街道,street,True,40003,OTHER,27289,balancing non-office remainder,maximum-entropy independence prior fitted by RAS/IPF; deterministic controlled integer rounding,not applicable,1,7.275957614183426e-12,True
base,杨浦区,310110-finance-construction-residual,310110-finance-construction-residual,residual,False,9539,I,0,official district-by-industry,bulletin-compatible fixed residual assignment before maximum-entropy RAS/IPF,official J assigned to finance-tied residual up to row total; remaining residual is OTHER,1,7.275957614183426e-12,True
base,杨浦区,310110-finance-construction-residual,310110-finance-construction-residual,residual,False,9539,J,9226,official district-by-industry,bulletin-compatible fixed residual assignment before maximum-entropy RAS/IPF,official J assigned to finance-tied residual up to row total; remaining residual is OTHER,1,7.275957614183426e-12,True
base,杨浦区,310110-finance-construction-residual,310110-finance-construction-residual,residual,False,9539,M,0,official district-by-industry,bulletin-compatible fixed residual assignment before maximum-entropy RAS/IPF,official J assigned to finance-tied residual up to row total; remaining residual is OTHER,1,7.275957614183426e-12,True
base,杨浦区,310110-finance-construction-residual,310110-finance-construction-residual,residual,False,9539,721,0,reviewed Core+ district composition scenario,bulletin-compatible fixed residual assignment before maximum-entropy RAS/IPF,official J assigned to finance-tied residual up to row total; remaining residual is OTHER,1,7.275957614183426e-12,True
base,杨浦区,310110-finance-construction-residual,310110-finance-construction-residual,residual,False,9539,723,0,reviewed Core+ district composition scenario,bulletin-compatible fixed residual assignment before maximum-entropy RAS/IPF,official J assigned to finance-tied residual up to row total; remaining residual is OTHER,1,7.275957614183426e-12,True
base,杨浦区,310110-finance-construction-residual,310110-finance-construction-residual,residual,False,9539,724,0,reviewed Core+ district composition scenario,bulletin-compatible fixed residual assignment before maximum-entropy RAS/IPF,official J assigned to finance-tied residual up to row total; remaining residual is OTHER,1,7.275957614183426e-12,True
base,杨浦区,310110-finance-construction-residual,310110-finance-construction-residual,residual,False,9539,725,0,reviewed Core+ district composition scenario,bulletin-compatible fixed residual assignment before maximum-entropy RAS/IPF,official J assigned to finance-tied residual up to row total; remaining residual is OTHER,1,7.275957614183426e-12,True
base,杨浦区,310110-finance-construction-residual,310110-finance-construction-residual,residual,False,9539,OTHER,313,balancing non-office remainder,bulletin-compatible fixed residual assignment before maximum-entropy RAS/IPF,official J assigned to finance-tied residual up to row total; remaining residual is OTHER,1,7.275957614183426e-12,True
base,浦东新区,310115004000,潍坊新村街道,street,True,153750,I,17504,official district-by-industry,maximum-entropy independence prior fitted by RAS/IPF; deterministic controlled integer rounding,not applicable,1,2.3283064365386963e-10,True
base,浦东新区,310115004000,潍坊新村街道,street,True,153750,J,14609,official district-by-industry,maximum-entropy independence prior fitted by RAS/IPF; deterministic controlled integer rounding,not applicable,1,2.3283064365386963e-10,True
base,浦东新区,310115004000,潍坊新村街道,street,True,153750,M,11514,official district-by-industry,maximum-entropy independence prior fitted by RAS/IPF; deterministic controlled integer rounding,not applicable,1,2.3283064365386963e-10,True
base,浦东新区,310115004000,潍坊新村街道,street,True,153750,721,2326,reviewed Core+ district composition scenario,maximum-entropy independence prior fitted by RAS/IPF; deterministic controlled integer rounding,not applicable,1,2.3283064365386963e-10,True
base,浦东新区,310115004000,潍坊新村街道,street,True,153750,723,512,reviewed Core+ district composition scenario,maximum-entropy independence prior fitted by RAS/IPF; deterministic controlled integer rounding,not applicable,1,2.3283064365386963e-10,True
base,浦东新区,310115004000,潍坊新村街道,street,True,153750,724,3708,reviewed Core+ district composition scenario,maximum-entropy independence prior fitted by RAS/IPF; deterministic controlled integer rounding,not applicable,1,2.3283064365386963e-10,True
base,浦东新区,310115004000,潍坊新村街道,street,True,153750,725,1026,reviewed Core+ district composition scenario,maximum-entropy independence prior fitted by RAS/IPF; deterministic controlled integer rounding,not applicable,1,2.3283064365386963e-10,True
base,浦东新区,310115004000,潍坊新村街道,street,True,153750,OTHER,102551,balancing non-office remainder,maximum-entropy independence prior fitted by RAS/IPF; deterministic controlled integer rounding,not applicable,1,2.3283064365386963e-10,True
base,浦东新区,310115005000,陆家嘴街道,street,True,200750,I,22855,official district-by-industry,maximum-entropy independence prior fitted by RAS/IPF; deterministic controlled integer rounding,not applicable,1,2.3283064365386963e-10,True
base,浦东新区,310115005000,陆家嘴街道,street,True,200750,J,19075,official district-by-industry,maximum-entropy independence prior fitted by RAS/IPF; deterministic controlled integer rounding,not applicable,1,2.3283064365386963e-10,True
base,浦东新区,310115005000,陆家嘴街道,street,True,200750,M,15034,official district-by-industry,maximum-entropy independence prior fitted by RAS/IPF; deterministic controlled integer rounding,not applicable,1,2.3283064365386963e-10,True
base,浦东新区,310115005000,陆家嘴街道,street,True,200750,721,3037,reviewed Core+ district composition scenario,maximum-entropy independence prior fitted by RAS/IPF; deterministic controlled integer rounding,not applicable,1,2.3283064365386963e-10,True
base,浦东新区,310115005000,陆家嘴街道,street,True,200750,723,669,reviewed Core+ district composition scenario,maximum-entropy independence prior fitted by RAS/IPF; deterministic controlled integer rounding,not applicable,1,2.3283064365386963e-10,True
base,浦东新区,310115005000,陆家嘴街道,street,True,200750,724,4841,reviewed Core+ district composition scenario,maximum-entropy independence prior fitted by RAS/IPF; deterministic controlled integer rounding,not applicable,1,2.3283064365386963e-10,True
base,浦东新区,310115005000,陆家嘴街道,street,True,200750,725,1339,reviewed Core+ district composition scenario,maximum-entropy independence prior fitted by RAS/IPF; deterministic controlled integer rounding,not applicable,1,2.3283064365386963e-10,True
base,浦东新区,310115005000,陆家嘴街道,street,True,200750,OTHER,133900,balancing non-office remainder,maximum-entropy independence prior fitted by RAS/IPF; deterministic controlled integer rounding,not applicable,1,2.3283064365386963e-10,True
base,浦东新区,310115007000,周家渡街道,street,True,24750,I,2818,official district-by-industry,maximum-entropy independence prior fitted by RAS/IPF; deterministic controlled integer rounding,not applicable,1,2.3283064365386963e-10,True
base,浦东新区,310115007000,周家渡街道,street,True,24750,J,2352,official district-by-industry,maximum-entropy independence prior fitted by RAS/IPF; deterministic controlled integer rounding,not applicable,1,2.3283064365386963e-10,True
base,浦东新区,310115007000,周家渡街道,street,True,24750,M,1854,official district-by-industry,maximum-entropy independence prior fitted by RAS/IPF; deterministic controlled integer rounding,not applicable,1,2.3283064365386963e-10,True
base,浦东新区,310115007000,周家渡街道,street,True,24750,721,374,reviewed Core+ district composition scenario,maximum-entropy independence prior fitted by RAS/IPF; deterministic controlled integer rounding,not applicable,1,2.3283064365386963e-10,True
base,浦东新区,310115007000,周家渡街道,street,True,24750,723,82,reviewed Core+ district composition scenario,maximum-entropy independence prior fitted by RAS/IPF; deterministic controlled integer rounding,not applicable,1,2.3283064365386963e-10,True
base,浦东新区,310115007000,周家渡街道,street,True,24750,724,597,reviewed Core+ district composition scenario,maximum-entropy independence prior fitted by RAS/IPF; deterministic controlled integer rounding,not applicable,1,2.3283064365386963e-10,True
base,浦东新区,310115007000,周家渡街道,street,True,24750,725,165,reviewed Core+ district composition scenario,maximum-entropy independence prior fitted by RAS/IPF; deterministic controlled integer rounding,not applicable,1,2.3283064365386963e-10,True
base,浦东新区,310115007000,周家渡街道,street,True,24750,OTHER,16508,balancing non-office remainder,maximum-entropy independence prior fitted by RAS/IPF; deterministic controlled integer rounding,not applicable,1,2.3283064365386963e-10,True
base,浦东新区,310115008000,塘桥街道,street,True,54750,I,6233,official district-by-industry,maximum-entropy independence prior fitted by RAS/IPF; deterministic controlled integer rounding,not applicable,1,2.3283064365386963e-10,True
base,浦东新区,310115008000,塘桥街道,street,True,54750,J,5202,official district-by-industry,maximum-entropy independence prior fitted by RAS/IPF; deterministic controlled integer rounding,not applicable,1,2.3283064365386963e-10,True
base,浦东新区,310115008000,塘桥街道,street,True,54750,M,4100,official district-by-industry,maximum-entropy independence prior fitted by RAS/IPF; deterministic controlled integer rounding,not applicable,1,2.3283064365386963e-10,True
base,浦东新区,310115008000,塘桥街道,street,True,54750,721,828,reviewed Core+ district composition scenario,maximum-entropy independence prior fitted by RAS/IPF; deterministic controlled integer rounding,not applicable,1,2.3283064365386963e-10,True
base,浦东新区,310115008000,塘桥街道,street,True,54750,723,183,reviewed Core+ district composition scenario,maximum-entropy independence prior fitted by RAS/IPF; deterministic controlled integer rounding,not applicable,1,2.3283064365386963e-10,True
base,浦东新区,310115008000,塘桥街道,street,True,54750,724,1321,reviewed Core+ district composition scenario,maximum-entropy independence prior fitted by RAS/IPF; deterministic controlled integer rounding,not applicable,1,2.3283064365386963e-10,True
base,浦东新区,310115008000,塘桥街道,street,True,54750,725,365,reviewed Core+ district composition scenario,maximum-entropy independence prior fitted by RAS/IPF; deterministic controlled integer rounding,not applicable,1,2.3283064365386963e-10,True
base,浦东新区,310115008000,塘桥街道,street,True,54750,OTHER,36518,balancing non-office remainder,maximum-entropy independence prior fitted by RAS/IPF; deterministic controlled integer rounding,not applicable,1,2.3283064365386963e-10,True
base,浦东新区,310115009000,上钢新村街道,street,True,25750,I,2931,official district-by-industry,maximum-entropy independence prior fitted by RAS/IPF; deterministic controlled integer rounding,not applicable,1,2.3283064365386963e-10,True
base,浦东新区,310115009000,上钢新村街道,street,True,25750,J,2447,official district-by-industry,maximum-entropy independence prior fitted by RAS/IPF; deterministic controlled integer rounding,not applicable,1,2.3283064365386963e-10,True
base,浦东新区,310115009000,上钢新村街道,street,True,25750,M,1928,official district-by-industry,maximum-entropy independence prior fitted by RAS/IPF; deterministic controlled integer rounding,not applicable,1,2.3283064365386963e-10,True
base,浦东新区,310115009000,上钢新村街道,street,True,25750,721,390,reviewed Core+ district composition scenario,maximum-entropy independence prior fitted by RAS/IPF; deterministic controlled integer rounding,not applicable,1,2.3283064365386963e-10,True
base,浦东新区,310115009000,上钢新村街道,street,True,25750,723,86,reviewed Core+ district composition scenario,maximum-entropy independence prior fitted by RAS/IPF; deterministic controlled integer rounding,not applicable,1,2.3283064365386963e-10,True
base,浦东新区,310115009000,上钢新村街道,street,True,25750,724,621,reviewed Core+ district composition scenario,maximum-entropy independence prior fitted by RAS/IPF; deterministic controlled integer rounding,not applicable,1,2.3283064365386963e-10,True
base,浦东新区,310115009000,上钢新村街道,street,True,25750,725,172,reviewed Core+ district composition scenario,maximum-entropy independence prior fitted by RAS/IPF; deterministic controlled integer rounding,not applicable,1,2.3283064365386963e-10,True
base,浦东新区,310115009000,上钢新村街道,street,True,25750,OTHER,17175,balancing non-office remainder,maximum-entropy independence prior fitted by RAS/IPF; deterministic controlled integer rounding,not applicable,1,2.3283064365386963e-10,True
base,浦东新区,310115010000,南码头路街道,street,True,41750,I,4753,official district-by-industry,maximum-entropy independence prior fitted by RAS/IPF; deterministic controlled integer rounding,not applicable,1,2.3283064365386963e-10,True
base,浦东新区,310115010000,南码头路街道,street,True,41750,J,3967,official district-by-industry,maximum-entropy independence prior fitted by RAS/IPF; deterministic controlled integer rounding,not applicable,1,2.3283064365386963e-10,True
base,浦东新区,310115010000,南码头路街道,street,True,41750,M,3126,official district-by-industry,maximum-entropy independence prior fitted by RAS/IPF; deterministic controlled integer rounding,not applicable,1,2.3283064365386963e-10,True
base,浦东新区,310115010000,南码头路街道,street,True,41750,721,632,reviewed Core+ district composition scenario,maximum-entropy independence prior fitted by RAS/IPF; deterministic controlled integer rounding,not applicable,1,2.3283064365386963e-10,True
base,浦东新区,310115010000,南码头路街道,street,True,41750,723,139,reviewed Core+ district composition scenario,maximum-entropy independence prior fitted by RAS/IPF; deterministic controlled integer rounding,not applicable,1,2.3283064365386963e-10,True
base,浦东新区,310115010000,南码头路街道,street,True,41750,724,1007,reviewed Core+ district composition scenario,maximum-entropy independence prior fitted by RAS/IPF; deterministic controlled integer rounding,not applicable,1,2.3283064365386963e-10,True
base,浦东新区,310115010000,南码头路街道,street,True,41750,725,279,reviewed Core+ district composition scenario,maximum-entropy independence prior fitted by RAS/IPF; deterministic controlled integer rounding,not applicable,1,2.3283064365386963e-10,True
base,浦东新区,310115010000,南码头路街道,street,True,41750,OTHER,27847,balancing non-office remainder,maximum-entropy independence prior fitted by RAS/IPF; deterministic controlled integer rounding,not applicable,1,2.3283064365386963e-10,True
base,浦东新区,310115011000,沪东新村街道,street,True,13750,I,1565,official district-by-industry,maximum-entropy independence prior fitted by RAS/IPF; deterministic controlled integer rounding,not applicable,1,2.3283064365386963e-10,True
base,浦东新区,310115011000,沪东新村街道,street,True,13750,J,1306,official district-by-industry,maximum-entropy independence prior fitted by RAS/IPF; deterministic controlled integer rounding,not applicable,1,2.3283064365386963e-10,True
base,浦东新区,310115011000,沪东新村街道,street,True,13750,M,1030,official district-by-industry,maximum-entropy independence prior fitted by RAS/IPF; deterministic controlled integer rounding,not applicable,1,2.3283064365386963e-10,True
base,浦东新区,310115011000,沪东新村街道,street,True,13750,721,208,reviewed Core+ district composition scenario,maximum-entropy independence prior fitted by RAS/IPF; deterministic controlled integer rounding,not applicable,1,2.3283064365386963e-10,True
base,浦东新区,310115011000,沪东新村街道,street,True,13750,723,46,reviewed Core+ district composition scenario,maximum-entropy independence prior fitted by RAS/IPF; deterministic controlled integer rounding,not applicable,1,2.3283064365386963e-10,True
base,浦东新区,310115011000,沪东新村街道,street,True,13750,724,332,reviewed Core+ district composition scenario,maximum-entropy independence prior fitted by RAS/IPF; deterministic controlled integer rounding,not applicable,1,2.3283064365386963e-10,True
base,浦东新区,310115011000,沪东新村街道,street,True,13750,725,92,reviewed Core+ district composition scenario,maximum-entropy independence prior fitted by RAS/IPF; deterministic controlled integer rounding,not applicable,1,2.3283064365386963e-10,True
base,浦东新区,310115011000,沪东新村街道,street,True,13750,OTHER,9171,balancing non-office remainder,maximum-entropy independence prior fitted by RAS/IPF; deterministic controlled integer rounding,not applicable,1,2.3283064365386963e-10,True
base,浦东新区,310115012000,金杨新村街道,street,True,23750,I,2704,official district-by-industry,maximum-entropy independence prior fitted by RAS/IPF; deterministic controlled integer rounding,not applicable,1,2.3283064365386963e-10,True
base,浦东新区,310115012000,金杨新村街道,street,True,23750,J,2257,official district-by-industry,maximum-entropy independence prior fitted by RAS/IPF; deterministic controlled integer rounding,not applicable,1,2.3283064365386963e-10,True
base,浦东新区,310115012000,金杨新村街道,street,True,23750,M,1779,official district-by-industry,maximum-entropy independence prior fitted by RAS/IPF; deterministic controlled integer rounding,not applicable,1,2.3283064365386963e-10,True
base,浦东新区,310115012000,金杨新村街道,street,True,23750,721,359,reviewed Core+ district composition scenario,maximum-entropy independence prior fitted by RAS/IPF; deterministic controlled integer rounding,not applicable,1,2.3283064365386963e-10,True
base,浦东新区,310115012000,金杨新村街道,street,True,23750,723,79,reviewed Core+ district composition scenario,maximum-entropy independence prior fitted by RAS/IPF; deterministic controlled integer rounding,not applicable,1,2.3283064365386963e-10,True
base,浦东新区,310115012000,金杨新村街道,street,True,23750,724,573,reviewed Core+ district composition scenario,maximum-entropy independence prior fitted by RAS/IPF; deterministic controlled integer rounding,not applicable,1,2.3283064365386963e-10,True
base,浦东新区,310115012000,金杨新村街道,street,True,23750,725,158,reviewed Core+ district composition scenario,maximum-entropy independence prior fitted by RAS/IPF; deterministic controlled integer rounding,not applicable,1,2.3283064365386963e-10,True
base,浦东新区,310115012000,金杨新村街道,street,True,23750,OTHER,15841,balancing non-office remainder,maximum-entropy independence prior fitted by RAS/IPF; deterministic controlled integer rounding,not applicable,1,2.3283064365386963e-10,True
base,浦东新区,310115013000,洋泾街道,street,True,51750,I,5892,official district-by-industry,maximum-entropy independence prior fitted by RAS/IPF; deterministic controlled integer rounding,not applicable,1,2.3283064365386963e-10,True
base,浦东新区,310115013000,洋泾街道,street,True,51750,J,4917,official district-by-industry,maximum-entropy independence prior fitted by RAS/IPF; deterministic controlled integer rounding,not applicable,1,2.3283064365386963e-10,True
base,浦东新区,310115013000,洋泾街道,street,True,51750,M,3875,official district-by-industry,maximum-entropy independence prior fitted by RAS/IPF; deterministic controlled integer rounding,not applicable,1,2.3283064365386963e-10,True
base,浦东新区,310115013000,洋泾街道,street,True,51750,721,783,reviewed Core+ district composition scenario,maximum-entropy independence prior fitted by RAS/IPF; deterministic controlled integer rounding,not applicable,1,2.3283064365386963e-10,True
base,浦东新区,310115013000,洋泾街道,street,True,51750,723,173,reviewed Core+ district composition scenario,maximum-entropy independence prior fitted by RAS/IPF; deterministic controlled integer rounding,not applicable,1,2.3283064365386963e-10,True
base,浦东新区,310115013000,洋泾街道,street,True,51750,724,1248,reviewed Core+ district composition scenario,maximum-entropy independence prior fitted by RAS/IPF; deterministic controlled integer rounding,not applicable,1,2.3283064365386963e-10,True
base,浦东新区,310115013000,洋泾街道,street,True,51750,725,345,reviewed Core+ district composition scenario,maximum-entropy independence prior fitted by RAS/IPF; deterministic controlled integer rounding,not applicable,1,2.3283064365386963e-10,True
base,浦东新区,310115013000,洋泾街道,street,True,51750,OTHER,34517,balancing non-office remainder,maximum-entropy independence prior fitted by RAS/IPF; deterministic controlled integer rounding,not applicable,1,2.3283064365386963e-10,True
base,浦东新区,310115014000,浦兴路街道,street,True,16750,I,1907,official district-by-industry,maximum-entropy independence prior fitted by RAS/IPF; deterministic controlled integer rounding,not applicable,1,2.3283064365386963e-10,True
base,浦东新区,310115014000,浦兴路街道,street,True,16750,J,1592,official district-by-industry,maximum-entropy independence prior fitted by RAS/IPF; deterministic controlled integer rounding,not applicable,1,2.3283064365386963e-10,True
base,浦东新区,310115014000,浦兴路街道,street,True,16750,M,1254,official district-by-industry,maximum-entropy independence prior fitted by RAS/IPF; deterministic controlled integer rounding,not applicable,1,2.3283064365386963e-10,True
base,浦东新区,310115014000,浦兴路街道,street,True,16750,721,253,reviewed Core+ district composition scenario,maximum-entropy independence prior fitted by RAS/IPF; deterministic controlled integer rounding,not applicable,1,2.3283064365386963e-10,True
base,浦东新区,310115014000,浦兴路街道,street,True,16750,723,56,reviewed Core+ district composition scenario,maximum-entropy independence prior fitted by RAS/IPF; deterministic controlled integer rounding,not applicable,1,2.3283064365386963e-10,True
base,浦东新区,310115014000,浦兴路街道,street,True,16750,724,404,reviewed Core+ district composition scenario,maximum-entropy independence prior fitted by RAS/IPF; deterministic controlled integer rounding,not applicable,1,2.3283064365386963e-10,True
base,浦东新区,310115014000,浦兴路街道,street,True,16750,725,112,reviewed Core+ district composition scenario,maximum-entropy independence prior fitted by RAS/IPF; deterministic controlled integer rounding,not applicable,1,2.3283064365386963e-10,True
base,浦东新区,310115014000,浦兴路街道,street,True,16750,OTHER,11172,balancing non-office remainder,maximum-entropy independence prior fitted by RAS/IPF; deterministic controlled integer rounding,not applicable,1,2.3283064365386963e-10,True
base,浦东新区,310115015000,东明路街道,street,True,5750,I,655,official district-by-industry,maximum-entropy independence prior fitted by RAS/IPF; deterministic controlled integer rounding,not applicable,1,2.3283064365386963e-10,True
base,浦东新区,310115015000,东明路街道,street,True,5750,J,546,official district-by-industry,maximum-entropy independence prior fitted by RAS/IPF; deterministic controlled integer rounding,not applicable,1,2.3283064365386963e-10,True
base,浦东新区,310115015000,东明路街道,street,True,5750,M,431,official district-by-industry,maximum-entropy independence prior fitted by RAS/IPF; deterministic controlled integer rounding,not applicable,1,2.3283064365386963e-10,True
base,浦东新区,310115015000,东明路街道,street,True,5750,721,87,reviewed Core+ district composition scenario,maximum-entropy independence prior fitted by RAS/IPF; deterministic controlled integer rounding,not applicable,1,2.3283064365386963e-10,True
base,浦东新区,310115015000,东明路街道,street,True,5750,723,19,reviewed Core+ district composition scenario,maximum-entropy independence prior fitted by RAS/IPF; deterministic controlled integer rounding,not applicable,1,2.3283064365386963e-10,True
base,浦东新区,310115015000,东明路街道,street,True,5750,724,139,reviewed Core+ district composition scenario,maximum-entropy independence prior fitted by RAS/IPF; deterministic controlled integer rounding,not applicable,1,2.3283064365386963e-10,True
base,浦东新区,310115015000,东明路街道,street,True,5750,725,38,reviewed Core+ district composition scenario,maximum-entropy independence prior fitted by RAS/IPF; deterministic controlled integer rounding,not applicable,1,2.3283064365386963e-10,True
base,浦东新区,310115015000,东明路街道,street,True,5750,OTHER,3835,balancing non-office remainder,maximum-entropy independence prior fitted by RAS/IPF; deterministic controlled integer rounding,not applicable,1,2.3283064365386963e-10,True
base,浦东新区,310115016000,花木街道,street,True,81750,I,9307,official district-by-industry,maximum-entropy independence prior fitted by RAS/IPF; deterministic controlled integer rounding,not applicable,1,2.3283064365386963e-10,True
base,浦东新区,310115016000,花木街道,street,True,81750,J,7768,official district-by-industry,maximum-entropy independence prior fitted by RAS/IPF; deterministic controlled integer rounding,not applicable,1,2.3283064365386963e-10,True
base,浦东新区,310115016000,花木街道,street,True,81750,M,6122,official district-by-industry,maximum-entropy independence prior fitted by RAS/IPF; deterministic controlled integer rounding,not applicable,1,2.3283064365386963e-10,True
base,浦东新区,310115016000,花木街道,street,True,81750,721,1237,reviewed Core+ district composition scenario,maximum-entropy independence prior fitted by RAS/IPF; deterministic controlled integer rounding,not applicable,1,2.3283064365386963e-10,True
base,浦东新区,310115016000,花木街道,street,True,81750,723,273,reviewed Core+ district composition scenario,maximum-entropy independence prior fitted by RAS/IPF; deterministic controlled integer rounding,not applicable,1,2.3283064365386963e-10,True
base,浦东新区,310115016000,花木街道,street,True,81750,724,1971,reviewed Core+ district composition scenario,maximum-entropy independence prior fitted by RAS/IPF; deterministic controlled integer rounding,not applicable,1,2.3283064365386963e-10,True
base,浦东新区,310115016000,花木街道,street,True,81750,725,545,reviewed Core+ district composition scenario,maximum-entropy independence prior fitted by RAS/IPF; deterministic controlled integer rounding,not applicable,1,2.3283064365386963e-10,True
base,浦东新区,310115016000,花木街道,street,True,81750,OTHER,54527,balancing non-office remainder,maximum-entropy independence prior fitted by RAS/IPF; deterministic controlled integer rounding,not applicable,1,2.3283064365386963e-10,True
base,浦东新区,310115103000,川沙新镇,town,True,89000,I,10132,official district-by-industry,maximum-entropy independence prior fitted by RAS/IPF; deterministic controlled integer rounding,not applicable,1,2.3283064365386963e-10,True
base,浦东新区,310115103000,川沙新镇,town,True,89000,J,8457,official district-by-industry,maximum-entropy independence prior fitted by RAS/IPF; deterministic controlled integer rounding,not applicable,1,2.3283064365386963e-10,True
base,浦东新区,310115103000,川沙新镇,town,True,89000,M,6665,official district-by-industry,maximum-entropy independence prior fitted by RAS/IPF; deterministic controlled integer rounding,not applicable,1,2.3283064365386963e-10,True
base,浦东新区,310115103000,川沙新镇,town,True,89000,721,1346,reviewed Core+ district composition scenario,maximum-entropy independence prior fitted by RAS/IPF; deterministic controlled integer rounding,not applicable,1,2.3283064365386963e-10,True
base,浦东新区,310115103000,川沙新镇,town,True,89000,723,297,reviewed Core+ district composition scenario,maximum-entropy independence prior fitted by RAS/IPF; deterministic controlled integer rounding,not applicable,1,2.3283064365386963e-10,True
base,浦东新区,310115103000,川沙新镇,town,True,89000,724,2146,reviewed Core+ district composition scenario,maximum-entropy independence prior fitted by RAS/IPF; deterministic controlled integer rounding,not applicable,1,2.3283064365386963e-10,True
base,浦东新区,310115103000,川沙新镇,town,True,89000,725,594,reviewed Core+ district composition scenario,maximum-entropy independence prior fitted by RAS/IPF; deterministic controlled integer rounding,not applicable,1,2.3283064365386963e-10,True
base,浦东新区,310115103000,川沙新镇,town,True,89000,OTHER,59363,balancing non-office remainder,maximum-entropy independence prior fitted by RAS/IPF; deterministic controlled integer rounding,not applicable,1,2.3283064365386963e-10,True
base,浦东新区,310115104000,高桥镇,town,True,38000,I,4326,official district-by-industry,maximum-entropy independence prior fitted by RAS/IPF; deterministic controlled integer rounding,not applicable,1,2.3283064365386963e-10,True
base,浦东新区,310115104000,高桥镇,town,True,38000,J,3611,official district-by-industry,maximum-entropy independence prior fitted by RAS/IPF; deterministic controlled integer rounding,not applicable,1,2.3283064365386963e-10,True
base,浦东新区,310115104000,高桥镇,town,True,38000,M,2846,official district-by-industry,maximum-entropy independence prior fitted by RAS/IPF; deterministic controlled integer rounding,not applicable,1,2.3283064365386963e-10,True
base,浦东新区,310115104000,高桥镇,town,True,38000,721,575,reviewed Core+ district composition scenario,maximum-entropy independence prior fitted by RAS/IPF; deterministic controlled integer rounding,not applicable,1,2.3283064365386963e-10,True
base,浦东新区,310115104000,高桥镇,town,True,38000,723,127,reviewed Core+ district composition scenario,maximum-entropy independence prior fitted by RAS/IPF; deterministic controlled integer rounding,not applicable,1,2.3283064365386963e-10,True
base,浦东新区,310115104000,高桥镇,town,True,38000,724,916,reviewed Core+ district composition scenario,maximum-entropy independence prior fitted by RAS/IPF; deterministic controlled integer rounding,not applicable,1,2.3283064365386963e-10,True
base,浦东新区,310115104000,高桥镇,town,True,38000,725,253,reviewed Core+ district composition scenario,maximum-entropy independence prior fitted by RAS/IPF; deterministic controlled integer rounding,not applicable,1,2.3283064365386963e-10,True
base,浦东新区,310115104000,高桥镇,town,True,38000,OTHER,25346,balancing non-office remainder,maximum-entropy independence prior fitted by RAS/IPF; deterministic controlled integer rounding,not applicable,1,2.3283064365386963e-10,True
base,浦东新区,310115105000,北蔡镇,town,True,60000,I,6831,official district-by-industry,maximum-entropy independence prior fitted by RAS/IPF; deterministic controlled integer rounding,not applicable,1,2.3283064365386963e-10,True
base,浦东新区,310115105000,北蔡镇,town,True,60000,J,5701,official district-by-industry,maximum-entropy independence prior fitted by RAS/IPF; deterministic controlled integer rounding,not applicable,1,2.3283064365386963e-10,True
base,浦东新区,310115105000,北蔡镇,town,True,60000,M,4493,official district-by-industry,maximum-entropy independence prior fitted by RAS/IPF; deterministic controlled integer rounding,not applicable,1,2.3283064365386963e-10,True
base,浦东新区,310115105000,北蔡镇,town,True,60000,721,908,reviewed Core+ district composition scenario,maximum-entropy independence prior fitted by RAS/IPF; deterministic controlled integer rounding,not applicable,1,2.3283064365386963e-10,True
base,浦东新区,310115105000,北蔡镇,town,True,60000,723,200,reviewed Core+ district composition scenario,maximum-entropy independence prior fitted by RAS/IPF; deterministic controlled integer rounding,not applicable,1,2.3283064365386963e-10,True
base,浦东新区,310115105000,北蔡镇,town,True,60000,724,1447,reviewed Core+ district composition scenario,maximum-entropy independence prior fitted by RAS/IPF; deterministic controlled integer rounding,not applicable,1,2.3283064365386963e-10,True
base,浦东新区,310115105000,北蔡镇,town,True,60000,725,400,reviewed Core+ district composition scenario,maximum-entropy independence prior fitted by RAS/IPF; deterministic controlled integer rounding,not applicable,1,2.3283064365386963e-10,True
base,浦东新区,310115105000,北蔡镇,town,True,60000,OTHER,40020,balancing non-office remainder,maximum-entropy independence prior fitted by RAS/IPF; deterministic controlled integer rounding,not applicable,1,2.3283064365386963e-10,True
base,浦东新区,310115110000,合庆镇,town,True,38000,I,4326,official district-by-industry,maximum-entropy independence prior fitted by RAS/IPF; deterministic controlled integer rounding,not applicable,1,2.3283064365386963e-10,True
base,浦东新区,310115110000,合庆镇,town,True,38000,J,3611,official district-by-industry,maximum-entropy independence prior fitted by RAS/IPF; deterministic controlled integer rounding,not applicable,1,2.3283064365386963e-10,True
base,浦东新区,310115110000,合庆镇,town,True,38000,M,2846,official district-by-industry,maximum-entropy independence prior fitted by RAS/IPF; deterministic controlled integer rounding,not applicable,1,2.3283064365386963e-10,True
base,浦东新区,310115110000,合庆镇,town,True,38000,721,575,reviewed Core+ district composition scenario,maximum-entropy independence prior fitted by RAS/IPF; deterministic controlled integer rounding,not applicable,1,2.3283064365386963e-10,True
base,浦东新区,310115110000,合庆镇,town,True,38000,723,127,reviewed Core+ district composition scenario,maximum-entropy independence prior fitted by RAS/IPF; deterministic controlled integer rounding,not applicable,1,2.3283064365386963e-10,True
base,浦东新区,310115110000,合庆镇,town,True,38000,724,916,reviewed Core+ district composition scenario,maximum-entropy independence prior fitted by RAS/IPF; deterministic controlled integer rounding,not applicable,1,2.3283064365386963e-10,True
base,浦东新区,310115110000,合庆镇,town,True,38000,725,253,reviewed Core+ district composition scenario,maximum-entropy independence prior fitted by RAS/IPF; deterministic controlled integer rounding,not applicable,1,2.3283064365386963e-10,True
base,浦东新区,310115110000,合庆镇,town,True,38000,OTHER,25346,balancing non-office remainder,maximum-entropy independence prior fitted by RAS/IPF; deterministic controlled integer rounding,not applicable,1,2.3283064365386963e-10,True
base,浦东新区,310115114000,唐镇,town,True,43000,I,4895,official district-by-industry,maximum-entropy independence prior fitted by RAS/IPF; deterministic controlled integer rounding,not applicable,1,2.3283064365386963e-10,True
base,浦东新区,310115114000,唐镇,town,True,43000,J,4086,official district-by-industry,maximum-entropy independence prior fitted by RAS/IPF; deterministic controlled integer rounding,not applicable,1,2.3283064365386963e-10,True
base,浦东新区,310115114000,唐镇,town,True,43000,M,3220,official district-by-industry,maximum-entropy independence prior fitted by RAS/IPF; deterministic controlled integer rounding,not applicable,1,2.3283064365386963e-10,True
base,浦东新区,310115114000,唐镇,town,True,43000,721,651,reviewed Core+ district composition scenario,maximum-entropy independence prior fitted by RAS/IPF; deterministic controlled integer rounding,not applicable,1,2.3283064365386963e-10,True
base,浦东新区,310115114000,唐镇,town,True,43000,723,143,reviewed Core+ district composition scenario,maximum-entropy independence prior fitted by RAS/IPF; deterministic controlled integer rounding,not applicable,1,2.3283064365386963e-10,True
base,浦东新区,310115114000,唐镇,town,True,43000,724,1037,reviewed Core+ district composition scenario,maximum-entropy independence prior fitted by RAS/IPF; deterministic controlled integer rounding,not applicable,1,2.3283064365386963e-10,True
base,浦东新区,310115114000,唐镇,town,True,43000,725,287,reviewed Core+ district composition scenario,maximum-entropy independence prior fitted by RAS/IPF; deterministic controlled integer rounding,not applicable,1,2.3283064365386963e-10,True
base,浦东新区,310115114000,唐镇,town,True,43000,OTHER,28681,balancing non-office remainder,maximum-entropy independence prior fitted by RAS/IPF; deterministic controlled integer rounding,not applicable,1,2.3283064365386963e-10,True
base,浦东新区,310115117000,曹路镇,town,True,44000,I,5009,official district-by-industry,maximum-entropy independence prior fitted by RAS/IPF; deterministic controlled integer rounding,not applicable,1,2.3283064365386963e-10,True
base,浦东新区,310115117000,曹路镇,town,True,44000,J,4181,official district-by-industry,maximum-entropy independence prior fitted by RAS/IPF; deterministic controlled integer rounding,not applicable,1,2.3283064365386963e-10,True
base,浦东新区,310115117000,曹路镇,town,True,44000,M,3295,official district-by-industry,maximum-entropy independence prior fitted by RAS/IPF; deterministic controlled integer rounding,not applicable,1,2.3283064365386963e-10,True
base,浦东新区,310115117000,曹路镇,town,True,44000,721,666,reviewed Core+ district composition scenario,maximum-entropy independence prior fitted by RAS/IPF; deterministic controlled integer rounding,not applicable,1,2.3283064365386963e-10,True
base,浦东新区,310115117000,曹路镇,town,True,44000,723,146,reviewed Core+ district composition scenario,maximum-entropy independence prior fitted by RAS/IPF; deterministic controlled integer rounding,not applicable,1,2.3283064365386963e-10,True
base,浦东新区,310115117000,曹路镇,town,True,44000,724,1061,reviewed Core+ district composition scenario,maximum-entropy independence prior fitted by RAS/IPF; deterministic controlled integer rounding,not applicable,1,2.3283064365386963e-10,True
base,浦东新区,310115117000,曹路镇,town,True,44000,725,294,reviewed Core+ district composition scenario,maximum-entropy independence prior fitted by RAS/IPF; deterministic controlled integer rounding,not applicable,1,2.3283064365386963e-10,True
base,浦东新区,310115117000,曹路镇,town,True,44000,OTHER,29348,balancing non-office remainder,maximum-entropy independence prior fitted by RAS/IPF; deterministic controlled integer rounding,not applicable,1,2.3283064365386963e-10,True
base,浦东新区,310115120000,金桥镇,town,True,20000,I,2277,official district-by-industry,maximum-entropy independence prior fitted by RAS/IPF; deterministic controlled integer rounding,not applicable,1,2.3283064365386963e-10,True
base,浦东新区,310115120000,金桥镇,town,True,20000,J,1900,official district-by-industry,maximum-entropy independence prior fitted by RAS/IPF; deterministic controlled integer rounding,not applicable,1,2.3283064365386963e-10,True
base,浦东新区,310115120000,金桥镇,town,True,20000,M,1498,official district-by-industry,maximum-entropy independence prior fitted by RAS/IPF; deterministic controlled integer rounding,not applicable,1,2.3283064365386963e-10,True
base,浦东新区,310115120000,金桥镇,town,True,20000,721,303,reviewed Core+ district composition scenario,maximum-entropy independence prior fitted by RAS/IPF; deterministic controlled integer rounding,not applicable,1,2.3283064365386963e-10,True
base,浦东新区,310115120000,金桥镇,town,True,20000,723,67,reviewed Core+ district composition scenario,maximum-entropy independence prior fitted by RAS/IPF; deterministic controlled integer rounding,not applicable,1,2.3283064365386963e-10,True
base,浦东新区,310115120000,金桥镇,town,True,20000,724,482,reviewed Core+ district composition scenario,maximum-entropy independence prior fitted by RAS/IPF; deterministic controlled integer rounding,not applicable,1,2.3283064365386963e-10,True
base,浦东新区,310115120000,金桥镇,town,True,20000,725,133,reviewed Core+ district composition scenario,maximum-entropy independence prior fitted by RAS/IPF; deterministic controlled integer rounding,not applicable,1,2.3283064365386963e-10,True
base,浦东新区,310115120000,金桥镇,town,True,20000,OTHER,13340,balancing non-office remainder,maximum-entropy independence prior fitted by RAS/IPF; deterministic controlled integer rounding,not applicable,1,2.3283064365386963e-10,True
base,浦东新区,310115121000,高行镇,town,True,35000,I,3985,official district-by-industry,maximum-entropy independence prior fitted by RAS/IPF; deterministic controlled integer rounding,not applicable,1,2.3283064365386963e-10,True
base,浦东新区,310115121000,高行镇,town,True,35000,J,3326,official district-by-industry,maximum-entropy independence prior fitted by RAS/IPF; deterministic controlled integer rounding,not applicable,1,2.3283064365386963e-10,True
base,浦东新区,310115121000,高行镇,town,True,35000,M,2621,official district-by-industry,maximum-entropy independence prior fitted by RAS/IPF; deterministic controlled integer rounding,not applicable,1,2.3283064365386963e-10,True
base,浦东新区,310115121000,高行镇,town,True,35000,721,529,reviewed Core+ district composition scenario,maximum-entropy independence prior fitted by RAS/IPF; deterministic controlled integer rounding,not applicable,1,2.3283064365386963e-10,True
base,浦东新区,310115121000,高行镇,town,True,35000,723,117,reviewed Core+ district composition scenario,maximum-entropy independence prior fitted by RAS/IPF; deterministic controlled integer rounding,not applicable,1,2.3283064365386963e-10,True
base,浦东新区,310115121000,高行镇,town,True,35000,724,844,reviewed Core+ district composition scenario,maximum-entropy independence prior fitted by RAS/IPF; deterministic controlled integer rounding,not applicable,1,2.3283064365386963e-10,True
base,浦东新区,310115121000,高行镇,town,True,35000,725,233,reviewed Core+ district composition scenario,maximum-entropy independence prior fitted by RAS/IPF; deterministic controlled integer rounding,not applicable,1,2.3283064365386963e-10,True
base,浦东新区,310115121000,高行镇,town,True,35000,OTHER,23345,balancing non-office remainder,maximum-entropy independence prior fitted by RAS/IPF; deterministic controlled integer rounding,not applicable,1,2.3283064365386963e-10,True
base,浦东新区,310115123000,高东镇,town,True,28000,I,3188,official district-by-industry,maximum-entropy independence prior fitted by RAS/IPF; deterministic controlled integer rounding,not applicable,1,2.3283064365386963e-10,True
base,浦东新区,310115123000,高东镇,town,True,28000,J,2660,official district-by-industry,maximum-entropy independence prior fitted by RAS/IPF; deterministic controlled integer rounding,not applicable,1,2.3283064365386963e-10,True
base,浦东新区,310115123000,高东镇,town,True,28000,M,2097,official district-by-industry,maximum-entropy independence prior fitted by RAS/IPF; deterministic controlled integer rounding,not applicable,1,2.3283064365386963e-10,True
base,浦东新区,310115123000,高东镇,town,True,28000,721,424,reviewed Core+ district composition scenario,maximum-entropy independence prior fitted by RAS/IPF; deterministic controlled integer rounding,not applicable,1,2.3283064365386963e-10,True
base,浦东新区,310115123000,高东镇,town,True,28000,723,93,reviewed Core+ district composition scenario,maximum-entropy independence prior fitted by RAS/IPF; deterministic controlled integer rounding,not applicable,1,2.3283064365386963e-10,True
base,浦东新区,310115123000,高东镇,town,True,28000,724,675,reviewed Core+ district composition scenario,maximum-entropy independence prior fitted by RAS/IPF; deterministic controlled integer rounding,not applicable,1,2.3283064365386963e-10,True
base,浦东新区,310115123000,高东镇,town,True,28000,725,187,reviewed Core+ district composition scenario,maximum-entropy independence prior fitted by RAS/IPF; deterministic controlled integer rounding,not applicable,1,2.3283064365386963e-10,True
base,浦东新区,310115123000,高东镇,town,True,28000,OTHER,18676,balancing non-office remainder,maximum-entropy independence prior fitted by RAS/IPF; deterministic controlled integer rounding,not applicable,1,2.3283064365386963e-10,True
base,浦东新区,310115125000,张江镇,town,True,21000,I,2391,official district-by-industry,maximum-entropy independence prior fitted by RAS/IPF; deterministic controlled integer rounding,not applicable,1,2.3283064365386963e-10,True
base,浦东新区,310115125000,张江镇,town,True,21000,J,1995,official district-by-industry,maximum-entropy independence prior fitted by RAS/IPF; deterministic controlled integer rounding,not applicable,1,2.3283064365386963e-10,True
base,浦东新区,310115125000,张江镇,town,True,21000,M,1573,official district-by-industry,maximum-entropy independence prior fitted by RAS/IPF; deterministic controlled integer rounding,not applicable,1,2.3283064365386963e-10,True
base,浦东新区,310115125000,张江镇,town,True,21000,721,318,reviewed Core+ district composition scenario,maximum-entropy independence prior fitted by RAS/IPF; deterministic controlled integer rounding,not applicable,1,2.3283064365386963e-10,True
base,浦东新区,310115125000,张江镇,town,True,21000,723,70,reviewed Core+ district composition scenario,maximum-entropy independence prior fitted by RAS/IPF; deterministic controlled integer rounding,not applicable,1,2.3283064365386963e-10,True
base,浦东新区,310115125000,张江镇,town,True,21000,724,506,reviewed Core+ district composition scenario,maximum-entropy independence prior fitted by RAS/IPF; deterministic controlled integer rounding,not applicable,1,2.3283064365386963e-10,True
base,浦东新区,310115125000,张江镇,town,True,21000,725,140,reviewed Core+ district composition scenario,maximum-entropy independence prior fitted by RAS/IPF; deterministic controlled integer rounding,not applicable,1,2.3283064365386963e-10,True
base,浦东新区,310115125000,张江镇,town,True,21000,OTHER,14007,balancing non-office remainder,maximum-entropy independence prior fitted by RAS/IPF; deterministic controlled integer rounding,not applicable,1,2.3283064365386963e-10,True
base,浦东新区,310115130000,三林镇,town,True,96000,I,10929,official district-by-industry,maximum-entropy independence prior fitted by RAS/IPF; deterministic controlled integer rounding,not applicable,1,2.3283064365386963e-10,True
base,浦东新区,310115130000,三林镇,town,True,96000,J,9122,official district-by-industry,maximum-entropy independence prior fitted by RAS/IPF; deterministic controlled integer rounding,not applicable,1,2.3283064365386963e-10,True
base,浦东新区,310115130000,三林镇,town,True,96000,M,7189,official district-by-industry,maximum-entropy independence prior fitted by RAS/IPF; deterministic controlled integer rounding,not applicable,1,2.3283064365386963e-10,True
base,浦东新区,310115130000,三林镇,town,True,96000,721,1452,reviewed Core+ district composition scenario,maximum-entropy independence prior fitted by RAS/IPF; deterministic controlled integer rounding,not applicable,1,2.3283064365386963e-10,True
base,浦东新区,310115130000,三林镇,town,True,96000,723,320,reviewed Core+ district composition scenario,maximum-entropy independence prior fitted by RAS/IPF; deterministic controlled integer rounding,not applicable,1,2.3283064365386963e-10,True
base,浦东新区,310115130000,三林镇,town,True,96000,724,2315,reviewed Core+ district composition scenario,maximum-entropy independence prior fitted by RAS/IPF; deterministic controlled integer rounding,not applicable,1,2.3283064365386963e-10,True
base,浦东新区,310115130000,三林镇,town,True,96000,725,641,reviewed Core+ district composition scenario,maximum-entropy independence prior fitted by RAS/IPF; deterministic controlled integer rounding,not applicable,1,2.3283064365386963e-10,True
base,浦东新区,310115130000,三林镇,town,True,96000,OTHER,64032,balancing non-office remainder,maximum-entropy independence prior fitted by RAS/IPF; deterministic controlled integer rounding,not applicable,1,2.3283064365386963e-10,True
base,浦东新区,310115131000,惠南镇,town,True,68000,I,7741,official district-by-industry,maximum-entropy independence prior fitted by RAS/IPF; deterministic controlled integer rounding,not applicable,1,2.3283064365386963e-10,True
base,浦东新区,310115131000,惠南镇,town,True,68000,J,6461,official district-by-industry,maximum-entropy independence prior fitted by RAS/IPF; deterministic controlled integer rounding,not applicable,1,2.3283064365386963e-10,True
base,浦东新区,310115131000,惠南镇,town,True,68000,M,5092,official district-by-industry,maximum-entropy independence prior fitted by RAS/IPF; deterministic controlled integer rounding,not applicable,1,2.3283064365386963e-10,True
base,浦东新区,310115131000,惠南镇,town,True,68000,721,1029,reviewed Core+ district composition scenario,maximum-entropy independence prior fitted by RAS/IPF; deterministic controlled integer rounding,not applicable,1,2.3283064365386963e-10,True
base,浦东新区,310115131000,惠南镇,town,True,68000,723,227,reviewed Core+ district composition scenario,maximum-entropy independence prior fitted by RAS/IPF; deterministic controlled integer rounding,not applicable,1,2.3283064365386963e-10,True
base,浦东新区,310115131000,惠南镇,town,True,68000,724,1640,reviewed Core+ district composition scenario,maximum-entropy independence prior fitted by RAS/IPF; deterministic controlled integer rounding,not applicable,1,2.3283064365386963e-10,True
base,浦东新区,310115131000,惠南镇,town,True,68000,725,454,reviewed Core+ district composition scenario,maximum-entropy independence prior fitted by RAS/IPF; deterministic controlled integer rounding,not applicable,1,2.3283064365386963e-10,True
base,浦东新区,310115131000,惠南镇,town,True,68000,OTHER,45356,balancing non-office remainder,maximum-entropy independence prior fitted by RAS/IPF; deterministic controlled integer rounding,not applicable,1,2.3283064365386963e-10,True
base,浦东新区,310115132000,周浦镇,town,True,48000,I,5465,official district-by-industry,maximum-entropy independence prior fitted by RAS/IPF; deterministic controlled integer rounding,not applicable,1,2.3283064365386963e-10,True
base,浦东新区,310115132000,周浦镇,town,True,48000,J,4561,official district-by-industry,maximum-entropy independence prior fitted by RAS/IPF; deterministic controlled integer rounding,not applicable,1,2.3283064365386963e-10,True
base,浦东新区,310115132000,周浦镇,town,True,48000,M,3595,official district-by-industry,maximum-entropy independence prior fitted by RAS/IPF; deterministic controlled integer rounding,not applicable,1,2.3283064365386963e-10,True
base,浦东新区,310115132000,周浦镇,town,True,48000,721,726,reviewed Core+ district composition scenario,maximum-entropy independence prior fitted by RAS/IPF; deterministic controlled integer rounding,not applicable,1,2.3283064365386963e-10,True
base,浦东新区,310115132000,周浦镇,town,True,48000,723,160,reviewed Core+ district composition scenario,maximum-entropy independence prior fitted by RAS/IPF; deterministic controlled integer rounding,not applicable,1,2.3283064365386963e-10,True
base,浦东新区,310115132000,周浦镇,town,True,48000,724,1157,reviewed Core+ district composition scenario,maximum-entropy independence prior fitted by RAS/IPF; deterministic controlled integer rounding,not applicable,1,2.3283064365386963e-10,True
base,浦东新区,310115132000,周浦镇,town,True,48000,725,320,reviewed Core+ district composition scenario,maximum-entropy independence prior fitted by RAS/IPF; deterministic controlled integer rounding,not applicable,1,2.3283064365386963e-10,True
base,浦东新区,310115132000,周浦镇,town,True,48000,OTHER,32016,balancing non-office remainder,maximum-entropy independence prior fitted by RAS/IPF; deterministic controlled integer rounding,not applicable,1,2.3283064365386963e-10,True
base,浦东新区,310115133000,新场镇,town,True,26000,I,2960,official district-by-industry,maximum-entropy independence prior fitted by RAS/IPF; deterministic controlled integer rounding,not applicable,1,2.3283064365386963e-10,True
base,浦东新区,310115133000,新场镇,town,True,26000,J,2470,official district-by-industry,maximum-entropy independence prior fitted by RAS/IPF; deterministic controlled integer rounding,not applicable,1,2.3283064365386963e-10,True
base,浦东新区,310115133000,新场镇,town,True,26000,M,1947,official district-by-industry,maximum-entropy independence prior fitted by RAS/IPF; deterministic controlled integer rounding,not applicable,1,2.3283064365386963e-10,True
base,浦东新区,310115133000,新场镇,town,True,26000,721,393,reviewed Core+ district composition scenario,maximum-entropy independence prior fitted by RAS/IPF; deterministic controlled integer rounding,not applicable,1,2.3283064365386963e-10,True
base,浦东新区,310115133000,新场镇,town,True,26000,723,87,reviewed Core+ district composition scenario,maximum-entropy independence prior fitted by RAS/IPF; deterministic controlled integer rounding,not applicable,1,2.3283064365386963e-10,True
base,浦东新区,310115133000,新场镇,town,True,26000,724,627,reviewed Core+ district composition scenario,maximum-entropy independence prior fitted by RAS/IPF; deterministic controlled integer rounding,not applicable,1,2.3283064365386963e-10,True
base,浦东新区,310115133000,新场镇,town,True,26000,725,174,reviewed Core+ district composition scenario,maximum-entropy independence prior fitted by RAS/IPF; deterministic controlled integer rounding,not applicable,1,2.3283064365386963e-10,True
base,浦东新区,310115133000,新场镇,town,True,26000,OTHER,17342,balancing non-office remainder,maximum-entropy independence prior fitted by RAS/IPF; deterministic controlled integer rounding,not applicable,1,2.3283064365386963e-10,True
base,浦东新区,310115134000,大团镇,town,True,10000,I,1139,official district-by-industry,maximum-entropy independence prior fitted by RAS/IPF; deterministic controlled integer rounding,not applicable,1,2.3283064365386963e-10,True
base,浦东新区,310115134000,大团镇,town,True,10000,J,950,official district-by-industry,maximum-entropy independence prior fitted by RAS/IPF; deterministic controlled integer rounding,not applicable,1,2.3283064365386963e-10,True
base,浦东新区,310115134000,大团镇,town,True,10000,M,749,official district-by-industry,maximum-entropy independence prior fitted by RAS/IPF; deterministic controlled integer rounding,not applicable,1,2.3283064365386963e-10,True
base,浦东新区,310115134000,大团镇,town,True,10000,721,151,reviewed Core+ district composition scenario,maximum-entropy independence prior fitted by RAS/IPF; deterministic controlled integer rounding,not applicable,1,2.3283064365386963e-10,True
base,浦东新区,310115134000,大团镇,town,True,10000,723,33,reviewed Core+ district composition scenario,maximum-entropy independence prior fitted by RAS/IPF; deterministic controlled integer rounding,not applicable,1,2.3283064365386963e-10,True
base,浦东新区,310115134000,大团镇,town,True,10000,724,241,reviewed Core+ district composition scenario,maximum-entropy independence prior fitted by RAS/IPF; deterministic controlled integer rounding,not applicable,1,2.3283064365386963e-10,True
base,浦东新区,310115134000,大团镇,town,True,10000,725,67,reviewed Core+ district composition scenario,maximum-entropy independence prior fitted by RAS/IPF; deterministic controlled integer rounding,not applicable,1,2.3283064365386963e-10,True
base,浦东新区,310115134000,大团镇,town,True,10000,OTHER,6670,balancing non-office remainder,maximum-entropy independence prior fitted by RAS/IPF; deterministic controlled integer rounding,not applicable,1,2.3283064365386963e-10,True
base,浦东新区,310115136000,康桥镇,town,True,57000,I,6489,official district-by-industry,maximum-entropy independence prior fitted by RAS/IPF; deterministic controlled integer rounding,not applicable,1,2.3283064365386963e-10,True
base,浦东新区,310115136000,康桥镇,town,True,57000,J,5416,official district-by-industry,maximum-entropy independence prior fitted by RAS/IPF; deterministic controlled integer rounding,not applicable,1,2.3283064365386963e-10,True
base,浦东新区,310115136000,康桥镇,town,True,57000,M,4269,official district-by-industry,maximum-entropy independence prior fitted by RAS/IPF; deterministic controlled integer rounding,not applicable,1,2.3283064365386963e-10,True
base,浦东新区,310115136000,康桥镇,town,True,57000,721,862,reviewed Core+ district composition scenario,maximum-entropy independence prior fitted by RAS/IPF; deterministic controlled integer rounding,not applicable,1,2.3283064365386963e-10,True
base,浦东新区,310115136000,康桥镇,town,True,57000,723,190,reviewed Core+ district composition scenario,maximum-entropy independence prior fitted by RAS/IPF; deterministic controlled integer rounding,not applicable,1,2.3283064365386963e-10,True
base,浦东新区,310115136000,康桥镇,town,True,57000,724,1375,reviewed Core+ district composition scenario,maximum-entropy independence prior fitted by RAS/IPF; deterministic controlled integer rounding,not applicable,1,2.3283064365386963e-10,True
base,浦东新区,310115136000,康桥镇,town,True,57000,725,380,reviewed Core+ district composition scenario,maximum-entropy independence prior fitted by RAS/IPF; deterministic controlled integer rounding,not applicable,1,2.3283064365386963e-10,True
base,浦东新区,310115136000,康桥镇,town,True,57000,OTHER,38019,balancing non-office remainder,maximum-entropy independence prior fitted by RAS/IPF; deterministic controlled integer rounding,not applicable,1,2.3283064365386963e-10,True
base,浦东新区,310115137000,航头镇,town,True,39000,I,4440,official district-by-industry,maximum-entropy independence prior fitted by RAS/IPF; deterministic controlled integer rounding,not applicable,1,2.3283064365386963e-10,True
base,浦东新区,310115137000,航头镇,town,True,39000,J,3706,official district-by-industry,maximum-entropy independence prior fitted by RAS/IPF; deterministic controlled integer rounding,not applicable,1,2.3283064365386963e-10,True
base,浦东新区,310115137000,航头镇,town,True,39000,M,2921,official district-by-industry,maximum-entropy independence prior fitted by RAS/IPF; deterministic controlled integer rounding,not applicable,1,2.3283064365386963e-10,True
base,浦东新区,310115137000,航头镇,town,True,39000,721,590,reviewed Core+ district composition scenario,maximum-entropy independence prior fitted by RAS/IPF; deterministic controlled integer rounding,not applicable,1,2.3283064365386963e-10,True
base,浦东新区,310115137000,航头镇,town,True,39000,723,130,reviewed Core+ district composition scenario,maximum-entropy independence prior fitted by RAS/IPF; deterministic controlled integer rounding,not applicable,1,2.3283064365386963e-10,True
base,浦东新区,310115137000,航头镇,town,True,39000,724,940,reviewed Core+ district composition scenario,maximum-entropy independence prior fitted by RAS/IPF; deterministic controlled integer rounding,not applicable,1,2.3283064365386963e-10,True
base,浦东新区,310115137000,航头镇,town,True,39000,725,260,reviewed Core+ district composition scenario,maximum-entropy independence prior fitted by RAS/IPF; deterministic controlled integer rounding,not applicable,1,2.3283064365386963e-10,True
base,浦东新区,310115137000,航头镇,town,True,39000,OTHER,26013,balancing non-office remainder,maximum-entropy independence prior fitted by RAS/IPF; deterministic controlled integer rounding,not applicable,1,2.3283064365386963e-10,True
base,浦东新区,310115139000,祝桥镇,town,True,82000,I,9335,official district-by-industry,maximum-entropy independence prior fitted by RAS/IPF; deterministic controlled integer rounding,not applicable,1,2.3283064365386963e-10,True
base,浦东新区,310115139000,祝桥镇,town,True,82000,J,7792,official district-by-industry,maximum-entropy independence prior fitted by RAS/IPF; deterministic controlled integer rounding,not applicable,1,2.3283064365386963e-10,True
base,浦东新区,310115139000,祝桥镇,town,True,82000,M,6141,official district-by-industry,maximum-entropy independence prior fitted by RAS/IPF; deterministic controlled integer rounding,not applicable,1,2.3283064365386963e-10,True
base,浦东新区,310115139000,祝桥镇,town,True,82000,721,1241,reviewed Core+ district composition scenario,maximum-entropy independence prior fitted by RAS/IPF; deterministic controlled integer rounding,not applicable,1,2.3283064365386963e-10,True
base,浦东新区,310115139000,祝桥镇,town,True,82000,723,273,reviewed Core+ district composition scenario,maximum-entropy independence prior fitted by RAS/IPF; deterministic controlled integer rounding,not applicable,1,2.3283064365386963e-10,True
base,浦东新区,310115139000,祝桥镇,town,True,82000,724,1977,reviewed Core+ district composition scenario,maximum-entropy independence prior fitted by RAS/IPF; deterministic controlled integer rounding,not applicable,1,2.3283064365386963e-10,True
base,浦东新区,310115139000,祝桥镇,town,True,82000,725,547,reviewed Core+ district composition scenario,maximum-entropy independence prior fitted by RAS/IPF; deterministic controlled integer rounding,not applicable,1,2.3283064365386963e-10,True
base,浦东新区,310115139000,祝桥镇,town,True,82000,OTHER,54694,balancing non-office remainder,maximum-entropy independence prior fitted by RAS/IPF; deterministic controlled integer rounding,not applicable,1,2.3283064365386963e-10,True
base,浦东新区,310115140000,泥城镇,town,True,38000,I,4326,official district-by-industry,maximum-entropy independence prior fitted by RAS/IPF; deterministic controlled integer rounding,not applicable,1,2.3283064365386963e-10,True
base,浦东新区,310115140000,泥城镇,town,True,38000,J,3611,official district-by-industry,maximum-entropy independence prior fitted by RAS/IPF; deterministic controlled integer rounding,not applicable,1,2.3283064365386963e-10,True
base,浦东新区,310115140000,泥城镇,town,True,38000,M,2846,official district-by-industry,maximum-entropy independence prior fitted by RAS/IPF; deterministic controlled integer rounding,not applicable,1,2.3283064365386963e-10,True
base,浦东新区,310115140000,泥城镇,town,True,38000,721,575,reviewed Core+ district composition scenario,maximum-entropy independence prior fitted by RAS/IPF; deterministic controlled integer rounding,not applicable,1,2.3283064365386963e-10,True
base,浦东新区,310115140000,泥城镇,town,True,38000,723,126,reviewed Core+ district composition scenario,maximum-entropy independence prior fitted by RAS/IPF; deterministic controlled integer rounding,not applicable,1,2.3283064365386963e-10,True
base,浦东新区,310115140000,泥城镇,town,True,38000,724,916,reviewed Core+ district composition scenario,maximum-entropy independence prior fitted by RAS/IPF; deterministic controlled integer rounding,not applicable,1,2.3283064365386963e-10,True
base,浦东新区,310115140000,泥城镇,town,True,38000,725,254,reviewed Core+ district composition scenario,maximum-entropy independence prior fitted by RAS/IPF; deterministic controlled integer rounding,not applicable,1,2.3283064365386963e-10,True
base,浦东新区,310115140000,泥城镇,town,True,38000,OTHER,25346,balancing non-office remainder,maximum-entropy independence prior fitted by RAS/IPF; deterministic controlled integer rounding,not applicable,1,2.3283064365386963e-10,True
base,浦东新区,310115141000,宣桥镇,town,True,36000,I,4098,official district-by-industry,maximum-entropy independence prior fitted by RAS/IPF; deterministic controlled integer rounding,not applicable,1,2.3283064365386963e-10,True
base,浦东新区,310115141000,宣桥镇,town,True,36000,J,3421,official district-by-industry,maximum-entropy independence prior fitted by RAS/IPF; deterministic controlled integer rounding,not applicable,1,2.3283064365386963e-10,True
base,浦东新区,310115141000,宣桥镇,town,True,36000,M,2696,official district-by-industry,maximum-entropy independence prior fitted by RAS/IPF; deterministic controlled integer rounding,not applicable,1,2.3283064365386963e-10,True
base,浦东新区,310115141000,宣桥镇,town,True,36000,721,545,reviewed Core+ district composition scenario,maximum-entropy independence prior fitted by RAS/IPF; deterministic controlled integer rounding,not applicable,1,2.3283064365386963e-10,True
base,浦东新区,310115141000,宣桥镇,town,True,36000,723,120,reviewed Core+ district composition scenario,maximum-entropy independence prior fitted by RAS/IPF; deterministic controlled integer rounding,not applicable,1,2.3283064365386963e-10,True
base,浦东新区,310115141000,宣桥镇,town,True,36000,724,868,reviewed Core+ district composition scenario,maximum-entropy independence prior fitted by RAS/IPF; deterministic controlled integer rounding,not applicable,1,2.3283064365386963e-10,True
base,浦东新区,310115141000,宣桥镇,town,True,36000,725,240,reviewed Core+ district composition scenario,maximum-entropy independence prior fitted by RAS/IPF; deterministic controlled integer rounding,not applicable,1,2.3283064365386963e-10,True
base,浦东新区,310115141000,宣桥镇,town,True,36000,OTHER,24012,balancing non-office remainder,maximum-entropy independence prior fitted by RAS/IPF; deterministic controlled integer rounding,not applicable,1,2.3283064365386963e-10,True
base,浦东新区,310115142000,书院镇,town,True,14000,I,1594,official district-by-industry,maximum-entropy independence prior fitted by RAS/IPF; deterministic controlled integer rounding,not applicable,1,2.3283064365386963e-10,True
base,浦东新区,310115142000,书院镇,town,True,14000,J,1330,official district-by-industry,maximum-entropy independence prior fitted by RAS/IPF; deterministic controlled integer rounding,not applicable,1,2.3283064365386963e-10,True
base,浦东新区,310115142000,书院镇,town,True,14000,M,1048,official district-by-industry,maximum-entropy independence prior fitted by RAS/IPF; deterministic controlled integer rounding,not applicable,1,2.3283064365386963e-10,True
base,浦东新区,310115142000,书院镇,town,True,14000,721,212,reviewed Core+ district composition scenario,maximum-entropy independence prior fitted by RAS/IPF; deterministic controlled integer rounding,not applicable,1,2.3283064365386963e-10,True
base,浦东新区,310115142000,书院镇,town,True,14000,723,47,reviewed Core+ district composition scenario,maximum-entropy independence prior fitted by RAS/IPF; deterministic controlled integer rounding,not applicable,1,2.3283064365386963e-10,True
base,浦东新区,310115142000,书院镇,town,True,14000,724,338,reviewed Core+ district composition scenario,maximum-entropy independence prior fitted by RAS/IPF; deterministic controlled integer rounding,not applicable,1,2.3283064365386963e-10,True
base,浦东新区,310115142000,书院镇,town,True,14000,725,93,reviewed Core+ district composition scenario,maximum-entropy independence prior fitted by RAS/IPF; deterministic controlled integer rounding,not applicable,1,2.3283064365386963e-10,True
base,浦东新区,310115142000,书院镇,town,True,14000,OTHER,9338,balancing non-office remainder,maximum-entropy independence prior fitted by RAS/IPF; deterministic controlled integer rounding,not applicable,1,2.3283064365386963e-10,True
base,浦东新区,310115143000,万祥镇,town,True,17000,I,1935,official district-by-industry,maximum-entropy independence prior fitted by RAS/IPF; deterministic controlled integer rounding,not applicable,1,2.3283064365386963e-10,True
base,浦东新区,310115143000,万祥镇,town,True,17000,J,1615,official district-by-industry,maximum-entropy independence prior fitted by RAS/IPF; deterministic controlled integer rounding,not applicable,1,2.3283064365386963e-10,True
base,浦东新区,310115143000,万祥镇,town,True,17000,M,1273,official district-by-industry,maximum-entropy independence prior fitted by RAS/IPF; deterministic controlled integer rounding,not applicable,1,2.3283064365386963e-10,True
base,浦东新区,310115143000,万祥镇,town,True,17000,721,257,reviewed Core+ district composition scenario,maximum-entropy independence prior fitted by RAS/IPF; deterministic controlled integer rounding,not applicable,1,2.3283064365386963e-10,True
base,浦东新区,310115143000,万祥镇,town,True,17000,723,57,reviewed Core+ district composition scenario,maximum-entropy independence prior fitted by RAS/IPF; deterministic controlled integer rounding,not applicable,1,2.3283064365386963e-10,True
base,浦东新区,310115143000,万祥镇,town,True,17000,724,410,reviewed Core+ district composition scenario,maximum-entropy independence prior fitted by RAS/IPF; deterministic controlled integer rounding,not applicable,1,2.3283064365386963e-10,True
base,浦东新区,310115143000,万祥镇,town,True,17000,725,114,reviewed Core+ district composition scenario,maximum-entropy independence prior fitted by RAS/IPF; deterministic controlled integer rounding,not applicable,1,2.3283064365386963e-10,True
base,浦东新区,310115143000,万祥镇,town,True,17000,OTHER,11339,balancing non-office remainder,maximum-entropy independence prior fitted by RAS/IPF; deterministic controlled integer rounding,not applicable,1,2.3283064365386963e-10,True
base,浦东新区,310115144000,老港镇,town,True,14000,I,1594,official district-by-industry,maximum-entropy independence prior fitted by RAS/IPF; deterministic controlled integer rounding,not applicable,1,2.3283064365386963e-10,True
base,浦东新区,310115144000,老港镇,town,True,14000,J,1330,official district-by-industry,maximum-entropy independence prior fitted by RAS/IPF; deterministic controlled integer rounding,not applicable,1,2.3283064365386963e-10,True
base,浦东新区,310115144000,老港镇,town,True,14000,M,1048,official district-by-industry,maximum-entropy independence prior fitted by RAS/IPF; deterministic controlled integer rounding,not applicable,1,2.3283064365386963e-10,True
base,浦东新区,310115144000,老港镇,town,True,14000,721,212,reviewed Core+ district composition scenario,maximum-entropy independence prior fitted by RAS/IPF; deterministic controlled integer rounding,not applicable,1,2.3283064365386963e-10,True
base,浦东新区,310115144000,老港镇,town,True,14000,723,47,reviewed Core+ district composition scenario,maximum-entropy independence prior fitted by RAS/IPF; deterministic controlled integer rounding,not applicable,1,2.3283064365386963e-10,True
base,浦东新区,310115144000,老港镇,town,True,14000,724,338,reviewed Core+ district composition scenario,maximum-entropy independence prior fitted by RAS/IPF; deterministic controlled integer rounding,not applicable,1,2.3283064365386963e-10,True
base,浦东新区,310115144000,老港镇,town,True,14000,725,93,reviewed Core+ district composition scenario,maximum-entropy independence prior fitted by RAS/IPF; deterministic controlled integer rounding,not applicable,1,2.3283064365386963e-10,True
base,浦东新区,310115144000,老港镇,town,True,14000,OTHER,9338,balancing non-office remainder,maximum-entropy independence prior fitted by RAS/IPF; deterministic controlled integer rounding,not applicable,1,2.3283064365386963e-10,True
base,浦东新区,310115145000,南汇新城镇,town,True,138000,I,15711,official district-by-industry,maximum-entropy independence prior fitted by RAS/IPF; deterministic controlled integer rounding,not applicable,1,2.3283064365386963e-10,True
base,浦东新区,310115145000,南汇新城镇,town,True,138000,J,13112,official district-by-industry,maximum-entropy independence prior fitted by RAS/IPF; deterministic controlled integer rounding,not applicable,1,2.3283064365386963e-10,True
base,浦东新区,310115145000,南汇新城镇,town,True,138000,M,10335,official district-by-industry,maximum-entropy independence prior fitted by RAS/IPF; deterministic controlled integer rounding,not applicable,1,2.3283064365386963e-10,True
base,浦东新区,310115145000,南汇新城镇,town,True,138000,721,2088,reviewed Core+ district composition scenario,maximum-entropy independence prior fitted by RAS/IPF; deterministic controlled integer rounding,not applicable,1,2.3283064365386963e-10,True
base,浦东新区,310115145000,南汇新城镇,town,True,138000,723,460,reviewed Core+ district composition scenario,maximum-entropy independence prior fitted by RAS/IPF; deterministic controlled integer rounding,not applicable,1,2.3283064365386963e-10,True
base,浦东新区,310115145000,南汇新城镇,town,True,138000,724,3328,reviewed Core+ district composition scenario,maximum-entropy independence prior fitted by RAS/IPF; deterministic controlled integer rounding,not applicable,1,2.3283064365386963e-10,True
base,浦东新区,310115145000,南汇新城镇,town,True,138000,725,921,reviewed Core+ district composition scenario,maximum-entropy independence prior fitted by RAS/IPF; deterministic controlled integer rounding,not applicable,1,2.3283064365386963e-10,True
base,浦东新区,310115145000,南汇新城镇,town,True,138000,OTHER,92045,balancing non-office remainder,maximum-entropy independence prior fitted by RAS/IPF; deterministic controlled integer rounding,not applicable,1,2.3283064365386963e-10,True
base,浦东新区,310115501000,中国（上海）自由贸易试验区（保税片区）,functional_zone,True,149000,I,16963,official district-by-industry,maximum-entropy independence prior fitted by RAS/IPF; deterministic controlled integer rounding,not applicable,1,2.3283064365386963e-10,True
base,浦东新区,310115501000,中国（上海）自由贸易试验区（保税片区）,functional_zone,True,149000,J,14158,official district-by-industry,maximum-entropy independence prior fitted by RAS/IPF; deterministic controlled integer rounding,not applicable,1,2.3283064365386963e-10,True
base,浦东新区,310115501000,中国（上海）自由贸易试验区（保税片区）,functional_zone,True,149000,M,11158,official district-by-industry,maximum-entropy independence prior fitted by RAS/IPF; deterministic controlled integer rounding,not applicable,1,2.3283064365386963e-10,True
base,浦东新区,310115501000,中国（上海）自由贸易试验区（保税片区）,functional_zone,True,149000,721,2254,reviewed Core+ district composition scenario,maximum-entropy independence prior fitted by RAS/IPF; deterministic controlled integer rounding,not applicable,1,2.3283064365386963e-10,True
base,浦东新区,310115501000,中国（上海）自由贸易试验区（保税片区）,functional_zone,True,149000,723,497,reviewed Core+ district composition scenario,maximum-entropy independence prior fitted by RAS/IPF; deterministic controlled integer rounding,not applicable,1,2.3283064365386963e-10,True
base,浦东新区,310115501000,中国（上海）自由贸易试验区（保税片区）,functional_zone,True,149000,724,3593,reviewed Core+ district composition scenario,maximum-entropy independence prior fitted by RAS/IPF; deterministic controlled integer rounding,not applicable,1,2.3283064365386963e-10,True
base,浦东新区,310115501000,中国（上海）自由贸易试验区（保税片区）,functional_zone,True,149000,725,994,reviewed Core+ district composition scenario,maximum-entropy independence prior fitted by RAS/IPF; deterministic controlled integer rounding,not applicable,1,2.3283064365386963e-10,True
base,浦东新区,310115501000,中国（上海）自由贸易试验区（保税片区）,functional_zone,True,149000,OTHER,99383,balancing non-office remainder,maximum-entropy independence prior fitted by RAS/IPF; deterministic controlled integer rounding,not applicable,1,2.3283064365386963e-10,True
base,浦东新区,310115502000,金桥经济技术开发区,functional_zone,True,203000,I,23111,official district-by-industry,maximum-entropy independence prior fitted by RAS/IPF; deterministic controlled integer rounding,not applicable,1,2.3283064365386963e-10,True
base,浦东新区,310115502000,金桥经济技术开发区,functional_zone,True,203000,J,19289,official district-by-industry,maximum-entropy independence prior fitted by RAS/IPF; deterministic controlled integer rounding,not applicable,1,2.3283064365386963e-10,True
base,浦东新区,310115502000,金桥经济技术开发区,functional_zone,True,203000,M,15203,official district-by-industry,maximum-entropy independence prior fitted by RAS/IPF; deterministic controlled integer rounding,not applicable,1,2.3283064365386963e-10,True
base,浦东新区,310115502000,金桥经济技术开发区,functional_zone,True,203000,721,3071,reviewed Core+ district composition scenario,maximum-entropy independence prior fitted by RAS/IPF; deterministic controlled integer rounding,not applicable,1,2.3283064365386963e-10,True
base,浦东新区,310115502000,金桥经济技术开发区,functional_zone,True,203000,723,677,reviewed Core+ district composition scenario,maximum-entropy independence prior fitted by RAS/IPF; deterministic controlled integer rounding,not applicable,1,2.3283064365386963e-10,True
base,浦东新区,310115502000,金桥经济技术开发区,functional_zone,True,203000,724,4895,reviewed Core+ district composition scenario,maximum-entropy independence prior fitted by RAS/IPF; deterministic controlled integer rounding,not applicable,1,2.3283064365386963e-10,True
base,浦东新区,310115502000,金桥经济技术开发区,functional_zone,True,203000,725,1354,reviewed Core+ district composition scenario,maximum-entropy independence prior fitted by RAS/IPF; deterministic controlled integer rounding,not applicable,1,2.3283064365386963e-10,True
base,浦东新区,310115502000,金桥经济技术开发区,functional_zone,True,203000,OTHER,135400,balancing non-office remainder,maximum-entropy independence prior fitted by RAS/IPF; deterministic controlled integer rounding,not applicable,1,2.3283064365386963e-10,True
base,浦东新区,310115503000,张江高科技园区,functional_zone,True,469000,I,53394,official district-by-industry,maximum-entropy independence prior fitted by RAS/IPF; deterministic controlled integer rounding,not applicable,1,2.3283064365386963e-10,True
base,浦东新区,310115503000,张江高科技园区,functional_zone,True,469000,J,44563,official district-by-industry,maximum-entropy independence prior fitted by RAS/IPF; deterministic controlled integer rounding,not applicable,1,2.3283064365386963e-10,True
base,浦东新区,310115503000,张江高科技园区,functional_zone,True,469000,M,35123,official district-by-industry,maximum-entropy independence prior fitted by RAS/IPF; deterministic controlled integer rounding,not applicable,1,2.3283064365386963e-10,True
base,浦东新区,310115503000,张江高科技园区,functional_zone,True,469000,721,7096,reviewed Core+ district composition scenario,maximum-entropy independence prior fitted by RAS/IPF; deterministic controlled integer rounding,not applicable,1,2.3283064365386963e-10,True
base,浦东新区,310115503000,张江高科技园区,functional_zone,True,469000,723,1564,reviewed Core+ district composition scenario,maximum-entropy independence prior fitted by RAS/IPF; deterministic controlled integer rounding,not applicable,1,2.3283064365386963e-10,True
base,浦东新区,310115503000,张江高科技园区,functional_zone,True,469000,724,11310,reviewed Core+ district composition scenario,maximum-entropy independence prior fitted by RAS/IPF; deterministic controlled integer rounding,not applicable,1,2.3283064365386963e-10,True
base,浦东新区,310115503000,张江高科技园区,functional_zone,True,469000,725,3129,reviewed Core+ district composition scenario,maximum-entropy independence prior fitted by RAS/IPF; deterministic controlled integer rounding,not applicable,1,2.3283064365386963e-10,True
base,浦东新区,310115503000,张江高科技园区,functional_zone,True,469000,OTHER,312821,balancing non-office remainder,maximum-entropy independence prior fitted by RAS/IPF; deterministic controlled integer rounding,not applicable,1,2.3283064365386963e-10,True
base,浦东新区,310115-unsubdivided-residual,310115-unsubdivided-residual,residual,False,264157,I,30073,official district-by-industry,maximum-entropy independence prior fitted by RAS/IPF; deterministic controlled integer rounding,IPF because bulletin residual is not sector-classified,1,2.3283064365386963e-10,True
base,浦东新区,310115-unsubdivided-residual,310115-unsubdivided-residual,residual,False,264157,J,25100,official district-by-industry,maximum-entropy independence prior fitted by RAS/IPF; deterministic controlled integer rounding,IPF because bulletin residual is not sector-classified,1,2.3283064365386963e-10,True
base,浦东新区,310115-unsubdivided-residual,310115-unsubdivided-residual,residual,False,264157,M,19782,official district-by-industry,maximum-entropy independence prior fitted by RAS/IPF; deterministic controlled integer rounding,IPF because bulletin residual is not sector-classified,1,2.3283064365386963e-10,True
base,浦东新区,310115-unsubdivided-residual,310115-unsubdivided-residual,residual,False,264157,721,3997,reviewed Core+ district composition scenario,maximum-entropy independence prior fitted by RAS/IPF; deterministic controlled integer rounding,IPF because bulletin residual is not sector-classified,1,2.3283064365386963e-10,True
base,浦东新区,310115-unsubdivided-residual,310115-unsubdivided-residual,residual,False,264157,723,881,reviewed Core+ district composition scenario,maximum-entropy independence prior fitted by RAS/IPF; deterministic controlled integer rounding,IPF because bulletin residual is not sector-classified,1,2.3283064365386963e-10,True
base,浦东新区,310115-unsubdivided-residual,310115-unsubdivided-residual,residual,False,264157,724,6370,reviewed Core+ district composition scenario,maximum-entropy independence prior fitted by RAS/IPF; deterministic controlled integer rounding,IPF because bulletin residual is not sector-classified,1,2.3283064365386963e-10,True
base,浦东新区,310115-unsubdivided-residual,310115-unsubdivided-residual,residual,False,264157,725,1762,reviewed Core+ district composition scenario,maximum-entropy independence prior fitted by RAS/IPF; deterministic controlled integer rounding,IPF because bulletin residual is not sector-classified,1,2.3283064365386963e-10,True
base,浦东新区,310115-unsubdivided-residual,310115-unsubdivided-residual,residual,False,264157,OTHER,176192,balancing non-office remainder,maximum-entropy independence prior fitted by RAS/IPF; deterministic controlled integer rounding,IPF because bulletin residual is not sector-classified,1,2.3283064365386963e-10,True
high_office_intensity,黄浦区,310101002000,南京东路街道,street,True,101851,I,5590,official district-by-industry,maximum-entropy independence prior fitted by RAS/IPF; deterministic controlled integer rounding,not applicable,1,1.1641532182693481e-10,True
high_office_intensity,黄浦区,310101002000,南京东路街道,street,True,101851,J,1425,official district-by-industry,maximum-entropy independence prior fitted by RAS/IPF; deterministic controlled integer rounding,not applicable,1,1.1641532182693481e-10,True
high_office_intensity,黄浦区,310101002000,南京东路街道,street,True,101851,M,6458,official district-by-industry,maximum-entropy independence prior fitted by RAS/IPF; deterministic controlled integer rounding,not applicable,1,1.1641532182693481e-10,True
high_office_intensity,黄浦区,310101002000,南京东路街道,street,True,101851,721,3855,reviewed Core+ district composition scenario,maximum-entropy independence prior fitted by RAS/IPF; deterministic controlled integer rounding,not applicable,1,1.1641532182693481e-10,True
high_office_intensity,黄浦区,310101002000,南京东路街道,street,True,101851,723,850,reviewed Core+ district composition scenario,maximum-entropy independence prior fitted by RAS/IPF; deterministic controlled integer rounding,not applicable,1,1.1641532182693481e-10,True
high_office_intensity,黄浦区,310101002000,南京东路街道,street,True,101851,724,6145,reviewed Core+ district composition scenario,maximum-entropy independence prior fitted by RAS/IPF; deterministic controlled integer rounding,not applicable,1,1.1641532182693481e-10,True
high_office_intensity,黄浦区,310101002000,南京东路街道,street,True,101851,725,1700,reviewed Core+ district composition scenario,maximum-entropy independence prior fitted by RAS/IPF; deterministic controlled integer rounding,not applicable,1,1.1641532182693481e-10,True
high_office_intensity,黄浦区,310101002000,南京东路街道,street,True,101851,OTHER,75828,balancing non-office remainder,maximum-entropy independence prior fitted by RAS/IPF; deterministic controlled integer rounding,not applicable,1,1.1641532182693481e-10,True
high_office_intensity,黄浦区,310101013000,外滩街道,street,True,113352,I,6221,official district-by-industry,maximum-entropy independence prior fitted by RAS/IPF; deterministic controlled integer rounding,not applicable,1,1.1641532182693481e-10,True
high_office_intensity,黄浦区,310101013000,外滩街道,street,True,113352,J,1586,official district-by-industry,maximum-entropy independence prior fitted by RAS/IPF; deterministic controlled integer rounding,not applicable,1,1.1641532182693481e-10,True
high_office_intensity,黄浦区,310101013000,外滩街道,street,True,113352,M,7187,official district-by-industry,maximum-entropy independence prior fitted by RAS/IPF; deterministic controlled integer rounding,not applicable,1,1.1641532182693481e-10,True
high_office_intensity,黄浦区,310101013000,外滩街道,street,True,113352,721,4291,reviewed Core+ district composition scenario,maximum-entropy independence prior fitted by RAS/IPF; deterministic controlled integer rounding,not applicable,1,1.1641532182693481e-10,True
high_office_intensity,黄浦区,310101013000,外滩街道,street,True,113352,723,946,reviewed Core+ district composition scenario,maximum-entropy independence prior fitted by RAS/IPF; deterministic controlled integer rounding,not applicable,1,1.1641532182693481e-10,True
high_office_intensity,黄浦区,310101013000,外滩街道,street,True,113352,724,6839,reviewed Core+ district composition scenario,maximum-entropy independence prior fitted by RAS/IPF; deterministic controlled integer rounding,not applicable,1,1.1641532182693481e-10,True
high_office_intensity,黄浦区,310101013000,外滩街道,street,True,113352,725,1892,reviewed Core+ district composition scenario,maximum-entropy independence prior fitted by RAS/IPF; deterministic controlled integer rounding,not applicable,1,1.1641532182693481e-10,True
high_office_intensity,黄浦区,310101013000,外滩街道,street,True,113352,OTHER,84390,balancing non-office remainder,maximum-entropy independence prior fitted by RAS/IPF; deterministic controlled integer rounding,not applicable,1,1.1641532182693481e-10,True
high_office_intensity,黄浦区,310101015000,半淞园路街道,street,True,30334,I,1665,official district-by-industry,maximum-entropy independence prior fitted by RAS/IPF; deterministic controlled integer rounding,not applicable,1,1.1641532182693481e-10,True
high_office_intensity,黄浦区,310101015000,半淞园路街道,street,True,30334,J,424,official district-by-industry,maximum-entropy independence prior fitted by RAS/IPF; deterministic controlled integer rounding,not applicable,1,1.1641532182693481e-10,True
high_office_intensity,黄浦区,310101015000,半淞园路街道,street,True,30334,M,1924,official district-by-industry,maximum-entropy independence prior fitted by RAS/IPF; deterministic controlled integer rounding,not applicable,1,1.1641532182693481e-10,True
high_office_intensity,黄浦区,310101015000,半淞园路街道,street,True,30334,721,1148,reviewed Core+ district composition scenario,maximum-entropy independence prior fitted by RAS/IPF; deterministic controlled integer rounding,not applicable,1,1.1641532182693481e-10,True
high_office_intensity,黄浦区,310101015000,半淞园路街道,street,True,30334,723,253,reviewed Core+ district composition scenario,maximum-entropy independence prior fitted by RAS/IPF; deterministic controlled integer rounding,not applicable,1,1.1641532182693481e-10,True
high_office_intensity,黄浦区,310101015000,半淞园路街道,street,True,30334,724,1830,reviewed Core+ district composition scenario,maximum-entropy independence prior fitted by RAS/IPF; deterministic controlled integer rounding,not applicable,1,1.1641532182693481e-10,True
high_office_intensity,黄浦区,310101015000,半淞园路街道,street,True,30334,725,506,reviewed Core+ district composition scenario,maximum-entropy independence prior fitted by RAS/IPF; deterministic controlled integer rounding,not applicable,1,1.1641532182693481e-10,True
high_office_intensity,黄浦区,310101015000,半淞园路街道,street,True,30334,OTHER,22584,balancing non-office remainder,maximum-entropy independence prior fitted by RAS/IPF; deterministic controlled integer rounding,not applicable,1,1.1641532182693481e-10,True
high_office_intensity,黄浦区,310101017000,小东门街道,street,True,126442,I,6940,official district-by-industry,maximum-entropy independence prior fitted by RAS/IPF; deterministic controlled integer rounding,not applicable,1,1.1641532182693481e-10,True
high_office_intensity,黄浦区,310101017000,小东门街道,street,True,126442,J,1769,official district-by-industry,maximum-entropy independence prior fitted by RAS/IPF; deterministic controlled integer rounding,not applicable,1,1.1641532182693481e-10,True
high_office_intensity,黄浦区,310101017000,小东门街道,street,True,126442,M,8018,official district-by-industry,maximum-entropy independence prior fitted by RAS/IPF; deterministic controlled integer rounding,not applicable,1,1.1641532182693481e-10,True
high_office_intensity,黄浦区,310101017000,小东门街道,street,True,126442,721,4786,reviewed Core+ district composition scenario,maximum-entropy independence prior fitted by RAS/IPF; deterministic controlled integer rounding,not applicable,1,1.1641532182693481e-10,True
high_office_intensity,黄浦区,310101017000,小东门街道,street,True,126442,723,1055,reviewed Core+ district composition scenario,maximum-entropy independence prior fitted by RAS/IPF; deterministic controlled integer rounding,not applicable,1,1.1641532182693481e-10,True
high_office_intensity,黄浦区,310101017000,小东门街道,street,True,126442,724,7628,reviewed Core+ district composition scenario,maximum-entropy independence prior fitted by RAS/IPF; deterministic controlled integer rounding,not applicable,1,1.1641532182693481e-10,True
high_office_intensity,黄浦区,310101017000,小东门街道,street,True,126442,725,2110,reviewed Core+ district composition scenario,maximum-entropy independence prior fitted by RAS/IPF; deterministic controlled integer rounding,not applicable,1,1.1641532182693481e-10,True
high_office_intensity,黄浦区,310101017000,小东门街道,street,True,126442,OTHER,94136,balancing non-office remainder,maximum-entropy independence prior fitted by RAS/IPF; deterministic controlled integer rounding,not applicable,1,1.1641532182693481e-10,True
high_office_intensity,黄浦区,310101018000,豫园街道,street,True,19681,I,1080,official district-by-industry,maximum-entropy independence prior fitted by RAS/IPF; deterministic controlled integer rounding,not applicable,1,1.1641532182693481e-10,True
high_office_intensity,黄浦区,310101018000,豫园街道,street,True,19681,J,276,official district-by-industry,maximum-entropy independence prior fitted by RAS/IPF; deterministic controlled integer rounding,not applicable,1,1.1641532182693481e-10,True
high_office_intensity,黄浦区,310101018000,豫园街道,street,True,19681,M,1248,official district-by-industry,maximum-entropy independence prior fitted by RAS/IPF; deterministic controlled integer rounding,not applicable,1,1.1641532182693481e-10,True
high_office_intensity,黄浦区,310101018000,豫园街道,street,True,19681,721,745,reviewed Core+ district composition scenario,maximum-entropy independence prior fitted by RAS/IPF; deterministic controlled integer rounding,not applicable,1,1.1641532182693481e-10,True
high_office_intensity,黄浦区,310101018000,豫园街道,street,True,19681,723,164,reviewed Core+ district composition scenario,maximum-entropy independence prior fitted by RAS/IPF; deterministic controlled integer rounding,not applicable,1,1.1641532182693481e-10,True
high_office_intensity,黄浦区,310101018000,豫园街道,street,True,19681,724,1187,reviewed Core+ district composition scenario,maximum-entropy independence prior fitted by RAS/IPF; deterministic controlled integer rounding,not applicable,1,1.1641532182693481e-10,True
high_office_intensity,黄浦区,310101018000,豫园街道,street,True,19681,725,329,reviewed Core+ district composition scenario,maximum-entropy independence prior fitted by RAS/IPF; deterministic controlled integer rounding,not applicable,1,1.1641532182693481e-10,True
high_office_intensity,黄浦区,310101018000,豫园街道,street,True,19681,OTHER,14652,balancing non-office remainder,maximum-entropy independence prior fitted by RAS/IPF; deterministic controlled integer rounding,not applicable,1,1.1641532182693481e-10,True
high_office_intensity,黄浦区,310101019000,老西门街道,street,True,16323,I,896,official district-by-industry,maximum-entropy independence prior fitted by RAS/IPF; deterministic controlled integer rounding,not applicable,1,1.1641532182693481e-10,True
high_office_intensity,黄浦区,310101019000,老西门街道,street,True,16323,J,228,official district-by-industry,maximum-entropy independence prior fitted by RAS/IPF; deterministic controlled integer rounding,not applicable,1,1.1641532182693481e-10,True
high_office_intensity,黄浦区,310101019000,老西门街道,street,True,16323,M,1035,official district-by-industry,maximum-entropy independence prior fitted by RAS/IPF; deterministic controlled integer rounding,not applicable,1,1.1641532182693481e-10,True
high_office_intensity,黄浦区,310101019000,老西门街道,street,True,16323,721,618,reviewed Core+ district composition scenario,maximum-entropy independence prior fitted by RAS/IPF; deterministic controlled integer rounding,not applicable,1,1.1641532182693481e-10,True
high_office_intensity,黄浦区,310101019000,老西门街道,street,True,16323,723,136,reviewed Core+ district composition scenario,maximum-entropy independence prior fitted by RAS/IPF; deterministic controlled integer rounding,not applicable,1,1.1641532182693481e-10,True
high_office_intensity,黄浦区,310101019000,老西门街道,street,True,16323,724,985,reviewed Core+ district composition scenario,maximum-entropy independence prior fitted by RAS/IPF; deterministic controlled integer rounding,not applicable,1,1.1641532182693481e-10,True
high_office_intensity,黄浦区,310101019000,老西门街道,street,True,16323,725,273,reviewed Core+ district composition scenario,maximum-entropy independence prior fitted by RAS/IPF; deterministic controlled integer rounding,not applicable,1,1.1641532182693481e-10,True
high_office_intensity,黄浦区,310101019000,老西门街道,street,True,16323,OTHER,12152,balancing non-office remainder,maximum-entropy independence prior fitted by RAS/IPF; deterministic controlled integer rounding,not applicable,1,1.1641532182693481e-10,True
high_office_intensity,黄浦区,310101020000,五里桥街道,street,True,45959,I,2523,official district-by-industry,maximum-entropy independence prior fitted by RAS/IPF; deterministic controlled integer rounding,not applicable,1,1.1641532182693481e-10,True
high_office_intensity,黄浦区,310101020000,五里桥街道,street,True,45959,J,643,official district-by-industry,maximum-entropy independence prior fitted by RAS/IPF; deterministic controlled integer rounding,not applicable,1,1.1641532182693481e-10,True
high_office_intensity,黄浦区,310101020000,五里桥街道,street,True,45959,M,2914,official district-by-industry,maximum-entropy independence prior fitted by RAS/IPF; deterministic controlled integer rounding,not applicable,1,1.1641532182693481e-10,True
high_office_intensity,黄浦区,310101020000,五里桥街道,street,True,45959,721,1740,reviewed Core+ district composition scenario,maximum-entropy independence prior fitted by RAS/IPF; deterministic controlled integer rounding,not applicable,1,1.1641532182693481e-10,True
high_office_intensity,黄浦区,310101020000,五里桥街道,street,True,45959,723,383,reviewed Core+ district composition scenario,maximum-entropy independence prior fitted by RAS/IPF; deterministic controlled integer rounding,not applicable,1,1.1641532182693481e-10,True
high_office_intensity,黄浦区,310101020000,五里桥街道,street,True,45959,724,2773,reviewed Core+ district composition scenario,maximum-entropy independence prior fitted by RAS/IPF; deterministic controlled integer rounding,not applicable,1,1.1641532182693481e-10,True
high_office_intensity,黄浦区,310101020000,五里桥街道,street,True,45959,725,767,reviewed Core+ district composition scenario,maximum-entropy independence prior fitted by RAS/IPF; deterministic controlled integer rounding,not applicable,1,1.1641532182693481e-10,True
high_office_intensity,黄浦区,310101020000,五里桥街道,street,True,45959,OTHER,34216,balancing non-office remainder,maximum-entropy independence prior fitted by RAS/IPF; deterministic controlled integer rounding,not applicable,1,1.1641532182693481e-10,True
high_office_intensity,黄浦区,310101021000,打浦桥街道,street,True,49936,I,2741,official district-by-industry,maximum-entropy independence prior fitted by RAS/IPF; deterministic controlled integer rounding,not applicable,1,1.1641532182693481e-10,True
high_office_intensity,黄浦区,310101021000,打浦桥街道,street,True,49936,J,699,official district-by-industry,maximum-entropy independence prior fitted by RAS/IPF; deterministic controlled integer rounding,not applicable,1,1.1641532182693481e-10,True
high_office_intensity,黄浦区,310101021000,打浦桥街道,street,True,49936,M,3166,official district-by-industry,maximum-entropy independence prior fitted by RAS/IPF; deterministic controlled integer rounding,not applicable,1,1.1641532182693481e-10,True
high_office_intensity,黄浦区,310101021000,打浦桥街道,street,True,49936,721,1890,reviewed Core+ district composition scenario,maximum-entropy independence prior fitted by RAS/IPF; deterministic controlled integer rounding,not applicable,1,1.1641532182693481e-10,True
high_office_intensity,黄浦区,310101021000,打浦桥街道,street,True,49936,723,417,reviewed Core+ district composition scenario,maximum-entropy independence prior fitted by RAS/IPF; deterministic controlled integer rounding,not applicable,1,1.1641532182693481e-10,True
high_office_intensity,黄浦区,310101021000,打浦桥街道,street,True,49936,724,3013,reviewed Core+ district composition scenario,maximum-entropy independence prior fitted by RAS/IPF; deterministic controlled integer rounding,not applicable,1,1.1641532182693481e-10,True
high_office_intensity,黄浦区,310101021000,打浦桥街道,street,True,49936,725,833,reviewed Core+ district composition scenario,maximum-entropy independence prior fitted by RAS/IPF; deterministic controlled integer rounding,not applicable,1,1.1641532182693481e-10,True
high_office_intensity,黄浦区,310101021000,打浦桥街道,street,True,49936,OTHER,37177,balancing non-office remainder,maximum-entropy independence prior fitted by RAS/IPF; deterministic controlled integer rounding,not applicable,1,1.1641532182693481e-10,True
high_office_intensity,黄浦区,310101022000,淮海中路街道,street,True,81561,I,4476,official district-by-industry,maximum-entropy independence prior fitted by RAS/IPF; deterministic controlled integer rounding,not applicable,1,1.1641532182693481e-10,True
high_office_intensity,黄浦区,310101022000,淮海中路街道,street,True,81561,J,1141,official district-by-industry,maximum-entropy independence prior fitted by RAS/IPF; deterministic controlled integer rounding,not applicable,1,1.1641532182693481e-10,True
high_office_intensity,黄浦区,310101022000,淮海中路街道,street,True,81561,M,5172,official district-by-industry,maximum-entropy independence prior fitted by RAS/IPF; deterministic controlled integer rounding,not applicable,1,1.1641532182693481e-10,True
high_office_intensity,黄浦区,310101022000,淮海中路街道,street,True,81561,721,3087,reviewed Core+ district composition scenario,maximum-entropy independence prior fitted by RAS/IPF; deterministic controlled integer rounding,not applicable,1,1.1641532182693481e-10,True
high_office_intensity,黄浦区,310101022000,淮海中路街道,street,True,81561,723,680,reviewed Core+ district composition scenario,maximum-entropy independence prior fitted by RAS/IPF; deterministic controlled integer rounding,not applicable,1,1.1641532182693481e-10,True
high_office_intensity,黄浦区,310101022000,淮海中路街道,street,True,81561,724,4921,reviewed Core+ district composition scenario,maximum-entropy independence prior fitted by RAS/IPF; deterministic controlled integer rounding,not applicable,1,1.1641532182693481e-10,True
high_office_intensity,黄浦区,310101022000,淮海中路街道,street,True,81561,725,1362,reviewed Core+ district composition scenario,maximum-entropy independence prior fitted by RAS/IPF; deterministic controlled integer rounding,not applicable,1,1.1641532182693481e-10,True
high_office_intensity,黄浦区,310101022000,淮海中路街道,street,True,81561,OTHER,60722,balancing non-office remainder,maximum-entropy independence prior fitted by RAS/IPF; deterministic controlled integer rounding,not applicable,1,1.1641532182693481e-10,True
high_office_intensity,黄浦区,310101023000,瑞金二路街道,street,True,52840,I,2900,official district-by-industry,maximum-entropy independence prior fitted by RAS/IPF; deterministic controlled integer rounding,not applicable,1,1.1641532182693481e-10,True
high_office_intensity,黄浦区,310101023000,瑞金二路街道,street,True,52840,J,739,official district-by-industry,maximum-entropy independence prior fitted by RAS/IPF; deterministic controlled integer rounding,not applicable,1,1.1641532182693481e-10,True
high_office_intensity,黄浦区,310101023000,瑞金二路街道,street,True,52840,M,3351,official district-by-industry,maximum-entropy independence prior fitted by RAS/IPF; deterministic controlled integer rounding,not applicable,1,1.1641532182693481e-10,True
high_office_intensity,黄浦区,310101023000,瑞金二路街道,street,True,52840,721,2000,reviewed Core+ district composition scenario,maximum-entropy independence prior fitted by RAS/IPF; deterministic controlled integer rounding,not applicable,1,1.1641532182693481e-10,True
high_office_intensity,黄浦区,310101023000,瑞金二路街道,street,True,52840,723,441,reviewed Core+ district composition scenario,maximum-entropy independence prior fitted by RAS/IPF; deterministic controlled integer rounding,not applicable,1,1.1641532182693481e-10,True
high_office_intensity,黄浦区,310101023000,瑞金二路街道,street,True,52840,724,3188,reviewed Core+ district composition scenario,maximum-entropy independence prior fitted by RAS/IPF; deterministic controlled integer rounding,not applicable,1,1.1641532182693481e-10,True
high_office_intensity,黄浦区,310101023000,瑞金二路街道,street,True,52840,725,882,reviewed Core+ district composition scenario,maximum-entropy independence prior fitted by RAS/IPF; deterministic controlled integer rounding,not applicable,1,1.1641532182693481e-10,True
high_office_intensity,黄浦区,310101023000,瑞金二路街道,street,True,52840,OTHER,39339,balancing non-office remainder,maximum-entropy independence prior fitted by RAS/IPF; deterministic controlled integer rounding,not applicable,1,1.1641532182693481e-10,True
high_office_intensity,黄浦区,310101-finance-residual,310101-finance-residual,residual,False,74334,I,0,official district-by-industry,bulletin-compatible fixed residual assignment before maximum-entropy RAS/IPF,official J assigned to finance-tied residual up to row total; remaining residual is OTHER,1,1.1641532182693481e-10,True
high_office_intensity,黄浦区,310101-finance-residual,310101-finance-residual,residual,False,74334,J,74334,official district-by-industry,bulletin-compatible fixed residual assignment before maximum-entropy RAS/IPF,official J assigned to finance-tied residual up to row total; remaining residual is OTHER,1,1.1641532182693481e-10,True
high_office_intensity,黄浦区,310101-finance-residual,310101-finance-residual,residual,False,74334,M,0,official district-by-industry,bulletin-compatible fixed residual assignment before maximum-entropy RAS/IPF,official J assigned to finance-tied residual up to row total; remaining residual is OTHER,1,1.1641532182693481e-10,True
high_office_intensity,黄浦区,310101-finance-residual,310101-finance-residual,residual,False,74334,721,0,reviewed Core+ district composition scenario,bulletin-compatible fixed residual assignment before maximum-entropy RAS/IPF,official J assigned to finance-tied residual up to row total; remaining residual is OTHER,1,1.1641532182693481e-10,True
high_office_intensity,黄浦区,310101-finance-residual,310101-finance-residual,residual,False,74334,723,0,reviewed Core+ district composition scenario,bulletin-compatible fixed residual assignment before maximum-entropy RAS/IPF,official J assigned to finance-tied residual up to row total; remaining residual is OTHER,1,1.1641532182693481e-10,True
high_office_intensity,黄浦区,310101-finance-residual,310101-finance-residual,residual,False,74334,724,0,reviewed Core+ district composition scenario,bulletin-compatible fixed residual assignment before maximum-entropy RAS/IPF,official J assigned to finance-tied residual up to row total; remaining residual is OTHER,1,1.1641532182693481e-10,True
high_office_intensity,黄浦区,310101-finance-residual,310101-finance-residual,residual,False,74334,725,0,reviewed Core+ district composition scenario,bulletin-compatible fixed residual assignment before maximum-entropy RAS/IPF,official J assigned to finance-tied residual up to row total; remaining residual is OTHER,1,1.1641532182693481e-10,True
high_office_intensity,黄浦区,310101-finance-residual,310101-finance-residual,residual,False,74334,OTHER,0,balancing non-office remainder,bulletin-compatible fixed residual assignment before maximum-entropy RAS/IPF,official J assigned to finance-tied residual up to row total; remaining residual is OTHER,1,1.1641532182693481e-10,True
high_office_intensity,徐汇区,310104003000,天平路街道,street,True,57800,I,8417,official district-by-industry,maximum-entropy independence prior fitted by RAS/IPF; deterministic controlled integer rounding,not applicable,1,3.637978807091713e-12,True
high_office_intensity,徐汇区,310104003000,天平路街道,street,True,57800,J,0,official district-by-industry,maximum-entropy independence prior fitted by RAS/IPF; deterministic controlled integer rounding,not applicable,1,3.637978807091713e-12,True
high_office_intensity,徐汇区,310104003000,天平路街道,street,True,57800,M,5755,official district-by-industry,maximum-entropy independence prior fitted by RAS/IPF; deterministic controlled integer rounding,not applicable,1,3.637978807091713e-12,True
high_office_intensity,徐汇区,310104003000,天平路街道,street,True,57800,721,1102,reviewed Core+ district composition scenario,maximum-entropy independence prior fitted by RAS/IPF; deterministic controlled integer rounding,not applicable,1,3.637978807091713e-12,True
high_office_intensity,徐汇区,310104003000,天平路街道,street,True,57800,723,243,reviewed Core+ district composition scenario,maximum-entropy independence prior fitted by RAS/IPF; deterministic controlled integer rounding,not applicable,1,3.637978807091713e-12,True
high_office_intensity,徐汇区,310104003000,天平路街道,street,True,57800,724,1757,reviewed Core+ district composition scenario,maximum-entropy independence prior fitted by RAS/IPF; deterministic controlled integer rounding,not applicable,1,3.637978807091713e-12,True
high_office_intensity,徐汇区,310104003000,天平路街道,street,True,57800,725,486,reviewed Core+ district composition scenario,maximum-entropy independence prior fitted by RAS/IPF; deterministic controlled integer rounding,not applicable,1,3.637978807091713e-12,True
high_office_intensity,徐汇区,310104003000,天平路街道,street,True,57800,OTHER,40040,balancing non-office remainder,maximum-entropy independence prior fitted by RAS/IPF; deterministic controlled integer rounding,not applicable,1,3.637978807091713e-12,True
high_office_intensity,徐汇区,310104004000,湖南路街道,street,True,48700,I,7091,official district-by-industry,maximum-entropy independence prior fitted by RAS/IPF; deterministic controlled integer rounding,not applicable,1,3.637978807091713e-12,True
high_office_intensity,徐汇区,310104004000,湖南路街道,street,True,48700,J,0,official district-by-industry,maximum-entropy independence prior fitted by RAS/IPF; deterministic controlled integer rounding,not applicable,1,3.637978807091713e-12,True
high_office_intensity,徐汇区,310104004000,湖南路街道,street,True,48700,M,4849,official district-by-industry,maximum-entropy independence prior fitted by RAS/IPF; deterministic controlled integer rounding,not applicable,1,3.637978807091713e-12,True
high_office_intensity,徐汇区,310104004000,湖南路街道,street,True,48700,721,929,reviewed Core+ district composition scenario,maximum-entropy independence prior fitted by RAS/IPF; deterministic controlled integer rounding,not applicable,1,3.637978807091713e-12,True
high_office_intensity,徐汇区,310104004000,湖南路街道,street,True,48700,723,205,reviewed Core+ district composition scenario,maximum-entropy independence prior fitted by RAS/IPF; deterministic controlled integer rounding,not applicable,1,3.637978807091713e-12,True
high_office_intensity,徐汇区,310104004000,湖南路街道,street,True,48700,724,1481,reviewed Core+ district composition scenario,maximum-entropy independence prior fitted by RAS/IPF; deterministic controlled integer rounding,not applicable,1,3.637978807091713e-12,True
high_office_intensity,徐汇区,310104004000,湖南路街道,street,True,48700,725,409,reviewed Core+ district composition scenario,maximum-entropy independence prior fitted by RAS/IPF; deterministic controlled integer rounding,not applicable,1,3.637978807091713e-12,True
high_office_intensity,徐汇区,310104004000,湖南路街道,street,True,48700,OTHER,33736,balancing non-office remainder,maximum-entropy independence prior fitted by RAS/IPF; deterministic controlled integer rounding,not applicable,1,3.637978807091713e-12,True
high_office_intensity,徐汇区,310104007000,斜土路街道,street,True,29800,I,4339,official district-by-industry,maximum-entropy independence prior fitted by RAS/IPF; deterministic controlled integer rounding,not applicable,1,3.637978807091713e-12,True
high_office_intensity,徐汇区,310104007000,斜土路街道,street,True,29800,J,0,official district-by-industry,maximum-entropy independence prior fitted by RAS/IPF; deterministic controlled integer rounding,not applicable,1,3.637978807091713e-12,True
high_office_intensity,徐汇区,310104007000,斜土路街道,street,True,29800,M,2967,official district-by-industry,maximum-entropy independence prior fitted by RAS/IPF; deterministic controlled integer rounding,not applicable,1,3.637978807091713e-12,True
high_office_intensity,徐汇区,310104007000,斜土路街道,street,True,29800,721,569,reviewed Core+ district composition scenario,maximum-entropy independence prior fitted by RAS/IPF; deterministic controlled integer rounding,not applicable,1,3.637978807091713e-12,True
high_office_intensity,徐汇区,310104007000,斜土路街道,street,True,29800,723,125,reviewed Core+ district composition scenario,maximum-entropy independence prior fitted by RAS/IPF; deterministic controlled integer rounding,not applicable,1,3.637978807091713e-12,True
high_office_intensity,徐汇区,310104007000,斜土路街道,street,True,29800,724,906,reviewed Core+ district composition scenario,maximum-entropy independence prior fitted by RAS/IPF; deterministic controlled integer rounding,not applicable,1,3.637978807091713e-12,True
high_office_intensity,徐汇区,310104007000,斜土路街道,street,True,29800,725,251,reviewed Core+ district composition scenario,maximum-entropy independence prior fitted by RAS/IPF; deterministic controlled integer rounding,not applicable,1,3.637978807091713e-12,True
high_office_intensity,徐汇区,310104007000,斜土路街道,street,True,29800,OTHER,20643,balancing non-office remainder,maximum-entropy independence prior fitted by RAS/IPF; deterministic controlled integer rounding,not applicable,1,3.637978807091713e-12,True
high_office_intensity,徐汇区,310104008000,枫林路街道,street,True,56800,I,8271,official district-by-industry,maximum-entropy independence prior fitted by RAS/IPF; deterministic controlled integer rounding,not applicable,1,3.637978807091713e-12,True
high_office_intensity,徐汇区,310104008000,枫林路街道,street,True,56800,J,0,official district-by-industry,maximum-entropy independence prior fitted by RAS/IPF; deterministic controlled integer rounding,not applicable,1,3.637978807091713e-12,True
high_office_intensity,徐汇区,310104008000,枫林路街道,street,True,56800,M,5655,official district-by-industry,maximum-entropy independence prior fitted by RAS/IPF; deterministic controlled integer rounding,not applicable,1,3.637978807091713e-12,True
high_office_intensity,徐汇区,310104008000,枫林路街道,street,True,56800,721,1083,reviewed Core+ district composition scenario,maximum-entropy independence prior fitted by RAS/IPF; deterministic controlled integer rounding,not applicable,1,3.637978807091713e-12,True
high_office_intensity,徐汇区,310104008000,枫林路街道,street,True,56800,723,239,reviewed Core+ district composition scenario,maximum-entropy independence prior fitted by RAS/IPF; deterministic controlled integer rounding,not applicable,1,3.637978807091713e-12,True
high_office_intensity,徐汇区,310104008000,枫林路街道,street,True,56800,724,1727,reviewed Core+ district composition scenario,maximum-entropy independence prior fitted by RAS/IPF; deterministic controlled integer rounding,not applicable,1,3.637978807091713e-12,True
high_office_intensity,徐汇区,310104008000,枫林路街道,street,True,56800,725,478,reviewed Core+ district composition scenario,maximum-entropy independence prior fitted by RAS/IPF; deterministic controlled integer rounding,not applicable,1,3.637978807091713e-12,True
high_office_intensity,徐汇区,310104008000,枫林路街道,street,True,56800,OTHER,39347,balancing non-office remainder,maximum-entropy independence prior fitted by RAS/IPF; deterministic controlled integer rounding,not applicable,1,3.637978807091713e-12,True
high_office_intensity,徐汇区,310104010000,长桥街道,street,True,20700,I,3014,official district-by-industry,maximum-entropy independence prior fitted by RAS/IPF; deterministic controlled integer rounding,not applicable,1,3.637978807091713e-12,True
high_office_intensity,徐汇区,310104010000,长桥街道,street,True,20700,J,0,official district-by-industry,maximum-entropy independence prior fitted by RAS/IPF; deterministic controlled integer rounding,not applicable,1,3.637978807091713e-12,True
high_office_intensity,徐汇区,310104010000,长桥街道,street,True,20700,M,2061,official district-by-industry,maximum-entropy independence prior fitted by RAS/IPF; deterministic controlled integer rounding,not applicable,1,3.637978807091713e-12,True
high_office_intensity,徐汇区,310104010000,长桥街道,street,True,20700,721,395,reviewed Core+ district composition scenario,maximum-entropy independence prior fitted by RAS/IPF; deterministic controlled integer rounding,not applicable,1,3.637978807091713e-12,True
high_office_intensity,徐汇区,310104010000,长桥街道,street,True,20700,723,87,reviewed Core+ district composition scenario,maximum-entropy independence prior fitted by RAS/IPF; deterministic controlled integer rounding,not applicable,1,3.637978807091713e-12,True
high_office_intensity,徐汇区,310104010000,长桥街道,street,True,20700,724,629,reviewed Core+ district composition scenario,maximum-entropy independence prior fitted by RAS/IPF; deterministic controlled integer rounding,not applicable,1,3.637978807091713e-12,True
high_office_intensity,徐汇区,310104010000,长桥街道,street,True,20700,725,174,reviewed Core+ district composition scenario,maximum-entropy independence prior fitted by RAS/IPF; deterministic controlled integer rounding,not applicable,1,3.637978807091713e-12,True
high_office_intensity,徐汇区,310104010000,长桥街道,street,True,20700,OTHER,14340,balancing non-office remainder,maximum-entropy independence prior fitted by RAS/IPF; deterministic controlled integer rounding,not applicable,1,3.637978807091713e-12,True
high_office_intensity,徐汇区,310104011000,田林街道,street,True,75600,I,11008,official district-by-industry,maximum-entropy independence prior fitted by RAS/IPF; deterministic controlled integer rounding,not applicable,1,3.637978807091713e-12,True
high_office_intensity,徐汇区,310104011000,田林街道,street,True,75600,J,0,official district-by-industry,maximum-entropy independence prior fitted by RAS/IPF; deterministic controlled integer rounding,not applicable,1,3.637978807091713e-12,True
high_office_intensity,徐汇区,310104011000,田林街道,street,True,75600,M,7528,official district-by-industry,maximum-entropy independence prior fitted by RAS/IPF; deterministic controlled integer rounding,not applicable,1,3.637978807091713e-12,True
high_office_intensity,徐汇区,310104011000,田林街道,street,True,75600,721,1442,reviewed Core+ district composition scenario,maximum-entropy independence prior fitted by RAS/IPF; deterministic controlled integer rounding,not applicable,1,3.637978807091713e-12,True
high_office_intensity,徐汇区,310104011000,田林街道,street,True,75600,723,318,reviewed Core+ district composition scenario,maximum-entropy independence prior fitted by RAS/IPF; deterministic controlled integer rounding,not applicable,1,3.637978807091713e-12,True
high_office_intensity,徐汇区,310104011000,田林街道,street,True,75600,724,2298,reviewed Core+ district composition scenario,maximum-entropy independence prior fitted by RAS/IPF; deterministic controlled integer rounding,not applicable,1,3.637978807091713e-12,True
high_office_intensity,徐汇区,310104011000,田林街道,street,True,75600,725,636,reviewed Core+ district composition scenario,maximum-entropy independence prior fitted by RAS/IPF; deterministic controlled integer rounding,not applicable,1,3.637978807091713e-12,True
high_office_intensity,徐汇区,310104011000,田林街道,street,True,75600,OTHER,52370,balancing non-office remainder,maximum-entropy independence prior fitted by RAS/IPF; deterministic controlled integer rounding,not applicable,1,3.637978807091713e-12,True
high_office_intensity,徐汇区,310104012000,虹梅路街道,street,True,262100,I,38166,official district-by-industry,maximum-entropy independence prior fitted by RAS/IPF; deterministic controlled integer rounding,not applicable,1,3.637978807091713e-12,True
high_office_intensity,徐汇区,310104012000,虹梅路街道,street,True,262100,J,0,official district-by-industry,maximum-entropy independence prior fitted by RAS/IPF; deterministic controlled integer rounding,not applicable,1,3.637978807091713e-12,True
high_office_intensity,徐汇区,310104012000,虹梅路街道,street,True,262100,M,26097,official district-by-industry,maximum-entropy independence prior fitted by RAS/IPF; deterministic controlled integer rounding,not applicable,1,3.637978807091713e-12,True
high_office_intensity,徐汇区,310104012000,虹梅路街道,street,True,262100,721,4999,reviewed Core+ district composition scenario,maximum-entropy independence prior fitted by RAS/IPF; deterministic controlled integer rounding,not applicable,1,3.637978807091713e-12,True
high_office_intensity,徐汇区,310104012000,虹梅路街道,street,True,262100,723,1102,reviewed Core+ district composition scenario,maximum-entropy independence prior fitted by RAS/IPF; deterministic controlled integer rounding,not applicable,1,3.637978807091713e-12,True
high_office_intensity,徐汇区,310104012000,虹梅路街道,street,True,262100,724,7968,reviewed Core+ district composition scenario,maximum-entropy independence prior fitted by RAS/IPF; deterministic controlled integer rounding,not applicable,1,3.637978807091713e-12,True
high_office_intensity,徐汇区,310104012000,虹梅路街道,street,True,262100,725,2204,reviewed Core+ district composition scenario,maximum-entropy independence prior fitted by RAS/IPF; deterministic controlled integer rounding,not applicable,1,3.637978807091713e-12,True
high_office_intensity,徐汇区,310104012000,虹梅路街道,street,True,262100,OTHER,181564,balancing non-office remainder,maximum-entropy independence prior fitted by RAS/IPF; deterministic controlled integer rounding,not applicable,1,3.637978807091713e-12,True
high_office_intensity,徐汇区,310104013000,康健新村街道,street,True,15900,I,2315,official district-by-industry,maximum-entropy independence prior fitted by RAS/IPF; deterministic controlled integer rounding,not applicable,1,3.637978807091713e-12,True
high_office_intensity,徐汇区,310104013000,康健新村街道,street,True,15900,J,0,official district-by-industry,maximum-entropy independence prior fitted by RAS/IPF; deterministic controlled integer rounding,not applicable,1,3.637978807091713e-12,True
high_office_intensity,徐汇区,310104013000,康健新村街道,street,True,15900,M,1583,official district-by-industry,maximum-entropy independence prior fitted by RAS/IPF; deterministic controlled integer rounding,not applicable,1,3.637978807091713e-12,True
high_office_intensity,徐汇区,310104013000,康健新村街道,street,True,15900,721,303,reviewed Core+ district composition scenario,maximum-entropy independence prior fitted by RAS/IPF; deterministic controlled integer rounding,not applicable,1,3.637978807091713e-12,True
high_office_intensity,徐汇区,310104013000,康健新村街道,street,True,15900,723,67,reviewed Core+ district composition scenario,maximum-entropy independence prior fitted by RAS/IPF; deterministic controlled integer rounding,not applicable,1,3.637978807091713e-12,True
high_office_intensity,徐汇区,310104013000,康健新村街道,street,True,15900,724,483,reviewed Core+ district composition scenario,maximum-entropy independence prior fitted by RAS/IPF; deterministic controlled integer rounding,not applicable,1,3.637978807091713e-12,True
high_office_intensity,徐汇区,310104013000,康健新村街道,street,True,15900,725,134,reviewed Core+ district composition scenario,maximum-entropy independence prior fitted by RAS/IPF; deterministic controlled integer rounding,not applicable,1,3.637978807091713e-12,True
high_office_intensity,徐汇区,310104013000,康健新村街道,street,True,15900,OTHER,11015,balancing non-office remainder,maximum-entropy independence prior fitted by RAS/IPF; deterministic controlled integer rounding,not applicable,1,3.637978807091713e-12,True
high_office_intensity,徐汇区,310104014000,徐家汇街道,street,True,216300,I,31496,official district-by-industry,maximum-entropy independence prior fitted by RAS/IPF; deterministic controlled integer rounding,not applicable,1,3.637978807091713e-12,True
high_office_intensity,徐汇区,310104014000,徐家汇街道,street,True,216300,J,0,official district-by-industry,maximum-entropy independence prior fitted by RAS/IPF; deterministic controlled integer rounding,not applicable,1,3.637978807091713e-12,True
high_office_intensity,徐汇区,310104014000,徐家汇街道,street,True,216300,M,21537,official district-by-industry,maximum-entropy independence prior fitted by RAS/IPF; deterministic controlled integer rounding,not applicable,1,3.637978807091713e-12,True
high_office_intensity,徐汇区,310104014000,徐家汇街道,street,True,216300,721,4126,reviewed Core+ district composition scenario,maximum-entropy independence prior fitted by RAS/IPF; deterministic controlled integer rounding,not applicable,1,3.637978807091713e-12,True
high_office_intensity,徐汇区,310104014000,徐家汇街道,street,True,216300,723,909,reviewed Core+ district composition scenario,maximum-entropy independence prior fitted by RAS/IPF; deterministic controlled integer rounding,not applicable,1,3.637978807091713e-12,True
high_office_intensity,徐汇区,310104014000,徐家汇街道,street,True,216300,724,6576,reviewed Core+ district composition scenario,maximum-entropy independence prior fitted by RAS/IPF; deterministic controlled integer rounding,not applicable,1,3.637978807091713e-12,True
high_office_intensity,徐汇区,310104014000,徐家汇街道,street,True,216300,725,1819,reviewed Core+ district composition scenario,maximum-entropy independence prior fitted by RAS/IPF; deterministic controlled integer rounding,not applicable,1,3.637978807091713e-12,True
high_office_intensity,徐汇区,310104014000,徐家汇街道,street,True,216300,OTHER,149837,balancing non-office remainder,maximum-entropy independence prior fitted by RAS/IPF; deterministic controlled integer rounding,not applicable,1,3.637978807091713e-12,True
high_office_intensity,徐汇区,310104015000,凌云路街道,street,True,12200,I,1777,official district-by-industry,maximum-entropy independence prior fitted by RAS/IPF; deterministic controlled integer rounding,not applicable,1,3.637978807091713e-12,True
high_office_intensity,徐汇区,310104015000,凌云路街道,street,True,12200,J,0,official district-by-industry,maximum-entropy independence prior fitted by RAS/IPF; deterministic controlled integer rounding,not applicable,1,3.637978807091713e-12,True
high_office_intensity,徐汇区,310104015000,凌云路街道,street,True,12200,M,1215,official district-by-industry,maximum-entropy independence prior fitted by RAS/IPF; deterministic controlled integer rounding,not applicable,1,3.637978807091713e-12,True
high_office_intensity,徐汇区,310104015000,凌云路街道,street,True,12200,721,233,reviewed Core+ district composition scenario,maximum-entropy independence prior fitted by RAS/IPF; deterministic controlled integer rounding,not applicable,1,3.637978807091713e-12,True
high_office_intensity,徐汇区,310104015000,凌云路街道,street,True,12200,723,51,reviewed Core+ district composition scenario,maximum-entropy independence prior fitted by RAS/IPF; deterministic controlled integer rounding,not applicable,1,3.637978807091713e-12,True
high_office_intensity,徐汇区,310104015000,凌云路街道,street,True,12200,724,371,reviewed Core+ district composition scenario,maximum-entropy independence prior fitted by RAS/IPF; deterministic controlled integer rounding,not applicable,1,3.637978807091713e-12,True
high_office_intensity,徐汇区,310104015000,凌云路街道,street,True,12200,725,102,reviewed Core+ district composition scenario,maximum-entropy independence prior fitted by RAS/IPF; deterministic controlled integer rounding,not applicable,1,3.637978807091713e-12,True
high_office_intensity,徐汇区,310104015000,凌云路街道,street,True,12200,OTHER,8451,balancing non-office remainder,maximum-entropy independence prior fitted by RAS/IPF; deterministic controlled integer rounding,not applicable,1,3.637978807091713e-12,True
high_office_intensity,徐汇区,310104016000,龙华街道,street,True,59600,I,8679,official district-by-industry,maximum-entropy independence prior fitted by RAS/IPF; deterministic controlled integer rounding,not applicable,1,3.637978807091713e-12,True
high_office_intensity,徐汇区,310104016000,龙华街道,street,True,59600,J,0,official district-by-industry,maximum-entropy independence prior fitted by RAS/IPF; deterministic controlled integer rounding,not applicable,1,3.637978807091713e-12,True
high_office_intensity,徐汇区,310104016000,龙华街道,street,True,59600,M,5934,official district-by-industry,maximum-entropy independence prior fitted by RAS/IPF; deterministic controlled integer rounding,not applicable,1,3.637978807091713e-12,True
high_office_intensity,徐汇区,310104016000,龙华街道,street,True,59600,721,1137,reviewed Core+ district composition scenario,maximum-entropy independence prior fitted by RAS/IPF; deterministic controlled integer rounding,not applicable,1,3.637978807091713e-12,True
high_office_intensity,徐汇区,310104016000,龙华街道,street,True,59600,723,250,reviewed Core+ district composition scenario,maximum-entropy independence prior fitted by RAS/IPF; deterministic controlled integer rounding,not applicable,1,3.637978807091713e-12,True
high_office_intensity,徐汇区,310104016000,龙华街道,street,True,59600,724,1812,reviewed Core+ district composition scenario,maximum-entropy independence prior fitted by RAS/IPF; deterministic controlled integer rounding,not applicable,1,3.637978807091713e-12,True
high_office_intensity,徐汇区,310104016000,龙华街道,street,True,59600,725,501,reviewed Core+ district composition scenario,maximum-entropy independence prior fitted by RAS/IPF; deterministic controlled integer rounding,not applicable,1,3.637978807091713e-12,True
high_office_intensity,徐汇区,310104016000,龙华街道,street,True,59600,OTHER,41287,balancing non-office remainder,maximum-entropy independence prior fitted by RAS/IPF; deterministic controlled integer rounding,not applicable,1,3.637978807091713e-12,True
high_office_intensity,徐汇区,310104017000,漕河泾街道,street,True,88600,I,12901,official district-by-industry,maximum-entropy independence prior fitted by RAS/IPF; deterministic controlled integer rounding,not applicable,1,3.637978807091713e-12,True
high_office_intensity,徐汇区,310104017000,漕河泾街道,street,True,88600,J,0,official district-by-industry,maximum-entropy independence prior fitted by RAS/IPF; deterministic controlled integer rounding,not applicable,1,3.637978807091713e-12,True
high_office_intensity,徐汇区,310104017000,漕河泾街道,street,True,88600,M,8822,official district-by-industry,maximum-entropy independence prior fitted by RAS/IPF; deterministic controlled integer rounding,not applicable,1,3.637978807091713e-12,True
high_office_intensity,徐汇区,310104017000,漕河泾街道,street,True,88600,721,1690,reviewed Core+ district composition scenario,maximum-entropy independence prior fitted by RAS/IPF; deterministic controlled integer rounding,not applicable,1,3.637978807091713e-12,True
high_office_intensity,徐汇区,310104017000,漕河泾街道,street,True,88600,723,373,reviewed Core+ district composition scenario,maximum-entropy independence prior fitted by RAS/IPF; deterministic controlled integer rounding,not applicable,1,3.637978807091713e-12,True
high_office_intensity,徐汇区,310104017000,漕河泾街道,street,True,88600,724,2693,reviewed Core+ district composition scenario,maximum-entropy independence prior fitted by RAS/IPF; deterministic controlled integer rounding,not applicable,1,3.637978807091713e-12,True
high_office_intensity,徐汇区,310104017000,漕河泾街道,street,True,88600,725,745,reviewed Core+ district composition scenario,maximum-entropy independence prior fitted by RAS/IPF; deterministic controlled integer rounding,not applicable,1,3.637978807091713e-12,True
high_office_intensity,徐汇区,310104017000,漕河泾街道,street,True,88600,OTHER,61376,balancing non-office remainder,maximum-entropy independence prior fitted by RAS/IPF; deterministic controlled integer rounding,not applicable,1,3.637978807091713e-12,True
high_office_intensity,徐汇区,310104103000,华泾镇,town,True,10300,I,1500,official district-by-industry,maximum-entropy independence prior fitted by RAS/IPF; deterministic controlled integer rounding,not applicable,1,3.637978807091713e-12,True
high_office_intensity,徐汇区,310104103000,华泾镇,town,True,10300,J,0,official district-by-industry,maximum-entropy independence prior fitted by RAS/IPF; deterministic controlled integer rounding,not applicable,1,3.637978807091713e-12,True
high_office_intensity,徐汇区,310104103000,华泾镇,town,True,10300,M,1026,official district-by-industry,maximum-entropy independence prior fitted by RAS/IPF; deterministic controlled integer rounding,not applicable,1,3.637978807091713e-12,True
high_office_intensity,徐汇区,310104103000,华泾镇,town,True,10300,721,196,reviewed Core+ district composition scenario,maximum-entropy independence prior fitted by RAS/IPF; deterministic controlled integer rounding,not applicable,1,3.637978807091713e-12,True
high_office_intensity,徐汇区,310104103000,华泾镇,town,True,10300,723,43,reviewed Core+ district composition scenario,maximum-entropy independence prior fitted by RAS/IPF; deterministic controlled integer rounding,not applicable,1,3.637978807091713e-12,True
high_office_intensity,徐汇区,310104103000,华泾镇,town,True,10300,724,313,reviewed Core+ district composition scenario,maximum-entropy independence prior fitted by RAS/IPF; deterministic controlled integer rounding,not applicable,1,3.637978807091713e-12,True
high_office_intensity,徐汇区,310104103000,华泾镇,town,True,10300,725,87,reviewed Core+ district composition scenario,maximum-entropy independence prior fitted by RAS/IPF; deterministic controlled integer rounding,not applicable,1,3.637978807091713e-12,True
high_office_intensity,徐汇区,310104103000,华泾镇,town,True,10300,OTHER,7135,balancing non-office remainder,maximum-entropy independence prior fitted by RAS/IPF; deterministic controlled integer rounding,not applicable,1,3.637978807091713e-12,True
high_office_intensity,徐汇区,310104-construction-finance-residual,310104-construction-finance-residual,residual,False,73346,I,0,official district-by-industry,bulletin-compatible fixed residual assignment before maximum-entropy RAS/IPF,official J assigned to finance-tied residual up to row total; remaining residual is OTHER,1,3.637978807091713e-12,True
high_office_intensity,徐汇区,310104-construction-finance-residual,310104-construction-finance-residual,residual,False,73346,J,24820,official district-by-industry,bulletin-compatible fixed residual assignment before maximum-entropy RAS/IPF,official J assigned to finance-tied residual up to row total; remaining residual is OTHER,1,3.637978807091713e-12,True
high_office_intensity,徐汇区,310104-construction-finance-residual,310104-construction-finance-residual,residual,False,73346,M,0,official district-by-industry,bulletin-compatible fixed residual assignment before maximum-entropy RAS/IPF,official J assigned to finance-tied residual up to row total; remaining residual is OTHER,1,3.637978807091713e-12,True
high_office_intensity,徐汇区,310104-construction-finance-residual,310104-construction-finance-residual,residual,False,73346,721,0,reviewed Core+ district composition scenario,bulletin-compatible fixed residual assignment before maximum-entropy RAS/IPF,official J assigned to finance-tied residual up to row total; remaining residual is OTHER,1,3.637978807091713e-12,True
high_office_intensity,徐汇区,310104-construction-finance-residual,310104-construction-finance-residual,residual,False,73346,723,0,reviewed Core+ district composition scenario,bulletin-compatible fixed residual assignment before maximum-entropy RAS/IPF,official J assigned to finance-tied residual up to row total; remaining residual is OTHER,1,3.637978807091713e-12,True
high_office_intensity,徐汇区,310104-construction-finance-residual,310104-construction-finance-residual,residual,False,73346,724,0,reviewed Core+ district composition scenario,bulletin-compatible fixed residual assignment before maximum-entropy RAS/IPF,official J assigned to finance-tied residual up to row total; remaining residual is OTHER,1,3.637978807091713e-12,True
high_office_intensity,徐汇区,310104-construction-finance-residual,310104-construction-finance-residual,residual,False,73346,725,0,reviewed Core+ district composition scenario,bulletin-compatible fixed residual assignment before maximum-entropy RAS/IPF,official J assigned to finance-tied residual up to row total; remaining residual is OTHER,1,3.637978807091713e-12,True
high_office_intensity,徐汇区,310104-construction-finance-residual,310104-construction-finance-residual,residual,False,73346,OTHER,48526,balancing non-office remainder,bulletin-compatible fixed residual assignment before maximum-entropy RAS/IPF,official J assigned to finance-tied residual up to row total; remaining residual is OTHER,1,3.637978807091713e-12,True
high_office_intensity,长宁区,310105001000,华阳路街道,street,True,48926,I,5405,official district-by-industry,maximum-entropy independence prior fitted by RAS/IPF; deterministic controlled integer rounding,not applicable,1,1.8189894035458565e-12,True
high_office_intensity,长宁区,310105001000,华阳路街道,street,True,48926,J,605,official district-by-industry,maximum-entropy independence prior fitted by RAS/IPF; deterministic controlled integer rounding,not applicable,1,1.8189894035458565e-12,True
high_office_intensity,长宁区,310105001000,华阳路街道,street,True,48926,M,2180,official district-by-industry,maximum-entropy independence prior fitted by RAS/IPF; deterministic controlled integer rounding,not applicable,1,1.8189894035458565e-12,True
high_office_intensity,长宁区,310105001000,华阳路街道,street,True,48926,721,1100,reviewed Core+ district composition scenario,maximum-entropy independence prior fitted by RAS/IPF; deterministic controlled integer rounding,not applicable,1,1.8189894035458565e-12,True
high_office_intensity,长宁区,310105001000,华阳路街道,street,True,48926,723,243,reviewed Core+ district composition scenario,maximum-entropy independence prior fitted by RAS/IPF; deterministic controlled integer rounding,not applicable,1,1.8189894035458565e-12,True
high_office_intensity,长宁区,310105001000,华阳路街道,street,True,48926,724,1753,reviewed Core+ district composition scenario,maximum-entropy independence prior fitted by RAS/IPF; deterministic controlled integer rounding,not applicable,1,1.8189894035458565e-12,True
high_office_intensity,长宁区,310105001000,华阳路街道,street,True,48926,725,485,reviewed Core+ district composition scenario,maximum-entropy independence prior fitted by RAS/IPF; deterministic controlled integer rounding,not applicable,1,1.8189894035458565e-12,True
high_office_intensity,长宁区,310105001000,华阳路街道,street,True,48926,OTHER,37155,balancing non-office remainder,maximum-entropy independence prior fitted by RAS/IPF; deterministic controlled integer rounding,not applicable,1,1.8189894035458565e-12,True
high_office_intensity,长宁区,310105002000,江苏路街道,street,True,37808,I,4177,official district-by-industry,maximum-entropy independence prior fitted by RAS/IPF; deterministic controlled integer rounding,not applicable,1,1.8189894035458565e-12,True
high_office_intensity,长宁区,310105002000,江苏路街道,street,True,37808,J,467,official district-by-industry,maximum-entropy independence prior fitted by RAS/IPF; deterministic controlled integer rounding,not applicable,1,1.8189894035458565e-12,True
high_office_intensity,长宁区,310105002000,江苏路街道,street,True,37808,M,1685,official district-by-industry,maximum-entropy independence prior fitted by RAS/IPF; deterministic controlled integer rounding,not applicable,1,1.8189894035458565e-12,True
high_office_intensity,长宁区,310105002000,江苏路街道,street,True,37808,721,850,reviewed Core+ district composition scenario,maximum-entropy independence prior fitted by RAS/IPF; deterministic controlled integer rounding,not applicable,1,1.8189894035458565e-12,True
high_office_intensity,长宁区,310105002000,江苏路街道,street,True,37808,723,187,reviewed Core+ district composition scenario,maximum-entropy independence prior fitted by RAS/IPF; deterministic controlled integer rounding,not applicable,1,1.8189894035458565e-12,True
high_office_intensity,长宁区,310105002000,江苏路街道,street,True,37808,724,1355,reviewed Core+ district composition scenario,maximum-entropy independence prior fitted by RAS/IPF; deterministic controlled integer rounding,not applicable,1,1.8189894035458565e-12,True
high_office_intensity,长宁区,310105002000,江苏路街道,street,True,37808,725,375,reviewed Core+ district composition scenario,maximum-entropy independence prior fitted by RAS/IPF; deterministic controlled integer rounding,not applicable,1,1.8189894035458565e-12,True
high_office_intensity,长宁区,310105002000,江苏路街道,street,True,37808,OTHER,28712,balancing non-office remainder,maximum-entropy independence prior fitted by RAS/IPF; deterministic controlled integer rounding,not applicable,1,1.8189894035458565e-12,True
high_office_intensity,长宁区,310105004000,新华路街道,street,True,52426,I,5792,official district-by-industry,maximum-entropy independence prior fitted by RAS/IPF; deterministic controlled integer rounding,not applicable,1,1.8189894035458565e-12,True
high_office_intensity,长宁区,310105004000,新华路街道,street,True,52426,J,648,official district-by-industry,maximum-entropy independence prior fitted by RAS/IPF; deterministic controlled integer rounding,not applicable,1,1.8189894035458565e-12,True
high_office_intensity,长宁区,310105004000,新华路街道,street,True,52426,M,2336,official district-by-industry,maximum-entropy independence prior fitted by RAS/IPF; deterministic controlled integer rounding,not applicable,1,1.8189894035458565e-12,True
high_office_intensity,长宁区,310105004000,新华路街道,street,True,52426,721,1178,reviewed Core+ district composition scenario,maximum-entropy independence prior fitted by RAS/IPF; deterministic controlled integer rounding,not applicable,1,1.8189894035458565e-12,True
high_office_intensity,长宁区,310105004000,新华路街道,street,True,52426,723,260,reviewed Core+ district composition scenario,maximum-entropy independence prior fitted by RAS/IPF; deterministic controlled integer rounding,not applicable,1,1.8189894035458565e-12,True
high_office_intensity,长宁区,310105004000,新华路街道,street,True,52426,724,1879,reviewed Core+ district composition scenario,maximum-entropy independence prior fitted by RAS/IPF; deterministic controlled integer rounding,not applicable,1,1.8189894035458565e-12,True
high_office_intensity,长宁区,310105004000,新华路街道,street,True,52426,725,520,reviewed Core+ district composition scenario,maximum-entropy independence prior fitted by RAS/IPF; deterministic controlled integer rounding,not applicable,1,1.8189894035458565e-12,True
high_office_intensity,长宁区,310105004000,新华路街道,street,True,52426,OTHER,39813,balancing non-office remainder,maximum-entropy independence prior fitted by RAS/IPF; deterministic controlled integer rounding,not applicable,1,1.8189894035458565e-12,True
high_office_intensity,长宁区,310105005000,周家桥街道,street,True,25426,I,2809,official district-by-industry,maximum-entropy independence prior fitted by RAS/IPF; deterministic controlled integer rounding,not applicable,1,1.8189894035458565e-12,True
high_office_intensity,长宁区,310105005000,周家桥街道,street,True,25426,J,315,official district-by-industry,maximum-entropy independence prior fitted by RAS/IPF; deterministic controlled integer rounding,not applicable,1,1.8189894035458565e-12,True
high_office_intensity,长宁区,310105005000,周家桥街道,street,True,25426,M,1133,official district-by-industry,maximum-entropy independence prior fitted by RAS/IPF; deterministic controlled integer rounding,not applicable,1,1.8189894035458565e-12,True
high_office_intensity,长宁区,310105005000,周家桥街道,street,True,25426,721,571,reviewed Core+ district composition scenario,maximum-entropy independence prior fitted by RAS/IPF; deterministic controlled integer rounding,not applicable,1,1.8189894035458565e-12,True
high_office_intensity,长宁区,310105005000,周家桥街道,street,True,25426,723,126,reviewed Core+ district composition scenario,maximum-entropy independence prior fitted by RAS/IPF; deterministic controlled integer rounding,not applicable,1,1.8189894035458565e-12,True
high_office_intensity,长宁区,310105005000,周家桥街道,street,True,25426,724,911,reviewed Core+ district composition scenario,maximum-entropy independence prior fitted by RAS/IPF; deterministic controlled integer rounding,not applicable,1,1.8189894035458565e-12,True
high_office_intensity,长宁区,310105005000,周家桥街道,street,True,25426,725,252,reviewed Core+ district composition scenario,maximum-entropy independence prior fitted by RAS/IPF; deterministic controlled integer rounding,not applicable,1,1.8189894035458565e-12,True
high_office_intensity,长宁区,310105005000,周家桥街道,street,True,25426,OTHER,19309,balancing non-office remainder,maximum-entropy independence prior fitted by RAS/IPF; deterministic controlled integer rounding,not applicable,1,1.8189894035458565e-12,True
high_office_intensity,长宁区,310105006000,天山路街道,street,True,70756,I,7817,official district-by-industry,maximum-entropy independence prior fitted by RAS/IPF; deterministic controlled integer rounding,not applicable,1,1.8189894035458565e-12,True
high_office_intensity,长宁区,310105006000,天山路街道,street,True,70756,J,875,official district-by-industry,maximum-entropy independence prior fitted by RAS/IPF; deterministic controlled integer rounding,not applicable,1,1.8189894035458565e-12,True
high_office_intensity,长宁区,310105006000,天山路街道,street,True,70756,M,3153,official district-by-industry,maximum-entropy independence prior fitted by RAS/IPF; deterministic controlled integer rounding,not applicable,1,1.8189894035458565e-12,True
high_office_intensity,长宁区,310105006000,天山路街道,street,True,70756,721,1591,reviewed Core+ district composition scenario,maximum-entropy independence prior fitted by RAS/IPF; deterministic controlled integer rounding,not applicable,1,1.8189894035458565e-12,True
high_office_intensity,长宁区,310105006000,天山路街道,street,True,70756,723,351,reviewed Core+ district composition scenario,maximum-entropy independence prior fitted by RAS/IPF; deterministic controlled integer rounding,not applicable,1,1.8189894035458565e-12,True
high_office_intensity,长宁区,310105006000,天山路街道,street,True,70756,724,2535,reviewed Core+ district composition scenario,maximum-entropy independence prior fitted by RAS/IPF; deterministic controlled integer rounding,not applicable,1,1.8189894035458565e-12,True
high_office_intensity,长宁区,310105006000,天山路街道,street,True,70756,725,701,reviewed Core+ district composition scenario,maximum-entropy independence prior fitted by RAS/IPF; deterministic controlled integer rounding,not applicable,1,1.8189894035458565e-12,True
high_office_intensity,长宁区,310105006000,天山路街道,street,True,70756,OTHER,53733,balancing non-office remainder,maximum-entropy independence prior fitted by RAS/IPF; deterministic controlled integer rounding,not applicable,1,1.8189894035458565e-12,True
high_office_intensity,长宁区,310105008000,仙霞新村街道,street,True,20827,I,2301,official district-by-industry,maximum-entropy independence prior fitted by RAS/IPF; deterministic controlled integer rounding,not applicable,1,1.8189894035458565e-12,True
high_office_intensity,长宁区,310105008000,仙霞新村街道,street,True,20827,J,258,official district-by-industry,maximum-entropy independence prior fitted by RAS/IPF; deterministic controlled integer rounding,not applicable,1,1.8189894035458565e-12,True
high_office_intensity,长宁区,310105008000,仙霞新村街道,street,True,20827,M,928,official district-by-industry,maximum-entropy independence prior fitted by RAS/IPF; deterministic controlled integer rounding,not applicable,1,1.8189894035458565e-12,True
high_office_intensity,长宁区,310105008000,仙霞新村街道,street,True,20827,721,468,reviewed Core+ district composition scenario,maximum-entropy independence prior fitted by RAS/IPF; deterministic controlled integer rounding,not applicable,1,1.8189894035458565e-12,True
high_office_intensity,长宁区,310105008000,仙霞新村街道,street,True,20827,723,103,reviewed Core+ district composition scenario,maximum-entropy independence prior fitted by RAS/IPF; deterministic controlled integer rounding,not applicable,1,1.8189894035458565e-12,True
high_office_intensity,长宁区,310105008000,仙霞新村街道,street,True,20827,724,746,reviewed Core+ district composition scenario,maximum-entropy independence prior fitted by RAS/IPF; deterministic controlled integer rounding,not applicable,1,1.8189894035458565e-12,True
high_office_intensity,长宁区,310105008000,仙霞新村街道,street,True,20827,725,206,reviewed Core+ district composition scenario,maximum-entropy independence prior fitted by RAS/IPF; deterministic controlled integer rounding,not applicable,1,1.8189894035458565e-12,True
high_office_intensity,长宁区,310105008000,仙霞新村街道,street,True,20827,OTHER,15817,balancing non-office remainder,maximum-entropy independence prior fitted by RAS/IPF; deterministic controlled integer rounding,not applicable,1,1.8189894035458565e-12,True
high_office_intensity,长宁区,310105009000,虹桥街道,street,True,84297,I,9313,official district-by-industry,maximum-entropy independence prior fitted by RAS/IPF; deterministic controlled integer rounding,not applicable,1,1.8189894035458565e-12,True
high_office_intensity,长宁区,310105009000,虹桥街道,street,True,84297,J,1043,official district-by-industry,maximum-entropy independence prior fitted by RAS/IPF; deterministic controlled integer rounding,not applicable,1,1.8189894035458565e-12,True
high_office_intensity,长宁区,310105009000,虹桥街道,street,True,84297,M,3756,official district-by-industry,maximum-entropy independence prior fitted by RAS/IPF; deterministic controlled integer rounding,not applicable,1,1.8189894035458565e-12,True
high_office_intensity,长宁区,310105009000,虹桥街道,street,True,84297,721,1895,reviewed Core+ district composition scenario,maximum-entropy independence prior fitted by RAS/IPF; deterministic controlled integer rounding,not applicable,1,1.8189894035458565e-12,True
high_office_intensity,长宁区,310105009000,虹桥街道,street,True,84297,723,418,reviewed Core+ district composition scenario,maximum-entropy independence prior fitted by RAS/IPF; deterministic controlled integer rounding,not applicable,1,1.8189894035458565e-12,True
high_office_intensity,长宁区,310105009000,虹桥街道,street,True,84297,724,3021,reviewed Core+ district composition scenario,maximum-entropy independence prior fitted by RAS/IPF; deterministic controlled integer rounding,not applicable,1,1.8189894035458565e-12,True
high_office_intensity,长宁区,310105009000,虹桥街道,street,True,84297,725,835,reviewed Core+ district composition scenario,maximum-entropy independence prior fitted by RAS/IPF; deterministic controlled integer rounding,not applicable,1,1.8189894035458565e-12,True
high_office_intensity,长宁区,310105009000,虹桥街道,street,True,84297,OTHER,64016,balancing non-office remainder,maximum-entropy independence prior fitted by RAS/IPF; deterministic controlled integer rounding,not applicable,1,1.8189894035458565e-12,True
high_office_intensity,长宁区,310105010000,程家桥街道,street,True,101760,I,11242,official district-by-industry,maximum-entropy independence prior fitted by RAS/IPF; deterministic controlled integer rounding,not applicable,1,1.8189894035458565e-12,True
high_office_intensity,长宁区,310105010000,程家桥街道,street,True,101760,J,1259,official district-by-industry,maximum-entropy independence prior fitted by RAS/IPF; deterministic controlled integer rounding,not applicable,1,1.8189894035458565e-12,True
high_office_intensity,长宁区,310105010000,程家桥街道,street,True,101760,M,4534,official district-by-industry,maximum-entropy independence prior fitted by RAS/IPF; deterministic controlled integer rounding,not applicable,1,1.8189894035458565e-12,True
high_office_intensity,长宁区,310105010000,程家桥街道,street,True,101760,721,2288,reviewed Core+ district composition scenario,maximum-entropy independence prior fitted by RAS/IPF; deterministic controlled integer rounding,not applicable,1,1.8189894035458565e-12,True
high_office_intensity,长宁区,310105010000,程家桥街道,street,True,101760,723,504,reviewed Core+ district composition scenario,maximum-entropy independence prior fitted by RAS/IPF; deterministic controlled integer rounding,not applicable,1,1.8189894035458565e-12,True
high_office_intensity,长宁区,310105010000,程家桥街道,street,True,101760,724,3646,reviewed Core+ district composition scenario,maximum-entropy independence prior fitted by RAS/IPF; deterministic controlled integer rounding,not applicable,1,1.8189894035458565e-12,True
high_office_intensity,长宁区,310105010000,程家桥街道,street,True,101760,725,1009,reviewed Core+ district composition scenario,maximum-entropy independence prior fitted by RAS/IPF; deterministic controlled integer rounding,not applicable,1,1.8189894035458565e-12,True
high_office_intensity,长宁区,310105010000,程家桥街道,street,True,101760,OTHER,77278,balancing non-office remainder,maximum-entropy independence prior fitted by RAS/IPF; deterministic controlled integer rounding,not applicable,1,1.8189894035458565e-12,True
high_office_intensity,长宁区,310105011000,北新泾街道,street,True,6332,I,700,official district-by-industry,maximum-entropy independence prior fitted by RAS/IPF; deterministic controlled integer rounding,not applicable,1,1.8189894035458565e-12,True
high_office_intensity,长宁区,310105011000,北新泾街道,street,True,6332,J,78,official district-by-industry,maximum-entropy independence prior fitted by RAS/IPF; deterministic controlled integer rounding,not applicable,1,1.8189894035458565e-12,True
high_office_intensity,长宁区,310105011000,北新泾街道,street,True,6332,M,282,official district-by-industry,maximum-entropy independence prior fitted by RAS/IPF; deterministic controlled integer rounding,not applicable,1,1.8189894035458565e-12,True
high_office_intensity,长宁区,310105011000,北新泾街道,street,True,6332,721,142,reviewed Core+ district composition scenario,maximum-entropy independence prior fitted by RAS/IPF; deterministic controlled integer rounding,not applicable,1,1.8189894035458565e-12,True
high_office_intensity,长宁区,310105011000,北新泾街道,street,True,6332,723,31,reviewed Core+ district composition scenario,maximum-entropy independence prior fitted by RAS/IPF; deterministic controlled integer rounding,not applicable,1,1.8189894035458565e-12,True
high_office_intensity,长宁区,310105011000,北新泾街道,street,True,6332,724,227,reviewed Core+ district composition scenario,maximum-entropy independence prior fitted by RAS/IPF; deterministic controlled integer rounding,not applicable,1,1.8189894035458565e-12,True
high_office_intensity,长宁区,310105011000,北新泾街道,street,True,6332,725,63,reviewed Core+ district composition scenario,maximum-entropy independence prior fitted by RAS/IPF; deterministic controlled integer rounding,not applicable,1,1.8189894035458565e-12,True
high_office_intensity,长宁区,310105011000,北新泾街道,street,True,6332,OTHER,4809,balancing non-office remainder,maximum-entropy independence prior fitted by RAS/IPF; deterministic controlled integer rounding,not applicable,1,1.8189894035458565e-12,True
high_office_intensity,长宁区,310105102000,新泾镇,town,True,148418,I,16397,official district-by-industry,maximum-entropy independence prior fitted by RAS/IPF; deterministic controlled integer rounding,not applicable,1,1.8189894035458565e-12,True
high_office_intensity,长宁区,310105102000,新泾镇,town,True,148418,J,1836,official district-by-industry,maximum-entropy independence prior fitted by RAS/IPF; deterministic controlled integer rounding,not applicable,1,1.8189894035458565e-12,True
high_office_intensity,长宁区,310105102000,新泾镇,town,True,148418,M,6613,official district-by-industry,maximum-entropy independence prior fitted by RAS/IPF; deterministic controlled integer rounding,not applicable,1,1.8189894035458565e-12,True
high_office_intensity,长宁区,310105102000,新泾镇,town,True,148418,721,3337,reviewed Core+ district composition scenario,maximum-entropy independence prior fitted by RAS/IPF; deterministic controlled integer rounding,not applicable,1,1.8189894035458565e-12,True
high_office_intensity,长宁区,310105102000,新泾镇,town,True,148418,723,735,reviewed Core+ district composition scenario,maximum-entropy independence prior fitted by RAS/IPF; deterministic controlled integer rounding,not applicable,1,1.8189894035458565e-12,True
high_office_intensity,长宁区,310105102000,新泾镇,town,True,148418,724,5318,reviewed Core+ district composition scenario,maximum-entropy independence prior fitted by RAS/IPF; deterministic controlled integer rounding,not applicable,1,1.8189894035458565e-12,True
high_office_intensity,长宁区,310105102000,新泾镇,town,True,148418,725,1471,reviewed Core+ district composition scenario,maximum-entropy independence prior fitted by RAS/IPF; deterministic controlled integer rounding,not applicable,1,1.8189894035458565e-12,True
high_office_intensity,长宁区,310105102000,新泾镇,town,True,148418,OTHER,112711,balancing non-office remainder,maximum-entropy independence prior fitted by RAS/IPF; deterministic controlled integer rounding,not applicable,1,1.8189894035458565e-12,True
high_office_intensity,长宁区,310105-finance-residual,310105-finance-residual,residual,False,5174,I,0,official district-by-industry,bulletin-compatible fixed residual assignment before maximum-entropy RAS/IPF,official J assigned to finance-tied residual up to row total; remaining residual is OTHER,1,1.8189894035458565e-12,True
high_office_intensity,长宁区,310105-finance-residual,310105-finance-residual,residual,False,5174,J,5174,official district-by-industry,bulletin-compatible fixed residual assignment before maximum-entropy RAS/IPF,official J assigned to finance-tied residual up to row total; remaining residual is OTHER,1,1.8189894035458565e-12,True
high_office_intensity,长宁区,310105-finance-residual,310105-finance-residual,residual,False,5174,M,0,official district-by-industry,bulletin-compatible fixed residual assignment before maximum-entropy RAS/IPF,official J assigned to finance-tied residual up to row total; remaining residual is OTHER,1,1.8189894035458565e-12,True
high_office_intensity,长宁区,310105-finance-residual,310105-finance-residual,residual,False,5174,721,0,reviewed Core+ district composition scenario,bulletin-compatible fixed residual assignment before maximum-entropy RAS/IPF,official J assigned to finance-tied residual up to row total; remaining residual is OTHER,1,1.8189894035458565e-12,True
high_office_intensity,长宁区,310105-finance-residual,310105-finance-residual,residual,False,5174,723,0,reviewed Core+ district composition scenario,bulletin-compatible fixed residual assignment before maximum-entropy RAS/IPF,official J assigned to finance-tied residual up to row total; remaining residual is OTHER,1,1.8189894035458565e-12,True
high_office_intensity,长宁区,310105-finance-residual,310105-finance-residual,residual,False,5174,724,0,reviewed Core+ district composition scenario,bulletin-compatible fixed residual assignment before maximum-entropy RAS/IPF,official J assigned to finance-tied residual up to row total; remaining residual is OTHER,1,1.8189894035458565e-12,True
high_office_intensity,长宁区,310105-finance-residual,310105-finance-residual,residual,False,5174,725,0,reviewed Core+ district composition scenario,bulletin-compatible fixed residual assignment before maximum-entropy RAS/IPF,official J assigned to finance-tied residual up to row total; remaining residual is OTHER,1,1.8189894035458565e-12,True
high_office_intensity,长宁区,310105-finance-residual,310105-finance-residual,residual,False,5174,OTHER,0,balancing non-office remainder,bulletin-compatible fixed residual assignment before maximum-entropy RAS/IPF,official J assigned to finance-tied residual up to row total; remaining residual is OTHER,1,1.8189894035458565e-12,True
high_office_intensity,静安区,310106006000,江宁路街道,street,True,35000,I,3281,official district-by-industry,maximum-entropy independence prior fitted by RAS/IPF; deterministic controlled integer rounding,not applicable,1,7.275957614183426e-12,True
high_office_intensity,静安区,310106006000,江宁路街道,street,True,35000,J,32,official district-by-industry,maximum-entropy independence prior fitted by RAS/IPF; deterministic controlled integer rounding,not applicable,1,7.275957614183426e-12,True
high_office_intensity,静安区,310106006000,江宁路街道,street,True,35000,M,1930,official district-by-industry,maximum-entropy independence prior fitted by RAS/IPF; deterministic controlled integer rounding,not applicable,1,7.275957614183426e-12,True
high_office_intensity,静安区,310106006000,江宁路街道,street,True,35000,721,1104,reviewed Core+ district composition scenario,maximum-entropy independence prior fitted by RAS/IPF; deterministic controlled integer rounding,not applicable,1,7.275957614183426e-12,True
high_office_intensity,静安区,310106006000,江宁路街道,street,True,35000,723,243,reviewed Core+ district composition scenario,maximum-entropy independence prior fitted by RAS/IPF; deterministic controlled integer rounding,not applicable,1,7.275957614183426e-12,True
high_office_intensity,静安区,310106006000,江宁路街道,street,True,35000,724,1759,reviewed Core+ district composition scenario,maximum-entropy independence prior fitted by RAS/IPF; deterministic controlled integer rounding,not applicable,1,7.275957614183426e-12,True
high_office_intensity,静安区,310106006000,江宁路街道,street,True,35000,725,487,reviewed Core+ district composition scenario,maximum-entropy independence prior fitted by RAS/IPF; deterministic controlled integer rounding,not applicable,1,7.275957614183426e-12,True
high_office_intensity,静安区,310106006000,江宁路街道,street,True,35000,OTHER,26164,balancing non-office remainder,maximum-entropy independence prior fitted by RAS/IPF; deterministic controlled integer rounding,not applicable,1,7.275957614183426e-12,True
high_office_intensity,静安区,310106011000,石门二路街道,street,True,47000,I,4405,official district-by-industry,maximum-entropy independence prior fitted by RAS/IPF; deterministic controlled integer rounding,not applicable,1,7.275957614183426e-12,True
high_office_intensity,静安区,310106011000,石门二路街道,street,True,47000,J,43,official district-by-industry,maximum-entropy independence prior fitted by RAS/IPF; deterministic controlled integer rounding,not applicable,1,7.275957614183426e-12,True
high_office_intensity,静安区,310106011000,石门二路街道,street,True,47000,M,2592,official district-by-industry,maximum-entropy independence prior fitted by RAS/IPF; deterministic controlled integer rounding,not applicable,1,7.275957614183426e-12,True
high_office_intensity,静安区,310106011000,石门二路街道,street,True,47000,721,1482,reviewed Core+ district composition scenario,maximum-entropy independence prior fitted by RAS/IPF; deterministic controlled integer rounding,not applicable,1,7.275957614183426e-12,True
high_office_intensity,静安区,310106011000,石门二路街道,street,True,47000,723,327,reviewed Core+ district composition scenario,maximum-entropy independence prior fitted by RAS/IPF; deterministic controlled integer rounding,not applicable,1,7.275957614183426e-12,True
high_office_intensity,静安区,310106011000,石门二路街道,street,True,47000,724,2362,reviewed Core+ district composition scenario,maximum-entropy independence prior fitted by RAS/IPF; deterministic controlled integer rounding,not applicable,1,7.275957614183426e-12,True
high_office_intensity,静安区,310106011000,石门二路街道,street,True,47000,725,654,reviewed Core+ district composition scenario,maximum-entropy independence prior fitted by RAS/IPF; deterministic controlled integer rounding,not applicable,1,7.275957614183426e-12,True
high_office_intensity,静安区,310106011000,石门二路街道,street,True,47000,OTHER,35135,balancing non-office remainder,maximum-entropy independence prior fitted by RAS/IPF; deterministic controlled integer rounding,not applicable,1,7.275957614183426e-12,True
high_office_intensity,静安区,310106012000,南京西路街道,street,True,152000,I,14247,official district-by-industry,maximum-entropy independence prior fitted by RAS/IPF; deterministic controlled integer rounding,not applicable,1,7.275957614183426e-12,True
high_office_intensity,静安区,310106012000,南京西路街道,street,True,152000,J,138,official district-by-industry,maximum-entropy independence prior fitted by RAS/IPF; deterministic controlled integer rounding,not applicable,1,7.275957614183426e-12,True
high_office_intensity,静安区,310106012000,南京西路街道,street,True,152000,M,8381,official district-by-industry,maximum-entropy independence prior fitted by RAS/IPF; deterministic controlled integer rounding,not applicable,1,7.275957614183426e-12,True
high_office_intensity,静安区,310106012000,南京西路街道,street,True,152000,721,4794,reviewed Core+ district composition scenario,maximum-entropy independence prior fitted by RAS/IPF; deterministic controlled integer rounding,not applicable,1,7.275957614183426e-12,True
high_office_intensity,静安区,310106012000,南京西路街道,street,True,152000,723,1056,reviewed Core+ district composition scenario,maximum-entropy independence prior fitted by RAS/IPF; deterministic controlled integer rounding,not applicable,1,7.275957614183426e-12,True
high_office_intensity,静安区,310106012000,南京西路街道,street,True,152000,724,7641,reviewed Core+ district composition scenario,maximum-entropy independence prior fitted by RAS/IPF; deterministic controlled integer rounding,not applicable,1,7.275957614183426e-12,True
high_office_intensity,静安区,310106012000,南京西路街道,street,True,152000,725,2114,reviewed Core+ district composition scenario,maximum-entropy independence prior fitted by RAS/IPF; deterministic controlled integer rounding,not applicable,1,7.275957614183426e-12,True
high_office_intensity,静安区,310106012000,南京西路街道,street,True,152000,OTHER,113629,balancing non-office remainder,maximum-entropy independence prior fitted by RAS/IPF; deterministic controlled integer rounding,not applicable,1,7.275957614183426e-12,True
high_office_intensity,静安区,310106013000,静安寺街道,street,True,80000,I,7498,official district-by-industry,maximum-entropy independence prior fitted by RAS/IPF; deterministic controlled integer rounding,not applicable,1,7.275957614183426e-12,True
high_office_intensity,静安区,310106013000,静安寺街道,street,True,80000,J,73,official district-by-industry,maximum-entropy independence prior fitted by RAS/IPF; deterministic controlled integer rounding,not applicable,1,7.275957614183426e-12,True
high_office_intensity,静安区,310106013000,静安寺街道,street,True,80000,M,4411,official district-by-industry,maximum-entropy independence prior fitted by RAS/IPF; deterministic controlled integer rounding,not applicable,1,7.275957614183426e-12,True
high_office_intensity,静安区,310106013000,静安寺街道,street,True,80000,721,2523,reviewed Core+ district composition scenario,maximum-entropy independence prior fitted by RAS/IPF; deterministic controlled integer rounding,not applicable,1,7.275957614183426e-12,True
high_office_intensity,静安区,310106013000,静安寺街道,street,True,80000,723,556,reviewed Core+ district composition scenario,maximum-entropy independence prior fitted by RAS/IPF; deterministic controlled integer rounding,not applicable,1,7.275957614183426e-12,True
high_office_intensity,静安区,310106013000,静安寺街道,street,True,80000,724,4021,reviewed Core+ district composition scenario,maximum-entropy independence prior fitted by RAS/IPF; deterministic controlled integer rounding,not applicable,1,7.275957614183426e-12,True
high_office_intensity,静安区,310106013000,静安寺街道,street,True,80000,725,1113,reviewed Core+ district composition scenario,maximum-entropy independence prior fitted by RAS/IPF; deterministic controlled integer rounding,not applicable,1,7.275957614183426e-12,True
high_office_intensity,静安区,310106013000,静安寺街道,street,True,80000,OTHER,59805,balancing non-office remainder,maximum-entropy independence prior fitted by RAS/IPF; deterministic controlled integer rounding,not applicable,1,7.275957614183426e-12,True
high_office_intensity,静安区,310106014000,曹家渡街道,street,True,48000,I,4499,official district-by-industry,maximum-entropy independence prior fitted by RAS/IPF; deterministic controlled integer rounding,not applicable,1,7.275957614183426e-12,True
high_office_intensity,静安区,310106014000,曹家渡街道,street,True,48000,J,44,official district-by-industry,maximum-entropy independence prior fitted by RAS/IPF; deterministic controlled integer rounding,not applicable,1,7.275957614183426e-12,True
high_office_intensity,静安区,310106014000,曹家渡街道,street,True,48000,M,2647,official district-by-industry,maximum-entropy independence prior fitted by RAS/IPF; deterministic controlled integer rounding,not applicable,1,7.275957614183426e-12,True
high_office_intensity,静安区,310106014000,曹家渡街道,street,True,48000,721,1514,reviewed Core+ district composition scenario,maximum-entropy independence prior fitted by RAS/IPF; deterministic controlled integer rounding,not applicable,1,7.275957614183426e-12,True
high_office_intensity,静安区,310106014000,曹家渡街道,street,True,48000,723,333,reviewed Core+ district composition scenario,maximum-entropy independence prior fitted by RAS/IPF; deterministic controlled integer rounding,not applicable,1,7.275957614183426e-12,True
high_office_intensity,静安区,310106014000,曹家渡街道,street,True,48000,724,2413,reviewed Core+ district composition scenario,maximum-entropy independence prior fitted by RAS/IPF; deterministic controlled integer rounding,not applicable,1,7.275957614183426e-12,True
high_office_intensity,静安区,310106014000,曹家渡街道,street,True,48000,725,667,reviewed Core+ district composition scenario,maximum-entropy independence prior fitted by RAS/IPF; deterministic controlled integer rounding,not applicable,1,7.275957614183426e-12,True
high_office_intensity,静安区,310106014000,曹家渡街道,street,True,48000,OTHER,35883,balancing non-office remainder,maximum-entropy independence prior fitted by RAS/IPF; deterministic controlled integer rounding,not applicable,1,7.275957614183426e-12,True
high_office_intensity,静安区,310106015000,天目西路街道,street,True,161000,I,15090,official district-by-industry,maximum-entropy independence prior fitted by RAS/IPF; deterministic controlled integer rounding,not applicable,1,7.275957614183426e-12,True
high_office_intensity,静安区,310106015000,天目西路街道,street,True,161000,J,146,official district-by-industry,maximum-entropy independence prior fitted by RAS/IPF; deterministic controlled integer rounding,not applicable,1,7.275957614183426e-12,True
high_office_intensity,静安区,310106015000,天目西路街道,street,True,161000,M,8878,official district-by-industry,maximum-entropy independence prior fitted by RAS/IPF; deterministic controlled integer rounding,not applicable,1,7.275957614183426e-12,True
high_office_intensity,静安区,310106015000,天目西路街道,street,True,161000,721,5078,reviewed Core+ district composition scenario,maximum-entropy independence prior fitted by RAS/IPF; deterministic controlled integer rounding,not applicable,1,7.275957614183426e-12,True
high_office_intensity,静安区,310106015000,天目西路街道,street,True,161000,723,1119,reviewed Core+ district composition scenario,maximum-entropy independence prior fitted by RAS/IPF; deterministic controlled integer rounding,not applicable,1,7.275957614183426e-12,True
high_office_intensity,静安区,310106015000,天目西路街道,street,True,161000,724,8093,reviewed Core+ district composition scenario,maximum-entropy independence prior fitted by RAS/IPF; deterministic controlled integer rounding,not applicable,1,7.275957614183426e-12,True
high_office_intensity,静安区,310106015000,天目西路街道,street,True,161000,725,2239,reviewed Core+ district composition scenario,maximum-entropy independence prior fitted by RAS/IPF; deterministic controlled integer rounding,not applicable,1,7.275957614183426e-12,True
high_office_intensity,静安区,310106015000,天目西路街道,street,True,161000,OTHER,120357,balancing non-office remainder,maximum-entropy independence prior fitted by RAS/IPF; deterministic controlled integer rounding,not applicable,1,7.275957614183426e-12,True
high_office_intensity,静安区,310106016000,北站街道,street,True,65000,I,6092,official district-by-industry,maximum-entropy independence prior fitted by RAS/IPF; deterministic controlled integer rounding,not applicable,1,7.275957614183426e-12,True
high_office_intensity,静安区,310106016000,北站街道,street,True,65000,J,59,official district-by-industry,maximum-entropy independence prior fitted by RAS/IPF; deterministic controlled integer rounding,not applicable,1,7.275957614183426e-12,True
high_office_intensity,静安区,310106016000,北站街道,street,True,65000,M,3584,official district-by-industry,maximum-entropy independence prior fitted by RAS/IPF; deterministic controlled integer rounding,not applicable,1,7.275957614183426e-12,True
high_office_intensity,静安区,310106016000,北站街道,street,True,65000,721,2050,reviewed Core+ district composition scenario,maximum-entropy independence prior fitted by RAS/IPF; deterministic controlled integer rounding,not applicable,1,7.275957614183426e-12,True
high_office_intensity,静安区,310106016000,北站街道,street,True,65000,723,452,reviewed Core+ district composition scenario,maximum-entropy independence prior fitted by RAS/IPF; deterministic controlled integer rounding,not applicable,1,7.275957614183426e-12,True
high_office_intensity,静安区,310106016000,北站街道,street,True,65000,724,3268,reviewed Core+ district composition scenario,maximum-entropy independence prior fitted by RAS/IPF; deterministic controlled integer rounding,not applicable,1,7.275957614183426e-12,True
high_office_intensity,静安区,310106016000,北站街道,street,True,65000,725,904,reviewed Core+ district composition scenario,maximum-entropy independence prior fitted by RAS/IPF; deterministic controlled integer rounding,not applicable,1,7.275957614183426e-12,True
high_office_intensity,静安区,310106016000,北站街道,street,True,65000,OTHER,48591,balancing non-office remainder,maximum-entropy independence prior fitted by RAS/IPF; deterministic controlled integer rounding,not applicable,1,7.275957614183426e-12,True
high_office_intensity,静安区,310106017000,宝山路街道,street,True,21000,I,1968,official district-by-industry,maximum-entropy independence prior fitted by RAS/IPF; deterministic controlled integer rounding,not applicable,1,7.275957614183426e-12,True
high_office_intensity,静安区,310106017000,宝山路街道,street,True,21000,J,19,official district-by-industry,maximum-entropy independence prior fitted by RAS/IPF; deterministic controlled integer rounding,not applicable,1,7.275957614183426e-12,True
high_office_intensity,静安区,310106017000,宝山路街道,street,True,21000,M,1158,official district-by-industry,maximum-entropy independence prior fitted by RAS/IPF; deterministic controlled integer rounding,not applicable,1,7.275957614183426e-12,True
high_office_intensity,静安区,310106017000,宝山路街道,street,True,21000,721,662,reviewed Core+ district composition scenario,maximum-entropy independence prior fitted by RAS/IPF; deterministic controlled integer rounding,not applicable,1,7.275957614183426e-12,True
high_office_intensity,静安区,310106017000,宝山路街道,street,True,21000,723,146,reviewed Core+ district composition scenario,maximum-entropy independence prior fitted by RAS/IPF; deterministic controlled integer rounding,not applicable,1,7.275957614183426e-12,True
high_office_intensity,静安区,310106017000,宝山路街道,street,True,21000,724,1056,reviewed Core+ district composition scenario,maximum-entropy independence prior fitted by RAS/IPF; deterministic controlled integer rounding,not applicable,1,7.275957614183426e-12,True
high_office_intensity,静安区,310106017000,宝山路街道,street,True,21000,725,292,reviewed Core+ district composition scenario,maximum-entropy independence prior fitted by RAS/IPF; deterministic controlled integer rounding,not applicable,1,7.275957614183426e-12,True
high_office_intensity,静安区,310106017000,宝山路街道,street,True,21000,OTHER,15699,balancing non-office remainder,maximum-entropy independence prior fitted by RAS/IPF; deterministic controlled integer rounding,not applicable,1,7.275957614183426e-12,True
high_office_intensity,静安区,310106018000,共和新路街道,street,True,31000,I,2906,official district-by-industry,maximum-entropy independence prior fitted by RAS/IPF; deterministic controlled integer rounding,not applicable,1,7.275957614183426e-12,True
high_office_intensity,静安区,310106018000,共和新路街道,street,True,31000,J,28,official district-by-industry,maximum-entropy independence prior fitted by RAS/IPF; deterministic controlled integer rounding,not applicable,1,7.275957614183426e-12,True
high_office_intensity,静安区,310106018000,共和新路街道,street,True,31000,M,1709,official district-by-industry,maximum-entropy independence prior fitted by RAS/IPF; deterministic controlled integer rounding,not applicable,1,7.275957614183426e-12,True
high_office_intensity,静安区,310106018000,共和新路街道,street,True,31000,721,978,reviewed Core+ district composition scenario,maximum-entropy independence prior fitted by RAS/IPF; deterministic controlled integer rounding,not applicable,1,7.275957614183426e-12,True
high_office_intensity,静安区,310106018000,共和新路街道,street,True,31000,723,216,reviewed Core+ district composition scenario,maximum-entropy independence prior fitted by RAS/IPF; deterministic controlled integer rounding,not applicable,1,7.275957614183426e-12,True
high_office_intensity,静安区,310106018000,共和新路街道,street,True,31000,724,1558,reviewed Core+ district composition scenario,maximum-entropy independence prior fitted by RAS/IPF; deterministic controlled integer rounding,not applicable,1,7.275957614183426e-12,True
high_office_intensity,静安区,310106018000,共和新路街道,street,True,31000,725,431,reviewed Core+ district composition scenario,maximum-entropy independence prior fitted by RAS/IPF; deterministic controlled integer rounding,not applicable,1,7.275957614183426e-12,True
high_office_intensity,静安区,310106018000,共和新路街道,street,True,31000,OTHER,23174,balancing non-office remainder,maximum-entropy independence prior fitted by RAS/IPF; deterministic controlled integer rounding,not applicable,1,7.275957614183426e-12,True
high_office_intensity,静安区,310106019000,大宁路街道,street,True,115000,I,10779,official district-by-industry,maximum-entropy independence prior fitted by RAS/IPF; deterministic controlled integer rounding,not applicable,1,7.275957614183426e-12,True
high_office_intensity,静安区,310106019000,大宁路街道,street,True,115000,J,105,official district-by-industry,maximum-entropy independence prior fitted by RAS/IPF; deterministic controlled integer rounding,not applicable,1,7.275957614183426e-12,True
high_office_intensity,静安区,310106019000,大宁路街道,street,True,115000,M,6341,official district-by-industry,maximum-entropy independence prior fitted by RAS/IPF; deterministic controlled integer rounding,not applicable,1,7.275957614183426e-12,True
high_office_intensity,静安区,310106019000,大宁路街道,street,True,115000,721,3627,reviewed Core+ district composition scenario,maximum-entropy independence prior fitted by RAS/IPF; deterministic controlled integer rounding,not applicable,1,7.275957614183426e-12,True
high_office_intensity,静安区,310106019000,大宁路街道,street,True,115000,723,799,reviewed Core+ district composition scenario,maximum-entropy independence prior fitted by RAS/IPF; deterministic controlled integer rounding,not applicable,1,7.275957614183426e-12,True
high_office_intensity,静安区,310106019000,大宁路街道,street,True,115000,724,5781,reviewed Core+ district composition scenario,maximum-entropy independence prior fitted by RAS/IPF; deterministic controlled integer rounding,not applicable,1,7.275957614183426e-12,True
high_office_intensity,静安区,310106019000,大宁路街道,street,True,115000,725,1599,reviewed Core+ district composition scenario,maximum-entropy independence prior fitted by RAS/IPF; deterministic controlled integer rounding,not applicable,1,7.275957614183426e-12,True
high_office_intensity,静安区,310106019000,大宁路街道,street,True,115000,OTHER,85969,balancing non-office remainder,maximum-entropy independence prior fitted by RAS/IPF; deterministic controlled integer rounding,not applicable,1,7.275957614183426e-12,True
high_office_intensity,静安区,310106020000,彭浦新村街道,street,True,17000,I,1593,official district-by-industry,maximum-entropy independence prior fitted by RAS/IPF; deterministic controlled integer rounding,not applicable,1,7.275957614183426e-12,True
high_office_intensity,静安区,310106020000,彭浦新村街道,street,True,17000,J,16,official district-by-industry,maximum-entropy independence prior fitted by RAS/IPF; deterministic controlled integer rounding,not applicable,1,7.275957614183426e-12,True
high_office_intensity,静安区,310106020000,彭浦新村街道,street,True,17000,M,937,official district-by-industry,maximum-entropy independence prior fitted by RAS/IPF; deterministic controlled integer rounding,not applicable,1,7.275957614183426e-12,True
high_office_intensity,静安区,310106020000,彭浦新村街道,street,True,17000,721,536,reviewed Core+ district composition scenario,maximum-entropy independence prior fitted by RAS/IPF; deterministic controlled integer rounding,not applicable,1,7.275957614183426e-12,True
high_office_intensity,静安区,310106020000,彭浦新村街道,street,True,17000,723,118,reviewed Core+ district composition scenario,maximum-entropy independence prior fitted by RAS/IPF; deterministic controlled integer rounding,not applicable,1,7.275957614183426e-12,True
high_office_intensity,静安区,310106020000,彭浦新村街道,street,True,17000,724,855,reviewed Core+ district composition scenario,maximum-entropy independence prior fitted by RAS/IPF; deterministic controlled integer rounding,not applicable,1,7.275957614183426e-12,True
high_office_intensity,静安区,310106020000,彭浦新村街道,street,True,17000,725,236,reviewed Core+ district composition scenario,maximum-entropy independence prior fitted by RAS/IPF; deterministic controlled integer rounding,not applicable,1,7.275957614183426e-12,True
high_office_intensity,静安区,310106020000,彭浦新村街道,street,True,17000,OTHER,12709,balancing non-office remainder,maximum-entropy independence prior fitted by RAS/IPF; deterministic controlled integer rounding,not applicable,1,7.275957614183426e-12,True
high_office_intensity,静安区,310106021000,临汾路街道,street,True,5000,I,469,official district-by-industry,maximum-entropy independence prior fitted by RAS/IPF; deterministic controlled integer rounding,not applicable,1,7.275957614183426e-12,True
high_office_intensity,静安区,310106021000,临汾路街道,street,True,5000,J,4,official district-by-industry,maximum-entropy independence prior fitted by RAS/IPF; deterministic controlled integer rounding,not applicable,1,7.275957614183426e-12,True
high_office_intensity,静安区,310106021000,临汾路街道,street,True,5000,M,276,official district-by-industry,maximum-entropy independence prior fitted by RAS/IPF; deterministic controlled integer rounding,not applicable,1,7.275957614183426e-12,True
high_office_intensity,静安区,310106021000,临汾路街道,street,True,5000,721,157,reviewed Core+ district composition scenario,maximum-entropy independence prior fitted by RAS/IPF; deterministic controlled integer rounding,not applicable,1,7.275957614183426e-12,True
high_office_intensity,静安区,310106021000,临汾路街道,street,True,5000,723,35,reviewed Core+ district composition scenario,maximum-entropy independence prior fitted by RAS/IPF; deterministic controlled integer rounding,not applicable,1,7.275957614183426e-12,True
high_office_intensity,静安区,310106021000,临汾路街道,street,True,5000,724,251,reviewed Core+ district composition scenario,maximum-entropy independence prior fitted by RAS/IPF; deterministic controlled integer rounding,not applicable,1,7.275957614183426e-12,True
high_office_intensity,静安区,310106021000,临汾路街道,street,True,5000,725,70,reviewed Core+ district composition scenario,maximum-entropy independence prior fitted by RAS/IPF; deterministic controlled integer rounding,not applicable,1,7.275957614183426e-12,True
high_office_intensity,静安区,310106021000,临汾路街道,street,True,5000,OTHER,3738,balancing non-office remainder,maximum-entropy independence prior fitted by RAS/IPF; deterministic controlled integer rounding,not applicable,1,7.275957614183426e-12,True
high_office_intensity,静安区,310106022000,芷江西路街道,street,True,28000,I,2624,official district-by-industry,maximum-entropy independence prior fitted by RAS/IPF; deterministic controlled integer rounding,not applicable,1,7.275957614183426e-12,True
high_office_intensity,静安区,310106022000,芷江西路街道,street,True,28000,J,25,official district-by-industry,maximum-entropy independence prior fitted by RAS/IPF; deterministic controlled integer rounding,not applicable,1,7.275957614183426e-12,True
high_office_intensity,静安区,310106022000,芷江西路街道,street,True,28000,M,1544,official district-by-industry,maximum-entropy independence prior fitted by RAS/IPF; deterministic controlled integer rounding,not applicable,1,7.275957614183426e-12,True
high_office_intensity,静安区,310106022000,芷江西路街道,street,True,28000,721,883,reviewed Core+ district composition scenario,maximum-entropy independence prior fitted by RAS/IPF; deterministic controlled integer rounding,not applicable,1,7.275957614183426e-12,True
high_office_intensity,静安区,310106022000,芷江西路街道,street,True,28000,723,195,reviewed Core+ district composition scenario,maximum-entropy independence prior fitted by RAS/IPF; deterministic controlled integer rounding,not applicable,1,7.275957614183426e-12,True
high_office_intensity,静安区,310106022000,芷江西路街道,street,True,28000,724,1408,reviewed Core+ district composition scenario,maximum-entropy independence prior fitted by RAS/IPF; deterministic controlled integer rounding,not applicable,1,7.275957614183426e-12,True
high_office_intensity,静安区,310106022000,芷江西路街道,street,True,28000,725,389,reviewed Core+ district composition scenario,maximum-entropy independence prior fitted by RAS/IPF; deterministic controlled integer rounding,not applicable,1,7.275957614183426e-12,True
high_office_intensity,静安区,310106022000,芷江西路街道,street,True,28000,OTHER,20932,balancing non-office remainder,maximum-entropy independence prior fitted by RAS/IPF; deterministic controlled integer rounding,not applicable,1,7.275957614183426e-12,True
high_office_intensity,静安区,310106100000,彭浦镇,town,True,112000,I,10498,official district-by-industry,maximum-entropy independence prior fitted by RAS/IPF; deterministic controlled integer rounding,not applicable,1,7.275957614183426e-12,True
high_office_intensity,静安区,310106100000,彭浦镇,town,True,112000,J,102,official district-by-industry,maximum-entropy independence prior fitted by RAS/IPF; deterministic controlled integer rounding,not applicable,1,7.275957614183426e-12,True
high_office_intensity,静安区,310106100000,彭浦镇,town,True,112000,M,6176,official district-by-industry,maximum-entropy independence prior fitted by RAS/IPF; deterministic controlled integer rounding,not applicable,1,7.275957614183426e-12,True
high_office_intensity,静安区,310106100000,彭浦镇,town,True,112000,721,3532,reviewed Core+ district composition scenario,maximum-entropy independence prior fitted by RAS/IPF; deterministic controlled integer rounding,not applicable,1,7.275957614183426e-12,True
high_office_intensity,静安区,310106100000,彭浦镇,town,True,112000,723,778,reviewed Core+ district composition scenario,maximum-entropy independence prior fitted by RAS/IPF; deterministic controlled integer rounding,not applicable,1,7.275957614183426e-12,True
high_office_intensity,静安区,310106100000,彭浦镇,town,True,112000,724,5630,reviewed Core+ district composition scenario,maximum-entropy independence prior fitted by RAS/IPF; deterministic controlled integer rounding,not applicable,1,7.275957614183426e-12,True
high_office_intensity,静安区,310106100000,彭浦镇,town,True,112000,725,1557,reviewed Core+ district composition scenario,maximum-entropy independence prior fitted by RAS/IPF; deterministic controlled integer rounding,not applicable,1,7.275957614183426e-12,True
high_office_intensity,静安区,310106100000,彭浦镇,town,True,112000,OTHER,83727,balancing non-office remainder,maximum-entropy independence prior fitted by RAS/IPF; deterministic controlled integer rounding,not applicable,1,7.275957614183426e-12,True
high_office_intensity,静安区,310106-finance-residual,310106-finance-residual,residual,False,56987,I,0,official district-by-industry,bulletin-compatible fixed residual assignment before maximum-entropy RAS/IPF,official J assigned to finance-tied residual up to row total; remaining residual is OTHER,1,7.275957614183426e-12,True
high_office_intensity,静安区,310106-finance-residual,310106-finance-residual,residual,False,56987,J,56987,official district-by-industry,bulletin-compatible fixed residual assignment before maximum-entropy RAS/IPF,official J assigned to finance-tied residual up to row total; remaining residual is OTHER,1,7.275957614183426e-12,True
high_office_intensity,静安区,310106-finance-residual,310106-finance-residual,residual,False,56987,M,0,official district-by-industry,bulletin-compatible fixed residual assignment before maximum-entropy RAS/IPF,official J assigned to finance-tied residual up to row total; remaining residual is OTHER,1,7.275957614183426e-12,True
high_office_intensity,静安区,310106-finance-residual,310106-finance-residual,residual,False,56987,721,0,reviewed Core+ district composition scenario,bulletin-compatible fixed residual assignment before maximum-entropy RAS/IPF,official J assigned to finance-tied residual up to row total; remaining residual is OTHER,1,7.275957614183426e-12,True
high_office_intensity,静安区,310106-finance-residual,310106-finance-residual,residual,False,56987,723,0,reviewed Core+ district composition scenario,bulletin-compatible fixed residual assignment before maximum-entropy RAS/IPF,official J assigned to finance-tied residual up to row total; remaining residual is OTHER,1,7.275957614183426e-12,True
high_office_intensity,静安区,310106-finance-residual,310106-finance-residual,residual,False,56987,724,0,reviewed Core+ district composition scenario,bulletin-compatible fixed residual assignment before maximum-entropy RAS/IPF,official J assigned to finance-tied residual up to row total; remaining residual is OTHER,1,7.275957614183426e-12,True
high_office_intensity,静安区,310106-finance-residual,310106-finance-residual,residual,False,56987,725,0,reviewed Core+ district composition scenario,bulletin-compatible fixed residual assignment before maximum-entropy RAS/IPF,official J assigned to finance-tied residual up to row total; remaining residual is OTHER,1,7.275957614183426e-12,True
high_office_intensity,静安区,310106-finance-residual,310106-finance-residual,residual,False,56987,OTHER,0,balancing non-office remainder,bulletin-compatible fixed residual assignment before maximum-entropy RAS/IPF,official J assigned to finance-tied residual up to row total; remaining residual is OTHER,1,7.275957614183426e-12,True
high_office_intensity,普陀区,310107005000,曹杨新村街道,street,True,22000,I,2450,official district-by-industry,maximum-entropy independence prior fitted by RAS/IPF; deterministic controlled integer rounding,not applicable,1,0.0,True
high_office_intensity,普陀区,310107005000,曹杨新村街道,street,True,22000,J,0,official district-by-industry,maximum-entropy independence prior fitted by RAS/IPF; deterministic controlled integer rounding,not applicable,1,0.0,True
high_office_intensity,普陀区,310107005000,曹杨新村街道,street,True,22000,M,1385,official district-by-industry,maximum-entropy independence prior fitted by RAS/IPF; deterministic controlled integer rounding,not applicable,1,0.0,True
high_office_intensity,普陀区,310107005000,曹杨新村街道,street,True,22000,721,478,reviewed Core+ district composition scenario,maximum-entropy independence prior fitted by RAS/IPF; deterministic controlled integer rounding,not applicable,1,0.0,True
high_office_intensity,普陀区,310107005000,曹杨新村街道,street,True,22000,723,105,reviewed Core+ district composition scenario,maximum-entropy independence prior fitted by RAS/IPF; deterministic controlled integer rounding,not applicable,1,0.0,True
high_office_intensity,普陀区,310107005000,曹杨新村街道,street,True,22000,724,763,reviewed Core+ district composition scenario,maximum-entropy independence prior fitted by RAS/IPF; deterministic controlled integer rounding,not applicable,1,0.0,True
high_office_intensity,普陀区,310107005000,曹杨新村街道,street,True,22000,725,211,reviewed Core+ district composition scenario,maximum-entropy independence prior fitted by RAS/IPF; deterministic controlled integer rounding,not applicable,1,0.0,True
high_office_intensity,普陀区,310107005000,曹杨新村街道,street,True,22000,OTHER,16608,balancing non-office remainder,maximum-entropy independence prior fitted by RAS/IPF; deterministic controlled integer rounding,not applicable,1,0.0,True
high_office_intensity,普陀区,310107014000,长风新村街道,street,True,90000,I,10023,official district-by-industry,maximum-entropy independence prior fitted by RAS/IPF; deterministic controlled integer rounding,not applicable,1,0.0,True
high_office_intensity,普陀区,310107014000,长风新村街道,street,True,90000,J,0,official district-by-industry,maximum-entropy independence prior fitted by RAS/IPF; deterministic controlled integer rounding,not applicable,1,0.0,True
high_office_intensity,普陀区,310107014000,长风新村街道,street,True,90000,M,5664,official district-by-industry,maximum-entropy independence prior fitted by RAS/IPF; deterministic controlled integer rounding,not applicable,1,0.0,True
high_office_intensity,普陀区,310107014000,长风新村街道,street,True,90000,721,1957,reviewed Core+ district composition scenario,maximum-entropy independence prior fitted by RAS/IPF; deterministic controlled integer rounding,not applicable,1,0.0,True
high_office_intensity,普陀区,310107014000,长风新村街道,street,True,90000,723,431,reviewed Core+ district composition scenario,maximum-entropy independence prior fitted by RAS/IPF; deterministic controlled integer rounding,not applicable,1,0.0,True
high_office_intensity,普陀区,310107014000,长风新村街道,street,True,90000,724,3119,reviewed Core+ district composition scenario,maximum-entropy independence prior fitted by RAS/IPF; deterministic controlled integer rounding,not applicable,1,0.0,True
high_office_intensity,普陀区,310107014000,长风新村街道,street,True,90000,725,863,reviewed Core+ district composition scenario,maximum-entropy independence prior fitted by RAS/IPF; deterministic controlled integer rounding,not applicable,1,0.0,True
high_office_intensity,普陀区,310107014000,长风新村街道,street,True,90000,OTHER,67943,balancing non-office remainder,maximum-entropy independence prior fitted by RAS/IPF; deterministic controlled integer rounding,not applicable,1,0.0,True
high_office_intensity,普陀区,310107015000,长寿路街道,street,True,96000,I,10691,official district-by-industry,maximum-entropy independence prior fitted by RAS/IPF; deterministic controlled integer rounding,not applicable,1,0.0,True
high_office_intensity,普陀区,310107015000,长寿路街道,street,True,96000,J,0,official district-by-industry,maximum-entropy independence prior fitted by RAS/IPF; deterministic controlled integer rounding,not applicable,1,0.0,True
high_office_intensity,普陀区,310107015000,长寿路街道,street,True,96000,M,6041,official district-by-industry,maximum-entropy independence prior fitted by RAS/IPF; deterministic controlled integer rounding,not applicable,1,0.0,True
high_office_intensity,普陀区,310107015000,长寿路街道,street,True,96000,721,2088,reviewed Core+ district composition scenario,maximum-entropy independence prior fitted by RAS/IPF; deterministic controlled integer rounding,not applicable,1,0.0,True
high_office_intensity,普陀区,310107015000,长寿路街道,street,True,96000,723,460,reviewed Core+ district composition scenario,maximum-entropy independence prior fitted by RAS/IPF; deterministic controlled integer rounding,not applicable,1,0.0,True
high_office_intensity,普陀区,310107015000,长寿路街道,street,True,96000,724,3327,reviewed Core+ district composition scenario,maximum-entropy independence prior fitted by RAS/IPF; deterministic controlled integer rounding,not applicable,1,0.0,True
high_office_intensity,普陀区,310107015000,长寿路街道,street,True,96000,725,920,reviewed Core+ district composition scenario,maximum-entropy independence prior fitted by RAS/IPF; deterministic controlled integer rounding,not applicable,1,0.0,True
high_office_intensity,普陀区,310107015000,长寿路街道,street,True,96000,OTHER,72473,balancing non-office remainder,maximum-entropy independence prior fitted by RAS/IPF; deterministic controlled integer rounding,not applicable,1,0.0,True
high_office_intensity,普陀区,310107016000,甘泉路街道,street,True,21000,I,2338,official district-by-industry,maximum-entropy independence prior fitted by RAS/IPF; deterministic controlled integer rounding,not applicable,1,0.0,True
high_office_intensity,普陀区,310107016000,甘泉路街道,street,True,21000,J,0,official district-by-industry,maximum-entropy independence prior fitted by RAS/IPF; deterministic controlled integer rounding,not applicable,1,0.0,True
high_office_intensity,普陀区,310107016000,甘泉路街道,street,True,21000,M,1322,official district-by-industry,maximum-entropy independence prior fitted by RAS/IPF; deterministic controlled integer rounding,not applicable,1,0.0,True
high_office_intensity,普陀区,310107016000,甘泉路街道,street,True,21000,721,457,reviewed Core+ district composition scenario,maximum-entropy independence prior fitted by RAS/IPF; deterministic controlled integer rounding,not applicable,1,0.0,True
high_office_intensity,普陀区,310107016000,甘泉路街道,street,True,21000,723,101,reviewed Core+ district composition scenario,maximum-entropy independence prior fitted by RAS/IPF; deterministic controlled integer rounding,not applicable,1,0.0,True
high_office_intensity,普陀区,310107016000,甘泉路街道,street,True,21000,724,728,reviewed Core+ district composition scenario,maximum-entropy independence prior fitted by RAS/IPF; deterministic controlled integer rounding,not applicable,1,0.0,True
high_office_intensity,普陀区,310107016000,甘泉路街道,street,True,21000,725,201,reviewed Core+ district composition scenario,maximum-entropy independence prior fitted by RAS/IPF; deterministic controlled integer rounding,not applicable,1,0.0,True
high_office_intensity,普陀区,310107016000,甘泉路街道,street,True,21000,OTHER,15853,balancing non-office remainder,maximum-entropy independence prior fitted by RAS/IPF; deterministic controlled integer rounding,not applicable,1,0.0,True
high_office_intensity,普陀区,310107017000,石泉路街道,street,True,20000,I,2227,official district-by-industry,maximum-entropy independence prior fitted by RAS/IPF; deterministic controlled integer rounding,not applicable,1,0.0,True
high_office_intensity,普陀区,310107017000,石泉路街道,street,True,20000,J,0,official district-by-industry,maximum-entropy independence prior fitted by RAS/IPF; deterministic controlled integer rounding,not applicable,1,0.0,True
high_office_intensity,普陀区,310107017000,石泉路街道,street,True,20000,M,1258,official district-by-industry,maximum-entropy independence prior fitted by RAS/IPF; deterministic controlled integer rounding,not applicable,1,0.0,True
high_office_intensity,普陀区,310107017000,石泉路街道,street,True,20000,721,435,reviewed Core+ district composition scenario,maximum-entropy independence prior fitted by RAS/IPF; deterministic controlled integer rounding,not applicable,1,0.0,True
high_office_intensity,普陀区,310107017000,石泉路街道,street,True,20000,723,96,reviewed Core+ district composition scenario,maximum-entropy independence prior fitted by RAS/IPF; deterministic controlled integer rounding,not applicable,1,0.0,True
high_office_intensity,普陀区,310107017000,石泉路街道,street,True,20000,724,693,reviewed Core+ district composition scenario,maximum-entropy independence prior fitted by RAS/IPF; deterministic controlled integer rounding,not applicable,1,0.0,True
high_office_intensity,普陀区,310107017000,石泉路街道,street,True,20000,725,192,reviewed Core+ district composition scenario,maximum-entropy independence prior fitted by RAS/IPF; deterministic controlled integer rounding,not applicable,1,0.0,True
high_office_intensity,普陀区,310107017000,石泉路街道,street,True,20000,OTHER,15099,balancing non-office remainder,maximum-entropy independence prior fitted by RAS/IPF; deterministic controlled integer rounding,not applicable,1,0.0,True
high_office_intensity,普陀区,310107020000,宜川路街道,street,True,17000,I,1893,official district-by-industry,maximum-entropy independence prior fitted by RAS/IPF; deterministic controlled integer rounding,not applicable,1,0.0,True
high_office_intensity,普陀区,310107020000,宜川路街道,street,True,17000,J,0,official district-by-industry,maximum-entropy independence prior fitted by RAS/IPF; deterministic controlled integer rounding,not applicable,1,0.0,True
high_office_intensity,普陀区,310107020000,宜川路街道,street,True,17000,M,1070,official district-by-industry,maximum-entropy independence prior fitted by RAS/IPF; deterministic controlled integer rounding,not applicable,1,0.0,True
high_office_intensity,普陀区,310107020000,宜川路街道,street,True,17000,721,370,reviewed Core+ district composition scenario,maximum-entropy independence prior fitted by RAS/IPF; deterministic controlled integer rounding,not applicable,1,0.0,True
high_office_intensity,普陀区,310107020000,宜川路街道,street,True,17000,723,81,reviewed Core+ district composition scenario,maximum-entropy independence prior fitted by RAS/IPF; deterministic controlled integer rounding,not applicable,1,0.0,True
high_office_intensity,普陀区,310107020000,宜川路街道,street,True,17000,724,589,reviewed Core+ district composition scenario,maximum-entropy independence prior fitted by RAS/IPF; deterministic controlled integer rounding,not applicable,1,0.0,True
high_office_intensity,普陀区,310107020000,宜川路街道,street,True,17000,725,163,reviewed Core+ district composition scenario,maximum-entropy independence prior fitted by RAS/IPF; deterministic controlled integer rounding,not applicable,1,0.0,True
high_office_intensity,普陀区,310107020000,宜川路街道,street,True,17000,OTHER,12834,balancing non-office remainder,maximum-entropy independence prior fitted by RAS/IPF; deterministic controlled integer rounding,not applicable,1,0.0,True
high_office_intensity,普陀区,310107021000,真如镇街道,street,True,26000,I,2896,official district-by-industry,maximum-entropy independence prior fitted by RAS/IPF; deterministic controlled integer rounding,not applicable,1,0.0,True
high_office_intensity,普陀区,310107021000,真如镇街道,street,True,26000,J,0,official district-by-industry,maximum-entropy independence prior fitted by RAS/IPF; deterministic controlled integer rounding,not applicable,1,0.0,True
high_office_intensity,普陀区,310107021000,真如镇街道,street,True,26000,M,1636,official district-by-industry,maximum-entropy independence prior fitted by RAS/IPF; deterministic controlled integer rounding,not applicable,1,0.0,True
high_office_intensity,普陀区,310107021000,真如镇街道,street,True,26000,721,565,reviewed Core+ district composition scenario,maximum-entropy independence prior fitted by RAS/IPF; deterministic controlled integer rounding,not applicable,1,0.0,True
high_office_intensity,普陀区,310107021000,真如镇街道,street,True,26000,723,125,reviewed Core+ district composition scenario,maximum-entropy independence prior fitted by RAS/IPF; deterministic controlled integer rounding,not applicable,1,0.0,True
high_office_intensity,普陀区,310107021000,真如镇街道,street,True,26000,724,901,reviewed Core+ district composition scenario,maximum-entropy independence prior fitted by RAS/IPF; deterministic controlled integer rounding,not applicable,1,0.0,True
high_office_intensity,普陀区,310107021000,真如镇街道,street,True,26000,725,249,reviewed Core+ district composition scenario,maximum-entropy independence prior fitted by RAS/IPF; deterministic controlled integer rounding,not applicable,1,0.0,True
high_office_intensity,普陀区,310107021000,真如镇街道,street,True,26000,OTHER,19628,balancing non-office remainder,maximum-entropy independence prior fitted by RAS/IPF; deterministic controlled integer rounding,not applicable,1,0.0,True
high_office_intensity,普陀区,310107022000,万里街道,street,True,43000,I,4789,official district-by-industry,maximum-entropy independence prior fitted by RAS/IPF; deterministic controlled integer rounding,not applicable,1,0.0,True
high_office_intensity,普陀区,310107022000,万里街道,street,True,43000,J,0,official district-by-industry,maximum-entropy independence prior fitted by RAS/IPF; deterministic controlled integer rounding,not applicable,1,0.0,True
high_office_intensity,普陀区,310107022000,万里街道,street,True,43000,M,2706,official district-by-industry,maximum-entropy independence prior fitted by RAS/IPF; deterministic controlled integer rounding,not applicable,1,0.0,True
high_office_intensity,普陀区,310107022000,万里街道,street,True,43000,721,935,reviewed Core+ district composition scenario,maximum-entropy independence prior fitted by RAS/IPF; deterministic controlled integer rounding,not applicable,1,0.0,True
high_office_intensity,普陀区,310107022000,万里街道,street,True,43000,723,206,reviewed Core+ district composition scenario,maximum-entropy independence prior fitted by RAS/IPF; deterministic controlled integer rounding,not applicable,1,0.0,True
high_office_intensity,普陀区,310107022000,万里街道,street,True,43000,724,1490,reviewed Core+ district composition scenario,maximum-entropy independence prior fitted by RAS/IPF; deterministic controlled integer rounding,not applicable,1,0.0,True
high_office_intensity,普陀区,310107022000,万里街道,street,True,43000,725,412,reviewed Core+ district composition scenario,maximum-entropy independence prior fitted by RAS/IPF; deterministic controlled integer rounding,not applicable,1,0.0,True
high_office_intensity,普陀区,310107022000,万里街道,street,True,43000,OTHER,32462,balancing non-office remainder,maximum-entropy independence prior fitted by RAS/IPF; deterministic controlled integer rounding,not applicable,1,0.0,True
high_office_intensity,普陀区,310107102000,长征镇,town,True,112000,I,12473,official district-by-industry,maximum-entropy independence prior fitted by RAS/IPF; deterministic controlled integer rounding,not applicable,1,0.0,True
high_office_intensity,普陀区,310107102000,长征镇,town,True,112000,J,0,official district-by-industry,maximum-entropy independence prior fitted by RAS/IPF; deterministic controlled integer rounding,not applicable,1,0.0,True
high_office_intensity,普陀区,310107102000,长征镇,town,True,112000,M,7048,official district-by-industry,maximum-entropy independence prior fitted by RAS/IPF; deterministic controlled integer rounding,not applicable,1,0.0,True
high_office_intensity,普陀区,310107102000,长征镇,town,True,112000,721,2435,reviewed Core+ district composition scenario,maximum-entropy independence prior fitted by RAS/IPF; deterministic controlled integer rounding,not applicable,1,0.0,True
high_office_intensity,普陀区,310107102000,长征镇,town,True,112000,723,536,reviewed Core+ district composition scenario,maximum-entropy independence prior fitted by RAS/IPF; deterministic controlled integer rounding,not applicable,1,0.0,True
high_office_intensity,普陀区,310107102000,长征镇,town,True,112000,724,3882,reviewed Core+ district composition scenario,maximum-entropy independence prior fitted by RAS/IPF; deterministic controlled integer rounding,not applicable,1,0.0,True
high_office_intensity,普陀区,310107102000,长征镇,town,True,112000,725,1074,reviewed Core+ district composition scenario,maximum-entropy independence prior fitted by RAS/IPF; deterministic controlled integer rounding,not applicable,1,0.0,True
high_office_intensity,普陀区,310107102000,长征镇,town,True,112000,OTHER,84552,balancing non-office remainder,maximum-entropy independence prior fitted by RAS/IPF; deterministic controlled integer rounding,not applicable,1,0.0,True
high_office_intensity,普陀区,310107103000,桃浦镇,town,True,65000,I,7239,official district-by-industry,maximum-entropy independence prior fitted by RAS/IPF; deterministic controlled integer rounding,not applicable,1,0.0,True
high_office_intensity,普陀区,310107103000,桃浦镇,town,True,65000,J,0,official district-by-industry,maximum-entropy independence prior fitted by RAS/IPF; deterministic controlled integer rounding,not applicable,1,0.0,True
high_office_intensity,普陀区,310107103000,桃浦镇,town,True,65000,M,4090,official district-by-industry,maximum-entropy independence prior fitted by RAS/IPF; deterministic controlled integer rounding,not applicable,1,0.0,True
high_office_intensity,普陀区,310107103000,桃浦镇,town,True,65000,721,1413,reviewed Core+ district composition scenario,maximum-entropy independence prior fitted by RAS/IPF; deterministic controlled integer rounding,not applicable,1,0.0,True
high_office_intensity,普陀区,310107103000,桃浦镇,town,True,65000,723,312,reviewed Core+ district composition scenario,maximum-entropy independence prior fitted by RAS/IPF; deterministic controlled integer rounding,not applicable,1,0.0,True
high_office_intensity,普陀区,310107103000,桃浦镇,town,True,65000,724,2253,reviewed Core+ district composition scenario,maximum-entropy independence prior fitted by RAS/IPF; deterministic controlled integer rounding,not applicable,1,0.0,True
high_office_intensity,普陀区,310107103000,桃浦镇,town,True,65000,725,623,reviewed Core+ district composition scenario,maximum-entropy independence prior fitted by RAS/IPF; deterministic controlled integer rounding,not applicable,1,0.0,True
high_office_intensity,普陀区,310107103000,桃浦镇,town,True,65000,OTHER,49070,balancing non-office remainder,maximum-entropy independence prior fitted by RAS/IPF; deterministic controlled integer rounding,not applicable,1,0.0,True
high_office_intensity,普陀区,310107-finance-residual,310107-finance-residual,residual,False,12969,I,0,official district-by-industry,bulletin-compatible fixed residual assignment before maximum-entropy RAS/IPF,official J assigned to finance-tied residual up to row total; remaining residual is OTHER,1,0.0,True
high_office_intensity,普陀区,310107-finance-residual,310107-finance-residual,residual,False,12969,J,11667,official district-by-industry,bulletin-compatible fixed residual assignment before maximum-entropy RAS/IPF,official J assigned to finance-tied residual up to row total; remaining residual is OTHER,1,0.0,True
high_office_intensity,普陀区,310107-finance-residual,310107-finance-residual,residual,False,12969,M,0,official district-by-industry,bulletin-compatible fixed residual assignment before maximum-entropy RAS/IPF,official J assigned to finance-tied residual up to row total; remaining residual is OTHER,1,0.0,True
high_office_intensity,普陀区,310107-finance-residual,310107-finance-residual,residual,False,12969,721,0,reviewed Core+ district composition scenario,bulletin-compatible fixed residual assignment before maximum-entropy RAS/IPF,official J assigned to finance-tied residual up to row total; remaining residual is OTHER,1,0.0,True
high_office_intensity,普陀区,310107-finance-residual,310107-finance-residual,residual,False,12969,723,0,reviewed Core+ district composition scenario,bulletin-compatible fixed residual assignment before maximum-entropy RAS/IPF,official J assigned to finance-tied residual up to row total; remaining residual is OTHER,1,0.0,True
high_office_intensity,普陀区,310107-finance-residual,310107-finance-residual,residual,False,12969,724,0,reviewed Core+ district composition scenario,bulletin-compatible fixed residual assignment before maximum-entropy RAS/IPF,official J assigned to finance-tied residual up to row total; remaining residual is OTHER,1,0.0,True
high_office_intensity,普陀区,310107-finance-residual,310107-finance-residual,residual,False,12969,725,0,reviewed Core+ district composition scenario,bulletin-compatible fixed residual assignment before maximum-entropy RAS/IPF,official J assigned to finance-tied residual up to row total; remaining residual is OTHER,1,0.0,True
high_office_intensity,普陀区,310107-finance-residual,310107-finance-residual,residual,False,12969,OTHER,1302,balancing non-office remainder,bulletin-compatible fixed residual assignment before maximum-entropy RAS/IPF,official J assigned to finance-tied residual up to row total; remaining residual is OTHER,1,0.0,True
high_office_intensity,虹口区,310109009000,欧阳路街道,street,True,21300,I,1098,official district-by-industry,maximum-entropy independence prior fitted by RAS/IPF; deterministic controlled integer rounding,not applicable,1,7.275957614183426e-12,True
high_office_intensity,虹口区,310109009000,欧阳路街道,street,True,21300,J,1575,official district-by-industry,maximum-entropy independence prior fitted by RAS/IPF; deterministic controlled integer rounding,not applicable,1,7.275957614183426e-12,True
high_office_intensity,虹口区,310109009000,欧阳路街道,street,True,21300,M,1026,official district-by-industry,maximum-entropy independence prior fitted by RAS/IPF; deterministic controlled integer rounding,not applicable,1,7.275957614183426e-12,True
high_office_intensity,虹口区,310109009000,欧阳路街道,street,True,21300,721,338,reviewed Core+ district composition scenario,maximum-entropy independence prior fitted by RAS/IPF; deterministic controlled integer rounding,not applicable,1,7.275957614183426e-12,True
high_office_intensity,虹口区,310109009000,欧阳路街道,street,True,21300,723,74,reviewed Core+ district composition scenario,maximum-entropy independence prior fitted by RAS/IPF; deterministic controlled integer rounding,not applicable,1,7.275957614183426e-12,True
high_office_intensity,虹口区,310109009000,欧阳路街道,street,True,21300,724,539,reviewed Core+ district composition scenario,maximum-entropy independence prior fitted by RAS/IPF; deterministic controlled integer rounding,not applicable,1,7.275957614183426e-12,True
high_office_intensity,虹口区,310109009000,欧阳路街道,street,True,21300,725,149,reviewed Core+ district composition scenario,maximum-entropy independence prior fitted by RAS/IPF; deterministic controlled integer rounding,not applicable,1,7.275957614183426e-12,True
high_office_intensity,虹口区,310109009000,欧阳路街道,street,True,21300,OTHER,16501,balancing non-office remainder,maximum-entropy independence prior fitted by RAS/IPF; deterministic controlled integer rounding,not applicable,1,7.275957614183426e-12,True
high_office_intensity,虹口区,310109010000,曲阳路街道,street,True,46159,I,2379,official district-by-industry,maximum-entropy independence prior fitted by RAS/IPF; deterministic controlled integer rounding,not applicable,1,7.275957614183426e-12,True
high_office_intensity,虹口区,310109010000,曲阳路街道,street,True,46159,J,3413,official district-by-industry,maximum-entropy independence prior fitted by RAS/IPF; deterministic controlled integer rounding,not applicable,1,7.275957614183426e-12,True
high_office_intensity,虹口区,310109010000,曲阳路街道,street,True,46159,M,2223,official district-by-industry,maximum-entropy independence prior fitted by RAS/IPF; deterministic controlled integer rounding,not applicable,1,7.275957614183426e-12,True
high_office_intensity,虹口区,310109010000,曲阳路街道,street,True,46159,721,732,reviewed Core+ district composition scenario,maximum-entropy independence prior fitted by RAS/IPF; deterministic controlled integer rounding,not applicable,1,7.275957614183426e-12,True
high_office_intensity,虹口区,310109010000,曲阳路街道,street,True,46159,723,162,reviewed Core+ district composition scenario,maximum-entropy independence prior fitted by RAS/IPF; deterministic controlled integer rounding,not applicable,1,7.275957614183426e-12,True
high_office_intensity,虹口区,310109010000,曲阳路街道,street,True,46159,724,1167,reviewed Core+ district composition scenario,maximum-entropy independence prior fitted by RAS/IPF; deterministic controlled integer rounding,not applicable,1,7.275957614183426e-12,True
high_office_intensity,虹口区,310109010000,曲阳路街道,street,True,46159,725,323,reviewed Core+ district composition scenario,maximum-entropy independence prior fitted by RAS/IPF; deterministic controlled integer rounding,not applicable,1,7.275957614183426e-12,True
high_office_intensity,虹口区,310109010000,曲阳路街道,street,True,46159,OTHER,35760,balancing non-office remainder,maximum-entropy independence prior fitted by RAS/IPF; deterministic controlled integer rounding,not applicable,1,7.275957614183426e-12,True
high_office_intensity,虹口区,310109011000,广中路街道,street,True,33773,I,1741,official district-by-industry,maximum-entropy independence prior fitted by RAS/IPF; deterministic controlled integer rounding,not applicable,1,7.275957614183426e-12,True
high_office_intensity,虹口区,310109011000,广中路街道,street,True,33773,J,2497,official district-by-industry,maximum-entropy independence prior fitted by RAS/IPF; deterministic controlled integer rounding,not applicable,1,7.275957614183426e-12,True
high_office_intensity,虹口区,310109011000,广中路街道,street,True,33773,M,1626,official district-by-industry,maximum-entropy independence prior fitted by RAS/IPF; deterministic controlled integer rounding,not applicable,1,7.275957614183426e-12,True
high_office_intensity,虹口区,310109011000,广中路街道,street,True,33773,721,536,reviewed Core+ district composition scenario,maximum-entropy independence prior fitted by RAS/IPF; deterministic controlled integer rounding,not applicable,1,7.275957614183426e-12,True
high_office_intensity,虹口区,310109011000,广中路街道,street,True,33773,723,118,reviewed Core+ district composition scenario,maximum-entropy independence prior fitted by RAS/IPF; deterministic controlled integer rounding,not applicable,1,7.275957614183426e-12,True
high_office_intensity,虹口区,310109011000,广中路街道,street,True,33773,724,854,reviewed Core+ district composition scenario,maximum-entropy independence prior fitted by RAS/IPF; deterministic controlled integer rounding,not applicable,1,7.275957614183426e-12,True
high_office_intensity,虹口区,310109011000,广中路街道,street,True,33773,725,236,reviewed Core+ district composition scenario,maximum-entropy independence prior fitted by RAS/IPF; deterministic controlled integer rounding,not applicable,1,7.275957614183426e-12,True
high_office_intensity,虹口区,310109011000,广中路街道,street,True,33773,OTHER,26165,balancing non-office remainder,maximum-entropy independence prior fitted by RAS/IPF; deterministic controlled integer rounding,not applicable,1,7.275957614183426e-12,True
high_office_intensity,虹口区,310109014000,嘉兴路街道,street,True,40429,I,2083,official district-by-industry,maximum-entropy independence prior fitted by RAS/IPF; deterministic controlled integer rounding,not applicable,1,7.275957614183426e-12,True
high_office_intensity,虹口区,310109014000,嘉兴路街道,street,True,40429,J,2989,official district-by-industry,maximum-entropy independence prior fitted by RAS/IPF; deterministic controlled integer rounding,not applicable,1,7.275957614183426e-12,True
high_office_intensity,虹口区,310109014000,嘉兴路街道,street,True,40429,M,1947,official district-by-industry,maximum-entropy independence prior fitted by RAS/IPF; deterministic controlled integer rounding,not applicable,1,7.275957614183426e-12,True
high_office_intensity,虹口区,310109014000,嘉兴路街道,street,True,40429,721,642,reviewed Core+ district composition scenario,maximum-entropy independence prior fitted by RAS/IPF; deterministic controlled integer rounding,not applicable,1,7.275957614183426e-12,True
high_office_intensity,虹口区,310109014000,嘉兴路街道,street,True,40429,723,141,reviewed Core+ district composition scenario,maximum-entropy independence prior fitted by RAS/IPF; deterministic controlled integer rounding,not applicable,1,7.275957614183426e-12,True
high_office_intensity,虹口区,310109014000,嘉兴路街道,street,True,40429,724,1023,reviewed Core+ district composition scenario,maximum-entropy independence prior fitted by RAS/IPF; deterministic controlled integer rounding,not applicable,1,7.275957614183426e-12,True
high_office_intensity,虹口区,310109014000,嘉兴路街道,street,True,40429,725,283,reviewed Core+ district composition scenario,maximum-entropy independence prior fitted by RAS/IPF; deterministic controlled integer rounding,not applicable,1,7.275957614183426e-12,True
high_office_intensity,虹口区,310109014000,嘉兴路街道,street,True,40429,OTHER,31321,balancing non-office remainder,maximum-entropy independence prior fitted by RAS/IPF; deterministic controlled integer rounding,not applicable,1,7.275957614183426e-12,True
high_office_intensity,虹口区,310109016000,凉城新村街道,street,True,23538,I,1213,official district-by-industry,maximum-entropy independence prior fitted by RAS/IPF; deterministic controlled integer rounding,not applicable,1,7.275957614183426e-12,True
high_office_intensity,虹口区,310109016000,凉城新村街道,street,True,23538,J,1740,official district-by-industry,maximum-entropy independence prior fitted by RAS/IPF; deterministic controlled integer rounding,not applicable,1,7.275957614183426e-12,True
high_office_intensity,虹口区,310109016000,凉城新村街道,street,True,23538,M,1133,official district-by-industry,maximum-entropy independence prior fitted by RAS/IPF; deterministic controlled integer rounding,not applicable,1,7.275957614183426e-12,True
high_office_intensity,虹口区,310109016000,凉城新村街道,street,True,23538,721,374,reviewed Core+ district composition scenario,maximum-entropy independence prior fitted by RAS/IPF; deterministic controlled integer rounding,not applicable,1,7.275957614183426e-12,True
high_office_intensity,虹口区,310109016000,凉城新村街道,street,True,23538,723,83,reviewed Core+ district composition scenario,maximum-entropy independence prior fitted by RAS/IPF; deterministic controlled integer rounding,not applicable,1,7.275957614183426e-12,True
high_office_intensity,虹口区,310109016000,凉城新村街道,street,True,23538,724,595,reviewed Core+ district composition scenario,maximum-entropy independence prior fitted by RAS/IPF; deterministic controlled integer rounding,not applicable,1,7.275957614183426e-12,True
high_office_intensity,虹口区,310109016000,凉城新村街道,street,True,23538,725,164,reviewed Core+ district composition scenario,maximum-entropy independence prior fitted by RAS/IPF; deterministic controlled integer rounding,not applicable,1,7.275957614183426e-12,True
high_office_intensity,虹口区,310109016000,凉城新村街道,street,True,23538,OTHER,18236,balancing non-office remainder,maximum-entropy independence prior fitted by RAS/IPF; deterministic controlled integer rounding,not applicable,1,7.275957614183426e-12,True
high_office_intensity,虹口区,310109017000,四川北路街道,street,True,51996,I,2679,official district-by-industry,maximum-entropy independence prior fitted by RAS/IPF; deterministic controlled integer rounding,not applicable,1,7.275957614183426e-12,True
high_office_intensity,虹口区,310109017000,四川北路街道,street,True,51996,J,3844,official district-by-industry,maximum-entropy independence prior fitted by RAS/IPF; deterministic controlled integer rounding,not applicable,1,7.275957614183426e-12,True
high_office_intensity,虹口区,310109017000,四川北路街道,street,True,51996,M,2504,official district-by-industry,maximum-entropy independence prior fitted by RAS/IPF; deterministic controlled integer rounding,not applicable,1,7.275957614183426e-12,True
high_office_intensity,虹口区,310109017000,四川北路街道,street,True,51996,721,825,reviewed Core+ district composition scenario,maximum-entropy independence prior fitted by RAS/IPF; deterministic controlled integer rounding,not applicable,1,7.275957614183426e-12,True
high_office_intensity,虹口区,310109017000,四川北路街道,street,True,51996,723,182,reviewed Core+ district composition scenario,maximum-entropy independence prior fitted by RAS/IPF; deterministic controlled integer rounding,not applicable,1,7.275957614183426e-12,True
high_office_intensity,虹口区,310109017000,四川北路街道,street,True,51996,724,1315,reviewed Core+ district composition scenario,maximum-entropy independence prior fitted by RAS/IPF; deterministic controlled integer rounding,not applicable,1,7.275957614183426e-12,True
high_office_intensity,虹口区,310109017000,四川北路街道,street,True,51996,725,364,reviewed Core+ district composition scenario,maximum-entropy independence prior fitted by RAS/IPF; deterministic controlled integer rounding,not applicable,1,7.275957614183426e-12,True
high_office_intensity,虹口区,310109017000,四川北路街道,street,True,51996,OTHER,40283,balancing non-office remainder,maximum-entropy independence prior fitted by RAS/IPF; deterministic controlled integer rounding,not applicable,1,7.275957614183426e-12,True
high_office_intensity,虹口区,310109018000,北外滩街道,street,True,133468,I,6878,official district-by-industry,maximum-entropy independence prior fitted by RAS/IPF; deterministic controlled integer rounding,not applicable,1,7.275957614183426e-12,True
high_office_intensity,虹口区,310109018000,北外滩街道,street,True,133468,J,9868,official district-by-industry,maximum-entropy independence prior fitted by RAS/IPF; deterministic controlled integer rounding,not applicable,1,7.275957614183426e-12,True
high_office_intensity,虹口区,310109018000,北外滩街道,street,True,133468,M,6426,official district-by-industry,maximum-entropy independence prior fitted by RAS/IPF; deterministic controlled integer rounding,not applicable,1,7.275957614183426e-12,True
high_office_intensity,虹口区,310109018000,北外滩街道,street,True,133468,721,2118,reviewed Core+ district composition scenario,maximum-entropy independence prior fitted by RAS/IPF; deterministic controlled integer rounding,not applicable,1,7.275957614183426e-12,True
high_office_intensity,虹口区,310109018000,北外滩街道,street,True,133468,723,467,reviewed Core+ district composition scenario,maximum-entropy independence prior fitted by RAS/IPF; deterministic controlled integer rounding,not applicable,1,7.275957614183426e-12,True
high_office_intensity,虹口区,310109018000,北外滩街道,street,True,133468,724,3376,reviewed Core+ district composition scenario,maximum-entropy independence prior fitted by RAS/IPF; deterministic controlled integer rounding,not applicable,1,7.275957614183426e-12,True
high_office_intensity,虹口区,310109018000,北外滩街道,street,True,133468,725,934,reviewed Core+ district composition scenario,maximum-entropy independence prior fitted by RAS/IPF; deterministic controlled integer rounding,not applicable,1,7.275957614183426e-12,True
high_office_intensity,虹口区,310109018000,北外滩街道,street,True,133468,OTHER,103401,balancing non-office remainder,maximum-entropy independence prior fitted by RAS/IPF; deterministic controlled integer rounding,not applicable,1,7.275957614183426e-12,True
high_office_intensity,虹口区,310109019000,江湾镇街道,street,True,29170,I,1503,official district-by-industry,maximum-entropy independence prior fitted by RAS/IPF; deterministic controlled integer rounding,not applicable,1,7.275957614183426e-12,True
high_office_intensity,虹口区,310109019000,江湾镇街道,street,True,29170,J,2157,official district-by-industry,maximum-entropy independence prior fitted by RAS/IPF; deterministic controlled integer rounding,not applicable,1,7.275957614183426e-12,True
high_office_intensity,虹口区,310109019000,江湾镇街道,street,True,29170,M,1404,official district-by-industry,maximum-entropy independence prior fitted by RAS/IPF; deterministic controlled integer rounding,not applicable,1,7.275957614183426e-12,True
high_office_intensity,虹口区,310109019000,江湾镇街道,street,True,29170,721,463,reviewed Core+ district composition scenario,maximum-entropy independence prior fitted by RAS/IPF; deterministic controlled integer rounding,not applicable,1,7.275957614183426e-12,True
high_office_intensity,虹口区,310109019000,江湾镇街道,street,True,29170,723,102,reviewed Core+ district composition scenario,maximum-entropy independence prior fitted by RAS/IPF; deterministic controlled integer rounding,not applicable,1,7.275957614183426e-12,True
high_office_intensity,虹口区,310109019000,江湾镇街道,street,True,29170,724,738,reviewed Core+ district composition scenario,maximum-entropy independence prior fitted by RAS/IPF; deterministic controlled integer rounding,not applicable,1,7.275957614183426e-12,True
high_office_intensity,虹口区,310109019000,江湾镇街道,street,True,29170,725,204,reviewed Core+ district composition scenario,maximum-entropy independence prior fitted by RAS/IPF; deterministic controlled integer rounding,not applicable,1,7.275957614183426e-12,True
high_office_intensity,虹口区,310109019000,江湾镇街道,street,True,29170,OTHER,22599,balancing non-office remainder,maximum-entropy independence prior fitted by RAS/IPF; deterministic controlled integer rounding,not applicable,1,7.275957614183426e-12,True
high_office_intensity,虹口区,310109-special-channel-residual,310109-special-channel-residual,residual,False,29556,I,1523,official district-by-industry,maximum-entropy independence prior fitted by RAS/IPF; deterministic controlled integer rounding,IPF because bulletin residual is not sector-classified,1,7.275957614183426e-12,True
high_office_intensity,虹口区,310109-special-channel-residual,310109-special-channel-residual,residual,False,29556,J,2185,official district-by-industry,maximum-entropy independence prior fitted by RAS/IPF; deterministic controlled integer rounding,IPF because bulletin residual is not sector-classified,1,7.275957614183426e-12,True
high_office_intensity,虹口区,310109-special-channel-residual,310109-special-channel-residual,residual,False,29556,M,1423,official district-by-industry,maximum-entropy independence prior fitted by RAS/IPF; deterministic controlled integer rounding,IPF because bulletin residual is not sector-classified,1,7.275957614183426e-12,True
high_office_intensity,虹口区,310109-special-channel-residual,310109-special-channel-residual,residual,False,29556,721,469,reviewed Core+ district composition scenario,maximum-entropy independence prior fitted by RAS/IPF; deterministic controlled integer rounding,IPF because bulletin residual is not sector-classified,1,7.275957614183426e-12,True
high_office_intensity,虹口区,310109-special-channel-residual,310109-special-channel-residual,residual,False,29556,723,103,reviewed Core+ district composition scenario,maximum-entropy independence prior fitted by RAS/IPF; deterministic controlled integer rounding,IPF because bulletin residual is not sector-classified,1,7.275957614183426e-12,True
high_office_intensity,虹口区,310109-special-channel-residual,310109-special-channel-residual,residual,False,29556,724,748,reviewed Core+ district composition scenario,maximum-entropy independence prior fitted by RAS/IPF; deterministic controlled integer rounding,IPF because bulletin residual is not sector-classified,1,7.275957614183426e-12,True
high_office_intensity,虹口区,310109-special-channel-residual,310109-special-channel-residual,residual,False,29556,725,207,reviewed Core+ district composition scenario,maximum-entropy independence prior fitted by RAS/IPF; deterministic controlled integer rounding,IPF because bulletin residual is not sector-classified,1,7.275957614183426e-12,True
high_office_intensity,虹口区,310109-special-channel-residual,310109-special-channel-residual,residual,False,29556,OTHER,22898,balancing non-office remainder,maximum-entropy independence prior fitted by RAS/IPF; deterministic controlled integer rounding,IPF because bulletin residual is not sector-classified,1,7.275957614183426e-12,True
high_office_intensity,杨浦区,310110001000,定海路街道,street,True,30849,I,5050,official district-by-industry,maximum-entropy independence prior fitted by RAS/IPF; deterministic controlled integer rounding,not applicable,1,7.275957614183426e-12,True
high_office_intensity,杨浦区,310110001000,定海路街道,street,True,30849,J,0,official district-by-industry,maximum-entropy independence prior fitted by RAS/IPF; deterministic controlled integer rounding,not applicable,1,7.275957614183426e-12,True
high_office_intensity,杨浦区,310110001000,定海路街道,street,True,30849,M,3432,official district-by-industry,maximum-entropy independence prior fitted by RAS/IPF; deterministic controlled integer rounding,not applicable,1,7.275957614183426e-12,True
high_office_intensity,杨浦区,310110001000,定海路街道,street,True,30849,721,406,reviewed Core+ district composition scenario,maximum-entropy independence prior fitted by RAS/IPF; deterministic controlled integer rounding,not applicable,1,7.275957614183426e-12,True
high_office_intensity,杨浦区,310110001000,定海路街道,street,True,30849,723,90,reviewed Core+ district composition scenario,maximum-entropy independence prior fitted by RAS/IPF; deterministic controlled integer rounding,not applicable,1,7.275957614183426e-12,True
high_office_intensity,杨浦区,310110001000,定海路街道,street,True,30849,724,648,reviewed Core+ district composition scenario,maximum-entropy independence prior fitted by RAS/IPF; deterministic controlled integer rounding,not applicable,1,7.275957614183426e-12,True
high_office_intensity,杨浦区,310110001000,定海路街道,street,True,30849,725,179,reviewed Core+ district composition scenario,maximum-entropy independence prior fitted by RAS/IPF; deterministic controlled integer rounding,not applicable,1,7.275957614183426e-12,True
high_office_intensity,杨浦区,310110001000,定海路街道,street,True,30849,OTHER,21044,balancing non-office remainder,maximum-entropy independence prior fitted by RAS/IPF; deterministic controlled integer rounding,not applicable,1,7.275957614183426e-12,True
high_office_intensity,杨浦区,310110006000,平凉路街道,street,True,49638,I,8126,official district-by-industry,maximum-entropy independence prior fitted by RAS/IPF; deterministic controlled integer rounding,not applicable,1,7.275957614183426e-12,True
high_office_intensity,杨浦区,310110006000,平凉路街道,street,True,49638,J,0,official district-by-industry,maximum-entropy independence prior fitted by RAS/IPF; deterministic controlled integer rounding,not applicable,1,7.275957614183426e-12,True
high_office_intensity,杨浦区,310110006000,平凉路街道,street,True,49638,M,5522,official district-by-industry,maximum-entropy independence prior fitted by RAS/IPF; deterministic controlled integer rounding,not applicable,1,7.275957614183426e-12,True
high_office_intensity,杨浦区,310110006000,平凉路街道,street,True,49638,721,654,reviewed Core+ district composition scenario,maximum-entropy independence prior fitted by RAS/IPF; deterministic controlled integer rounding,not applicable,1,7.275957614183426e-12,True
high_office_intensity,杨浦区,310110006000,平凉路街道,street,True,49638,723,144,reviewed Core+ district composition scenario,maximum-entropy independence prior fitted by RAS/IPF; deterministic controlled integer rounding,not applicable,1,7.275957614183426e-12,True
high_office_intensity,杨浦区,310110006000,平凉路街道,street,True,49638,724,1042,reviewed Core+ district composition scenario,maximum-entropy independence prior fitted by RAS/IPF; deterministic controlled integer rounding,not applicable,1,7.275957614183426e-12,True
high_office_intensity,杨浦区,310110006000,平凉路街道,street,True,49638,725,288,reviewed Core+ district composition scenario,maximum-entropy independence prior fitted by RAS/IPF; deterministic controlled integer rounding,not applicable,1,7.275957614183426e-12,True
high_office_intensity,杨浦区,310110006000,平凉路街道,street,True,49638,OTHER,33862,balancing non-office remainder,maximum-entropy independence prior fitted by RAS/IPF; deterministic controlled integer rounding,not applicable,1,7.275957614183426e-12,True
high_office_intensity,杨浦区,310110008000,江浦路街道,street,True,44382,I,7266,official district-by-industry,maximum-entropy independence prior fitted by RAS/IPF; deterministic controlled integer rounding,not applicable,1,7.275957614183426e-12,True
high_office_intensity,杨浦区,310110008000,江浦路街道,street,True,44382,J,0,official district-by-industry,maximum-entropy independence prior fitted by RAS/IPF; deterministic controlled integer rounding,not applicable,1,7.275957614183426e-12,True
high_office_intensity,杨浦区,310110008000,江浦路街道,street,True,44382,M,4937,official district-by-industry,maximum-entropy independence prior fitted by RAS/IPF; deterministic controlled integer rounding,not applicable,1,7.275957614183426e-12,True
high_office_intensity,杨浦区,310110008000,江浦路街道,street,True,44382,721,585,reviewed Core+ district composition scenario,maximum-entropy independence prior fitted by RAS/IPF; deterministic controlled integer rounding,not applicable,1,7.275957614183426e-12,True
high_office_intensity,杨浦区,310110008000,江浦路街道,street,True,44382,723,129,reviewed Core+ district composition scenario,maximum-entropy independence prior fitted by RAS/IPF; deterministic controlled integer rounding,not applicable,1,7.275957614183426e-12,True
high_office_intensity,杨浦区,310110008000,江浦路街道,street,True,44382,724,931,reviewed Core+ district composition scenario,maximum-entropy independence prior fitted by RAS/IPF; deterministic controlled integer rounding,not applicable,1,7.275957614183426e-12,True
high_office_intensity,杨浦区,310110008000,江浦路街道,street,True,44382,725,258,reviewed Core+ district composition scenario,maximum-entropy independence prior fitted by RAS/IPF; deterministic controlled integer rounding,not applicable,1,7.275957614183426e-12,True
high_office_intensity,杨浦区,310110008000,江浦路街道,street,True,44382,OTHER,30276,balancing non-office remainder,maximum-entropy independence prior fitted by RAS/IPF; deterministic controlled integer rounding,not applicable,1,7.275957614183426e-12,True
high_office_intensity,杨浦区,310110009000,四平路街道,street,True,45502,I,7449,official district-by-industry,maximum-entropy independence prior fitted by RAS/IPF; deterministic controlled integer rounding,not applicable,1,7.275957614183426e-12,True
high_office_intensity,杨浦区,310110009000,四平路街道,street,True,45502,J,0,official district-by-industry,maximum-entropy independence prior fitted by RAS/IPF; deterministic controlled integer rounding,not applicable,1,7.275957614183426e-12,True
high_office_intensity,杨浦区,310110009000,四平路街道,street,True,45502,M,5062,official district-by-industry,maximum-entropy independence prior fitted by RAS/IPF; deterministic controlled integer rounding,not applicable,1,7.275957614183426e-12,True
high_office_intensity,杨浦区,310110009000,四平路街道,street,True,45502,721,599,reviewed Core+ district composition scenario,maximum-entropy independence prior fitted by RAS/IPF; deterministic controlled integer rounding,not applicable,1,7.275957614183426e-12,True
high_office_intensity,杨浦区,310110009000,四平路街道,street,True,45502,723,132,reviewed Core+ district composition scenario,maximum-entropy independence prior fitted by RAS/IPF; deterministic controlled integer rounding,not applicable,1,7.275957614183426e-12,True
high_office_intensity,杨浦区,310110009000,四平路街道,street,True,45502,724,955,reviewed Core+ district composition scenario,maximum-entropy independence prior fitted by RAS/IPF; deterministic controlled integer rounding,not applicable,1,7.275957614183426e-12,True
high_office_intensity,杨浦区,310110009000,四平路街道,street,True,45502,725,264,reviewed Core+ district composition scenario,maximum-entropy independence prior fitted by RAS/IPF; deterministic controlled integer rounding,not applicable,1,7.275957614183426e-12,True
high_office_intensity,杨浦区,310110009000,四平路街道,street,True,45502,OTHER,31041,balancing non-office remainder,maximum-entropy independence prior fitted by RAS/IPF; deterministic controlled integer rounding,not applicable,1,7.275957614183426e-12,True
high_office_intensity,杨浦区,310110012000,控江路街道,street,True,15491,I,2536,official district-by-industry,maximum-entropy independence prior fitted by RAS/IPF; deterministic controlled integer rounding,not applicable,1,7.275957614183426e-12,True
high_office_intensity,杨浦区,310110012000,控江路街道,street,True,15491,J,0,official district-by-industry,maximum-entropy independence prior fitted by RAS/IPF; deterministic controlled integer rounding,not applicable,1,7.275957614183426e-12,True
high_office_intensity,杨浦区,310110012000,控江路街道,street,True,15491,M,1723,official district-by-industry,maximum-entropy independence prior fitted by RAS/IPF; deterministic controlled integer rounding,not applicable,1,7.275957614183426e-12,True
high_office_intensity,杨浦区,310110012000,控江路街道,street,True,15491,721,204,reviewed Core+ district composition scenario,maximum-entropy independence prior fitted by RAS/IPF; deterministic controlled integer rounding,not applicable,1,7.275957614183426e-12,True
high_office_intensity,杨浦区,310110012000,控江路街道,street,True,15491,723,45,reviewed Core+ district composition scenario,maximum-entropy independence prior fitted by RAS/IPF; deterministic controlled integer rounding,not applicable,1,7.275957614183426e-12,True
high_office_intensity,杨浦区,310110012000,控江路街道,street,True,15491,724,325,reviewed Core+ district composition scenario,maximum-entropy independence prior fitted by RAS/IPF; deterministic controlled integer rounding,not applicable,1,7.275957614183426e-12,True
high_office_intensity,杨浦区,310110012000,控江路街道,street,True,15491,725,90,reviewed Core+ district composition scenario,maximum-entropy independence prior fitted by RAS/IPF; deterministic controlled integer rounding,not applicable,1,7.275957614183426e-12,True
high_office_intensity,杨浦区,310110012000,控江路街道,street,True,15491,OTHER,10568,balancing non-office remainder,maximum-entropy independence prior fitted by RAS/IPF; deterministic controlled integer rounding,not applicable,1,7.275957614183426e-12,True
high_office_intensity,杨浦区,310110013000,长白新村街道,street,True,11271,I,1845,official district-by-industry,maximum-entropy independence prior fitted by RAS/IPF; deterministic controlled integer rounding,not applicable,1,7.275957614183426e-12,True
high_office_intensity,杨浦区,310110013000,长白新村街道,street,True,11271,J,0,official district-by-industry,maximum-entropy independence prior fitted by RAS/IPF; deterministic controlled integer rounding,not applicable,1,7.275957614183426e-12,True
high_office_intensity,杨浦区,310110013000,长白新村街道,street,True,11271,M,1254,official district-by-industry,maximum-entropy independence prior fitted by RAS/IPF; deterministic controlled integer rounding,not applicable,1,7.275957614183426e-12,True
high_office_intensity,杨浦区,310110013000,长白新村街道,street,True,11271,721,148,reviewed Core+ district composition scenario,maximum-entropy independence prior fitted by RAS/IPF; deterministic controlled integer rounding,not applicable,1,7.275957614183426e-12,True
high_office_intensity,杨浦区,310110013000,长白新村街道,street,True,11271,723,33,reviewed Core+ district composition scenario,maximum-entropy independence prior fitted by RAS/IPF; deterministic controlled integer rounding,not applicable,1,7.275957614183426e-12,True
high_office_intensity,杨浦区,310110013000,长白新村街道,street,True,11271,724,236,reviewed Core+ district composition scenario,maximum-entropy independence prior fitted by RAS/IPF; deterministic controlled integer rounding,not applicable,1,7.275957614183426e-12,True
high_office_intensity,杨浦区,310110013000,长白新村街道,street,True,11271,725,66,reviewed Core+ district composition scenario,maximum-entropy independence prior fitted by RAS/IPF; deterministic controlled integer rounding,not applicable,1,7.275957614183426e-12,True
high_office_intensity,杨浦区,310110013000,长白新村街道,street,True,11271,OTHER,7689,balancing non-office remainder,maximum-entropy independence prior fitted by RAS/IPF; deterministic controlled integer rounding,not applicable,1,7.275957614183426e-12,True
high_office_intensity,杨浦区,310110015000,延吉新村街道,street,True,13326,I,2182,official district-by-industry,maximum-entropy independence prior fitted by RAS/IPF; deterministic controlled integer rounding,not applicable,1,7.275957614183426e-12,True
high_office_intensity,杨浦区,310110015000,延吉新村街道,street,True,13326,J,0,official district-by-industry,maximum-entropy independence prior fitted by RAS/IPF; deterministic controlled integer rounding,not applicable,1,7.275957614183426e-12,True
high_office_intensity,杨浦区,310110015000,延吉新村街道,street,True,13326,M,1483,official district-by-industry,maximum-entropy independence prior fitted by RAS/IPF; deterministic controlled integer rounding,not applicable,1,7.275957614183426e-12,True
high_office_intensity,杨浦区,310110015000,延吉新村街道,street,True,13326,721,176,reviewed Core+ district composition scenario,maximum-entropy independence prior fitted by RAS/IPF; deterministic controlled integer rounding,not applicable,1,7.275957614183426e-12,True
high_office_intensity,杨浦区,310110015000,延吉新村街道,street,True,13326,723,39,reviewed Core+ district composition scenario,maximum-entropy independence prior fitted by RAS/IPF; deterministic controlled integer rounding,not applicable,1,7.275957614183426e-12,True
high_office_intensity,杨浦区,310110015000,延吉新村街道,street,True,13326,724,279,reviewed Core+ district composition scenario,maximum-entropy independence prior fitted by RAS/IPF; deterministic controlled integer rounding,not applicable,1,7.275957614183426e-12,True
high_office_intensity,杨浦区,310110015000,延吉新村街道,street,True,13326,725,77,reviewed Core+ district composition scenario,maximum-entropy independence prior fitted by RAS/IPF; deterministic controlled integer rounding,not applicable,1,7.275957614183426e-12,True
high_office_intensity,杨浦区,310110015000,延吉新村街道,street,True,13326,OTHER,9090,balancing non-office remainder,maximum-entropy independence prior fitted by RAS/IPF; deterministic controlled integer rounding,not applicable,1,7.275957614183426e-12,True
high_office_intensity,杨浦区,310110016000,殷行街道,street,True,16658,I,2727,official district-by-industry,maximum-entropy independence prior fitted by RAS/IPF; deterministic controlled integer rounding,not applicable,1,7.275957614183426e-12,True
high_office_intensity,杨浦区,310110016000,殷行街道,street,True,16658,J,0,official district-by-industry,maximum-entropy independence prior fitted by RAS/IPF; deterministic controlled integer rounding,not applicable,1,7.275957614183426e-12,True
high_office_intensity,杨浦区,310110016000,殷行街道,street,True,16658,M,1853,official district-by-industry,maximum-entropy independence prior fitted by RAS/IPF; deterministic controlled integer rounding,not applicable,1,7.275957614183426e-12,True
high_office_intensity,杨浦区,310110016000,殷行街道,street,True,16658,721,219,reviewed Core+ district composition scenario,maximum-entropy independence prior fitted by RAS/IPF; deterministic controlled integer rounding,not applicable,1,7.275957614183426e-12,True
high_office_intensity,杨浦区,310110016000,殷行街道,street,True,16658,723,48,reviewed Core+ district composition scenario,maximum-entropy independence prior fitted by RAS/IPF; deterministic controlled integer rounding,not applicable,1,7.275957614183426e-12,True
high_office_intensity,杨浦区,310110016000,殷行街道,street,True,16658,724,350,reviewed Core+ district composition scenario,maximum-entropy independence prior fitted by RAS/IPF; deterministic controlled integer rounding,not applicable,1,7.275957614183426e-12,True
high_office_intensity,杨浦区,310110016000,殷行街道,street,True,16658,725,97,reviewed Core+ district composition scenario,maximum-entropy independence prior fitted by RAS/IPF; deterministic controlled integer rounding,not applicable,1,7.275957614183426e-12,True
high_office_intensity,杨浦区,310110016000,殷行街道,street,True,16658,OTHER,11364,balancing non-office remainder,maximum-entropy independence prior fitted by RAS/IPF; deterministic controlled integer rounding,not applicable,1,7.275957614183426e-12,True
high_office_intensity,杨浦区,310110018000,大桥街道,street,True,72321,I,11839,official district-by-industry,maximum-entropy independence prior fitted by RAS/IPF; deterministic controlled integer rounding,not applicable,1,7.275957614183426e-12,True
high_office_intensity,杨浦区,310110018000,大桥街道,street,True,72321,J,0,official district-by-industry,maximum-entropy independence prior fitted by RAS/IPF; deterministic controlled integer rounding,not applicable,1,7.275957614183426e-12,True
high_office_intensity,杨浦区,310110018000,大桥街道,street,True,72321,M,8046,official district-by-industry,maximum-entropy independence prior fitted by RAS/IPF; deterministic controlled integer rounding,not applicable,1,7.275957614183426e-12,True
high_office_intensity,杨浦区,310110018000,大桥街道,street,True,72321,721,952,reviewed Core+ district composition scenario,maximum-entropy independence prior fitted by RAS/IPF; deterministic controlled integer rounding,not applicable,1,7.275957614183426e-12,True
high_office_intensity,杨浦区,310110018000,大桥街道,street,True,72321,723,210,reviewed Core+ district composition scenario,maximum-entropy independence prior fitted by RAS/IPF; deterministic controlled integer rounding,not applicable,1,7.275957614183426e-12,True
high_office_intensity,杨浦区,310110018000,大桥街道,street,True,72321,724,1518,reviewed Core+ district composition scenario,maximum-entropy independence prior fitted by RAS/IPF; deterministic controlled integer rounding,not applicable,1,7.275957614183426e-12,True
high_office_intensity,杨浦区,310110018000,大桥街道,street,True,72321,725,420,reviewed Core+ district composition scenario,maximum-entropy independence prior fitted by RAS/IPF; deterministic controlled integer rounding,not applicable,1,7.275957614183426e-12,True
high_office_intensity,杨浦区,310110018000,大桥街道,street,True,72321,OTHER,49336,balancing non-office remainder,maximum-entropy independence prior fitted by RAS/IPF; deterministic controlled integer rounding,not applicable,1,7.275957614183426e-12,True
high_office_intensity,杨浦区,310110019000,五角场街道,street,True,105944,I,17344,official district-by-industry,maximum-entropy independence prior fitted by RAS/IPF; deterministic controlled integer rounding,not applicable,1,7.275957614183426e-12,True
high_office_intensity,杨浦区,310110019000,五角场街道,street,True,105944,J,0,official district-by-industry,maximum-entropy independence prior fitted by RAS/IPF; deterministic controlled integer rounding,not applicable,1,7.275957614183426e-12,True
high_office_intensity,杨浦区,310110019000,五角场街道,street,True,105944,M,11786,official district-by-industry,maximum-entropy independence prior fitted by RAS/IPF; deterministic controlled integer rounding,not applicable,1,7.275957614183426e-12,True
high_office_intensity,杨浦区,310110019000,五角场街道,street,True,105944,721,1395,reviewed Core+ district composition scenario,maximum-entropy independence prior fitted by RAS/IPF; deterministic controlled integer rounding,not applicable,1,7.275957614183426e-12,True
high_office_intensity,杨浦区,310110019000,五角场街道,street,True,105944,723,307,reviewed Core+ district composition scenario,maximum-entropy independence prior fitted by RAS/IPF; deterministic controlled integer rounding,not applicable,1,7.275957614183426e-12,True
high_office_intensity,杨浦区,310110019000,五角场街道,street,True,105944,724,2224,reviewed Core+ district composition scenario,maximum-entropy independence prior fitted by RAS/IPF; deterministic controlled integer rounding,not applicable,1,7.275957614183426e-12,True
high_office_intensity,杨浦区,310110019000,五角场街道,street,True,105944,725,615,reviewed Core+ district composition scenario,maximum-entropy independence prior fitted by RAS/IPF; deterministic controlled integer rounding,not applicable,1,7.275957614183426e-12,True
high_office_intensity,杨浦区,310110019000,五角场街道,street,True,105944,OTHER,72273,balancing non-office remainder,maximum-entropy independence prior fitted by RAS/IPF; deterministic controlled integer rounding,not applicable,1,7.275957614183426e-12,True
high_office_intensity,杨浦区,310110020000,新江湾城街道,street,True,55638,I,9108,official district-by-industry,maximum-entropy independence prior fitted by RAS/IPF; deterministic controlled integer rounding,not applicable,1,7.275957614183426e-12,True
high_office_intensity,杨浦区,310110020000,新江湾城街道,street,True,55638,J,0,official district-by-industry,maximum-entropy independence prior fitted by RAS/IPF; deterministic controlled integer rounding,not applicable,1,7.275957614183426e-12,True
high_office_intensity,杨浦区,310110020000,新江湾城街道,street,True,55638,M,6190,official district-by-industry,maximum-entropy independence prior fitted by RAS/IPF; deterministic controlled integer rounding,not applicable,1,7.275957614183426e-12,True
high_office_intensity,杨浦区,310110020000,新江湾城街道,street,True,55638,721,733,reviewed Core+ district composition scenario,maximum-entropy independence prior fitted by RAS/IPF; deterministic controlled integer rounding,not applicable,1,7.275957614183426e-12,True
high_office_intensity,杨浦区,310110020000,新江湾城街道,street,True,55638,723,161,reviewed Core+ district composition scenario,maximum-entropy independence prior fitted by RAS/IPF; deterministic controlled integer rounding,not applicable,1,7.275957614183426e-12,True
high_office_intensity,杨浦区,310110020000,新江湾城街道,street,True,55638,724,1168,reviewed Core+ district composition scenario,maximum-entropy independence prior fitted by RAS/IPF; deterministic controlled integer rounding,not applicable,1,7.275957614183426e-12,True
high_office_intensity,杨浦区,310110020000,新江湾城街道,street,True,55638,725,323,reviewed Core+ district composition scenario,maximum-entropy independence prior fitted by RAS/IPF; deterministic controlled integer rounding,not applicable,1,7.275957614183426e-12,True
high_office_intensity,杨浦区,310110020000,新江湾城街道,street,True,55638,OTHER,37955,balancing non-office remainder,maximum-entropy independence prior fitted by RAS/IPF; deterministic controlled integer rounding,not applicable,1,7.275957614183426e-12,True
high_office_intensity,杨浦区,310110021000,长海路街道,street,True,40003,I,6549,official district-by-industry,maximum-entropy independence prior fitted by RAS/IPF; deterministic controlled integer rounding,not applicable,1,7.275957614183426e-12,True
high_office_intensity,杨浦区,310110021000,长海路街道,street,True,40003,J,0,official district-by-industry,maximum-entropy independence prior fitted by RAS/IPF; deterministic controlled integer rounding,not applicable,1,7.275957614183426e-12,True
high_office_intensity,杨浦区,310110021000,长海路街道,street,True,40003,M,4450,official district-by-industry,maximum-entropy independence prior fitted by RAS/IPF; deterministic controlled integer rounding,not applicable,1,7.275957614183426e-12,True
high_office_intensity,杨浦区,310110021000,长海路街道,street,True,40003,721,527,reviewed Core+ district composition scenario,maximum-entropy independence prior fitted by RAS/IPF; deterministic controlled integer rounding,not applicable,1,7.275957614183426e-12,True
high_office_intensity,杨浦区,310110021000,长海路街道,street,True,40003,723,116,reviewed Core+ district composition scenario,maximum-entropy independence prior fitted by RAS/IPF; deterministic controlled integer rounding,not applicable,1,7.275957614183426e-12,True
high_office_intensity,杨浦区,310110021000,长海路街道,street,True,40003,724,840,reviewed Core+ district composition scenario,maximum-entropy independence prior fitted by RAS/IPF; deterministic controlled integer rounding,not applicable,1,7.275957614183426e-12,True
high_office_intensity,杨浦区,310110021000,长海路街道,street,True,40003,725,232,reviewed Core+ district composition scenario,maximum-entropy independence prior fitted by RAS/IPF; deterministic controlled integer rounding,not applicable,1,7.275957614183426e-12,True
high_office_intensity,杨浦区,310110021000,长海路街道,street,True,40003,OTHER,27289,balancing non-office remainder,maximum-entropy independence prior fitted by RAS/IPF; deterministic controlled integer rounding,not applicable,1,7.275957614183426e-12,True
high_office_intensity,杨浦区,310110-finance-construction-residual,310110-finance-construction-residual,residual,False,9539,I,0,official district-by-industry,bulletin-compatible fixed residual assignment before maximum-entropy RAS/IPF,official J assigned to finance-tied residual up to row total; remaining residual is OTHER,1,7.275957614183426e-12,True
high_office_intensity,杨浦区,310110-finance-construction-residual,310110-finance-construction-residual,residual,False,9539,J,9226,official district-by-industry,bulletin-compatible fixed residual assignment before maximum-entropy RAS/IPF,official J assigned to finance-tied residual up to row total; remaining residual is OTHER,1,7.275957614183426e-12,True
high_office_intensity,杨浦区,310110-finance-construction-residual,310110-finance-construction-residual,residual,False,9539,M,0,official district-by-industry,bulletin-compatible fixed residual assignment before maximum-entropy RAS/IPF,official J assigned to finance-tied residual up to row total; remaining residual is OTHER,1,7.275957614183426e-12,True
high_office_intensity,杨浦区,310110-finance-construction-residual,310110-finance-construction-residual,residual,False,9539,721,0,reviewed Core+ district composition scenario,bulletin-compatible fixed residual assignment before maximum-entropy RAS/IPF,official J assigned to finance-tied residual up to row total; remaining residual is OTHER,1,7.275957614183426e-12,True
high_office_intensity,杨浦区,310110-finance-construction-residual,310110-finance-construction-residual,residual,False,9539,723,0,reviewed Core+ district composition scenario,bulletin-compatible fixed residual assignment before maximum-entropy RAS/IPF,official J assigned to finance-tied residual up to row total; remaining residual is OTHER,1,7.275957614183426e-12,True
high_office_intensity,杨浦区,310110-finance-construction-residual,310110-finance-construction-residual,residual,False,9539,724,0,reviewed Core+ district composition scenario,bulletin-compatible fixed residual assignment before maximum-entropy RAS/IPF,official J assigned to finance-tied residual up to row total; remaining residual is OTHER,1,7.275957614183426e-12,True
high_office_intensity,杨浦区,310110-finance-construction-residual,310110-finance-construction-residual,residual,False,9539,725,0,reviewed Core+ district composition scenario,bulletin-compatible fixed residual assignment before maximum-entropy RAS/IPF,official J assigned to finance-tied residual up to row total; remaining residual is OTHER,1,7.275957614183426e-12,True
high_office_intensity,杨浦区,310110-finance-construction-residual,310110-finance-construction-residual,residual,False,9539,OTHER,313,balancing non-office remainder,bulletin-compatible fixed residual assignment before maximum-entropy RAS/IPF,official J assigned to finance-tied residual up to row total; remaining residual is OTHER,1,7.275957614183426e-12,True
high_office_intensity,浦东新区,310115004000,潍坊新村街道,street,True,153750,I,17504,official district-by-industry,maximum-entropy independence prior fitted by RAS/IPF; deterministic controlled integer rounding,not applicable,1,2.3283064365386963e-10,True
high_office_intensity,浦东新区,310115004000,潍坊新村街道,street,True,153750,J,14609,official district-by-industry,maximum-entropy independence prior fitted by RAS/IPF; deterministic controlled integer rounding,not applicable,1,2.3283064365386963e-10,True
high_office_intensity,浦东新区,310115004000,潍坊新村街道,street,True,153750,M,11514,official district-by-industry,maximum-entropy independence prior fitted by RAS/IPF; deterministic controlled integer rounding,not applicable,1,2.3283064365386963e-10,True
high_office_intensity,浦东新区,310115004000,潍坊新村街道,street,True,153750,721,2326,reviewed Core+ district composition scenario,maximum-entropy independence prior fitted by RAS/IPF; deterministic controlled integer rounding,not applicable,1,2.3283064365386963e-10,True
high_office_intensity,浦东新区,310115004000,潍坊新村街道,street,True,153750,723,512,reviewed Core+ district composition scenario,maximum-entropy independence prior fitted by RAS/IPF; deterministic controlled integer rounding,not applicable,1,2.3283064365386963e-10,True
high_office_intensity,浦东新区,310115004000,潍坊新村街道,street,True,153750,724,3708,reviewed Core+ district composition scenario,maximum-entropy independence prior fitted by RAS/IPF; deterministic controlled integer rounding,not applicable,1,2.3283064365386963e-10,True
high_office_intensity,浦东新区,310115004000,潍坊新村街道,street,True,153750,725,1026,reviewed Core+ district composition scenario,maximum-entropy independence prior fitted by RAS/IPF; deterministic controlled integer rounding,not applicable,1,2.3283064365386963e-10,True
high_office_intensity,浦东新区,310115004000,潍坊新村街道,street,True,153750,OTHER,102551,balancing non-office remainder,maximum-entropy independence prior fitted by RAS/IPF; deterministic controlled integer rounding,not applicable,1,2.3283064365386963e-10,True
high_office_intensity,浦东新区,310115005000,陆家嘴街道,street,True,200750,I,22855,official district-by-industry,maximum-entropy independence prior fitted by RAS/IPF; deterministic controlled integer rounding,not applicable,1,2.3283064365386963e-10,True
high_office_intensity,浦东新区,310115005000,陆家嘴街道,street,True,200750,J,19075,official district-by-industry,maximum-entropy independence prior fitted by RAS/IPF; deterministic controlled integer rounding,not applicable,1,2.3283064365386963e-10,True
high_office_intensity,浦东新区,310115005000,陆家嘴街道,street,True,200750,M,15034,official district-by-industry,maximum-entropy independence prior fitted by RAS/IPF; deterministic controlled integer rounding,not applicable,1,2.3283064365386963e-10,True
high_office_intensity,浦东新区,310115005000,陆家嘴街道,street,True,200750,721,3037,reviewed Core+ district composition scenario,maximum-entropy independence prior fitted by RAS/IPF; deterministic controlled integer rounding,not applicable,1,2.3283064365386963e-10,True
high_office_intensity,浦东新区,310115005000,陆家嘴街道,street,True,200750,723,669,reviewed Core+ district composition scenario,maximum-entropy independence prior fitted by RAS/IPF; deterministic controlled integer rounding,not applicable,1,2.3283064365386963e-10,True
high_office_intensity,浦东新区,310115005000,陆家嘴街道,street,True,200750,724,4841,reviewed Core+ district composition scenario,maximum-entropy independence prior fitted by RAS/IPF; deterministic controlled integer rounding,not applicable,1,2.3283064365386963e-10,True
high_office_intensity,浦东新区,310115005000,陆家嘴街道,street,True,200750,725,1339,reviewed Core+ district composition scenario,maximum-entropy independence prior fitted by RAS/IPF; deterministic controlled integer rounding,not applicable,1,2.3283064365386963e-10,True
high_office_intensity,浦东新区,310115005000,陆家嘴街道,street,True,200750,OTHER,133900,balancing non-office remainder,maximum-entropy independence prior fitted by RAS/IPF; deterministic controlled integer rounding,not applicable,1,2.3283064365386963e-10,True
high_office_intensity,浦东新区,310115007000,周家渡街道,street,True,24750,I,2818,official district-by-industry,maximum-entropy independence prior fitted by RAS/IPF; deterministic controlled integer rounding,not applicable,1,2.3283064365386963e-10,True
high_office_intensity,浦东新区,310115007000,周家渡街道,street,True,24750,J,2352,official district-by-industry,maximum-entropy independence prior fitted by RAS/IPF; deterministic controlled integer rounding,not applicable,1,2.3283064365386963e-10,True
high_office_intensity,浦东新区,310115007000,周家渡街道,street,True,24750,M,1854,official district-by-industry,maximum-entropy independence prior fitted by RAS/IPF; deterministic controlled integer rounding,not applicable,1,2.3283064365386963e-10,True
high_office_intensity,浦东新区,310115007000,周家渡街道,street,True,24750,721,374,reviewed Core+ district composition scenario,maximum-entropy independence prior fitted by RAS/IPF; deterministic controlled integer rounding,not applicable,1,2.3283064365386963e-10,True
high_office_intensity,浦东新区,310115007000,周家渡街道,street,True,24750,723,82,reviewed Core+ district composition scenario,maximum-entropy independence prior fitted by RAS/IPF; deterministic controlled integer rounding,not applicable,1,2.3283064365386963e-10,True
high_office_intensity,浦东新区,310115007000,周家渡街道,street,True,24750,724,597,reviewed Core+ district composition scenario,maximum-entropy independence prior fitted by RAS/IPF; deterministic controlled integer rounding,not applicable,1,2.3283064365386963e-10,True
high_office_intensity,浦东新区,310115007000,周家渡街道,street,True,24750,725,165,reviewed Core+ district composition scenario,maximum-entropy independence prior fitted by RAS/IPF; deterministic controlled integer rounding,not applicable,1,2.3283064365386963e-10,True
high_office_intensity,浦东新区,310115007000,周家渡街道,street,True,24750,OTHER,16508,balancing non-office remainder,maximum-entropy independence prior fitted by RAS/IPF; deterministic controlled integer rounding,not applicable,1,2.3283064365386963e-10,True
high_office_intensity,浦东新区,310115008000,塘桥街道,street,True,54750,I,6233,official district-by-industry,maximum-entropy independence prior fitted by RAS/IPF; deterministic controlled integer rounding,not applicable,1,2.3283064365386963e-10,True
high_office_intensity,浦东新区,310115008000,塘桥街道,street,True,54750,J,5202,official district-by-industry,maximum-entropy independence prior fitted by RAS/IPF; deterministic controlled integer rounding,not applicable,1,2.3283064365386963e-10,True
high_office_intensity,浦东新区,310115008000,塘桥街道,street,True,54750,M,4100,official district-by-industry,maximum-entropy independence prior fitted by RAS/IPF; deterministic controlled integer rounding,not applicable,1,2.3283064365386963e-10,True
high_office_intensity,浦东新区,310115008000,塘桥街道,street,True,54750,721,828,reviewed Core+ district composition scenario,maximum-entropy independence prior fitted by RAS/IPF; deterministic controlled integer rounding,not applicable,1,2.3283064365386963e-10,True
high_office_intensity,浦东新区,310115008000,塘桥街道,street,True,54750,723,183,reviewed Core+ district composition scenario,maximum-entropy independence prior fitted by RAS/IPF; deterministic controlled integer rounding,not applicable,1,2.3283064365386963e-10,True
high_office_intensity,浦东新区,310115008000,塘桥街道,street,True,54750,724,1321,reviewed Core+ district composition scenario,maximum-entropy independence prior fitted by RAS/IPF; deterministic controlled integer rounding,not applicable,1,2.3283064365386963e-10,True
high_office_intensity,浦东新区,310115008000,塘桥街道,street,True,54750,725,365,reviewed Core+ district composition scenario,maximum-entropy independence prior fitted by RAS/IPF; deterministic controlled integer rounding,not applicable,1,2.3283064365386963e-10,True
high_office_intensity,浦东新区,310115008000,塘桥街道,street,True,54750,OTHER,36518,balancing non-office remainder,maximum-entropy independence prior fitted by RAS/IPF; deterministic controlled integer rounding,not applicable,1,2.3283064365386963e-10,True
high_office_intensity,浦东新区,310115009000,上钢新村街道,street,True,25750,I,2931,official district-by-industry,maximum-entropy independence prior fitted by RAS/IPF; deterministic controlled integer rounding,not applicable,1,2.3283064365386963e-10,True
high_office_intensity,浦东新区,310115009000,上钢新村街道,street,True,25750,J,2447,official district-by-industry,maximum-entropy independence prior fitted by RAS/IPF; deterministic controlled integer rounding,not applicable,1,2.3283064365386963e-10,True
high_office_intensity,浦东新区,310115009000,上钢新村街道,street,True,25750,M,1928,official district-by-industry,maximum-entropy independence prior fitted by RAS/IPF; deterministic controlled integer rounding,not applicable,1,2.3283064365386963e-10,True
high_office_intensity,浦东新区,310115009000,上钢新村街道,street,True,25750,721,390,reviewed Core+ district composition scenario,maximum-entropy independence prior fitted by RAS/IPF; deterministic controlled integer rounding,not applicable,1,2.3283064365386963e-10,True
high_office_intensity,浦东新区,310115009000,上钢新村街道,street,True,25750,723,86,reviewed Core+ district composition scenario,maximum-entropy independence prior fitted by RAS/IPF; deterministic controlled integer rounding,not applicable,1,2.3283064365386963e-10,True
high_office_intensity,浦东新区,310115009000,上钢新村街道,street,True,25750,724,621,reviewed Core+ district composition scenario,maximum-entropy independence prior fitted by RAS/IPF; deterministic controlled integer rounding,not applicable,1,2.3283064365386963e-10,True
high_office_intensity,浦东新区,310115009000,上钢新村街道,street,True,25750,725,172,reviewed Core+ district composition scenario,maximum-entropy independence prior fitted by RAS/IPF; deterministic controlled integer rounding,not applicable,1,2.3283064365386963e-10,True
high_office_intensity,浦东新区,310115009000,上钢新村街道,street,True,25750,OTHER,17175,balancing non-office remainder,maximum-entropy independence prior fitted by RAS/IPF; deterministic controlled integer rounding,not applicable,1,2.3283064365386963e-10,True
high_office_intensity,浦东新区,310115010000,南码头路街道,street,True,41750,I,4753,official district-by-industry,maximum-entropy independence prior fitted by RAS/IPF; deterministic controlled integer rounding,not applicable,1,2.3283064365386963e-10,True
high_office_intensity,浦东新区,310115010000,南码头路街道,street,True,41750,J,3967,official district-by-industry,maximum-entropy independence prior fitted by RAS/IPF; deterministic controlled integer rounding,not applicable,1,2.3283064365386963e-10,True
high_office_intensity,浦东新区,310115010000,南码头路街道,street,True,41750,M,3126,official district-by-industry,maximum-entropy independence prior fitted by RAS/IPF; deterministic controlled integer rounding,not applicable,1,2.3283064365386963e-10,True
high_office_intensity,浦东新区,310115010000,南码头路街道,street,True,41750,721,632,reviewed Core+ district composition scenario,maximum-entropy independence prior fitted by RAS/IPF; deterministic controlled integer rounding,not applicable,1,2.3283064365386963e-10,True
high_office_intensity,浦东新区,310115010000,南码头路街道,street,True,41750,723,139,reviewed Core+ district composition scenario,maximum-entropy independence prior fitted by RAS/IPF; deterministic controlled integer rounding,not applicable,1,2.3283064365386963e-10,True
high_office_intensity,浦东新区,310115010000,南码头路街道,street,True,41750,724,1007,reviewed Core+ district composition scenario,maximum-entropy independence prior fitted by RAS/IPF; deterministic controlled integer rounding,not applicable,1,2.3283064365386963e-10,True
high_office_intensity,浦东新区,310115010000,南码头路街道,street,True,41750,725,279,reviewed Core+ district composition scenario,maximum-entropy independence prior fitted by RAS/IPF; deterministic controlled integer rounding,not applicable,1,2.3283064365386963e-10,True
high_office_intensity,浦东新区,310115010000,南码头路街道,street,True,41750,OTHER,27847,balancing non-office remainder,maximum-entropy independence prior fitted by RAS/IPF; deterministic controlled integer rounding,not applicable,1,2.3283064365386963e-10,True
high_office_intensity,浦东新区,310115011000,沪东新村街道,street,True,13750,I,1565,official district-by-industry,maximum-entropy independence prior fitted by RAS/IPF; deterministic controlled integer rounding,not applicable,1,2.3283064365386963e-10,True
high_office_intensity,浦东新区,310115011000,沪东新村街道,street,True,13750,J,1306,official district-by-industry,maximum-entropy independence prior fitted by RAS/IPF; deterministic controlled integer rounding,not applicable,1,2.3283064365386963e-10,True
high_office_intensity,浦东新区,310115011000,沪东新村街道,street,True,13750,M,1030,official district-by-industry,maximum-entropy independence prior fitted by RAS/IPF; deterministic controlled integer rounding,not applicable,1,2.3283064365386963e-10,True
high_office_intensity,浦东新区,310115011000,沪东新村街道,street,True,13750,721,208,reviewed Core+ district composition scenario,maximum-entropy independence prior fitted by RAS/IPF; deterministic controlled integer rounding,not applicable,1,2.3283064365386963e-10,True
high_office_intensity,浦东新区,310115011000,沪东新村街道,street,True,13750,723,46,reviewed Core+ district composition scenario,maximum-entropy independence prior fitted by RAS/IPF; deterministic controlled integer rounding,not applicable,1,2.3283064365386963e-10,True
high_office_intensity,浦东新区,310115011000,沪东新村街道,street,True,13750,724,332,reviewed Core+ district composition scenario,maximum-entropy independence prior fitted by RAS/IPF; deterministic controlled integer rounding,not applicable,1,2.3283064365386963e-10,True
high_office_intensity,浦东新区,310115011000,沪东新村街道,street,True,13750,725,92,reviewed Core+ district composition scenario,maximum-entropy independence prior fitted by RAS/IPF; deterministic controlled integer rounding,not applicable,1,2.3283064365386963e-10,True
high_office_intensity,浦东新区,310115011000,沪东新村街道,street,True,13750,OTHER,9171,balancing non-office remainder,maximum-entropy independence prior fitted by RAS/IPF; deterministic controlled integer rounding,not applicable,1,2.3283064365386963e-10,True
high_office_intensity,浦东新区,310115012000,金杨新村街道,street,True,23750,I,2704,official district-by-industry,maximum-entropy independence prior fitted by RAS/IPF; deterministic controlled integer rounding,not applicable,1,2.3283064365386963e-10,True
high_office_intensity,浦东新区,310115012000,金杨新村街道,street,True,23750,J,2257,official district-by-industry,maximum-entropy independence prior fitted by RAS/IPF; deterministic controlled integer rounding,not applicable,1,2.3283064365386963e-10,True
high_office_intensity,浦东新区,310115012000,金杨新村街道,street,True,23750,M,1779,official district-by-industry,maximum-entropy independence prior fitted by RAS/IPF; deterministic controlled integer rounding,not applicable,1,2.3283064365386963e-10,True
high_office_intensity,浦东新区,310115012000,金杨新村街道,street,True,23750,721,359,reviewed Core+ district composition scenario,maximum-entropy independence prior fitted by RAS/IPF; deterministic controlled integer rounding,not applicable,1,2.3283064365386963e-10,True
high_office_intensity,浦东新区,310115012000,金杨新村街道,street,True,23750,723,79,reviewed Core+ district composition scenario,maximum-entropy independence prior fitted by RAS/IPF; deterministic controlled integer rounding,not applicable,1,2.3283064365386963e-10,True
high_office_intensity,浦东新区,310115012000,金杨新村街道,street,True,23750,724,573,reviewed Core+ district composition scenario,maximum-entropy independence prior fitted by RAS/IPF; deterministic controlled integer rounding,not applicable,1,2.3283064365386963e-10,True
high_office_intensity,浦东新区,310115012000,金杨新村街道,street,True,23750,725,158,reviewed Core+ district composition scenario,maximum-entropy independence prior fitted by RAS/IPF; deterministic controlled integer rounding,not applicable,1,2.3283064365386963e-10,True
high_office_intensity,浦东新区,310115012000,金杨新村街道,street,True,23750,OTHER,15841,balancing non-office remainder,maximum-entropy independence prior fitted by RAS/IPF; deterministic controlled integer rounding,not applicable,1,2.3283064365386963e-10,True
high_office_intensity,浦东新区,310115013000,洋泾街道,street,True,51750,I,5892,official district-by-industry,maximum-entropy independence prior fitted by RAS/IPF; deterministic controlled integer rounding,not applicable,1,2.3283064365386963e-10,True
high_office_intensity,浦东新区,310115013000,洋泾街道,street,True,51750,J,4917,official district-by-industry,maximum-entropy independence prior fitted by RAS/IPF; deterministic controlled integer rounding,not applicable,1,2.3283064365386963e-10,True
high_office_intensity,浦东新区,310115013000,洋泾街道,street,True,51750,M,3875,official district-by-industry,maximum-entropy independence prior fitted by RAS/IPF; deterministic controlled integer rounding,not applicable,1,2.3283064365386963e-10,True
high_office_intensity,浦东新区,310115013000,洋泾街道,street,True,51750,721,783,reviewed Core+ district composition scenario,maximum-entropy independence prior fitted by RAS/IPF; deterministic controlled integer rounding,not applicable,1,2.3283064365386963e-10,True
high_office_intensity,浦东新区,310115013000,洋泾街道,street,True,51750,723,173,reviewed Core+ district composition scenario,maximum-entropy independence prior fitted by RAS/IPF; deterministic controlled integer rounding,not applicable,1,2.3283064365386963e-10,True
high_office_intensity,浦东新区,310115013000,洋泾街道,street,True,51750,724,1248,reviewed Core+ district composition scenario,maximum-entropy independence prior fitted by RAS/IPF; deterministic controlled integer rounding,not applicable,1,2.3283064365386963e-10,True
high_office_intensity,浦东新区,310115013000,洋泾街道,street,True,51750,725,345,reviewed Core+ district composition scenario,maximum-entropy independence prior fitted by RAS/IPF; deterministic controlled integer rounding,not applicable,1,2.3283064365386963e-10,True
high_office_intensity,浦东新区,310115013000,洋泾街道,street,True,51750,OTHER,34517,balancing non-office remainder,maximum-entropy independence prior fitted by RAS/IPF; deterministic controlled integer rounding,not applicable,1,2.3283064365386963e-10,True
high_office_intensity,浦东新区,310115014000,浦兴路街道,street,True,16750,I,1907,official district-by-industry,maximum-entropy independence prior fitted by RAS/IPF; deterministic controlled integer rounding,not applicable,1,2.3283064365386963e-10,True
high_office_intensity,浦东新区,310115014000,浦兴路街道,street,True,16750,J,1592,official district-by-industry,maximum-entropy independence prior fitted by RAS/IPF; deterministic controlled integer rounding,not applicable,1,2.3283064365386963e-10,True
high_office_intensity,浦东新区,310115014000,浦兴路街道,street,True,16750,M,1254,official district-by-industry,maximum-entropy independence prior fitted by RAS/IPF; deterministic controlled integer rounding,not applicable,1,2.3283064365386963e-10,True
high_office_intensity,浦东新区,310115014000,浦兴路街道,street,True,16750,721,253,reviewed Core+ district composition scenario,maximum-entropy independence prior fitted by RAS/IPF; deterministic controlled integer rounding,not applicable,1,2.3283064365386963e-10,True
high_office_intensity,浦东新区,310115014000,浦兴路街道,street,True,16750,723,56,reviewed Core+ district composition scenario,maximum-entropy independence prior fitted by RAS/IPF; deterministic controlled integer rounding,not applicable,1,2.3283064365386963e-10,True
high_office_intensity,浦东新区,310115014000,浦兴路街道,street,True,16750,724,404,reviewed Core+ district composition scenario,maximum-entropy independence prior fitted by RAS/IPF; deterministic controlled integer rounding,not applicable,1,2.3283064365386963e-10,True
high_office_intensity,浦东新区,310115014000,浦兴路街道,street,True,16750,725,112,reviewed Core+ district composition scenario,maximum-entropy independence prior fitted by RAS/IPF; deterministic controlled integer rounding,not applicable,1,2.3283064365386963e-10,True
high_office_intensity,浦东新区,310115014000,浦兴路街道,street,True,16750,OTHER,11172,balancing non-office remainder,maximum-entropy independence prior fitted by RAS/IPF; deterministic controlled integer rounding,not applicable,1,2.3283064365386963e-10,True
high_office_intensity,浦东新区,310115015000,东明路街道,street,True,5750,I,655,official district-by-industry,maximum-entropy independence prior fitted by RAS/IPF; deterministic controlled integer rounding,not applicable,1,2.3283064365386963e-10,True
high_office_intensity,浦东新区,310115015000,东明路街道,street,True,5750,J,546,official district-by-industry,maximum-entropy independence prior fitted by RAS/IPF; deterministic controlled integer rounding,not applicable,1,2.3283064365386963e-10,True
high_office_intensity,浦东新区,310115015000,东明路街道,street,True,5750,M,431,official district-by-industry,maximum-entropy independence prior fitted by RAS/IPF; deterministic controlled integer rounding,not applicable,1,2.3283064365386963e-10,True
high_office_intensity,浦东新区,310115015000,东明路街道,street,True,5750,721,87,reviewed Core+ district composition scenario,maximum-entropy independence prior fitted by RAS/IPF; deterministic controlled integer rounding,not applicable,1,2.3283064365386963e-10,True
high_office_intensity,浦东新区,310115015000,东明路街道,street,True,5750,723,19,reviewed Core+ district composition scenario,maximum-entropy independence prior fitted by RAS/IPF; deterministic controlled integer rounding,not applicable,1,2.3283064365386963e-10,True
high_office_intensity,浦东新区,310115015000,东明路街道,street,True,5750,724,139,reviewed Core+ district composition scenario,maximum-entropy independence prior fitted by RAS/IPF; deterministic controlled integer rounding,not applicable,1,2.3283064365386963e-10,True
high_office_intensity,浦东新区,310115015000,东明路街道,street,True,5750,725,38,reviewed Core+ district composition scenario,maximum-entropy independence prior fitted by RAS/IPF; deterministic controlled integer rounding,not applicable,1,2.3283064365386963e-10,True
high_office_intensity,浦东新区,310115015000,东明路街道,street,True,5750,OTHER,3835,balancing non-office remainder,maximum-entropy independence prior fitted by RAS/IPF; deterministic controlled integer rounding,not applicable,1,2.3283064365386963e-10,True
high_office_intensity,浦东新区,310115016000,花木街道,street,True,81750,I,9307,official district-by-industry,maximum-entropy independence prior fitted by RAS/IPF; deterministic controlled integer rounding,not applicable,1,2.3283064365386963e-10,True
high_office_intensity,浦东新区,310115016000,花木街道,street,True,81750,J,7768,official district-by-industry,maximum-entropy independence prior fitted by RAS/IPF; deterministic controlled integer rounding,not applicable,1,2.3283064365386963e-10,True
high_office_intensity,浦东新区,310115016000,花木街道,street,True,81750,M,6122,official district-by-industry,maximum-entropy independence prior fitted by RAS/IPF; deterministic controlled integer rounding,not applicable,1,2.3283064365386963e-10,True
high_office_intensity,浦东新区,310115016000,花木街道,street,True,81750,721,1237,reviewed Core+ district composition scenario,maximum-entropy independence prior fitted by RAS/IPF; deterministic controlled integer rounding,not applicable,1,2.3283064365386963e-10,True
high_office_intensity,浦东新区,310115016000,花木街道,street,True,81750,723,273,reviewed Core+ district composition scenario,maximum-entropy independence prior fitted by RAS/IPF; deterministic controlled integer rounding,not applicable,1,2.3283064365386963e-10,True
high_office_intensity,浦东新区,310115016000,花木街道,street,True,81750,724,1971,reviewed Core+ district composition scenario,maximum-entropy independence prior fitted by RAS/IPF; deterministic controlled integer rounding,not applicable,1,2.3283064365386963e-10,True
high_office_intensity,浦东新区,310115016000,花木街道,street,True,81750,725,545,reviewed Core+ district composition scenario,maximum-entropy independence prior fitted by RAS/IPF; deterministic controlled integer rounding,not applicable,1,2.3283064365386963e-10,True
high_office_intensity,浦东新区,310115016000,花木街道,street,True,81750,OTHER,54527,balancing non-office remainder,maximum-entropy independence prior fitted by RAS/IPF; deterministic controlled integer rounding,not applicable,1,2.3283064365386963e-10,True
high_office_intensity,浦东新区,310115103000,川沙新镇,town,True,89000,I,10132,official district-by-industry,maximum-entropy independence prior fitted by RAS/IPF; deterministic controlled integer rounding,not applicable,1,2.3283064365386963e-10,True
high_office_intensity,浦东新区,310115103000,川沙新镇,town,True,89000,J,8457,official district-by-industry,maximum-entropy independence prior fitted by RAS/IPF; deterministic controlled integer rounding,not applicable,1,2.3283064365386963e-10,True
high_office_intensity,浦东新区,310115103000,川沙新镇,town,True,89000,M,6665,official district-by-industry,maximum-entropy independence prior fitted by RAS/IPF; deterministic controlled integer rounding,not applicable,1,2.3283064365386963e-10,True
high_office_intensity,浦东新区,310115103000,川沙新镇,town,True,89000,721,1346,reviewed Core+ district composition scenario,maximum-entropy independence prior fitted by RAS/IPF; deterministic controlled integer rounding,not applicable,1,2.3283064365386963e-10,True
high_office_intensity,浦东新区,310115103000,川沙新镇,town,True,89000,723,297,reviewed Core+ district composition scenario,maximum-entropy independence prior fitted by RAS/IPF; deterministic controlled integer rounding,not applicable,1,2.3283064365386963e-10,True
high_office_intensity,浦东新区,310115103000,川沙新镇,town,True,89000,724,2146,reviewed Core+ district composition scenario,maximum-entropy independence prior fitted by RAS/IPF; deterministic controlled integer rounding,not applicable,1,2.3283064365386963e-10,True
high_office_intensity,浦东新区,310115103000,川沙新镇,town,True,89000,725,594,reviewed Core+ district composition scenario,maximum-entropy independence prior fitted by RAS/IPF; deterministic controlled integer rounding,not applicable,1,2.3283064365386963e-10,True
high_office_intensity,浦东新区,310115103000,川沙新镇,town,True,89000,OTHER,59363,balancing non-office remainder,maximum-entropy independence prior fitted by RAS/IPF; deterministic controlled integer rounding,not applicable,1,2.3283064365386963e-10,True
high_office_intensity,浦东新区,310115104000,高桥镇,town,True,38000,I,4326,official district-by-industry,maximum-entropy independence prior fitted by RAS/IPF; deterministic controlled integer rounding,not applicable,1,2.3283064365386963e-10,True
high_office_intensity,浦东新区,310115104000,高桥镇,town,True,38000,J,3611,official district-by-industry,maximum-entropy independence prior fitted by RAS/IPF; deterministic controlled integer rounding,not applicable,1,2.3283064365386963e-10,True
high_office_intensity,浦东新区,310115104000,高桥镇,town,True,38000,M,2846,official district-by-industry,maximum-entropy independence prior fitted by RAS/IPF; deterministic controlled integer rounding,not applicable,1,2.3283064365386963e-10,True
high_office_intensity,浦东新区,310115104000,高桥镇,town,True,38000,721,575,reviewed Core+ district composition scenario,maximum-entropy independence prior fitted by RAS/IPF; deterministic controlled integer rounding,not applicable,1,2.3283064365386963e-10,True
high_office_intensity,浦东新区,310115104000,高桥镇,town,True,38000,723,127,reviewed Core+ district composition scenario,maximum-entropy independence prior fitted by RAS/IPF; deterministic controlled integer rounding,not applicable,1,2.3283064365386963e-10,True
high_office_intensity,浦东新区,310115104000,高桥镇,town,True,38000,724,916,reviewed Core+ district composition scenario,maximum-entropy independence prior fitted by RAS/IPF; deterministic controlled integer rounding,not applicable,1,2.3283064365386963e-10,True
high_office_intensity,浦东新区,310115104000,高桥镇,town,True,38000,725,253,reviewed Core+ district composition scenario,maximum-entropy independence prior fitted by RAS/IPF; deterministic controlled integer rounding,not applicable,1,2.3283064365386963e-10,True
high_office_intensity,浦东新区,310115104000,高桥镇,town,True,38000,OTHER,25346,balancing non-office remainder,maximum-entropy independence prior fitted by RAS/IPF; deterministic controlled integer rounding,not applicable,1,2.3283064365386963e-10,True
high_office_intensity,浦东新区,310115105000,北蔡镇,town,True,60000,I,6831,official district-by-industry,maximum-entropy independence prior fitted by RAS/IPF; deterministic controlled integer rounding,not applicable,1,2.3283064365386963e-10,True
high_office_intensity,浦东新区,310115105000,北蔡镇,town,True,60000,J,5701,official district-by-industry,maximum-entropy independence prior fitted by RAS/IPF; deterministic controlled integer rounding,not applicable,1,2.3283064365386963e-10,True
high_office_intensity,浦东新区,310115105000,北蔡镇,town,True,60000,M,4493,official district-by-industry,maximum-entropy independence prior fitted by RAS/IPF; deterministic controlled integer rounding,not applicable,1,2.3283064365386963e-10,True
high_office_intensity,浦东新区,310115105000,北蔡镇,town,True,60000,721,908,reviewed Core+ district composition scenario,maximum-entropy independence prior fitted by RAS/IPF; deterministic controlled integer rounding,not applicable,1,2.3283064365386963e-10,True
high_office_intensity,浦东新区,310115105000,北蔡镇,town,True,60000,723,200,reviewed Core+ district composition scenario,maximum-entropy independence prior fitted by RAS/IPF; deterministic controlled integer rounding,not applicable,1,2.3283064365386963e-10,True
high_office_intensity,浦东新区,310115105000,北蔡镇,town,True,60000,724,1447,reviewed Core+ district composition scenario,maximum-entropy independence prior fitted by RAS/IPF; deterministic controlled integer rounding,not applicable,1,2.3283064365386963e-10,True
high_office_intensity,浦东新区,310115105000,北蔡镇,town,True,60000,725,400,reviewed Core+ district composition scenario,maximum-entropy independence prior fitted by RAS/IPF; deterministic controlled integer rounding,not applicable,1,2.3283064365386963e-10,True
high_office_intensity,浦东新区,310115105000,北蔡镇,town,True,60000,OTHER,40020,balancing non-office remainder,maximum-entropy independence prior fitted by RAS/IPF; deterministic controlled integer rounding,not applicable,1,2.3283064365386963e-10,True
high_office_intensity,浦东新区,310115110000,合庆镇,town,True,38000,I,4326,official district-by-industry,maximum-entropy independence prior fitted by RAS/IPF; deterministic controlled integer rounding,not applicable,1,2.3283064365386963e-10,True
high_office_intensity,浦东新区,310115110000,合庆镇,town,True,38000,J,3611,official district-by-industry,maximum-entropy independence prior fitted by RAS/IPF; deterministic controlled integer rounding,not applicable,1,2.3283064365386963e-10,True
high_office_intensity,浦东新区,310115110000,合庆镇,town,True,38000,M,2846,official district-by-industry,maximum-entropy independence prior fitted by RAS/IPF; deterministic controlled integer rounding,not applicable,1,2.3283064365386963e-10,True
high_office_intensity,浦东新区,310115110000,合庆镇,town,True,38000,721,575,reviewed Core+ district composition scenario,maximum-entropy independence prior fitted by RAS/IPF; deterministic controlled integer rounding,not applicable,1,2.3283064365386963e-10,True
high_office_intensity,浦东新区,310115110000,合庆镇,town,True,38000,723,127,reviewed Core+ district composition scenario,maximum-entropy independence prior fitted by RAS/IPF; deterministic controlled integer rounding,not applicable,1,2.3283064365386963e-10,True
high_office_intensity,浦东新区,310115110000,合庆镇,town,True,38000,724,916,reviewed Core+ district composition scenario,maximum-entropy independence prior fitted by RAS/IPF; deterministic controlled integer rounding,not applicable,1,2.3283064365386963e-10,True
high_office_intensity,浦东新区,310115110000,合庆镇,town,True,38000,725,253,reviewed Core+ district composition scenario,maximum-entropy independence prior fitted by RAS/IPF; deterministic controlled integer rounding,not applicable,1,2.3283064365386963e-10,True
high_office_intensity,浦东新区,310115110000,合庆镇,town,True,38000,OTHER,25346,balancing non-office remainder,maximum-entropy independence prior fitted by RAS/IPF; deterministic controlled integer rounding,not applicable,1,2.3283064365386963e-10,True
high_office_intensity,浦东新区,310115114000,唐镇,town,True,43000,I,4895,official district-by-industry,maximum-entropy independence prior fitted by RAS/IPF; deterministic controlled integer rounding,not applicable,1,2.3283064365386963e-10,True
high_office_intensity,浦东新区,310115114000,唐镇,town,True,43000,J,4086,official district-by-industry,maximum-entropy independence prior fitted by RAS/IPF; deterministic controlled integer rounding,not applicable,1,2.3283064365386963e-10,True
high_office_intensity,浦东新区,310115114000,唐镇,town,True,43000,M,3220,official district-by-industry,maximum-entropy independence prior fitted by RAS/IPF; deterministic controlled integer rounding,not applicable,1,2.3283064365386963e-10,True
high_office_intensity,浦东新区,310115114000,唐镇,town,True,43000,721,651,reviewed Core+ district composition scenario,maximum-entropy independence prior fitted by RAS/IPF; deterministic controlled integer rounding,not applicable,1,2.3283064365386963e-10,True
high_office_intensity,浦东新区,310115114000,唐镇,town,True,43000,723,143,reviewed Core+ district composition scenario,maximum-entropy independence prior fitted by RAS/IPF; deterministic controlled integer rounding,not applicable,1,2.3283064365386963e-10,True
high_office_intensity,浦东新区,310115114000,唐镇,town,True,43000,724,1037,reviewed Core+ district composition scenario,maximum-entropy independence prior fitted by RAS/IPF; deterministic controlled integer rounding,not applicable,1,2.3283064365386963e-10,True
high_office_intensity,浦东新区,310115114000,唐镇,town,True,43000,725,287,reviewed Core+ district composition scenario,maximum-entropy independence prior fitted by RAS/IPF; deterministic controlled integer rounding,not applicable,1,2.3283064365386963e-10,True
high_office_intensity,浦东新区,310115114000,唐镇,town,True,43000,OTHER,28681,balancing non-office remainder,maximum-entropy independence prior fitted by RAS/IPF; deterministic controlled integer rounding,not applicable,1,2.3283064365386963e-10,True
high_office_intensity,浦东新区,310115117000,曹路镇,town,True,44000,I,5009,official district-by-industry,maximum-entropy independence prior fitted by RAS/IPF; deterministic controlled integer rounding,not applicable,1,2.3283064365386963e-10,True
high_office_intensity,浦东新区,310115117000,曹路镇,town,True,44000,J,4181,official district-by-industry,maximum-entropy independence prior fitted by RAS/IPF; deterministic controlled integer rounding,not applicable,1,2.3283064365386963e-10,True
high_office_intensity,浦东新区,310115117000,曹路镇,town,True,44000,M,3295,official district-by-industry,maximum-entropy independence prior fitted by RAS/IPF; deterministic controlled integer rounding,not applicable,1,2.3283064365386963e-10,True
high_office_intensity,浦东新区,310115117000,曹路镇,town,True,44000,721,666,reviewed Core+ district composition scenario,maximum-entropy independence prior fitted by RAS/IPF; deterministic controlled integer rounding,not applicable,1,2.3283064365386963e-10,True
high_office_intensity,浦东新区,310115117000,曹路镇,town,True,44000,723,146,reviewed Core+ district composition scenario,maximum-entropy independence prior fitted by RAS/IPF; deterministic controlled integer rounding,not applicable,1,2.3283064365386963e-10,True
high_office_intensity,浦东新区,310115117000,曹路镇,town,True,44000,724,1061,reviewed Core+ district composition scenario,maximum-entropy independence prior fitted by RAS/IPF; deterministic controlled integer rounding,not applicable,1,2.3283064365386963e-10,True
high_office_intensity,浦东新区,310115117000,曹路镇,town,True,44000,725,294,reviewed Core+ district composition scenario,maximum-entropy independence prior fitted by RAS/IPF; deterministic controlled integer rounding,not applicable,1,2.3283064365386963e-10,True
high_office_intensity,浦东新区,310115117000,曹路镇,town,True,44000,OTHER,29348,balancing non-office remainder,maximum-entropy independence prior fitted by RAS/IPF; deterministic controlled integer rounding,not applicable,1,2.3283064365386963e-10,True
high_office_intensity,浦东新区,310115120000,金桥镇,town,True,20000,I,2277,official district-by-industry,maximum-entropy independence prior fitted by RAS/IPF; deterministic controlled integer rounding,not applicable,1,2.3283064365386963e-10,True
high_office_intensity,浦东新区,310115120000,金桥镇,town,True,20000,J,1900,official district-by-industry,maximum-entropy independence prior fitted by RAS/IPF; deterministic controlled integer rounding,not applicable,1,2.3283064365386963e-10,True
high_office_intensity,浦东新区,310115120000,金桥镇,town,True,20000,M,1498,official district-by-industry,maximum-entropy independence prior fitted by RAS/IPF; deterministic controlled integer rounding,not applicable,1,2.3283064365386963e-10,True
high_office_intensity,浦东新区,310115120000,金桥镇,town,True,20000,721,303,reviewed Core+ district composition scenario,maximum-entropy independence prior fitted by RAS/IPF; deterministic controlled integer rounding,not applicable,1,2.3283064365386963e-10,True
high_office_intensity,浦东新区,310115120000,金桥镇,town,True,20000,723,67,reviewed Core+ district composition scenario,maximum-entropy independence prior fitted by RAS/IPF; deterministic controlled integer rounding,not applicable,1,2.3283064365386963e-10,True
high_office_intensity,浦东新区,310115120000,金桥镇,town,True,20000,724,482,reviewed Core+ district composition scenario,maximum-entropy independence prior fitted by RAS/IPF; deterministic controlled integer rounding,not applicable,1,2.3283064365386963e-10,True
high_office_intensity,浦东新区,310115120000,金桥镇,town,True,20000,725,133,reviewed Core+ district composition scenario,maximum-entropy independence prior fitted by RAS/IPF; deterministic controlled integer rounding,not applicable,1,2.3283064365386963e-10,True
high_office_intensity,浦东新区,310115120000,金桥镇,town,True,20000,OTHER,13340,balancing non-office remainder,maximum-entropy independence prior fitted by RAS/IPF; deterministic controlled integer rounding,not applicable,1,2.3283064365386963e-10,True
high_office_intensity,浦东新区,310115121000,高行镇,town,True,35000,I,3985,official district-by-industry,maximum-entropy independence prior fitted by RAS/IPF; deterministic controlled integer rounding,not applicable,1,2.3283064365386963e-10,True
high_office_intensity,浦东新区,310115121000,高行镇,town,True,35000,J,3326,official district-by-industry,maximum-entropy independence prior fitted by RAS/IPF; deterministic controlled integer rounding,not applicable,1,2.3283064365386963e-10,True
high_office_intensity,浦东新区,310115121000,高行镇,town,True,35000,M,2621,official district-by-industry,maximum-entropy independence prior fitted by RAS/IPF; deterministic controlled integer rounding,not applicable,1,2.3283064365386963e-10,True
high_office_intensity,浦东新区,310115121000,高行镇,town,True,35000,721,529,reviewed Core+ district composition scenario,maximum-entropy independence prior fitted by RAS/IPF; deterministic controlled integer rounding,not applicable,1,2.3283064365386963e-10,True
high_office_intensity,浦东新区,310115121000,高行镇,town,True,35000,723,117,reviewed Core+ district composition scenario,maximum-entropy independence prior fitted by RAS/IPF; deterministic controlled integer rounding,not applicable,1,2.3283064365386963e-10,True
high_office_intensity,浦东新区,310115121000,高行镇,town,True,35000,724,844,reviewed Core+ district composition scenario,maximum-entropy independence prior fitted by RAS/IPF; deterministic controlled integer rounding,not applicable,1,2.3283064365386963e-10,True
high_office_intensity,浦东新区,310115121000,高行镇,town,True,35000,725,233,reviewed Core+ district composition scenario,maximum-entropy independence prior fitted by RAS/IPF; deterministic controlled integer rounding,not applicable,1,2.3283064365386963e-10,True
high_office_intensity,浦东新区,310115121000,高行镇,town,True,35000,OTHER,23345,balancing non-office remainder,maximum-entropy independence prior fitted by RAS/IPF; deterministic controlled integer rounding,not applicable,1,2.3283064365386963e-10,True
high_office_intensity,浦东新区,310115123000,高东镇,town,True,28000,I,3188,official district-by-industry,maximum-entropy independence prior fitted by RAS/IPF; deterministic controlled integer rounding,not applicable,1,2.3283064365386963e-10,True
high_office_intensity,浦东新区,310115123000,高东镇,town,True,28000,J,2660,official district-by-industry,maximum-entropy independence prior fitted by RAS/IPF; deterministic controlled integer rounding,not applicable,1,2.3283064365386963e-10,True
high_office_intensity,浦东新区,310115123000,高东镇,town,True,28000,M,2097,official district-by-industry,maximum-entropy independence prior fitted by RAS/IPF; deterministic controlled integer rounding,not applicable,1,2.3283064365386963e-10,True
high_office_intensity,浦东新区,310115123000,高东镇,town,True,28000,721,424,reviewed Core+ district composition scenario,maximum-entropy independence prior fitted by RAS/IPF; deterministic controlled integer rounding,not applicable,1,2.3283064365386963e-10,True
high_office_intensity,浦东新区,310115123000,高东镇,town,True,28000,723,93,reviewed Core+ district composition scenario,maximum-entropy independence prior fitted by RAS/IPF; deterministic controlled integer rounding,not applicable,1,2.3283064365386963e-10,True
high_office_intensity,浦东新区,310115123000,高东镇,town,True,28000,724,675,reviewed Core+ district composition scenario,maximum-entropy independence prior fitted by RAS/IPF; deterministic controlled integer rounding,not applicable,1,2.3283064365386963e-10,True
high_office_intensity,浦东新区,310115123000,高东镇,town,True,28000,725,187,reviewed Core+ district composition scenario,maximum-entropy independence prior fitted by RAS/IPF; deterministic controlled integer rounding,not applicable,1,2.3283064365386963e-10,True
high_office_intensity,浦东新区,310115123000,高东镇,town,True,28000,OTHER,18676,balancing non-office remainder,maximum-entropy independence prior fitted by RAS/IPF; deterministic controlled integer rounding,not applicable,1,2.3283064365386963e-10,True
high_office_intensity,浦东新区,310115125000,张江镇,town,True,21000,I,2391,official district-by-industry,maximum-entropy independence prior fitted by RAS/IPF; deterministic controlled integer rounding,not applicable,1,2.3283064365386963e-10,True
high_office_intensity,浦东新区,310115125000,张江镇,town,True,21000,J,1995,official district-by-industry,maximum-entropy independence prior fitted by RAS/IPF; deterministic controlled integer rounding,not applicable,1,2.3283064365386963e-10,True
high_office_intensity,浦东新区,310115125000,张江镇,town,True,21000,M,1573,official district-by-industry,maximum-entropy independence prior fitted by RAS/IPF; deterministic controlled integer rounding,not applicable,1,2.3283064365386963e-10,True
high_office_intensity,浦东新区,310115125000,张江镇,town,True,21000,721,318,reviewed Core+ district composition scenario,maximum-entropy independence prior fitted by RAS/IPF; deterministic controlled integer rounding,not applicable,1,2.3283064365386963e-10,True
high_office_intensity,浦东新区,310115125000,张江镇,town,True,21000,723,70,reviewed Core+ district composition scenario,maximum-entropy independence prior fitted by RAS/IPF; deterministic controlled integer rounding,not applicable,1,2.3283064365386963e-10,True
high_office_intensity,浦东新区,310115125000,张江镇,town,True,21000,724,506,reviewed Core+ district composition scenario,maximum-entropy independence prior fitted by RAS/IPF; deterministic controlled integer rounding,not applicable,1,2.3283064365386963e-10,True
high_office_intensity,浦东新区,310115125000,张江镇,town,True,21000,725,140,reviewed Core+ district composition scenario,maximum-entropy independence prior fitted by RAS/IPF; deterministic controlled integer rounding,not applicable,1,2.3283064365386963e-10,True
high_office_intensity,浦东新区,310115125000,张江镇,town,True,21000,OTHER,14007,balancing non-office remainder,maximum-entropy independence prior fitted by RAS/IPF; deterministic controlled integer rounding,not applicable,1,2.3283064365386963e-10,True
high_office_intensity,浦东新区,310115130000,三林镇,town,True,96000,I,10929,official district-by-industry,maximum-entropy independence prior fitted by RAS/IPF; deterministic controlled integer rounding,not applicable,1,2.3283064365386963e-10,True
high_office_intensity,浦东新区,310115130000,三林镇,town,True,96000,J,9122,official district-by-industry,maximum-entropy independence prior fitted by RAS/IPF; deterministic controlled integer rounding,not applicable,1,2.3283064365386963e-10,True
high_office_intensity,浦东新区,310115130000,三林镇,town,True,96000,M,7189,official district-by-industry,maximum-entropy independence prior fitted by RAS/IPF; deterministic controlled integer rounding,not applicable,1,2.3283064365386963e-10,True
high_office_intensity,浦东新区,310115130000,三林镇,town,True,96000,721,1452,reviewed Core+ district composition scenario,maximum-entropy independence prior fitted by RAS/IPF; deterministic controlled integer rounding,not applicable,1,2.3283064365386963e-10,True
high_office_intensity,浦东新区,310115130000,三林镇,town,True,96000,723,320,reviewed Core+ district composition scenario,maximum-entropy independence prior fitted by RAS/IPF; deterministic controlled integer rounding,not applicable,1,2.3283064365386963e-10,True
high_office_intensity,浦东新区,310115130000,三林镇,town,True,96000,724,2315,reviewed Core+ district composition scenario,maximum-entropy independence prior fitted by RAS/IPF; deterministic controlled integer rounding,not applicable,1,2.3283064365386963e-10,True
high_office_intensity,浦东新区,310115130000,三林镇,town,True,96000,725,641,reviewed Core+ district composition scenario,maximum-entropy independence prior fitted by RAS/IPF; deterministic controlled integer rounding,not applicable,1,2.3283064365386963e-10,True
high_office_intensity,浦东新区,310115130000,三林镇,town,True,96000,OTHER,64032,balancing non-office remainder,maximum-entropy independence prior fitted by RAS/IPF; deterministic controlled integer rounding,not applicable,1,2.3283064365386963e-10,True
high_office_intensity,浦东新区,310115131000,惠南镇,town,True,68000,I,7741,official district-by-industry,maximum-entropy independence prior fitted by RAS/IPF; deterministic controlled integer rounding,not applicable,1,2.3283064365386963e-10,True
high_office_intensity,浦东新区,310115131000,惠南镇,town,True,68000,J,6461,official district-by-industry,maximum-entropy independence prior fitted by RAS/IPF; deterministic controlled integer rounding,not applicable,1,2.3283064365386963e-10,True
high_office_intensity,浦东新区,310115131000,惠南镇,town,True,68000,M,5092,official district-by-industry,maximum-entropy independence prior fitted by RAS/IPF; deterministic controlled integer rounding,not applicable,1,2.3283064365386963e-10,True
high_office_intensity,浦东新区,310115131000,惠南镇,town,True,68000,721,1029,reviewed Core+ district composition scenario,maximum-entropy independence prior fitted by RAS/IPF; deterministic controlled integer rounding,not applicable,1,2.3283064365386963e-10,True
high_office_intensity,浦东新区,310115131000,惠南镇,town,True,68000,723,227,reviewed Core+ district composition scenario,maximum-entropy independence prior fitted by RAS/IPF; deterministic controlled integer rounding,not applicable,1,2.3283064365386963e-10,True
high_office_intensity,浦东新区,310115131000,惠南镇,town,True,68000,724,1640,reviewed Core+ district composition scenario,maximum-entropy independence prior fitted by RAS/IPF; deterministic controlled integer rounding,not applicable,1,2.3283064365386963e-10,True
high_office_intensity,浦东新区,310115131000,惠南镇,town,True,68000,725,454,reviewed Core+ district composition scenario,maximum-entropy independence prior fitted by RAS/IPF; deterministic controlled integer rounding,not applicable,1,2.3283064365386963e-10,True
high_office_intensity,浦东新区,310115131000,惠南镇,town,True,68000,OTHER,45356,balancing non-office remainder,maximum-entropy independence prior fitted by RAS/IPF; deterministic controlled integer rounding,not applicable,1,2.3283064365386963e-10,True
high_office_intensity,浦东新区,310115132000,周浦镇,town,True,48000,I,5465,official district-by-industry,maximum-entropy independence prior fitted by RAS/IPF; deterministic controlled integer rounding,not applicable,1,2.3283064365386963e-10,True
high_office_intensity,浦东新区,310115132000,周浦镇,town,True,48000,J,4561,official district-by-industry,maximum-entropy independence prior fitted by RAS/IPF; deterministic controlled integer rounding,not applicable,1,2.3283064365386963e-10,True
high_office_intensity,浦东新区,310115132000,周浦镇,town,True,48000,M,3595,official district-by-industry,maximum-entropy independence prior fitted by RAS/IPF; deterministic controlled integer rounding,not applicable,1,2.3283064365386963e-10,True
high_office_intensity,浦东新区,310115132000,周浦镇,town,True,48000,721,726,reviewed Core+ district composition scenario,maximum-entropy independence prior fitted by RAS/IPF; deterministic controlled integer rounding,not applicable,1,2.3283064365386963e-10,True
high_office_intensity,浦东新区,310115132000,周浦镇,town,True,48000,723,160,reviewed Core+ district composition scenario,maximum-entropy independence prior fitted by RAS/IPF; deterministic controlled integer rounding,not applicable,1,2.3283064365386963e-10,True
high_office_intensity,浦东新区,310115132000,周浦镇,town,True,48000,724,1157,reviewed Core+ district composition scenario,maximum-entropy independence prior fitted by RAS/IPF; deterministic controlled integer rounding,not applicable,1,2.3283064365386963e-10,True
high_office_intensity,浦东新区,310115132000,周浦镇,town,True,48000,725,320,reviewed Core+ district composition scenario,maximum-entropy independence prior fitted by RAS/IPF; deterministic controlled integer rounding,not applicable,1,2.3283064365386963e-10,True
high_office_intensity,浦东新区,310115132000,周浦镇,town,True,48000,OTHER,32016,balancing non-office remainder,maximum-entropy independence prior fitted by RAS/IPF; deterministic controlled integer rounding,not applicable,1,2.3283064365386963e-10,True
high_office_intensity,浦东新区,310115133000,新场镇,town,True,26000,I,2960,official district-by-industry,maximum-entropy independence prior fitted by RAS/IPF; deterministic controlled integer rounding,not applicable,1,2.3283064365386963e-10,True
high_office_intensity,浦东新区,310115133000,新场镇,town,True,26000,J,2470,official district-by-industry,maximum-entropy independence prior fitted by RAS/IPF; deterministic controlled integer rounding,not applicable,1,2.3283064365386963e-10,True
high_office_intensity,浦东新区,310115133000,新场镇,town,True,26000,M,1947,official district-by-industry,maximum-entropy independence prior fitted by RAS/IPF; deterministic controlled integer rounding,not applicable,1,2.3283064365386963e-10,True
high_office_intensity,浦东新区,310115133000,新场镇,town,True,26000,721,393,reviewed Core+ district composition scenario,maximum-entropy independence prior fitted by RAS/IPF; deterministic controlled integer rounding,not applicable,1,2.3283064365386963e-10,True
high_office_intensity,浦东新区,310115133000,新场镇,town,True,26000,723,87,reviewed Core+ district composition scenario,maximum-entropy independence prior fitted by RAS/IPF; deterministic controlled integer rounding,not applicable,1,2.3283064365386963e-10,True
high_office_intensity,浦东新区,310115133000,新场镇,town,True,26000,724,627,reviewed Core+ district composition scenario,maximum-entropy independence prior fitted by RAS/IPF; deterministic controlled integer rounding,not applicable,1,2.3283064365386963e-10,True
high_office_intensity,浦东新区,310115133000,新场镇,town,True,26000,725,174,reviewed Core+ district composition scenario,maximum-entropy independence prior fitted by RAS/IPF; deterministic controlled integer rounding,not applicable,1,2.3283064365386963e-10,True
high_office_intensity,浦东新区,310115133000,新场镇,town,True,26000,OTHER,17342,balancing non-office remainder,maximum-entropy independence prior fitted by RAS/IPF; deterministic controlled integer rounding,not applicable,1,2.3283064365386963e-10,True
high_office_intensity,浦东新区,310115134000,大团镇,town,True,10000,I,1139,official district-by-industry,maximum-entropy independence prior fitted by RAS/IPF; deterministic controlled integer rounding,not applicable,1,2.3283064365386963e-10,True
high_office_intensity,浦东新区,310115134000,大团镇,town,True,10000,J,950,official district-by-industry,maximum-entropy independence prior fitted by RAS/IPF; deterministic controlled integer rounding,not applicable,1,2.3283064365386963e-10,True
high_office_intensity,浦东新区,310115134000,大团镇,town,True,10000,M,749,official district-by-industry,maximum-entropy independence prior fitted by RAS/IPF; deterministic controlled integer rounding,not applicable,1,2.3283064365386963e-10,True
high_office_intensity,浦东新区,310115134000,大团镇,town,True,10000,721,151,reviewed Core+ district composition scenario,maximum-entropy independence prior fitted by RAS/IPF; deterministic controlled integer rounding,not applicable,1,2.3283064365386963e-10,True
high_office_intensity,浦东新区,310115134000,大团镇,town,True,10000,723,33,reviewed Core+ district composition scenario,maximum-entropy independence prior fitted by RAS/IPF; deterministic controlled integer rounding,not applicable,1,2.3283064365386963e-10,True
high_office_intensity,浦东新区,310115134000,大团镇,town,True,10000,724,241,reviewed Core+ district composition scenario,maximum-entropy independence prior fitted by RAS/IPF; deterministic controlled integer rounding,not applicable,1,2.3283064365386963e-10,True
high_office_intensity,浦东新区,310115134000,大团镇,town,True,10000,725,67,reviewed Core+ district composition scenario,maximum-entropy independence prior fitted by RAS/IPF; deterministic controlled integer rounding,not applicable,1,2.3283064365386963e-10,True
high_office_intensity,浦东新区,310115134000,大团镇,town,True,10000,OTHER,6670,balancing non-office remainder,maximum-entropy independence prior fitted by RAS/IPF; deterministic controlled integer rounding,not applicable,1,2.3283064365386963e-10,True
high_office_intensity,浦东新区,310115136000,康桥镇,town,True,57000,I,6489,official district-by-industry,maximum-entropy independence prior fitted by RAS/IPF; deterministic controlled integer rounding,not applicable,1,2.3283064365386963e-10,True
high_office_intensity,浦东新区,310115136000,康桥镇,town,True,57000,J,5416,official district-by-industry,maximum-entropy independence prior fitted by RAS/IPF; deterministic controlled integer rounding,not applicable,1,2.3283064365386963e-10,True
high_office_intensity,浦东新区,310115136000,康桥镇,town,True,57000,M,4269,official district-by-industry,maximum-entropy independence prior fitted by RAS/IPF; deterministic controlled integer rounding,not applicable,1,2.3283064365386963e-10,True
high_office_intensity,浦东新区,310115136000,康桥镇,town,True,57000,721,862,reviewed Core+ district composition scenario,maximum-entropy independence prior fitted by RAS/IPF; deterministic controlled integer rounding,not applicable,1,2.3283064365386963e-10,True
high_office_intensity,浦东新区,310115136000,康桥镇,town,True,57000,723,190,reviewed Core+ district composition scenario,maximum-entropy independence prior fitted by RAS/IPF; deterministic controlled integer rounding,not applicable,1,2.3283064365386963e-10,True
high_office_intensity,浦东新区,310115136000,康桥镇,town,True,57000,724,1375,reviewed Core+ district composition scenario,maximum-entropy independence prior fitted by RAS/IPF; deterministic controlled integer rounding,not applicable,1,2.3283064365386963e-10,True
high_office_intensity,浦东新区,310115136000,康桥镇,town,True,57000,725,380,reviewed Core+ district composition scenario,maximum-entropy independence prior fitted by RAS/IPF; deterministic controlled integer rounding,not applicable,1,2.3283064365386963e-10,True
high_office_intensity,浦东新区,310115136000,康桥镇,town,True,57000,OTHER,38019,balancing non-office remainder,maximum-entropy independence prior fitted by RAS/IPF; deterministic controlled integer rounding,not applicable,1,2.3283064365386963e-10,True
high_office_intensity,浦东新区,310115137000,航头镇,town,True,39000,I,4440,official district-by-industry,maximum-entropy independence prior fitted by RAS/IPF; deterministic controlled integer rounding,not applicable,1,2.3283064365386963e-10,True
high_office_intensity,浦东新区,310115137000,航头镇,town,True,39000,J,3706,official district-by-industry,maximum-entropy independence prior fitted by RAS/IPF; deterministic controlled integer rounding,not applicable,1,2.3283064365386963e-10,True
high_office_intensity,浦东新区,310115137000,航头镇,town,True,39000,M,2921,official district-by-industry,maximum-entropy independence prior fitted by RAS/IPF; deterministic controlled integer rounding,not applicable,1,2.3283064365386963e-10,True
high_office_intensity,浦东新区,310115137000,航头镇,town,True,39000,721,590,reviewed Core+ district composition scenario,maximum-entropy independence prior fitted by RAS/IPF; deterministic controlled integer rounding,not applicable,1,2.3283064365386963e-10,True
high_office_intensity,浦东新区,310115137000,航头镇,town,True,39000,723,130,reviewed Core+ district composition scenario,maximum-entropy independence prior fitted by RAS/IPF; deterministic controlled integer rounding,not applicable,1,2.3283064365386963e-10,True
high_office_intensity,浦东新区,310115137000,航头镇,town,True,39000,724,940,reviewed Core+ district composition scenario,maximum-entropy independence prior fitted by RAS/IPF; deterministic controlled integer rounding,not applicable,1,2.3283064365386963e-10,True
high_office_intensity,浦东新区,310115137000,航头镇,town,True,39000,725,260,reviewed Core+ district composition scenario,maximum-entropy independence prior fitted by RAS/IPF; deterministic controlled integer rounding,not applicable,1,2.3283064365386963e-10,True
high_office_intensity,浦东新区,310115137000,航头镇,town,True,39000,OTHER,26013,balancing non-office remainder,maximum-entropy independence prior fitted by RAS/IPF; deterministic controlled integer rounding,not applicable,1,2.3283064365386963e-10,True
high_office_intensity,浦东新区,310115139000,祝桥镇,town,True,82000,I,9335,official district-by-industry,maximum-entropy independence prior fitted by RAS/IPF; deterministic controlled integer rounding,not applicable,1,2.3283064365386963e-10,True
high_office_intensity,浦东新区,310115139000,祝桥镇,town,True,82000,J,7792,official district-by-industry,maximum-entropy independence prior fitted by RAS/IPF; deterministic controlled integer rounding,not applicable,1,2.3283064365386963e-10,True
high_office_intensity,浦东新区,310115139000,祝桥镇,town,True,82000,M,6141,official district-by-industry,maximum-entropy independence prior fitted by RAS/IPF; deterministic controlled integer rounding,not applicable,1,2.3283064365386963e-10,True
high_office_intensity,浦东新区,310115139000,祝桥镇,town,True,82000,721,1241,reviewed Core+ district composition scenario,maximum-entropy independence prior fitted by RAS/IPF; deterministic controlled integer rounding,not applicable,1,2.3283064365386963e-10,True
high_office_intensity,浦东新区,310115139000,祝桥镇,town,True,82000,723,273,reviewed Core+ district composition scenario,maximum-entropy independence prior fitted by RAS/IPF; deterministic controlled integer rounding,not applicable,1,2.3283064365386963e-10,True
high_office_intensity,浦东新区,310115139000,祝桥镇,town,True,82000,724,1977,reviewed Core+ district composition scenario,maximum-entropy independence prior fitted by RAS/IPF; deterministic controlled integer rounding,not applicable,1,2.3283064365386963e-10,True
high_office_intensity,浦东新区,310115139000,祝桥镇,town,True,82000,725,547,reviewed Core+ district composition scenario,maximum-entropy independence prior fitted by RAS/IPF; deterministic controlled integer rounding,not applicable,1,2.3283064365386963e-10,True
high_office_intensity,浦东新区,310115139000,祝桥镇,town,True,82000,OTHER,54694,balancing non-office remainder,maximum-entropy independence prior fitted by RAS/IPF; deterministic controlled integer rounding,not applicable,1,2.3283064365386963e-10,True
high_office_intensity,浦东新区,310115140000,泥城镇,town,True,38000,I,4326,official district-by-industry,maximum-entropy independence prior fitted by RAS/IPF; deterministic controlled integer rounding,not applicable,1,2.3283064365386963e-10,True
high_office_intensity,浦东新区,310115140000,泥城镇,town,True,38000,J,3611,official district-by-industry,maximum-entropy independence prior fitted by RAS/IPF; deterministic controlled integer rounding,not applicable,1,2.3283064365386963e-10,True
high_office_intensity,浦东新区,310115140000,泥城镇,town,True,38000,M,2846,official district-by-industry,maximum-entropy independence prior fitted by RAS/IPF; deterministic controlled integer rounding,not applicable,1,2.3283064365386963e-10,True
high_office_intensity,浦东新区,310115140000,泥城镇,town,True,38000,721,575,reviewed Core+ district composition scenario,maximum-entropy independence prior fitted by RAS/IPF; deterministic controlled integer rounding,not applicable,1,2.3283064365386963e-10,True
high_office_intensity,浦东新区,310115140000,泥城镇,town,True,38000,723,126,reviewed Core+ district composition scenario,maximum-entropy independence prior fitted by RAS/IPF; deterministic controlled integer rounding,not applicable,1,2.3283064365386963e-10,True
high_office_intensity,浦东新区,310115140000,泥城镇,town,True,38000,724,916,reviewed Core+ district composition scenario,maximum-entropy independence prior fitted by RAS/IPF; deterministic controlled integer rounding,not applicable,1,2.3283064365386963e-10,True
high_office_intensity,浦东新区,310115140000,泥城镇,town,True,38000,725,254,reviewed Core+ district composition scenario,maximum-entropy independence prior fitted by RAS/IPF; deterministic controlled integer rounding,not applicable,1,2.3283064365386963e-10,True
high_office_intensity,浦东新区,310115140000,泥城镇,town,True,38000,OTHER,25346,balancing non-office remainder,maximum-entropy independence prior fitted by RAS/IPF; deterministic controlled integer rounding,not applicable,1,2.3283064365386963e-10,True
high_office_intensity,浦东新区,310115141000,宣桥镇,town,True,36000,I,4098,official district-by-industry,maximum-entropy independence prior fitted by RAS/IPF; deterministic controlled integer rounding,not applicable,1,2.3283064365386963e-10,True
high_office_intensity,浦东新区,310115141000,宣桥镇,town,True,36000,J,3421,official district-by-industry,maximum-entropy independence prior fitted by RAS/IPF; deterministic controlled integer rounding,not applicable,1,2.3283064365386963e-10,True
high_office_intensity,浦东新区,310115141000,宣桥镇,town,True,36000,M,2696,official district-by-industry,maximum-entropy independence prior fitted by RAS/IPF; deterministic controlled integer rounding,not applicable,1,2.3283064365386963e-10,True
high_office_intensity,浦东新区,310115141000,宣桥镇,town,True,36000,721,545,reviewed Core+ district composition scenario,maximum-entropy independence prior fitted by RAS/IPF; deterministic controlled integer rounding,not applicable,1,2.3283064365386963e-10,True
high_office_intensity,浦东新区,310115141000,宣桥镇,town,True,36000,723,120,reviewed Core+ district composition scenario,maximum-entropy independence prior fitted by RAS/IPF; deterministic controlled integer rounding,not applicable,1,2.3283064365386963e-10,True
high_office_intensity,浦东新区,310115141000,宣桥镇,town,True,36000,724,868,reviewed Core+ district composition scenario,maximum-entropy independence prior fitted by RAS/IPF; deterministic controlled integer rounding,not applicable,1,2.3283064365386963e-10,True
high_office_intensity,浦东新区,310115141000,宣桥镇,town,True,36000,725,240,reviewed Core+ district composition scenario,maximum-entropy independence prior fitted by RAS/IPF; deterministic controlled integer rounding,not applicable,1,2.3283064365386963e-10,True
high_office_intensity,浦东新区,310115141000,宣桥镇,town,True,36000,OTHER,24012,balancing non-office remainder,maximum-entropy independence prior fitted by RAS/IPF; deterministic controlled integer rounding,not applicable,1,2.3283064365386963e-10,True
high_office_intensity,浦东新区,310115142000,书院镇,town,True,14000,I,1594,official district-by-industry,maximum-entropy independence prior fitted by RAS/IPF; deterministic controlled integer rounding,not applicable,1,2.3283064365386963e-10,True
high_office_intensity,浦东新区,310115142000,书院镇,town,True,14000,J,1330,official district-by-industry,maximum-entropy independence prior fitted by RAS/IPF; deterministic controlled integer rounding,not applicable,1,2.3283064365386963e-10,True
high_office_intensity,浦东新区,310115142000,书院镇,town,True,14000,M,1048,official district-by-industry,maximum-entropy independence prior fitted by RAS/IPF; deterministic controlled integer rounding,not applicable,1,2.3283064365386963e-10,True
high_office_intensity,浦东新区,310115142000,书院镇,town,True,14000,721,212,reviewed Core+ district composition scenario,maximum-entropy independence prior fitted by RAS/IPF; deterministic controlled integer rounding,not applicable,1,2.3283064365386963e-10,True
high_office_intensity,浦东新区,310115142000,书院镇,town,True,14000,723,47,reviewed Core+ district composition scenario,maximum-entropy independence prior fitted by RAS/IPF; deterministic controlled integer rounding,not applicable,1,2.3283064365386963e-10,True
high_office_intensity,浦东新区,310115142000,书院镇,town,True,14000,724,338,reviewed Core+ district composition scenario,maximum-entropy independence prior fitted by RAS/IPF; deterministic controlled integer rounding,not applicable,1,2.3283064365386963e-10,True
high_office_intensity,浦东新区,310115142000,书院镇,town,True,14000,725,93,reviewed Core+ district composition scenario,maximum-entropy independence prior fitted by RAS/IPF; deterministic controlled integer rounding,not applicable,1,2.3283064365386963e-10,True
high_office_intensity,浦东新区,310115142000,书院镇,town,True,14000,OTHER,9338,balancing non-office remainder,maximum-entropy independence prior fitted by RAS/IPF; deterministic controlled integer rounding,not applicable,1,2.3283064365386963e-10,True
high_office_intensity,浦东新区,310115143000,万祥镇,town,True,17000,I,1935,official district-by-industry,maximum-entropy independence prior fitted by RAS/IPF; deterministic controlled integer rounding,not applicable,1,2.3283064365386963e-10,True
high_office_intensity,浦东新区,310115143000,万祥镇,town,True,17000,J,1615,official district-by-industry,maximum-entropy independence prior fitted by RAS/IPF; deterministic controlled integer rounding,not applicable,1,2.3283064365386963e-10,True
high_office_intensity,浦东新区,310115143000,万祥镇,town,True,17000,M,1273,official district-by-industry,maximum-entropy independence prior fitted by RAS/IPF; deterministic controlled integer rounding,not applicable,1,2.3283064365386963e-10,True
high_office_intensity,浦东新区,310115143000,万祥镇,town,True,17000,721,257,reviewed Core+ district composition scenario,maximum-entropy independence prior fitted by RAS/IPF; deterministic controlled integer rounding,not applicable,1,2.3283064365386963e-10,True
high_office_intensity,浦东新区,310115143000,万祥镇,town,True,17000,723,57,reviewed Core+ district composition scenario,maximum-entropy independence prior fitted by RAS/IPF; deterministic controlled integer rounding,not applicable,1,2.3283064365386963e-10,True
high_office_intensity,浦东新区,310115143000,万祥镇,town,True,17000,724,410,reviewed Core+ district composition scenario,maximum-entropy independence prior fitted by RAS/IPF; deterministic controlled integer rounding,not applicable,1,2.3283064365386963e-10,True
high_office_intensity,浦东新区,310115143000,万祥镇,town,True,17000,725,114,reviewed Core+ district composition scenario,maximum-entropy independence prior fitted by RAS/IPF; deterministic controlled integer rounding,not applicable,1,2.3283064365386963e-10,True
high_office_intensity,浦东新区,310115143000,万祥镇,town,True,17000,OTHER,11339,balancing non-office remainder,maximum-entropy independence prior fitted by RAS/IPF; deterministic controlled integer rounding,not applicable,1,2.3283064365386963e-10,True
high_office_intensity,浦东新区,310115144000,老港镇,town,True,14000,I,1594,official district-by-industry,maximum-entropy independence prior fitted by RAS/IPF; deterministic controlled integer rounding,not applicable,1,2.3283064365386963e-10,True
high_office_intensity,浦东新区,310115144000,老港镇,town,True,14000,J,1330,official district-by-industry,maximum-entropy independence prior fitted by RAS/IPF; deterministic controlled integer rounding,not applicable,1,2.3283064365386963e-10,True
high_office_intensity,浦东新区,310115144000,老港镇,town,True,14000,M,1048,official district-by-industry,maximum-entropy independence prior fitted by RAS/IPF; deterministic controlled integer rounding,not applicable,1,2.3283064365386963e-10,True
high_office_intensity,浦东新区,310115144000,老港镇,town,True,14000,721,212,reviewed Core+ district composition scenario,maximum-entropy independence prior fitted by RAS/IPF; deterministic controlled integer rounding,not applicable,1,2.3283064365386963e-10,True
high_office_intensity,浦东新区,310115144000,老港镇,town,True,14000,723,47,reviewed Core+ district composition scenario,maximum-entropy independence prior fitted by RAS/IPF; deterministic controlled integer rounding,not applicable,1,2.3283064365386963e-10,True
high_office_intensity,浦东新区,310115144000,老港镇,town,True,14000,724,338,reviewed Core+ district composition scenario,maximum-entropy independence prior fitted by RAS/IPF; deterministic controlled integer rounding,not applicable,1,2.3283064365386963e-10,True
high_office_intensity,浦东新区,310115144000,老港镇,town,True,14000,725,93,reviewed Core+ district composition scenario,maximum-entropy independence prior fitted by RAS/IPF; deterministic controlled integer rounding,not applicable,1,2.3283064365386963e-10,True
high_office_intensity,浦东新区,310115144000,老港镇,town,True,14000,OTHER,9338,balancing non-office remainder,maximum-entropy independence prior fitted by RAS/IPF; deterministic controlled integer rounding,not applicable,1,2.3283064365386963e-10,True
high_office_intensity,浦东新区,310115145000,南汇新城镇,town,True,138000,I,15711,official district-by-industry,maximum-entropy independence prior fitted by RAS/IPF; deterministic controlled integer rounding,not applicable,1,2.3283064365386963e-10,True
high_office_intensity,浦东新区,310115145000,南汇新城镇,town,True,138000,J,13112,official district-by-industry,maximum-entropy independence prior fitted by RAS/IPF; deterministic controlled integer rounding,not applicable,1,2.3283064365386963e-10,True
high_office_intensity,浦东新区,310115145000,南汇新城镇,town,True,138000,M,10335,official district-by-industry,maximum-entropy independence prior fitted by RAS/IPF; deterministic controlled integer rounding,not applicable,1,2.3283064365386963e-10,True
high_office_intensity,浦东新区,310115145000,南汇新城镇,town,True,138000,721,2088,reviewed Core+ district composition scenario,maximum-entropy independence prior fitted by RAS/IPF; deterministic controlled integer rounding,not applicable,1,2.3283064365386963e-10,True
high_office_intensity,浦东新区,310115145000,南汇新城镇,town,True,138000,723,460,reviewed Core+ district composition scenario,maximum-entropy independence prior fitted by RAS/IPF; deterministic controlled integer rounding,not applicable,1,2.3283064365386963e-10,True
high_office_intensity,浦东新区,310115145000,南汇新城镇,town,True,138000,724,3328,reviewed Core+ district composition scenario,maximum-entropy independence prior fitted by RAS/IPF; deterministic controlled integer rounding,not applicable,1,2.3283064365386963e-10,True
high_office_intensity,浦东新区,310115145000,南汇新城镇,town,True,138000,725,921,reviewed Core+ district composition scenario,maximum-entropy independence prior fitted by RAS/IPF; deterministic controlled integer rounding,not applicable,1,2.3283064365386963e-10,True
high_office_intensity,浦东新区,310115145000,南汇新城镇,town,True,138000,OTHER,92045,balancing non-office remainder,maximum-entropy independence prior fitted by RAS/IPF; deterministic controlled integer rounding,not applicable,1,2.3283064365386963e-10,True
high_office_intensity,浦东新区,310115501000,中国（上海）自由贸易试验区（保税片区）,functional_zone,True,149000,I,16963,official district-by-industry,maximum-entropy independence prior fitted by RAS/IPF; deterministic controlled integer rounding,not applicable,1,2.3283064365386963e-10,True
high_office_intensity,浦东新区,310115501000,中国（上海）自由贸易试验区（保税片区）,functional_zone,True,149000,J,14158,official district-by-industry,maximum-entropy independence prior fitted by RAS/IPF; deterministic controlled integer rounding,not applicable,1,2.3283064365386963e-10,True
high_office_intensity,浦东新区,310115501000,中国（上海）自由贸易试验区（保税片区）,functional_zone,True,149000,M,11158,official district-by-industry,maximum-entropy independence prior fitted by RAS/IPF; deterministic controlled integer rounding,not applicable,1,2.3283064365386963e-10,True
high_office_intensity,浦东新区,310115501000,中国（上海）自由贸易试验区（保税片区）,functional_zone,True,149000,721,2254,reviewed Core+ district composition scenario,maximum-entropy independence prior fitted by RAS/IPF; deterministic controlled integer rounding,not applicable,1,2.3283064365386963e-10,True
high_office_intensity,浦东新区,310115501000,中国（上海）自由贸易试验区（保税片区）,functional_zone,True,149000,723,497,reviewed Core+ district composition scenario,maximum-entropy independence prior fitted by RAS/IPF; deterministic controlled integer rounding,not applicable,1,2.3283064365386963e-10,True
high_office_intensity,浦东新区,310115501000,中国（上海）自由贸易试验区（保税片区）,functional_zone,True,149000,724,3593,reviewed Core+ district composition scenario,maximum-entropy independence prior fitted by RAS/IPF; deterministic controlled integer rounding,not applicable,1,2.3283064365386963e-10,True
high_office_intensity,浦东新区,310115501000,中国（上海）自由贸易试验区（保税片区）,functional_zone,True,149000,725,994,reviewed Core+ district composition scenario,maximum-entropy independence prior fitted by RAS/IPF; deterministic controlled integer rounding,not applicable,1,2.3283064365386963e-10,True
high_office_intensity,浦东新区,310115501000,中国（上海）自由贸易试验区（保税片区）,functional_zone,True,149000,OTHER,99383,balancing non-office remainder,maximum-entropy independence prior fitted by RAS/IPF; deterministic controlled integer rounding,not applicable,1,2.3283064365386963e-10,True
high_office_intensity,浦东新区,310115502000,金桥经济技术开发区,functional_zone,True,203000,I,23111,official district-by-industry,maximum-entropy independence prior fitted by RAS/IPF; deterministic controlled integer rounding,not applicable,1,2.3283064365386963e-10,True
high_office_intensity,浦东新区,310115502000,金桥经济技术开发区,functional_zone,True,203000,J,19289,official district-by-industry,maximum-entropy independence prior fitted by RAS/IPF; deterministic controlled integer rounding,not applicable,1,2.3283064365386963e-10,True
high_office_intensity,浦东新区,310115502000,金桥经济技术开发区,functional_zone,True,203000,M,15203,official district-by-industry,maximum-entropy independence prior fitted by RAS/IPF; deterministic controlled integer rounding,not applicable,1,2.3283064365386963e-10,True
high_office_intensity,浦东新区,310115502000,金桥经济技术开发区,functional_zone,True,203000,721,3071,reviewed Core+ district composition scenario,maximum-entropy independence prior fitted by RAS/IPF; deterministic controlled integer rounding,not applicable,1,2.3283064365386963e-10,True
high_office_intensity,浦东新区,310115502000,金桥经济技术开发区,functional_zone,True,203000,723,677,reviewed Core+ district composition scenario,maximum-entropy independence prior fitted by RAS/IPF; deterministic controlled integer rounding,not applicable,1,2.3283064365386963e-10,True
high_office_intensity,浦东新区,310115502000,金桥经济技术开发区,functional_zone,True,203000,724,4895,reviewed Core+ district composition scenario,maximum-entropy independence prior fitted by RAS/IPF; deterministic controlled integer rounding,not applicable,1,2.3283064365386963e-10,True
high_office_intensity,浦东新区,310115502000,金桥经济技术开发区,functional_zone,True,203000,725,1354,reviewed Core+ district composition scenario,maximum-entropy independence prior fitted by RAS/IPF; deterministic controlled integer rounding,not applicable,1,2.3283064365386963e-10,True
high_office_intensity,浦东新区,310115502000,金桥经济技术开发区,functional_zone,True,203000,OTHER,135400,balancing non-office remainder,maximum-entropy independence prior fitted by RAS/IPF; deterministic controlled integer rounding,not applicable,1,2.3283064365386963e-10,True
high_office_intensity,浦东新区,310115503000,张江高科技园区,functional_zone,True,469000,I,53394,official district-by-industry,maximum-entropy independence prior fitted by RAS/IPF; deterministic controlled integer rounding,not applicable,1,2.3283064365386963e-10,True
high_office_intensity,浦东新区,310115503000,张江高科技园区,functional_zone,True,469000,J,44563,official district-by-industry,maximum-entropy independence prior fitted by RAS/IPF; deterministic controlled integer rounding,not applicable,1,2.3283064365386963e-10,True
high_office_intensity,浦东新区,310115503000,张江高科技园区,functional_zone,True,469000,M,35123,official district-by-industry,maximum-entropy independence prior fitted by RAS/IPF; deterministic controlled integer rounding,not applicable,1,2.3283064365386963e-10,True
high_office_intensity,浦东新区,310115503000,张江高科技园区,functional_zone,True,469000,721,7096,reviewed Core+ district composition scenario,maximum-entropy independence prior fitted by RAS/IPF; deterministic controlled integer rounding,not applicable,1,2.3283064365386963e-10,True
high_office_intensity,浦东新区,310115503000,张江高科技园区,functional_zone,True,469000,723,1564,reviewed Core+ district composition scenario,maximum-entropy independence prior fitted by RAS/IPF; deterministic controlled integer rounding,not applicable,1,2.3283064365386963e-10,True
high_office_intensity,浦东新区,310115503000,张江高科技园区,functional_zone,True,469000,724,11310,reviewed Core+ district composition scenario,maximum-entropy independence prior fitted by RAS/IPF; deterministic controlled integer rounding,not applicable,1,2.3283064365386963e-10,True
high_office_intensity,浦东新区,310115503000,张江高科技园区,functional_zone,True,469000,725,3129,reviewed Core+ district composition scenario,maximum-entropy independence prior fitted by RAS/IPF; deterministic controlled integer rounding,not applicable,1,2.3283064365386963e-10,True
high_office_intensity,浦东新区,310115503000,张江高科技园区,functional_zone,True,469000,OTHER,312821,balancing non-office remainder,maximum-entropy independence prior fitted by RAS/IPF; deterministic controlled integer rounding,not applicable,1,2.3283064365386963e-10,True
high_office_intensity,浦东新区,310115-unsubdivided-residual,310115-unsubdivided-residual,residual,False,264157,I,30073,official district-by-industry,maximum-entropy independence prior fitted by RAS/IPF; deterministic controlled integer rounding,IPF because bulletin residual is not sector-classified,1,2.3283064365386963e-10,True
high_office_intensity,浦东新区,310115-unsubdivided-residual,310115-unsubdivided-residual,residual,False,264157,J,25100,official district-by-industry,maximum-entropy independence prior fitted by RAS/IPF; deterministic controlled integer rounding,IPF because bulletin residual is not sector-classified,1,2.3283064365386963e-10,True
high_office_intensity,浦东新区,310115-unsubdivided-residual,310115-unsubdivided-residual,residual,False,264157,M,19782,official district-by-industry,maximum-entropy independence prior fitted by RAS/IPF; deterministic controlled integer rounding,IPF because bulletin residual is not sector-classified,1,2.3283064365386963e-10,True
high_office_intensity,浦东新区,310115-unsubdivided-residual,310115-unsubdivided-residual,residual,False,264157,721,3997,reviewed Core+ district composition scenario,maximum-entropy independence prior fitted by RAS/IPF; deterministic controlled integer rounding,IPF because bulletin residual is not sector-classified,1,2.3283064365386963e-10,True
high_office_intensity,浦东新区,310115-unsubdivided-residual,310115-unsubdivided-residual,residual,False,264157,723,881,reviewed Core+ district composition scenario,maximum-entropy independence prior fitted by RAS/IPF; deterministic controlled integer rounding,IPF because bulletin residual is not sector-classified,1,2.3283064365386963e-10,True
high_office_intensity,浦东新区,310115-unsubdivided-residual,310115-unsubdivided-residual,residual,False,264157,724,6370,reviewed Core+ district composition scenario,maximum-entropy independence prior fitted by RAS/IPF; deterministic controlled integer rounding,IPF because bulletin residual is not sector-classified,1,2.3283064365386963e-10,True
high_office_intensity,浦东新区,310115-unsubdivided-residual,310115-unsubdivided-residual,residual,False,264157,725,1762,reviewed Core+ district composition scenario,maximum-entropy independence prior fitted by RAS/IPF; deterministic controlled integer rounding,IPF because bulletin residual is not sector-classified,1,2.3283064365386963e-10,True
high_office_intensity,浦东新区,310115-unsubdivided-residual,310115-unsubdivided-residual,residual,False,264157,OTHER,176192,balancing non-office remainder,maximum-entropy independence prior fitted by RAS/IPF; deterministic controlled integer rounding,IPF because bulletin residual is not sector-classified,1,2.3283064365386963e-10,True
