{"type":"FeatureCollection","name":"Shanghai districts (16), pinned from geoBoundaries gbOpen CHN ADM3","metadata":{"source_url":"https://github.com/wmgeolab/geoBoundaries/raw/9469f09/releaseData/gbOpen/CHN/ADM3/geoBoundaries-CHN-ADM3-all.zip","source_archive_sha256":"b0c9e98f6f92e894bb5f65208af0ea5a9b982b020b75bc73e9151cb94da5bbe8","source_commit":"9469f09","boundary_id":"CHN-ADM3-62558664","boundary_year":"2017","build_date":"2023-12-12","source":"Lee Beryman, OpenStreetMap","license":"Open Data Commons Open Database License 1.0","license_url":"https://www.openstreetmap.org/copyright","derivation":"Exact feature-ID filter; source geometry is not simplified."},"features":[{"type":"Feature","properties":{"district":"嘉定区","district_en":"Jiading District","source_shape_id":"62558664B43292361433828"},"geometry":{"type":"Polygon","coordinates":[[[121.33389100036948,31.23956730009087],[121.3348547003842,31.240503999759824],[121.33563320031203,31.241232300430397],[121.33654379985649,31.241813200418903],[121.33747209985756,31.24210099966143],[121.33855239967352,31.242199300057678],[121.33959070025071,31.24207779985062],[121.3407594996512,31.24185209969471],[121.34031609970828,31.24348749974837],[121.34051679961067,31.243584700273743],[121.34030050006811,31.24411859989351],[121.34064489994228,31.244218600008423],[121.34010230028105,31.24564150015516],[121.34129030020722,31.246130500222478],[121.34174280038997,31.245324400101026],[121.34090679960923,31.244792399849416],[121.34121940035516,31.24416529988872],[121.34126150031807,31.244076900128903],[121.34118760032754,31.24401769955722],[121.3412966997829,31.243849100055968],[121.34165479992919,31.243460899600905],[121.3417582003807,31.243393900108458],[121.34234499992192,31.242802899834032],[121.34274949968972,31.24370599993199],[121.3428570001505,31.244395899551193],[121.34280839988776,31.244929899895],[121.34316790027844,31.245220700175253],[121.34344629980694,31.245439700381894],[121.34372830022096,31.24553659963442],[121.34398170039526,31.245528199966486],[121.34486390024881,31.24514470026776],[121.34498960028986,31.245022000365054],[121.34519080021528,31.24454349988264],[121.3453226003578,31.24419430032674],[121.34544580028353,31.244007600170676],[121.34589719969608,31.24381410024057],[121.34583220029583,31.243080499865243],[121.34489999993514,31.243222199744764],[121.34453300009795,31.24327909985061],[121.34412479961986,31.24123300010291],[121.34658469992405,31.240790000358288],[121.3476128003905,31.240578299948652],[121.34865050022051,31.24004219968782],[121.3494357000975,31.239325600096436],[121.34970100010116,31.239007599820923],[121.35011460010878,31.239140499834264],[121.35041609962332,31.239237399986052],[121.35126589960169,31.23938229965347],[121.35139800011768,31.23943869973624],[121.35144970034344,31.239524600280106],[121.35175400034689,31.240177599816434],[121.3517912997288,31.240334699686684],[121.35179420004238,31.240462299995215],[121.35167939978453,31.24086490039491],[121.35162480014446,31.241584099926342],[121.35161639957721,31.242063800104347],[121.35168719960461,31.242069400182743],[121.353117699922,31.24217350030682],[121.35552010027243,31.242371100246146],[121.35574220044225,31.241623000101413],[121.35607290004441,31.240509400188728],[121.35719810031219,31.24074969993876],[121.35803360017053,31.241540800267785],[121.35876399985875,31.241187700352157],[121.35912739970979,31.241132999987997],[121.35931030023028,31.24137210004244],[121.35839039989708,31.241907499731383],[121.35841390008147,31.2419425004461],[121.35923459979699,31.243131700067977],[121.35950969971293,31.24364480016743],[121.35990410009424,31.2447991996234],[121.36048669980141,31.24454109959214],[121.3610767000298,31.245508100118798],[121.36050219961692,31.24579559988706],[121.36111510018179,31.246816700030706],[121.3615668997927,31.24756940020768],[121.36166720028109,31.247712100133356],[121.36174959976427,31.24782929978244],[121.36194130015099,31.248063100132015],[121.36217899996097,31.248251099808442],[121.36244110017674,31.248414799803243],[121.3626613999038,31.24855680005635],[121.36375339989957,31.24922340003991],[121.36547280022955,31.247355099857998],[121.36556429995255,31.24726650044869],[121.36628499955316,31.246527100345475],[121.36706870026035,31.24594780025086],[121.36772629982897,31.245597499924713],[121.36839919956344,31.247363399701214],[121.36847070016279,31.24753460004183],[121.36905670020656,31.247287100319454],[121.37056779956436,31.246555199662794],[121.37110959972836,31.246252999576313],[121.37163080002142,31.24814880012707],[121.37218209972423,31.248891800216484],[121.37239449980643,31.249227699698622],[121.37257609990718,31.249574499863343],[121.37289599955079,31.25035480023388],[121.37327780043017,31.25139049997165],[121.37333049980282,31.251581399961708],[121.373367800084,31.25167539979992],[121.37411180021945,31.253789400160713],[121.37492830010103,31.25591009957151],[121.37565790029191,31.25774439998412],[121.37629709973146,31.25964050000914],[121.37490939994893,31.259732700303914],[121.37519350027992,31.260576500005527],[121.37458979977953,31.260617699747115],[121.37461739997309,31.26093550037308],[121.37341479955342,31.26099090040975],[121.37344849984845,31.261085300446325],[121.3727904002568,31.261270200159686],[121.37252079969517,31.26132169983663],[121.3721162001026,31.26133890027006],[121.37204740016739,31.261304500302515],[121.37054979963364,31.26136579989179],[121.37030000034486,31.259785600225314],[121.37023540024359,31.25954710001872],[121.37015459975498,31.259346199567517],[121.37007199972311,31.259159500310716],[121.36989229988978,31.25882590039504],[121.3612541002966,31.259472100157325],[121.36134259988114,31.26044739962782],[121.36144629980697,31.260497199586155],[121.36145459965007,31.260701899672995],[121.36144360004221,31.26079400014305],[121.36149759983448,31.260798000327497],[121.36136610006554,31.26138219992862],[121.36092399964298,31.26144379989148],[121.36073449989726,31.261354599735057],[121.36017579967347,31.26159810017225],[121.36008110016269,31.261639399738556],[121.35999549999235,31.261307899739847],[121.35986949957783,31.26131590010874],[121.35951460011881,31.261337099827358],[121.359387099635,31.26134469999795],[121.35926219999055,31.26177660030993],[121.35919609982022,31.261876999723825],[121.35901840007921,31.26198500020763],[121.35859829977176,31.26183410026357],[121.35830269980977,31.261694399576925],[121.3579666996036,31.261598700020045],[121.35773540026855,31.26160339987706],[121.35735220004403,31.26177060003323],[121.35713600032625,31.261939800281596],[121.3570203996718,31.262061699787694],[121.35696839997172,31.26211750002267],[121.35691840036395,31.262200199879373],[121.35688820023029,31.262277000183474],[121.35687249986609,31.262414400404282],[121.3568804004102,31.26258759993783],[121.35688129973221,31.262687699877517],[121.35677659976034,31.262757300209273],[121.35597220025693,31.26343379993],[121.35515919963746,31.264436300295074],[121.35463719984693,31.26505439984072],[121.35453719973202,31.265299699821355],[121.35420359981629,31.265423499594874],[121.35499019993779,31.26691540022557],[121.35514169972976,31.26961770019676],[121.35548179994521,31.269717200288596],[121.35672360001422,31.269474699897557],[121.35682179968637,31.269470900261865],[121.35707200007278,31.269514799768274],[121.35723500039501,31.269501499694513],[121.36186149970854,31.26860990012682],[121.36222059990087,31.268542700085618],[121.36231680038009,31.268669300347995],[121.36247529959542,31.26884769976158],[121.36255750032842,31.268922599798202],[121.36267160001444,31.269189999718776],[121.36268669963158,31.269449300345002],[121.3626505001206,31.269613199989237],[121.36261829989473,31.269724599910433],[121.3626931999313,31.269817599702492],[121.36116220037536,31.269846299766982],[121.36124030019971,31.2719867995512],[121.35665000039728,31.2728626996539],[121.35622980026517,31.272448099600183],[121.35605829955091,31.2723015002141],[121.35564599996303,31.271860399837635],[121.35484309962942,31.271236999687858],[121.35477679980954,31.2711643002923],[121.3547436004369,31.271047300292707],[121.35480850001238,31.27092160025171],[121.35496740032534,31.27076679994792],[121.35492359974444,31.270240700148236],[121.35486060043638,31.270182200148497],[121.35444789975088,31.27016220012547],[121.35443180008758,31.270281600415558],[121.35407100017653,31.27095390030229],[121.35396330006631,31.271210600089148],[121.35383070042656,31.271487799922056],[121.35374849969355,31.271602399631092],[121.35334089996263,31.27252060024557],[121.35304720026818,31.272765500027845],[121.3526615997531,31.27281780010145],[121.35209580028106,31.27294569988419],[121.35199580016615,31.272945799708964],[121.3514360998962,31.27278669974646],[121.3511953001231,31.272762099691192],[121.35104969988379,31.272736200115617],[121.35093009994421,31.272751000258495],[121.35081769997691,31.27278790034137],[121.35070949984356,31.272850799824596],[121.35036650021391,31.27316989997098],[121.35026840036642,31.273231499933843],[121.3501271996106,31.273289400085787],[121.34962550021669,31.273365800191584],[121.34919390027835,31.273389800399002],[121.34872359981432,31.274163399921008],[121.34769529969833,31.274258399805376],[121.34708399992667,31.273783299659613],[121.3398028997841,31.27511350038776],[121.33860790043434,31.272595699931685],[121.33360559961875,31.27402089964488],[121.33430039964378,31.276277299557762],[121.33135460013477,31.276918599813598],[121.33104889988692,31.277844899722368],[121.33196270011854,31.279454500025224],[121.3313255996967,31.282281499991257],[121.33040609956186,31.28230440032786],[121.3303595002908,31.282081499761432],[121.32944880002219,31.282265000129712],[121.32942179967642,31.282983900186878],[121.32903439961785,31.283443299968383],[121.32875030018624,31.2838794001143],[121.3285793003945,31.28425920000211],[121.32907789982528,31.28441679989544],[121.32912580041545,31.284471299710788],[121.32911639980205,31.284540900042543],[121.32896640007937,31.284822799732467],[121.32864140038043,31.28543320018207],[121.32834740031228,31.286068299612396],[121.32822189992078,31.286335400058704],[121.32817059989338,31.28653529956449],[121.32803650018445,31.2868717997938],[121.3279965001384,31.287171700313763],[121.32797369962657,31.287459399731574],[121.32787840026799,31.287805400398952],[121.32739429970718,31.28762859997994],[121.32451560041466,31.28651049985973],[121.32418370021765,31.286908000204107],[121.32401530036589,31.28693970040689],[121.32332260025782,31.287822400283574],[121.32260170010841,31.287257199760006],[121.32221089971335,31.287636700173607],[121.32254970040844,31.2877891001869],[121.32199240042905,31.288360599562054],[121.32229559966231,31.28852440028089],[121.32183190022204,31.28906540004823],[121.32209499958458,31.289233000402703],[121.32171600009337,31.289747300197803],[121.32241530032593,31.29014209987804],[121.32187800036945,31.290765300378382],[121.3216657999368,31.291011399856245],[121.32559859999549,31.2920777997507],[121.32819360005465,31.292782200038573],[121.32759360026455,31.295037300431147],[121.32793550002339,31.295050700329625],[121.32844829974931,31.295010399910097],[121.3288903003471,31.294995300292953],[121.3291182002448,31.295012099628764],[121.3293834004237,31.29505569966085],[121.3297583997304,31.29511709997422],[121.32945599999448,31.29623400039884],[121.3309826998917,31.29585149984689],[121.33106799968846,31.29619000016845],[121.33185430033575,31.296818600198264],[121.33272239971905,31.29717330000784],[121.33299420002243,31.297431300214384],[121.33271490027244,31.297811899599537],[121.33287340038714,31.297928000277068],[121.33239780021836,31.298534199993412],[121.33192229987435,31.298366499814165],[121.33156750024,31.298946999604425],[121.32964170010439,31.297867000162],[121.32930550024867,31.298572799794954],[121.3281212001333,31.29998580020458],[121.32845220010904,31.300191899636502],[121.32879469971567,31.300368899705006],[121.32644239969704,31.30323510021975],[121.32665190036494,31.303334200113284],[121.32703659975937,31.303500599872848],[121.32730089971676,31.303622399554172],[121.32745119981303,31.303739699927235],[121.32755489973886,31.30386149960856],[121.32773110031007,31.304018700202903],[121.32790570008808,31.30414180030391],[121.3281710999164,31.30428879988824],[121.32847160028416,31.304400400358247],[121.32860219983172,31.30444820022433],[121.32881579960952,31.304570400103955],[121.32902099971943,31.30473340042613],[121.32925730018428,31.304944199715123],[121.32942939984696,31.30502920003761],[121.3296781001643,31.305133700360045],[121.32992440019098,31.30519459975102],[121.33024610027735,31.305250599635542],[121.3306172001237,31.305263000387185],[121.33093020016861,31.305298400400886],[121.3311664997342,31.305362200105492],[121.33134480022238,31.305434799676334],[121.33141939988548,31.30551979999882],[121.33145470007446,31.305615399730982],[121.33147539976994,31.305743000039456],[121.33147959960388,31.305953700402995],[121.33150440020802,31.30606000026887],[121.33156459992642,31.306256600162044],[121.33169399977828,31.306600199639547],[121.33197240020615,31.306940299855],[121.33207870007197,31.30711739974828],[121.33211800044546,31.30728390023188],[121.33219269993322,31.307560199843408],[121.33231599968371,31.307917899791278],[121.33250519995511,31.30820350019144],[121.33280580014764,31.308486800125763],[121.3329561002439,31.308641800079045],[121.33305710040497,31.308825599921533],[121.33312969997576,31.30903590008677],[121.33331110042695,31.309866100240413],[121.33340179975335,31.310056500207395],[121.33353390026934,31.310282300188078],[121.33374120029623,31.310523599984208],[121.33396409996328,31.31080920038437],[121.33412469999496,31.311094799885154],[121.33424129979619,31.311402500225256],[121.3342879997914,31.311637199896893],[121.33439419983256,31.31194929972048],[121.33451600041315,31.312113200264037],[121.33471289978058,31.31226150026805],[121.3349565000425,31.312383200124657],[121.33517419982957,31.31251610013794],[121.33532709986582,31.31267549957471],[121.3356872001043,31.31315810006629],[121.33579090003002,31.31341040036972],[121.33569759986437,31.314289299711447],[121.33572970026546,31.3144324996602],[121.33583590030662,31.31457420043904],[121.33596690005243,31.314703100267934],[121.33629689998202,31.314952500257732],[121.3365042000089,31.315153700183146],[121.33661700017444,31.31529389999355],[121.33670649980513,31.31548089962388],[121.33695699966586,31.316042000138225],[121.33705649975775,31.316169499722662],[121.33759379971411,31.316622900126788],[121.33771150028554,31.316770200084704],[121.33784590036805,31.31707619980682],[121.33797690011386,31.31753670035846],[121.33804980005834,31.317664199942897],[121.33817590029764,31.31778460027914],[121.33852580042537,31.317973099978644],[121.33864190020358,31.31809629990437],[121.33870660012951,31.318232299880776],[121.3387198003785,31.318379699663467],[121.33867509957622,31.31877920010004],[121.33869990018036,31.31898180026991],[121.3387290004431,31.319069799831425],[121.33893590027162,31.31905699978074],[121.33909929989284,31.31902960013599],[121.33921150021058,31.31897489977183],[121.33935570020549,31.31888730040862],[121.33956410010319,31.31879960032137],[121.3398332995672,31.31873939970359],[121.33999999970024,31.318747599721974],[121.34014099990725,31.318780499620402],[121.34027559963931,31.31880509967567],[121.34063779979465,31.318794199892466],[121.34116029960819,31.318566899842608],[121.34179370021911,31.31831589995886],[121.34217779976575,31.318231000360413],[121.34328650017187,31.318728400095665],[121.34314659983579,31.319590299552715],[121.34320640025521,31.319609900276703],[121.34316540016312,31.319890200072734],[121.34307820009894,31.31988590041402],[121.34293650021937,31.320294299642285],[121.34281910002153,31.320632899788563],[121.34296000040376,31.320739199654383],[121.34305949959628,31.320923299870458],[121.34311339956378,31.321189000072366],[121.3431362000756,31.32142450014061],[121.3431901000431,31.32154310003409],[121.34329789997821,31.321629899900017],[121.34346379971464,31.321714900222503],[121.3440148997679,31.321878399668435],[121.34413029987354,31.321956600216993],[121.34420460006231,31.322054100216576],[121.3443055003986,31.32226030037259],[121.34440229982636,31.32261960021441],[121.344507099623,31.32313979956217],[121.34076370038451,31.322768900264577],[121.34039649999852,31.324103600300987],[121.34036079961129,31.32547440002361],[121.3416162999523,31.326012500376635],[121.34167889996138,31.325691900161132],[121.34266629980993,31.325909500123373],[121.34286289970316,31.326096499753703],[121.34236690021237,31.32722999986464],[121.34137500015618,31.327008700091483],[121.3412594004011,31.327800500093076],[121.3409392003839,31.328802200061546],[121.34007489973692,31.330115300181035],[121.33972189964607,31.32987489970691],[121.33951640006183,31.329871100071273],[121.33841729991855,31.331454899723894],[121.3384217003013,31.331596099580395],[121.33889530037789,31.33175259960285],[121.3389087002763,31.331817400252874],[121.33820279991937,31.332447199978333],[121.33780070044202,31.33264179977931],[121.33774709994873,31.33286309955247],[121.33843069981697,31.333294400016598],[121.33868529968686,31.333477600011292],[121.33858700018993,31.333775200065475],[121.33816260022388,31.334206499630284],[121.33728239956315,31.33491630034706],[121.3370365995595,31.335152900286175],[121.33714390037073,31.335316999579902],[121.33755490043836,31.33558800038594],[121.33784090013751,31.335832199596382],[121.33795260043223,31.336194799950135],[121.33826980031108,31.33643139988925],[121.33830559962382,31.33674809974508],[121.33817600012242,31.33694270044532],[121.33794360001718,31.337171700213844],[121.337881099833,31.337789899584266],[121.3379882999202,31.337904400367847],[121.33828320020962,31.33812189960605],[121.33852450000575,31.338137199772007],[121.3391991003582,31.3380380000537],[121.33954760024164,31.338030300058335],[121.33988720043396,31.338331799572927],[121.34047249990601,31.3384615996232],[121.3408835997983,31.338473000328747],[121.34106229958547,31.338370000075486],[121.34140630016066,31.338232599854678],[121.34155379976812,31.33819440025144],[121.34171279990585,31.33828289983603],[121.34155479981428,31.338806399695613],[121.3412135997279,31.339200300053847],[121.33979169962731,31.34380699989316],[121.33780059971798,31.343121700306256],[121.33755589958514,31.343393700259128],[121.33731990039314,31.34396180019695],[121.33707310034333,31.344147799781183],[121.33659030020226,31.344346700140136],[121.33626850029111,31.344713199954242],[121.33586079983615,31.34496970009161],[121.33560329965258,31.345262999587817],[121.33526569955245,31.34595340012936],[121.33510399964996,31.346122200179423],[121.33493969980736,31.34610060026256],[121.33467749976683,31.346791300278312],[121.33426189966701,31.346632700338887],[121.33321470029819,31.346289500160367],[121.3330819999344,31.346446000182823],[121.33291140034089,31.347309399709104],[121.33220650003,31.347317200428506],[121.3321417002793,31.34775019971198],[121.3321216004316,31.348133700310086],[121.33213279968902,31.34869849973603],[121.33172539960754,31.348680700354066],[121.32829629993432,31.348870399749217],[121.32831959956991,31.349566299645062],[121.3284122000631,31.349583000055475],[121.3284190996618,31.351508200343233],[121.32810530011955,31.351578299798746],[121.32808120008735,31.35305939957169],[121.32895720001488,31.353062600258852],[121.33006760013973,31.352915999973447],[121.33072530043228,31.35292009998267],[121.33070969989285,31.353413999556494],[121.33189800019261,31.353575700358363],[121.33178339958431,31.354200700402032],[121.33290959989813,31.354345299695865],[121.33285669997679,31.354552800271563],[121.3329211004285,31.35480930040893],[121.33311420016025,31.355175800223037],[121.33315709962051,31.355322399609122],[121.33283519988458,31.355707199727533],[121.3327064997053,31.355872100317242],[121.33281379961727,31.356256900435653],[121.33296399988876,31.356605099945455],[121.33287810024422,31.35711810022019],[121.33262069988541,31.357594599711035],[121.33255170030077,31.357886900060464],[121.33328279966156,31.357897799843613],[121.3335822001585,31.35787550025418],[121.33423969990224,31.358125699741322],[121.33434380002643,31.35836469997099],[121.33433080032626,31.358689900218792],[121.33444149967556,31.358856600351885],[121.33526819966778,31.35940690000848],[121.3356522002889,31.35957920021997],[121.33608189995982,31.3596793001596],[121.33683369991536,31.359643199574066],[121.33696390016394,31.359693200081153],[121.3370614999883,31.35978209986405],[121.33707129990069,31.359882199803735],[121.33687930003975,31.360151800365372],[121.33656680001786,31.360426900281254],[121.33647890028112,31.360557499828815],[121.3364560997693,31.360688200100412],[121.33659609993015,31.361010599859355],[121.33659940044208,31.361155100227734],[121.33652119989347,31.36130790043933],[121.33619250038362,31.36159700010154],[121.33607210004743,31.361797100156082],[121.33602330013525,31.362061099740004],[121.33583120044955,31.36240849975252],[121.33555129995261,31.36244179984925],[121.33526819966778,31.362419600084536],[121.33500129977028,31.36242520016293],[121.33470839957306,31.36248349961386],[121.33454240001186,31.362564099553595],[121.33438940015071,31.36280590027212],[121.33434060023853,31.36314219995262],[121.33433080032626,31.363320100242504],[121.3343992000631,31.3636952002733],[121.33437639955127,31.36391199983899],[121.33428200041408,31.36402870036426],[121.3340345996171,31.36418160040057],[121.33376449993182,31.36442059973092],[121.33365710019507,31.364590100352927],[121.3335822001585,31.364881899779903],[121.33349440024642,31.36525990012433],[121.33317539992481,31.365737899684348],[121.3327067002541,31.36653269982429],[121.33233239972049,31.366919000011876],[121.33184420004989,31.36744419959018],[121.33168800040096,31.36757210027224],[121.33110859958231,31.36843630019513],[121.33049679978751,31.36888930040095],[121.33036660043831,31.369125500141763],[121.33016799955362,31.36991470020331],[121.33182729998998,31.370553799818083],[121.3317077000504,31.37094679995488],[121.33191709999426,31.371003700060783],[121.33169609969525,31.371559800344585],[121.33150280031407,31.371498900054235],[121.33144039995454,31.37176539975343],[121.3313255996967,31.37210020026407],[121.33077100038145,31.37187619982683],[121.33048120014735,31.37244960036884],[121.33003060023202,31.372173899705786],[121.32967279956006,31.372472499806065],[121.32950060007272,31.373151499642063],[121.32877159972963,31.373042800385008],[121.32901460014375,31.373377599996275],[121.32957419968966,31.374798099852455],[121.32930500022565,31.374855099783076],[121.32859509968421,31.37486470004592],[121.32846259986911,31.37492579998576],[121.32836140005861,31.375189099897113],[121.32825090035885,31.375580099941715],[121.32799540026758,31.375890599871354],[121.32741550032517,31.376122400128736],[121.32694369979197,31.376140099685927],[121.32610669986434,31.377086799816027],[121.32574220014249,31.377600899961635],[121.32458669991638,31.37865399978233],[121.32426449980687,31.379220900024563],[121.32507489958698,31.379426500332784],[121.32552410015717,31.37958210013386],[121.32665350025889,31.38034069986344],[121.32622710020053,31.381077000003586],[121.3270797995931,31.381582699581998],[121.3260308996064,31.383259499926055],[121.32366840037639,31.382488299795227],[121.32327679958473,31.38342989987001],[121.32204940035956,31.38307860039714],[121.32194180007411,31.383703600440867],[121.32157349981719,31.384296900281754],[121.32149990020025,31.38458769966269],[121.32147690003899,31.38500820016833],[121.32128359975843,31.385511100157203],[121.32113169976822,31.385754700419113],[121.32091990043307,31.386371700093946],[121.32022949989152,31.386898200091935],[121.32010060006269,31.387896200249486],[121.31923990030123,31.388603499951614],[121.31881179962488,31.389141799954132],[121.31867829976375,31.3894208002298],[121.31873820000794,31.390076999553912],[121.31865529960248,31.390363799649663],[121.31845740018889,31.390493400050445],[121.31807539966007,31.39055630043299],[121.31709960016644,31.39057199989793],[121.31630789998962,31.3906977997637],[121.31601790010609,31.390796000335172],[121.31587520018036,31.390917800016496],[121.31585680005139,31.39103959969782],[121.31589639989897,31.391188299900193],[121.31673129990963,31.392049399859957],[121.31709040010196,31.39247370000129],[121.31742180027595,31.393063100381823],[121.31777159967965,31.393613200388927],[121.31791429960526,31.39418679968111],[121.31814900017628,31.394528599615228],[121.31878890018766,31.39509620042935],[121.31885779994752,31.395239799677086],[121.31871810016025,31.396053199595542],[121.31899920035289,31.39628399980677],[121.3188458002935,31.39669060039097],[121.31833940014326,31.39659170014687],[121.31818170042516,31.397115500380096],[121.31836839968196,31.39733349964132],[121.3183103997053,31.397908599901996],[121.3172201003274,31.397791699727236],[121.3171364004246,31.398182500122346],[121.31692930004726,31.398571500074695],[121.31692460019019,31.398791500327548],[121.31703509989006,31.39918039955586],[121.3169707003376,31.39932580014562],[121.31685210044418,31.39944470041263],[121.31657939991942,31.399384700343717],[121.31611909991659,31.399027200045282],[121.31581999979323,31.398862199630855],[121.3155253998774,31.3989251000134],[121.31474289976506,31.399565500047856],[121.31433780014947,31.399687299729123],[121.31394659955595,31.39964800025507],[121.31325159988148,31.39931800032548],[121.31297080006243,31.39925119958326],[121.31236320010169,31.399585099872525],[121.31192590026012,31.399966200180017],[121.31147950017885,31.400111599870513],[121.31059570043124,31.400162600423698],[121.31022280014213,31.400306400220245],[121.31010399969989,31.400454100376464],[121.30995879965894,31.40092959982121],[121.30998239966812,31.401333100442287],[121.31011409998575,31.401534800390777],[121.31036059966198,31.40165579967544],[121.31087040014893,31.401693299606166],[121.31106959998215,31.40181150020061],[121.31118099990329,31.401998800204524],[121.31121139968639,31.4022841002311],[121.31125189975546,31.403295600111903],[121.31108309970534,31.404471399835302],[121.31111110009726,31.404718400433865],[121.31143430025281,31.404946900179368],[121.31166720038107,31.40509959966687],[121.31277470019234,31.40528979998436],[121.31269200033557,31.406016499861607],[121.31161319968953,31.407652300113625],[121.31123239975545,31.407600099864794],[121.31092740007955,31.408052699872258],[121.31072060007568,31.40807260007051],[121.31054619994723,31.408214600323618],[121.31061459968407,31.408374399958632],[121.31093200011173,31.408510300110322],[121.3100090996403,31.40909549975754],[121.31144600043262,31.409702499870548],[121.32388660018648,31.413755499716615],[121.32488329992441,31.41270130002505],[121.32538409999631,31.412324199901946],[121.32578670039595,31.412219499930018],[121.32630250026023,31.412224900358922],[121.32697480014701,31.41248350041326],[121.3274412002512,31.412604999720998],[121.32837069994787,31.412557900426805],[121.32861869969327,31.412542899735058],[121.32858400025145,31.413082099959013],[121.32834790033542,31.413911700264805],[121.32807710007819,31.414569500382186],[121.32799009966345,31.415114699983462],[121.32940899962568,31.41557979966808],[121.32938390044671,31.415961800196953],[121.32878060014468,31.415977899860252],[121.32851060028406,31.41679909959879],[121.32891810019021,31.416857800147397],[121.32887390031033,31.41699599986555],[121.32843539987391,31.41703230010063],[121.3281177997967,31.417239000279665],[121.32756790033841,31.417213900201375],[121.32756790033841,31.41747369995136],[121.32779869965032,31.41751140043084],[121.32774469985804,31.417767000346828],[121.32786739976075,31.418143999745837],[121.32763689992305,31.418688300025053],[121.32889080037023,31.418888499904426],[121.32932440040076,31.4188545999599],[121.32960079983707,31.41903290044803],[121.32955989956974,31.41976110039451],[121.32992759997887,31.419812100048432],[121.32998840044434,31.420276599885256],[121.32997229988177,31.421113900186413],[121.33001050038433,31.421365699567446],[121.33070140004963,31.421341999733556],[121.33098260006705,31.421179000310644],[121.33161189976943,31.420953599628945],[121.33279459999085,31.420886699961272],[121.33302590022515,31.421033200421903],[121.33298659985178,31.42241580014911],[121.33262239960413,31.423483200089663],[121.332535300264,31.423966899552852],[121.33242779980321,31.424065199949098],[121.33204370025658,31.424934800300832],[121.33200020004927,31.425133599935748],[121.33168469988902,31.42614349992266],[121.33306659994366,31.42661020040049],[121.33305200034965,31.427134300107923],[121.33154579959898,31.426992799877837],[121.33139799961805,31.427621100433498],[121.33119209983556,31.427994800219892],[121.33098629987785,31.428592100245282],[121.33066059960709,31.429208500072264],[121.33058950010536,31.429419400085294],[121.33052959986117,31.429789900083847],[121.33056199973657,31.429911400290962],[121.33074059969897,31.430574699762644],[121.3307840999064,31.430776799909438],[121.33070929969449,31.431054700314235],[121.33042849987544,31.431444399939153],[121.33087020009975,31.4315656995974],[121.33131939977056,31.431479499579268],[121.33185469963473,31.43151460011876],[121.33218780042671,31.43161050022445],[121.33204630019668,31.43380890016067],[121.3312458999784,31.435307499841315],[121.33141009999622,31.436490200062735],[121.33114730010789,31.437064999949826],[121.33046000042873,31.438036800158272],[121.32998869991866,31.43854790016553],[121.32947809993448,31.439176199821816],[121.32947809993448,31.440080999638496],[121.32921289975559,31.440541799664402],[121.32935039980123,31.441161699652753],[121.32916140007865,31.44194579965898],[121.32684230033192,31.441486800075836],[121.32648020000124,31.44237059982339],[121.32491810009026,31.44187310026342],[121.32394389959131,31.442362299980232],[121.32361000020137,31.4432352997693],[121.32327070038252,31.444836799878487],[121.32277269990027,31.44665770039262],[121.32168570013505,31.45032060041541],[121.3228715003196,31.45057770040063],[121.32272549988193,31.45086389974921],[121.32289039957232,31.451326799692083],[121.32273589964211,31.45196619968044],[121.32276340001101,31.45275150028158],[121.32230999960689,31.453653899807705],[121.32090670018408,31.45341279966101],[121.32031429966526,31.454997799908597],[121.31985559955638,31.456324100277072],[121.31965160004142,31.456925000288606],[121.31844169982469,31.457060799716203],[121.31703719980703,31.456692500358656],[121.31580180021297,31.456713399703688],[121.31553879977582,31.456677300017418],[121.3152969001319,31.456628299556428],[121.31502729957026,31.457271900278045],[121.31417960040824,31.458839000419573],[121.31601620038737,31.459205400408962],[121.31550129984521,31.460406999883162],[121.31458810036065,31.46015840028997],[121.31431799977588,31.46071959972977],[121.31388859957929,31.461310299630668],[121.31333479976126,31.461774300343734],[121.31329600031017,31.4622134995534],[121.31373320032696,31.46253669970895],[121.31434479957295,31.46262449962103],[121.31412490004413,31.463395599927026],[121.31499610028982,31.46361400028593],[121.31487949958932,31.464442700370398],[121.31339310011151,31.464136099901168],[121.31321459997389,31.465017799731697],[121.31309919986825,31.465462699743853],[121.31289389993356,31.465823700203657],[121.3128596996155,31.465940399829663],[121.31288999957383,31.466021099594116],[121.31299230015463,31.466093500414786],[121.31337279971501,31.46622850034504],[121.31346900019423,31.466317800326294],[121.31350960008808,31.466465499583194],[121.31347539976991,31.466560299818013],[121.3131824995728,31.466985199807198],[121.31277420016932,31.4675302995837],[121.31257760027609,31.467962400444492],[121.31261579987927,31.468011400006162],[121.31584040001451,31.46873299982815],[121.3159594001063,31.469209600043087],[121.31656030011777,31.470238699656306],[121.31650199976752,31.47062430017138],[121.31619109963958,31.47063260001454],[121.31610360010109,31.471030300008408],[121.3132140001261,31.470255200417228],[121.31303929962405,31.470474900296438],[121.31277849982791,31.470784800378283],[121.31234239968205,31.471164100243072],[121.31201749980778,31.47149949970219],[121.3118250997486,31.471710999563015],[121.31176530022844,31.471900699857486],[121.31179949964724,31.472064700225758],[121.3119363000203,31.472564299702697],[121.3119320003616,31.472735699692862],[121.31186790028346,31.47285240021813],[121.31171030039013,31.472970699738028],[121.30992749965446,31.473909100025026],[121.30975439994563,31.474009399614147],[121.30969020004272,31.47409139979834],[121.30966669985833,31.474197099816365],[121.30973079993657,31.474293800318662],[121.31136899957971,31.47547029971463],[121.31157459988799,31.47555539986189],[121.31206130038879,31.475501200420126],[121.31225779955787,31.475514100295527],[121.31248149962153,31.475607000262926],[121.31255710023004,31.475746200027174],[121.31261150022067,31.4760942997122],[121.3126810996531,31.476217999661003],[121.3128413003858,31.476295399812898],[121.3131798996327,31.476192199910145],[121.31359179992171,31.476086900090422],[121.31404969963398,31.476294799965103],[121.31416530028844,31.476404099969272],[121.31426220044023,31.476541400365363],[121.31438130035679,31.47664589978848],[121.31427710040793,31.476968199722705],[121.31422209967025,31.477599200043073],[121.31407669997975,31.47808689969071],[121.3136018003828,31.47880059986784],[121.31338340002401,31.479057699853],[121.31266449996679,31.47860209970719],[121.31244099955256,31.47861029972563],[121.31219819968726,31.479571399800307],[121.31288450021952,31.47999639961421],[121.31230620017107,31.480718299809723],[121.31201870040275,31.48110130038475],[121.31196700017699,31.481357599973308],[121.31201539989081,31.481487099649996],[121.31224799964548,31.481985799804875],[121.31228679999583,31.48218139965195],[121.3122287001944,31.482451500236607],[121.31213170021783,31.482702199746768],[121.31188680043556,31.483108400132608],[121.31176420035763,31.483169000049372],[121.31163169964327,31.483192400408996],[121.31151059963452,31.48317479977726],[121.31133919964441,31.483069599782254],[121.31059669957813,31.48246759989985],[121.3103065998697,31.48236819963273],[121.30996389971426,31.48229230044933],[121.30916429989259,31.482319500444646],[121.30891980030856,31.482374100084712],[121.30878049982027,31.48246180017202],[121.30868680035564,31.482586500166917],[121.30848580007967,31.482995599967012],[121.3081118997444,31.483344199675116],[121.30775259990264,31.483703700065746],[121.30755049975585,31.48399570004159],[121.30745900003285,31.484222800441955],[121.30749380019881,31.484410100445814],[121.30760060008765,31.48473770008485],[121.30765579957551,31.485211900009233],[121.30763070039654,31.48545259995757],[121.30748760027257,31.485774499693434],[121.30693259985969,31.486636499874635],[121.30673890028004,31.486777500081587],[121.30611779969672,31.486890300247182],[121.30597139996019,31.48705340039419],[121.30590519996508,31.487289000287205],[121.30590519996508,31.487482400392537],[121.30608470014886,31.488263799734625],[121.30603750013063,31.488563899904136],[121.30572810007186,31.489188200275294],[121.3056548997539,31.48967360035641],[121.305399799861,31.489643400222803],[121.3050408003927,31.48949029963768],[121.3048330003428,31.489468199697683],[121.30468189984981,31.489521700366254],[121.30437719964812,31.490048200364186],[121.30415279991189,31.490473200178087],[121.30408159968613,31.490745100306185],[121.30411970036391,31.490861899756908],[121.30421420022526,31.49102699999611],[121.30431330011879,31.491097399825208],[121.30596660027845,31.491650900168963],[121.30479179970189,31.49450700039779],[121.30375419969664,31.4944344997524],[121.30249589976597,31.49463280026356],[121.30224739999755,31.494712400157198],[121.30203130010443,31.49489450028102],[121.30149920002816,31.494460400227354],[121.30127080010743,31.49477259987566],[121.30155259997252,31.494963200391453],[121.30130000019494,31.4955638000294],[121.30115909981271,31.495820599641036],[121.3007849998279,31.496085899644584],[121.30031270017105,31.49646449983686],[121.30014729955826,31.496734300047933],[121.29985450008519,31.497940600278525],[121.29960410004924,31.49806950010742],[121.29925929997682,31.49824869991761],[121.29892629990889,31.49848029962618],[121.29869720031559,31.49888509976762],[121.29858149983636,31.499019999873155],[121.29836890010472,31.499050200006764],[121.29768869967381,31.498840800062908],[121.2973857000901,31.498786499897108],[121.29648069972461,31.49877240032606],[121.2958669996624,31.496800000020016],[121.29525009981228,31.496143100124016],[121.29284580009369,31.495800999816367],[121.29286289980303,31.495548499863446],[121.29381570003454,31.495291399878226],[121.29380709981785,31.493259600250383],[121.29258569997012,31.49289049959691],[121.28844159970015,31.491763800159276],[121.28652970038547,31.4934105001945],[121.2851392999388,31.492049200010626],[121.28525620011362,31.49072360021404],[121.2798230997563,31.492376699824888],[121.2795183995546,31.491589900053896],[121.27832860008493,31.491881800204965],[121.27737799959505,31.491535000040244],[121.27664740025739,31.49263839984235],[121.27554119996648,31.492156200448335],[121.27586630038957,31.490444500113654],[121.27304789974085,31.48936499979493],[121.27371630016717,31.488365000444446],[121.27228930001127,31.487787900091575],[121.2722003004036,31.48735770039758],[121.27039889988941,31.486752900026374],[121.27009099989982,31.487084999872877],[121.26803960044731,31.486491200008913],[121.26706980033111,31.48722500003379],[121.26579839997623,31.486974299624308],[121.26587620032649,31.488795999635727],[121.26443149971396,31.488574500213076],[121.26330740021638,31.485518600303237],[121.26266450006665,31.485356699851877],[121.26048550030566,31.48480230018606],[121.25954559994955,31.483795000139196],[121.25737840019303,31.482798599875537],[121.25700830039284,31.480836899703206],[121.25181070010376,31.47976269998867],[121.25000020024913,31.47947399962544],[121.24998730037373,31.480032199826212],[121.25027909980065,31.480209199894716],[121.25029310044624,31.481710699888936],[121.25071579979442,31.48205380024274],[121.25084449997371,31.484190200017792],[121.25122860041961,31.484882800301023],[121.25031780032634,31.485333900239368],[121.24919770011388,31.484392399989304],[121.24908930033098,31.483816900429645],[121.24859039962735,31.48368150030103],[121.2490109999577,31.4831325001648],[121.24908289985603,31.481886400437077],[121.24861940006531,31.48185160027117],[121.2462633004111,31.481541399815796],[121.24639849999085,31.480864300247333],[121.24579450001625,31.48074360043688],[121.24556059984184,31.479876199826833],[121.24468729967919,31.47917159988947],[121.24320240027066,31.47868300002051],[121.24275610001405,31.478897099821324],[121.24194930022009,31.479840500338867],[121.24162629971397,31.480946699730453],[121.24118639993242,31.481620999709435],[121.24220459976254,31.481859800289612],[121.24194930022009,31.48321849963412],[121.24387940001441,31.48335399958745],[121.24379460024068,31.483875500254157],[121.24180550042354,31.4838133004435],[121.24166069968157,31.48351590003881],[121.23997620024147,31.483275299915192],[121.23985279976694,31.48499899990395],[121.23919730011539,31.48686270005362],[121.23874989998797,31.487874600132727],[121.23913830009258,31.48906670006818],[121.23897739968731,31.48968789957695],[121.23803869992616,31.491937899914205],[121.23653130037928,31.49236470017081],[121.23709409971298,31.495744999931844],[121.2369632996166,31.495679799982838],[121.2329479004253,31.49367980038255],[121.23011709992431,31.495335699582938],[121.23096250041908,31.490219800003842],[121.2306379998439,31.489427499979172],[121.22840319984789,31.489735800167068],[121.22414060040842,31.48440920022449],[121.22507830012353,31.482235299619447],[121.22402280001222,31.478984399710328],[121.21719710036598,31.47688349977375],[121.2160148003428,31.47813979961211],[121.21457180034838,31.477707900199505],[121.20857949974413,31.477895600401666],[121.21057509986099,31.48060029976409],[121.2094527999069,31.481343200028732],[121.19808560037018,31.474057999876834],[121.19842840035051,31.47222060040042],[121.19756039989261,31.471653700158186],[121.19248949969074,31.470065099924454],[121.19056690024229,31.46995939990643],[121.18876279996334,31.46916009955902],[121.18785349993914,31.468069300158106],[121.1847340997989,31.465558300375335],[121.18507479986215,31.464391900365968],[121.18100420028372,31.462579000220728],[121.18149130008351,31.46158879988326],[121.18043909958487,31.45922180044579],[121.1803197001941,31.458953100105532],[121.1810171999839,31.45715819989107],[121.1811177999466,31.456899500011957],[121.18122199989546,31.456631299694777],[121.17911470038314,31.45536090028537],[121.17672240031857,31.45391859996346],[121.17629760015416,31.453770399784162],[121.17457929969498,31.453170900017085],[121.17223879968094,31.452354400135505],[121.1692325999046,31.451305599973523],[121.16517070036764,31.452034299943023],[121.16483000030428,31.452095399882865],[121.16442710043043,31.45216769997944],[121.16426949963773,31.45195470004944],[121.16319219996012,31.450498300156482],[121.1614326997593,31.452235499868493],[121.15781709957957,31.450240200125165],[121.15637830031835,31.451794299667256],[121.14281069985395,31.44590950042317],[121.14290779965529,31.444758500404532],[121.14205539973693,31.443419800183676],[121.1427623999648,31.44176070029613],[121.14236970020158,31.44122340033971],[121.14318939987095,31.440242200417288],[121.14190730028179,31.439487000124984],[121.14293399960445,31.438010500384337],[121.14623320030205,31.43610919957996],[121.15027469961774,31.434811100152217],[121.15329170025177,31.434312200347847],[121.15604680031959,31.434168500376018],[121.15818289972106,31.434456900365717],[121.15884379980162,31.43119700004155],[121.15954660019554,31.431317799676776],[121.15979330042057,31.433208199798628],[121.15987169971925,31.429171000141594],[121.15835030042604,31.429059399671587],[121.14275700043527,31.42373839980735],[121.14346509963468,31.422531800102547],[121.14155969972046,31.421977000238428],[121.14200170031825,31.420914900002685],[121.14424830031885,31.42108889993284],[121.1436711001412,31.41791550000039],[121.14524400001062,31.417074999911392],[121.15081870042275,31.41682779966328],[121.15152679962216,31.415075299785315],[121.14971569991962,31.41405530041186],[121.15099149975799,31.412283000160357],[121.1527326996544,31.413685400261045],[121.15351800025553,31.41235769964817],[121.15334419997487,31.41063630012519],[121.15447510014587,31.40866399964392],[121.15397639999094,31.40813639977506],[121.15256960040676,31.40985980028961],[121.14862999967477,31.40754319975889],[121.1487437000618,31.40534090036232],[121.14603570018744,31.404407799780188],[121.14737469988256,31.401932600209363],[121.1467803001708,31.401546100372286],[121.1477234003147,31.40029160007731],[121.14735000000258,31.399968300097044],[121.14462279960253,31.400409699947772],[121.14235359963902,31.399331800422317],[121.14429229964992,31.39662850040503],[121.13834850038302,31.394237300211273],[121.13920360006614,31.3928735997369],[121.14092129977826,31.393459800329595],[121.14266260039881,31.390779999597328],[121.1429329995583,31.387296999956618],[121.13321690043972,31.38460879955653],[121.13393359985582,31.38275960007553],[121.12763690032273,31.380474300448668],[121.12461350011301,31.37970949989358],[121.12044100015214,31.377611000247498],[121.11862040001154,31.38027830040329],[121.10894830022391,31.376090500276405],[121.1104235004442,31.37323340000148],[121.11180219981168,31.373476199866786],[121.11242660000767,31.372412700285963],[121.11423979962706,31.372731500058705],[121.11605719997988,31.370406599684884],[121.11258219980868,31.369692000185694],[121.10859849992084,31.369118599643684],[121.10855029985646,31.36718659958194],[121.10418899982255,31.366581100437486],[121.10410060006268,31.368611900019232],[121.10235759972352,31.368487399673825],[121.10323950010286,31.364270699832957],[121.10333180022246,31.359327200290124],[121.102590400027,31.35901749985777],[121.10284359965249,31.358077600400975],[121.10237260041526,31.357037699929947],[121.10375770025769,31.35569000019342],[121.10284249978156,31.35503220007604],[121.10366109958011,31.35280850041204],[121.10622529965792,31.35394649983118],[121.10711900004185,31.352476799864462],[121.11242660000767,31.354153500383802],[121.11504339963324,31.349839000169766],[121.11235689985108,31.349264499756885],[121.11318939957118,31.345340999587506],[121.120036600209,31.34509180014652],[121.12544709970393,31.346192299634993],[121.12596550040757,31.338319000421563],[121.1251553002769,31.33744129987616],[121.12621960025444,31.334459399781508],[121.12743730029126,31.33430730014186],[121.12790289999884,31.332812599921624],[121.12882130026287,31.33203550023819],[121.12829449989135,31.33096140034837],[121.12683650010445,31.330517899681354],[121.12732250003342,31.32938240037754],[121.12836110008482,31.329312800045727],[121.12884059971395,31.32801409987087],[121.12792330022023,31.327501800168022],[121.12688370012268,31.327785899599633],[121.1263355003831,31.32490000033482],[121.12642130020288,31.324229099793172],[121.12535040010096,31.323695399822896],[121.1246038000254,31.324046700195083],[121.12392249972368,31.322968000273022],[121.12446860044565,31.322194399851696],[121.12339630009922,31.321598199697235],[121.12228099956849,31.321552899946425],[121.12232180001115,31.320681699700742],[121.1219360996713,31.32048190001973],[121.1223781002692,31.31970469961226],[121.12228260036181,31.318768400141607],[121.12325629993836,31.31891920026095],[121.1234611996747,31.317751999854977],[121.12317310005858,31.316988499719514],[121.12369559987212,31.316575999582767],[121.12356799956365,31.31562370027359],[121.12318919972188,31.315452699582465],[121.12350999958687,31.313613999686368],[121.12459519980871,31.31308239963306],[121.12403200027666,31.312253800272742],[121.12484039996457,31.311636900422684],[121.12458239975797,31.310749599614383],[121.12498419976112,31.310462300394875],[121.12439780041825,31.309350400200856],[121.12447399997518,31.3079827004413],[121.12524329983853,31.306183300019313],[121.12485169994602,31.305355599981],[121.1252576997831,31.30479550041207],[121.12529419966768,31.30436739973578],[121.12880740034132,31.304195499722596],[121.13219390002848,31.30465150006671],[121.13487510010589,31.305094800184918],[121.13490619956156,31.30662059986082],[121.13411820009492,31.30755919979731],[121.13538150025613,31.30873760036002],[121.13673120008491,31.309644599918386],[121.13917790014,31.31133759975046],[121.1470586996993,31.301054399840723],[121.14403270044886,31.299476700289517],[121.14460340032667,31.298832700268974],[121.14530300003344,31.298989399940922],[121.14580129999001,31.297913200134133],[121.1469064004101,31.298233599800824],[121.14723850025666,31.29743509985002],[121.14645259980773,31.297145799638997],[121.1466510001436,31.29385870021889],[121.1474557000206,31.293912399637577],[121.14766979982141,31.29348470005891],[121.1479556996959,31.293503000363216],[121.1482302995887,31.292123700248624],[121.15005959977077,31.292266300349524],[121.15024040037429,31.290803900179924],[121.15199779975876,31.290768199792637],[121.15212919970281,31.289149000126315],[121.15417199983801,31.28912890027857],[121.15421380032672,31.28965879971389],[121.15455279977198,31.289744100409962],[121.15567880043636,31.288222100369694],[121.15678339993406,31.285228599920003],[121.15766149977844,31.284092999892096],[121.15581509988704,31.283652500262747],[121.1555924996942,31.284230099739375],[121.15525290040114,31.284148499753485],[121.15545610041875,31.283566800267693],[121.15128430013044,31.28257140005013],[121.15093130003947,31.28038730023377],[121.14927260035029,31.278860200138183],[121.14932739963979,31.276192300134596],[121.1483054001742,31.273078699722248],[121.14762090008458,31.271337700374602],[121.1472223996941,31.269637600395015],[121.14822769964871,31.2692488000921],[121.14812790008261,31.268997900033128],[121.15068509983757,31.26819189973645],[121.1516960996953,31.269980100001646],[121.15108529994666,31.270454200101312],[121.15256689974274,31.272777899880225],[121.15407649993062,31.272288700163415],[121.15650169989362,31.269754999693532],[121.15826070007131,31.270896699822913],[121.16385310004057,31.264937700214716],[121.16340679978407,31.264426899681723],[121.16358489972345,31.26152520022788],[121.16576610012544,31.261478400407896],[121.16561589985395,31.260029400136773],[121.1634250002636,31.25962950040116],[121.16388530026643,31.25896550035759],[121.16411170009496,31.258016300112217],[121.16558159971112,31.2586630997223],[121.16654390038082,31.257019300000763],[121.16729709968149,31.257256899985975],[121.16915209978959,31.259278200028973],[121.17138579991479,31.257601700058444],[121.17212510019328,31.25793279985885],[121.17695199993489,31.256431399689404],[121.17954399985581,31.254082599832145],[121.1839170998943,31.25713760041998],[121.18466060000674,31.25691929988585],[121.18516169955285,31.25721739996311],[121.1864351998247,31.256859700015184],[121.18788680003581,31.257047800415705],[121.18860880005616,31.254516400411603],[121.18914529961592,31.253247000148974],[121.1910946997607,31.254374199609686],[121.19049279970295,31.25581780035128],[121.19247769968615,31.25693040021787],[121.19320720005226,31.256004899806328],[121.19557940026914,31.257054199991387],[121.19690550008886,31.25662679988693],[121.19848900026716,31.257189899594266],[121.19872939984202,31.259611200096856],[121.19974859971819,31.260549399834986],[121.20208320017957,31.26223960007752],[121.20382979960561,31.260327400389258],[121.20451760020717,31.260509899812064],[121.20305839982541,31.262909999696774],[121.2046301998239,31.263504299583815],[121.20844270027044,31.262583099730307],[121.20876779979415,31.26178009957198],[121.20795510044763,31.261605899992333],[121.20988840002974,31.257448499648604],[121.20946459991137,31.25722019955259],[121.20997850040749,31.256425000113722],[121.21235600032924,31.257402699874774],[121.21308189980994,31.25541929996075],[121.21409839992123,31.255500999771357],[121.21366549956326,31.259814800312824],[121.21984290042963,31.26177200027763],[121.21922789994767,31.263847300112843],[121.22047239978144,31.263989400190724],[121.22084899988147,31.26301269957645],[121.22460520006996,31.263712499832025],[121.22452360008413,31.264636900372693],[121.22603220022597,31.264460000128963],[121.22912679976207,31.264587999736477],[121.23351920015102,31.264118700217864],[121.23656389990413,31.261814700088394],[121.23781180007461,31.261345399670518],[121.2419725000309,31.261873999585475],[121.2420008997218,31.260619099991516],[121.2465242000319,31.260472300056676],[121.24639759976947,31.26206989980608],[121.2502921004002,31.261562799983267],[121.25384280010519,31.260778199954018],[121.2551688999248,31.260367000236897],[121.25689679974755,31.2609042003686],[121.25838570023996,31.261328499610613],[121.25953539983891,31.261317599827407],[121.26002050044576,31.261014500418923],[121.25992739992967,31.260495099669185],[121.25999650023834,31.258688699823665],[121.26246280011821,31.257248299769287],[121.26329970022107,31.256659299587056],[121.26248880041783,31.254052899721614],[121.26258199985944,31.253904700441637],[121.26300370006072,31.25378070011925],[121.26316470029076,31.254200599877834],[121.2632115999354,31.2541718998134],[121.26338120038213,31.254773100198463],[121.26380720024213,31.25630890033551],[121.26670059985281,31.254443899766216],[121.26746600025581,31.254065599947523],[121.26942809972707,31.255094599736026],[121.27074040034927,31.255224299961526],[121.27085390018738,31.2552193995557],[121.27103660015905,31.255179600058568],[121.27355889992339,31.25427890025111],[121.2745191996014,31.254022599763232],[121.27557290016932,31.253899899860528],[121.27660430024832,31.253871299620812],[121.27806020011815,31.254108799781363],[121.27880160031361,31.254114800058005],[121.27924910026582,31.254021599717078],[121.27981680000539,31.25378969963498],[121.27887069972303,31.25200689979863],[121.27703409974401,31.249897799843666],[121.27916590038603,31.24736129978419],[121.28066640033421,31.24645289998142],[121.28225580006517,31.246040399844617],[121.2828485998831,31.24518980036902],[121.28303420016823,31.24273149995878],[121.28382819991157,31.240625400142164],[121.28764709993379,31.23505800042642],[121.28940019965955,31.234242999714695],[121.29135390036231,31.233564900100134],[121.29325689998598,31.232764700430607],[121.29527130043027,31.23265719996988],[121.29804870008752,31.232684200315646],[121.30115299971123,31.231706399830557],[121.30179270007307,31.23153249972512],[121.3034742002742,31.231236999587907],[121.30552780036771,31.230805100175303],[121.30613660002416,31.230553700093253],[121.30844849979849,31.229296199659927],[121.31075159970658,31.22901460034359],[121.3131549002785,31.22930810038855],[121.31485050005062,31.230159400436037],[121.31641639959719,31.231069599782245],[121.31778970033452,31.231363099827263],[121.31804740016742,31.23140690040816],[121.31880869966187,31.231494899969732],[121.3205363000103,31.231506100126467],[121.32166219995065,31.231542400361548],[121.32436340005097,31.232106400290206],[121.32938560016532,31.2338528000667],[121.33010300015337,31.23440499999083],[121.33014929995034,31.23532619984428],[121.3297173996383,31.236963500165473],[121.330121599932,31.237536399785085],[121.33135100014863,31.238261700317253],[121.33306759998982,31.238848800232006],[121.33389100036948,31.23956730009087]]]}},{"type":"Feature","properties":{"district":"奉贤区","district_en":"Fengxian District","source_shape_id":"62558664B92208349849242"},"geometry":{"type":"Polygon","coordinates":[[[121.35523649996458,30.980176100446727],[121.35614949979959,30.97634050001409],[121.3567032996176,30.973711099987327],[121.35672250014329,30.972099999615352],[121.3564711000613,30.970225600231345],[121.35616129980417,30.96830099979138],[121.3562139002513,30.967063000257326],[121.35671079996348,30.9656996999812],[121.35761680037513,30.9630081999685],[121.3583415999849,30.96158469997397],[121.35859290024223,30.960612299917784],[121.35865140024202,30.959103500126503],[121.35865140024202,30.957674900076654],[121.35835330016471,30.95639669994779],[121.35835330016471,30.955830299728575],[121.358131199995,30.954522000190195],[121.3577160999181,30.95374999966282],[121.35775359984882,30.95336680033762],[121.35831349976831,30.95273220003105],[121.35838150020618,30.952522999736686],[121.35821749983779,30.95166199960164],[121.3579614997235,30.950982899940925],[121.35800149976944,30.950780500319865],[121.35854549967519,30.950163100446787],[121.35888950025026,30.95001900027671],[121.35934139968595,30.95001900027671],[121.36018139975181,30.950173299658104],[121.36044530041033,30.95015960028536],[121.36078129971725,30.949943500392294],[121.3609212998781,30.949473600126623],[121.36105729985456,30.94898309999013],[121.36017340028229,30.94797799968501],[121.36016940009779,30.947569800106237],[121.35997340005247,30.94735029987646],[121.35925740030882,30.947031299554908],[121.35872149969748,30.947000399748674],[121.35823349967632,30.947048400163567],[121.35742560001154,30.947339999941107],[121.3571336000357,30.947315999733632],[121.35688959957542,30.94722679957721],[121.35648969983981,30.946286900120413],[121.3565616995628,30.94604680001987],[121.35721760031208,30.945100000064997],[121.35726559982766,30.94490790037935],[121.35722559978171,30.944516799610653],[121.35716959989713,30.944235499768524],[121.35720959994319,30.942911400041112],[121.3578335999407,30.94126479983072],[121.35788230002822,30.93996709970196],[121.35794559970975,30.939206400055355],[121.35788160035565,30.938554600214673],[121.35803350034587,30.9376900999182],[121.35808020034108,30.93665829964084],[121.35763340006145,30.936638900364983],[121.35727139955554,30.93685240031806],[121.35698859964418,30.936949400294623],[121.35637200016777,30.936789300286023],[121.35552919961299,30.93680869956188],[121.35503139967943,30.93696879957048],[121.35434700031385,30.93664859955328],[121.3539340999788,30.93654670007021],[121.35380239966105,30.93638150000629],[121.35367959993368,30.936061499638527],[121.35332320040538,30.93585779959784],[121.35297819978416,30.935542400161694],[121.35259350038984,30.93550359981134],[121.35238990017376,30.935726799851977],[121.35215230018855,30.93582379982854],[121.35163190029198,30.93580930005919],[121.35092490006411,30.93587230026651],[121.3502506999099,30.935530699981882],[121.35024609987772,30.93536769965965],[121.3503536003384,30.935260999595528],[121.35038750028298,30.935129999849664],[121.35039320018609,30.934751600206255],[121.35047799995982,30.93463029964869],[121.35100969983785,30.93432949980661],[121.35108259978222,30.934117300273215],[121.35104929968554,30.933883099725335],[121.35080499975095,30.933437300391176],[121.35086099963553,30.93284039966477],[121.34931710020408,30.93279919992318],[121.34926509960474,30.933018799977674],[121.34942909997301,30.93345449992529],[121.34937710027305,30.9335780002246],[121.34924909976621,30.93360539986935],[121.34921080033826,30.933540899592913],[121.34898510018229,30.93344419998988],[121.34878119959274,30.933451099588638],[121.34846120012435,30.93324860014286],[121.34815719959511,30.933190299792557],[121.34753330032163,30.932895299678364],[121.3467333003016,30.932679099960524],[121.34701329972404,30.93193459980199],[121.34762930025204,30.93075789985727],[121.34791720021872,30.930229499591803],[121.34767729976761,30.929865800266498],[121.34766310037185,30.929591900046205],[121.34768589998441,30.92943420032816],[121.34762649976324,30.928822799832403],[121.34759259981865,30.928148400028704],[121.34755650013244,30.925935500323135],[121.34760460037205,30.925804399853234],[121.34772620040394,30.925768099618153],[121.3480147002183,30.925768099618153],[121.34837099992183,30.925666200135083],[121.34852380013331,30.92559819969722],[121.34850399975983,30.9253046996522],[121.34878679967107,30.925016000188293],[121.34902150024209,30.924705400433936],[121.34916580006166,30.924241999568665],[121.34922229996926,30.92414980017321],[121.35009350021494,30.92385520025732],[121.35075800028153,30.923383100249907],[121.35084849995837,30.923062900232708],[121.35120769997548,30.921810999877778],[121.35123549981847,30.921480800298752],[121.35104929968554,30.920733700200174],[121.35115549972659,30.920327900012637],[121.35111720029863,30.919598199996983],[121.35099550044208,30.919202500095366],[121.35073259982971,30.918734500097173],[121.35011560015494,30.918063300081258],[121.34754010009556,30.91623530031893],[121.34707670012972,30.91564210030276],[121.34751759995731,30.915074200014374],[121.34793239966052,30.914539900196303],[121.34865920026198,30.91395230025853],[121.34926199964161,30.913464999909877],[121.3507329002033,30.91214080035769],[121.35189260026334,30.91077230020153],[121.35233619985581,30.909958099886467],[121.35255169990114,30.908949399595144],[121.35297859998252,30.906681099852904],[121.35368369994285,30.903043700106707],[121.35426800026801,30.902155699625894],[121.35574719977353,30.900271100131192],[121.3562724002511,30.89868890037252],[121.35662409992233,30.895299700021212],[121.35800380023522,30.89165350040878],[121.35882900015827,30.888690399742188],[121.35950380016027,30.889022200114482],[121.36004449955408,30.889086099643862],[121.36141530017608,30.889031699653287],[121.36298429968576,30.888300399743684],[121.36429639975916,30.8871164000019],[121.36617659977037,30.885700199804432],[121.36687320023805,30.885572499671184],[121.36834760006172,30.885822100209793],[121.36859099977494,30.884852800116676],[121.36912529959295,30.88467859963771],[121.36957750030149,30.884301799888192],[121.370304499653,30.88328400025648],[121.37093569962292,30.88277500016619],[121.37166260004904,30.882553400019447],[121.37330450040247,30.8818635004003],[121.3775989996941,30.88102629992386],[121.37682070031508,30.87842309984626],[121.37710770006038,30.87773349970132],[121.37802589977548,30.87671560024478],[121.37808329990446,30.87610810010881],[121.37768149990131,30.873891600417096],[121.37819800033753,30.871412399762505],[121.37743290030812,30.869983900436694],[121.37722239959407,30.869163000172364],[121.37750940023864,30.86821060013915],[121.37737550017926,30.86571479979824],[121.37921310020442,30.865605399969297],[121.37937539995482,30.86545450002518],[121.37891550015024,30.86482749988926],[121.37886139963393,30.86416569958743],[121.37922659992773,30.86338769968262],[121.37918600003388,30.862691100114205],[121.37880730001689,30.861355800230058],[121.37970000035477,30.86012499976897],[121.37978120014236,30.85904510015132],[121.3796864997322,30.85753559978815],[121.37924009965093,30.8556894004455],[121.37913190041695,30.85344819997448],[121.37936190023163,30.85205480028884],[121.37994349989265,30.85064970042339],[121.38034930008018,30.849860000338822],[121.38028169984068,30.847293599620002],[121.38037630042595,30.846538699701284],[121.38078209971422,30.84526129996908],[121.37480500035053,30.845144899817342],[121.37479540008769,30.843609300229048],[121.37506320020657,30.841950499815766],[121.3751588997635,30.841687699927434],[121.37573280032848,30.841055300261928],[121.3761536003085,30.839913799782096],[121.37670840017256,30.839059799969846],[121.37675450031998,30.838640099860754],[121.3765919001961,30.838475899842933],[121.3758362997055,30.8381638000194],[121.3761711002162,30.837547900215498],[121.37748699992517,30.837919400260148],[121.3780754002596,30.83739679972257],[121.37858939968112,30.83783809974858],[121.37983379969012,30.837077400101975],[121.3794955997422,30.836537299656698],[121.37901550026515,30.83603789982925],[121.37968239972304,30.83592840017559],[121.37995019984191,30.83584630016668],[121.38022760022363,30.835887400083493],[121.38039969988631,30.83627339989755],[121.38055269974734,30.836371899943288],[121.3808778999952,30.836371899943288],[121.38094490038691,30.83531250037163],[121.38105010038191,30.835016799685604],[121.38270479988671,30.835024999704046],[121.3835943004367,30.834959299731963],[121.38338390044669,30.833760300197753],[121.38338390044669,30.832782999735684],[121.3835177996068,30.832249100115916],[121.38347950017885,30.831928800273943],[121.3835177996068,30.831715300320923],[121.38449340035015,30.831969900190813],[121.38742010005762,30.832052000199724],[121.38776059957206,30.829340000140917],[121.38989769991895,30.83007180007354],[121.39177789993016,30.830269200363375],[121.39258950030523,30.830141500230127],[121.3921160998782,30.831035799562528],[121.39268460001438,30.834164399767303],[121.39321059998929,30.835437300191302],[121.39434879995724,30.835593400015455],[121.39465490040334,30.836151799865718],[121.39501830025438,30.8362174998378],[121.39622349971478,30.83597119981107],[121.39652950033621,30.835708399922794],[121.39794929962056,30.835262700413352],[121.3979763997911,30.835982800166164],[121.39987010042489,30.83597119981107],[121.39919380035371,30.832045499899948],[121.39721889993234,30.83226610000054],[121.39543340033117,30.8315575997035],[121.39573100038547,30.83036129993411],[121.3968130997448,30.83044260044568],[121.39720540020915,30.828514499844346],[121.39828749956848,30.828770099760334],[121.39861209996855,30.827376200051617],[121.39965370015818,30.826249499714663],[121.40068169990059,30.82534350020245],[121.40084399965087,30.824844100375003],[121.4016207998601,30.824851699646274],[121.40162840003075,30.824538599776588],[121.40260819970877,30.824486400427077],[121.40269930013267,30.824714699623712],[121.4054913002833,30.82400949983861],[121.40768930002127,30.823234199698618],[121.40800830034289,30.82369070006581],[121.40838050006005,30.82376250013931],[121.40844879997223,30.824401599754083],[121.40943619982079,30.824264699556295],[121.40929919979828,30.82281350044275],[121.40954089979277,30.82268900009734],[121.41088360019808,30.822398400365955],[121.41084600044258,30.822153999707382],[121.41099099993471,30.82217709969342],[121.41103390029434,30.82232470002492],[121.41110609966688,30.822326200094096],[121.41086210010587,30.820894900279484],[121.41117889978648,30.8207888000631],[121.41130249991045,30.820618199570333],[121.41089430033173,30.818219900128327],[121.41096949984262,30.818136899898036],[121.41138300002547,30.818063099732342],[121.41440659988473,30.81810459984746],[121.41511550038013,30.81820140017453],[121.41564189965402,30.820083200079694],[121.41594569963445,30.821746399976405],[121.41682669979241,30.82162250037817],[121.42376099977037,30.820272299626993],[121.42394929982038,30.820901799878186],[121.42432150043692,30.820911499965803],[121.42472400011263,30.820817000104512],[121.4247733998726,30.820709299994235],[121.42502780009295,30.820647399657844],[121.42501259975177,30.820393000336765],[121.42572279976741,30.820285400051205],[121.42578730004391,30.820503900234883],[121.42606459970159,30.820497399935107],[121.42619370007924,30.820976799739583],[121.42666840002676,30.82094740000258],[121.42693040041775,30.821038700075974],[121.42724179966933,30.82087890044096],[121.42828229998827,30.82075170033073],[121.42926969983682,30.82066700038183],[121.42952030042159,30.819323299930375],[121.43004440012908,30.81918629990787],[121.43026469985602,30.819323299930375],[121.43038620006314,30.820301700263315],[121.43072039982667,30.820301700263315],[121.43075829995564,30.820412600161433],[121.4323608999357,30.82038650003699],[121.43299229955505,30.81880330023216],[121.43348970018963,30.817661600102838],[121.43390099973146,30.816330900250875],[121.43461829989474,30.81490979964758],[121.43564169960484,30.812256500137437],[121.43698669957655,30.809064399702322],[121.43717139964042,30.8085027002395],[121.43735130002256,30.807955499646653],[121.43891590004876,30.808894800154974],[121.44070930019416,30.807264000133557],[121.44101970029897,30.807250899709288],[121.4423185002986,30.80774669955059],[121.44509070007587,30.803238999780092],[121.445379299715,30.803238999780092],[121.45060500022066,30.794890700245674],[121.45023979992686,30.794641599730085],[121.45571770001186,30.78590349984671],[121.45841990015833,30.781607799960057],[121.45853671309885,30.781413490640148],[121.47477329994786,30.787653600333442],[121.47488600028873,30.787894099732966],[121.48709539963306,30.794437799864625],[121.48447750013656,30.802768899864873],[121.48426300013739,30.80306380015429],[121.48366210012591,30.804925299662898],[121.48449259975371,30.80520820029824],[121.48482990037962,30.80612999999954],[121.48482990037962,30.806390100123053],[121.4851200999127,30.80690999999655],[121.48510000006502,30.80768000043173],[121.48495000034234,30.807940099655923],[121.48436009993873,30.807930000269323],[121.48449989955077,30.80818989984408],[121.48448989998894,30.808699999805185],[121.48419000036824,30.808960099928697],[121.48419000036824,30.809209900116855],[121.48432999962984,30.809470000240367],[121.48374000030083,30.809450000217396],[121.4835701003799,30.810749900087842],[121.48325989992452,30.811260000049003],[121.48309999956541,30.812029999584865],[121.48339999991015,30.811899999885156],[121.48354999963283,30.811779999747216],[121.48369990043011,30.81164990022279],[121.48384999997756,30.811520100172515],[121.48415990005935,30.81101000021141],[121.48430999960681,30.81089000007347],[121.48446010005364,30.810759899649725],[121.48477999969725,30.80973010036388],[121.48508999960382,30.80871000026633],[121.48538990012389,30.807940099655923],[121.48570989959228,30.80717010012006],[121.485860000039,30.80705000015746],[121.48659909976868,30.806154199856508],[121.48989929961306,30.798256600062075],[121.4911974997649,30.79690190000275],[121.49232610036927,30.79720600035671],[121.49918030043057,30.800238800280454],[121.50985489968389,30.80496180044679],[121.51017890023616,30.805470500163494],[121.50976590007633,30.806228900243582],[121.50693880028541,30.811203900339763],[121.50475010043681,30.81484130008596],[121.50620710017756,30.814642700100592],[121.50670059955314,30.813693700403974],[121.50684760003674,30.813495100418606],[121.50710510022031,30.81341220001309],[121.50740549986403,30.81345820033573],[121.51079580008616,30.814444199939942],[121.51340350037128,30.81526009997367],[121.51364809978008,30.81527709985835],[121.51452039989658,30.815539700097133],[121.51447100013661,30.81573320002724],[121.51503910007443,30.815844299574792],[121.51526220029041,30.815314900162548],[121.51547360032646,30.815218599858554],[121.51575900017781,30.81522970019057],[121.51732269998263,30.81572769977356],[121.51742460036508,30.81589399970835],[121.5174047999916,30.816207800149925],[121.51732649961832,30.816426099784735],[121.51898299956588,30.81691130021636],[121.5189422000226,30.817130599897325],[121.52520789992468,30.819083900401722],[121.52535490040839,30.81926310021197],[121.5254300000945,30.81958559979563],[121.52548359968841,30.820322700332383],[121.52548199979447,30.82224419990996],[121.52584460014828,30.822331300149415],[121.52810140025952,30.8225786002223],[121.52856490005013,30.821248199844604],[121.53013989983663,30.812891100444006],[121.5306355998531,30.812292199625347],[121.53114740043225,30.81209039985214],[121.53191129986669,30.81217509980104],[121.53360429969871,30.81256030011781],[121.56998899999246,30.821500699797525],[121.59176959968738,30.826731100160202],[121.61397720018772,30.833033499596354],[121.61495349970426,30.83332560029629],[121.61525929977688,30.833517199958862],[121.61535159989648,30.834045000376534],[121.61493740004107,30.837184600189175],[121.61591700006954,30.837338400446868],[121.61701350027283,30.837479399754557],[121.61873759956063,30.83765250036265],[121.62284460009823,30.83891640037166],[121.62327369992136,30.838967099651995],[121.62379729960571,30.839038000403434],[121.62481999964336,30.83919010004314],[121.62630000044476,30.839469999640812],[121.6268999004102,30.839469999640812],[121.62748999956386,30.839480000101958],[121.62779700023145,30.83905279964705],[121.62868859979915,30.8388842001458],[121.64052499992886,30.840640994286503],[121.64873669963902,30.84185979959011],[121.65015539995181,30.84184250023128],[121.65433769982508,30.84228940033563],[121.65513779966977,30.842497200385537],[121.65547400042487,30.842797400379766],[121.65572949961677,30.843391999741073],[121.6573432997535,30.84405589995987],[121.65950600020176,30.84544419959019],[121.66256259978422,30.84575580029002],[121.66351070015878,30.845539300198595],[121.66389059987137,30.845467099926793],[121.66426710014662,30.84551039958535],[121.66461049997463,30.84566519988914],[121.66486729958626,30.845912199588383],[121.66516439961742,30.845902000377066],[121.66564359977235,30.845441300175935],[121.66670860032173,30.845318799922723],[121.66927600018732,30.845441300175935],[121.67052760016873,30.845776400160787],[121.67212510009335,30.84587430035873],[121.67533330019171,30.84636860013086],[121.67597880028143,30.846218499684085],[121.68620140027451,30.846814699838603],[121.7003983004413,30.847043300308087],[121.70114949964977,30.847459600080526],[121.70158700004004,30.8481944001515],[121.70261389991163,30.848700499928157],[121.70428749956852,30.849027100420415],[121.70479150032759,30.848920900379312],[121.70714969989876,30.8492883004148],[121.70760620026601,30.849174000180028],[121.71000239979094,30.849582199758743],[121.71803760035505,30.849843399753127],[121.71827530016503,30.849702600094986],[121.71838229970342,30.84971890030704],[121.71823489992073,30.849959799904866],[121.71821670034046,30.850099200217983],[121.72160839990784,30.84988470021881],[121.72270199979755,30.849941799974147],[121.72505069983004,30.84975409977193],[121.72692129957841,30.849812599771724],[121.72693480020098,30.850164699641255],[121.72888930040097,30.850351700170904],[121.73299710043591,30.84993529967437],[121.73622629970407,30.84997949955431],[121.73903009985929,30.848530600007223],[121.73951990032322,30.848367300210782],[121.73948179964543,30.848889800024324],[121.73980990020675,30.84931429981515],[121.74074600002791,30.849834400237455],[121.75238160043057,30.84951370019718],[121.7595101000112,30.850150400420716],[121.75955760040301,30.850926000034917],[121.76421601935385,30.851179335458028],[121.76404930033505,30.8579531001555],[121.7635429001848,30.866101900382432],[121.7661527003869,30.874359100392212],[121.76713540037849,30.87746790022345],[121.76756369980501,30.877403700320542],[121.76748209981906,30.877567099941757],[121.76767929956009,30.87781800000073],[121.7684816000459,30.88107070035261],[121.76860399957502,30.881916799620683],[121.76878070016926,30.88230190011268],[121.77226870004051,30.8826694997976],[121.77182980030511,30.887663900068958],[121.77147149961013,30.888319500444652],[121.77293489982583,30.892073199618494],[121.77397459974804,30.895727500323915],[121.77420999999151,30.89664329974852],[121.77317940030912,30.896737599960318],[121.77334680011484,30.897397499994668],[121.77436700003705,30.897267299746147],[121.77446120042407,30.898124799719767],[121.77419960023144,30.89818319989479],[121.7744244999908,30.90151869992809],[121.77391180008954,30.901572599895644],[121.77360840030747,30.902798099752545],[121.77363980013672,30.902883400448616],[121.77433040032781,30.903040500318866],[121.77398510023227,30.90387099994672],[121.77378099999316,30.904589300156147],[121.77336249957978,30.906061699887573],[121.77363450043197,30.906357899697355],[121.77439310016155,30.90825670038646],[121.77445069993996,30.908696699992788],[121.77452919996267,30.911856799851478],[121.77502620039888,30.912808400387405],[121.77542379966872,30.913311099827467],[121.77599410024754,30.914464699786095],[121.77603589983698,30.914760899595876],[121.77656439992722,30.91654730031769],[121.77683639988004,30.918055500261175],[121.77637600005244,30.920416299772455],[121.77557030012929,30.923324700074886],[121.77535060025002,30.9247789002261],[121.77326830009201,30.924864100198135],[121.77332060016568,30.925452100334212],[121.77466000005904,30.92533990001641],[121.77463380010988,30.92502570027591],[121.77522500003374,30.92511999958839],[121.77480649962035,30.926156700271576],[121.77355600040914,30.926165699787248],[121.7735822003583,30.9265472002931],[121.77453439984276,30.926641399780806],[121.7740007996972,30.927750000362266],[121.77336249957978,30.928831499873866],[121.77335719987491,30.929015500265166],[121.77390129960531,30.929500199774452],[121.77355079962979,30.92972010020253],[121.77325779960779,30.93007019997981],[121.77313230011566,30.930451699586342],[121.77325259972781,30.93065810029117],[121.7732055004335,30.931035099690178],[121.77342000043268,30.93124599970315],[121.7736711001412,30.931362700228476],[121.77449780013342,30.931362700228476],[121.7744872996492,30.932089699580047],[121.77429899959918,30.932314100215592],[121.77356649999399,30.932390399597296],[121.77331009968145,30.931780099871787],[121.77309559968228,30.93180700039278],[121.77322639977854,30.93246219967085],[121.7730642996778,30.93260579981785],[121.77334150040997,30.932951400286925],[121.77251490024253,30.933216100442735],[121.77246780004896,30.933548200289238],[121.77215389978267,30.933669400122767],[121.77181910017134,30.93370079995202],[121.77139530005309,30.933494400146515],[121.77099769988399,30.93370980036707],[121.77047970027797,30.933570700427538],[121.76962170028128,30.933628999878465],[121.76917699991873,30.933570700427538],[121.76900430040826,30.933803999854774],[121.76867469977765,30.933920700380042],[121.7687060996069,30.934216900189824],[121.76860150035907,30.934284200055856],[121.76877939974952,30.93458940028063],[121.76868520026187,30.934647699731613],[121.76875319980036,30.93523109983545],[121.76838169975565,30.9352445995587],[121.76839220023987,30.93597149998476],[121.76783240014527,30.936061299989035],[121.76767020021964,30.93588179980526],[121.76752369975895,30.935841399561014],[121.76686450029649,30.936101700233337],[121.76675990014928,30.93651010036092],[121.76660290010386,30.9366536996086],[121.76636229998019,30.936761399718876],[121.76634659961599,30.936985699630384],[121.76557750030145,30.93722359998918],[121.76489729987054,30.93765440043029],[121.76486590004129,30.937833899714747],[121.7653420002332,30.93859670017764],[121.76527399979534,30.93866850025114],[121.764457900112,30.938659599660866],[121.76441079991855,30.938556399758113],[121.76390849977747,30.938816599706342],[121.76387190006824,30.938933300231668],[121.76395559997104,30.9392922996999],[121.76435320014014,30.93936859998098],[121.76430090006659,30.93974999976274],[121.76375680033618,30.939884600394066],[121.76369919965839,30.940010300435063],[121.76374629985196,30.940153899682798],[121.76346080017584,30.940412300087644],[121.76304279978547,30.939882399753003],[121.76266550001287,30.939653900007556],[121.76192559988658,30.939546000247788],[121.76221840025903,30.93916949997248],[121.76175800043143,30.938599599591896],[121.76117200038755,30.938577100352973],[121.76055990021928,30.93903490024053],[121.76030349990663,30.93864890042647],[121.76015179956596,30.938595100283692],[121.75982219983473,30.93903929972396],[121.75942980044499,30.938882299678426],[121.75912639976355,30.93901240010223],[121.7591107002986,30.93933550043306],[121.75946120027425,30.93967659979529],[121.75985359966398,30.93942979974554],[121.76007330044251,30.939586799791016],[121.76013610010102,30.94002210043965],[121.76000010012456,30.94025089965936],[121.7597436998119,30.940448399773857],[121.75887000035027,30.940426000359707],[121.7585833000793,30.940757299809604],[121.75855610008398,30.941269600411772],[121.75828410013116,30.941278500102726],[121.75786130005906,30.940622700077597],[121.75714430026926,30.94066630010974],[121.75698899994245,30.941726099879645],[121.75708520042167,30.941814899837823],[121.75778070011927,30.941694399676862],[121.75807659955547,30.941941900298502],[121.75801000026138,30.942100500237927],[121.75846139967393,30.942487599922856],[121.75844660043037,30.942665299663872],[121.75824679984999,30.942982600266816],[121.75828379975758,30.94309679977755],[121.75854270018556,30.943293600219533],[121.75843919990916,30.943547399692818],[121.75869810033714,30.943712400107245],[121.75911030010036,30.943477999909817],[121.75968219967388,30.943833000092923],[121.75869179968686,30.945133800184806],[121.75844589985843,30.945290900055056],[121.75791219988821,30.945326800091777],[121.7568710997216,30.94633639970516],[121.7564891999167,30.946825499597196],[121.75650490028102,30.947058799923752],[121.7568658998415,30.947529899885012],[121.7568710997216,30.94775879982882],[121.75670369991587,30.947983099740327],[121.75619619989482,30.9481042995738],[121.7561124999919,30.94819849996088],[121.75655720035456,30.949365099619683],[121.7565310004054,30.949732999678247],[121.75527540023961,30.9500920000458],[121.75473829993268,30.95034910003102],[121.7547904003568,30.95099479977023],[121.75386470029571,30.951380599934794],[121.75352569995118,30.951145800438383],[121.75330080019182,30.951182099774144],[121.75291290011035,30.951495199643773],[121.75289659989824,30.951618199920063],[121.75321930003076,30.95197890000628],[121.75302689997147,30.952099099793656],[121.7527791997004,30.95203480006603],[121.75250209969226,30.952154999853406],[121.7513254995722,30.95288490041787],[121.75038669998628,30.95334330015322],[121.74942190010063,30.954059000422603],[121.74830699976826,30.9546515996916],[121.74756380002941,30.954645999613263],[121.74464320042341,30.95498700005004],[121.74410860023181,30.954679500258806],[121.7435545000402,30.95386889992983],[121.74337840019302,30.95390799975445],[121.74242009970794,30.95505410026658],[121.74151389964686,30.95625609993914],[121.74095980035452,30.956865500342644],[121.74020350019146,30.958067500015147],[121.73899090020996,30.95909620032944],[121.73856069961664,30.958648900026787],[121.73846940044257,30.958643299948392],[121.73666349972075,30.95997389997558],[121.73568560031026,30.95878869963883],[121.73357340039217,30.960007399721746],[121.73230860016179,30.960846000442643],[121.73249769970914,30.961136699998747],[121.73233470028629,30.96139949988708],[121.73267369973155,30.961824300051433],[121.73293450042695,30.9617012997752],[121.73320829992315,30.961964099663533],[121.73298659995169,30.962204500137602],[121.733475600019,30.962752299678925],[121.73218480038827,30.96376419975809],[121.73176100027001,30.964200200079233],[121.73081570038437,30.96529029980752],[121.73060709993774,30.965720700050326],[121.72943919985926,30.966607900134534],[121.72957769995094,30.96715109964356],[121.7291718997634,30.967837699650147],[121.7276594001612,30.96942300027132],[121.72278709994475,30.97355789957743],[121.72076749962048,30.974759199577477],[121.71637479975732,30.97760549989397],[121.71426679967317,30.978871700368757],[121.71243650034432,30.980062099686222],[121.70977309964894,30.98222649985314],[121.70745059956562,30.98396879962047],[121.7047871997695,30.98534310040384],[121.7036258998155,30.98581919969638],[121.70273499992038,30.986575300210006],[121.70119850011076,30.987055600235806],[121.70003720015677,30.987683300044296],[121.69919150018768,30.988224299811634],[121.69786610004053,30.988668000128143],[121.6960988998444,30.98912250040314],[121.6952947998152,30.989593200166098],[121.69468259982216,30.989787899791793],[121.69290060038247,30.990049099786177],[121.69146469963619,30.99063049979776],[121.68990669973448,30.991248600242784],[121.68799430039667,30.991819499770145],[121.68498809972107,30.992280399620824],[121.68138939960113,30.992207100377414],[121.6793914000931,30.99201330007378],[121.6773079002395,30.9923536997635],[121.6758169996549,30.993055599936042],[121.67353799977889,30.993490299837504],[121.67017290035915,30.993987900121567],[121.67006749981533,30.993752200403776],[121.67004310030893,30.993118399594493],[121.66945650041725,30.993238899755454],[121.66936489997022,30.993060799816135],[121.6687477995714,30.99318129997704],[121.66867450032794,30.99251610023788],[121.66895449975038,30.991914899852816],[121.6689025998752,30.991818600448084],[121.66762809955719,30.991881599756084],[121.667636699774,30.992159400336107],[121.66729539986284,30.992174199579722],[121.66724359981231,30.99240749990622],[121.66621529969643,30.992455600145888],[121.66586970012668,30.99256299988258],[121.66574579962901,30.993107900009647],[121.66529219957545,30.99320420031364],[121.66509900001893,30.99379840037591],[121.66352879991427,30.994002700264446],[121.66342359991927,30.994202999968536],[121.66109870044477,30.99425010016205],[121.66102240016369,30.994409899797063],[121.65940929969952,30.994561799787277],[121.65932990035469,30.994498900304052],[121.65915569987567,30.99365830039028],[121.65854469957833,30.99369230015958],[121.65871279995577,30.99499649968874],[121.65539470000544,30.99509279999279],[121.65389119991903,30.995255699590928],[121.64855730017928,30.99535940041602],[121.6456539001075,30.995552000124746],[121.6436925003087,30.99542980024512],[121.64312650028785,30.99556680026768],[121.64142059968094,30.99562409967251],[121.633195099874,30.99546289979304],[121.63178420028066,30.99539760001926],[121.6301976999639,30.99517900001092],[121.62956840026152,30.99545440030039],[121.62903179997761,30.99524989986304],[121.62864759970705,30.995261299669323],[121.62804809993997,30.995445800083644],[121.62783619988079,30.995437299691673],[121.62764069985849,30.995320900439253],[121.62742209985004,30.994940499804272],[121.62709760017412,30.99464799980541],[121.626998199907,30.995156200398355],[121.62578600012387,30.995204500287514],[121.62556070016626,30.99528119986752],[121.62493479990121,30.995732600179394],[121.62476909981422,30.9957609998703],[121.62472280001725,30.995042699660928],[121.62295950018085,30.99495920030688],[121.61914370012175,30.99487040034876],[121.61625880000372,30.99492680043153],[121.61609109982442,30.995350499825747],[121.61566479959095,30.99550199961766],[121.61463889976551,30.99652569970135],[121.61409920041785,30.996887200184176],[121.61374549975505,30.99744300009445],[121.61200160009378,30.999581300136924],[121.61159119987406,31.00032340000496],[121.61123199985695,31.001499699751378],[121.61007129975076,31.003610500324385],[121.60781570023448,31.00398410028606],[121.60765849964014,31.00300569995312],[121.60575199985499,31.003456700066693],[121.60405590005985,31.003488400269532],[121.60037259981573,31.00342819965175],[121.59972730027471,31.003559899969446],[121.59657960026846,31.004052800396494],[121.59421329960412,31.004556999905674],[121.59115789971736,31.004683199969747],[121.59018329991943,31.00323819988307],[121.58796420028773,31.003261799892186],[121.58555619985884,31.00316300037224],[121.58002539985239,31.00327369972149],[121.57998150034598,31.002912399787476],[121.57845919993224,31.002929700045684],[121.57842329989546,31.002098900044246],[121.57627310002363,31.002122800426946],[121.57433830037235,31.001592800267588],[121.57423460044652,31.002040700418036],[121.57415880018857,31.002071500399495],[121.573616300352,31.001948400298488],[121.57372000027783,31.00161669975097],[121.57361230016761,31.001568899884887],[121.57361230016761,31.001473099603913],[121.57311369983745,31.001367100111622],[121.57261499968251,31.002399799711043],[121.57248340008891,31.002454500075146],[121.57197049963895,31.002184699864074],[121.569026200199,31.00126500007974],[121.56683729980159,31.00060739961185],[121.56617140038986,31.000567000266926],[121.55541179991474,30.997691499862867],[121.5524732003779,30.997623500324323],[121.55275639958825,30.99636769960972],[121.54924319981387,30.99563650042421],[121.54813760027014,30.99569219993515],[121.54775459969505,30.994744399934177],[121.54793159976361,30.994370100299932],[121.54858930005616,30.99431770040161],[121.54821699961485,30.991609599803212],[121.54810120021034,30.99082880030892],[121.54690059988286,30.99039100044439],[121.54528059981988,30.990540900342353],[121.5424674997754,30.994648300178937],[121.53471159986054,30.9960876003625],[121.53220100027602,30.997054199791535],[121.53123170018284,30.99697879973189],[121.53084759973694,30.997144300169396],[121.53050529977986,30.997156299823416],[121.53000270016457,30.997789900083887],[121.52976240041448,30.998313200294035],[121.52959770037364,30.998400600007756],[121.52919429957728,30.99817670029455],[121.52888529971688,30.997679600033564],[121.52812619996416,30.997302499910518],[121.52678510035219,30.997292399624598],[121.52667089994213,30.99754300020936],[121.52638169955583,30.998184500114633],[121.52619820008692,30.998503600261017],[121.5258344998623,30.99850630002578],[121.5253881996058,30.998263099962173],[121.52522889999375,30.99778530005159],[121.52456959980725,30.997790900129985],[121.52348489960855,30.99812609993961],[121.52298070009931,30.998803400056943],[121.52193459970204,30.99925130020739],[121.521023699784,30.99968530043634],[121.5204165000215,31.00021090021295],[121.52018309987022,31.00072129964832],[121.51944500018669,31.001425299737832],[121.51947559961934,31.001797299805617],[121.51838120023228,31.001654300405676],[121.51750089974678,31.001972899629664],[121.51721609974322,31.001979800127742],[121.51697570016847,31.00185660020196],[121.51689629992438,31.001565500447555],[121.51613999976121,31.00141330008381],[121.51600749994623,31.0018833001742],[121.51633089975132,31.002608800355915],[121.51601820007988,31.003044699952966],[121.51569740021489,31.00342640010831],[121.5157048996615,31.003712600356266],[121.51542810002684,31.00404920041035],[121.51507140012507,31.00435079974966],[121.51517329960814,31.004407600030788],[121.51546459991141,31.004406699809408],[121.51573790028397,31.004164399967124],[121.51591300008499,31.004113299589164],[121.51608010041639,31.004171299565883],[121.51621880015762,31.004320499791277],[121.51646179967236,31.004421199578758],[121.5169188998874,31.00488620033792],[121.51662789995771,31.00526119964468],[121.51601820007988,31.00536720003629],[121.51467439980377,31.00875629966356],[121.51048690005041,31.009043199584028],[121.51006960023187,31.007815599810158],[121.50771780023638,31.0078191997963],[121.50697320025301,31.007623400299735],[121.50656179998714,31.007382399977814],[121.50626889978992,31.007338799945728],[121.50613210031622,31.007038099928423],[121.50555919979729,31.006711199961956],[121.50545349977926,31.006847299763137],[121.50400620012613,31.00679299959728],[121.50243919980926,31.006680800178856],[121.50144950039419,31.006579200169995],[121.50028170014036,31.006196699618044],[121.49953660013409,31.005703800090373],[121.49850179971838,31.005267000271886],[121.49743580002223,31.00451890012721],[121.49611730037316,31.00346359966545],[121.49534960040376,31.002725599806638],[121.49470859962219,31.002610199700996],[121.49436529961895,31.002169299873344],[121.49349570016648,31.001849199680862],[121.49267279980995,31.001511300106472],[121.49081350004303,31.000844499574043],[121.48994439971432,31.002854399810758],[121.48693390027938,31.012063900029034],[121.48705729985454,31.01303670028352],[121.48791560022482,31.01503660005909],[121.48549300020181,31.016454499975225],[121.48414939957524,31.018230300388097],[121.48124290043961,31.016534300417675],[121.46992630035857,31.014997400409754],[121.45613609970133,31.009591400222973],[121.44375120035772,31.009318099850475],[121.44172750002417,31.009273399947517],[121.43387389956092,31.007418300014592],[121.42750439990823,31.002011899629508],[121.41934159993491,30.997400300283687],[121.40555140017705,30.991887299659197],[121.38749430042174,30.99024390013591],[121.35523649996458,30.980176100446727]]]}},{"type":"Feature","properties":{"district":"宝山区","district_en":"Baoshan District","source_shape_id":"62558664B30058220699094"},"geometry":{"type":"Polygon","coordinates":[[[121.33193225267144,31.510634521965642],[121.33171480019791,31.51033600010635],[121.32529399961845,31.50634720016319],[121.32496940011777,31.506182400297575],[121.32477259967584,31.506008699841686],[121.32416489989032,31.505832000146768],[121.32397499994636,31.506529699585997],[121.32375399964747,31.506520899719817],[121.32227270022497,31.50625890022809],[121.32254539985036,31.505337499825828],[121.32113319983739,31.504963600389885],[121.32088110008272,31.506120499961128],[121.31996960031688,31.505973299827986],[121.32023540034356,31.504801699938525],[121.3184296003459,31.504445400235056],[121.31845370037809,31.50414809965514],[121.31860220003159,31.50339739957036],[121.31876449978188,31.502876300001276],[121.31920650037978,31.50133949981813],[121.31793600024628,31.50129329984594],[121.31771740023794,31.502084400174965],[121.31702279986234,31.502059499746167],[121.31707619980682,31.501492100380176],[121.31683330011674,31.501396899947053],[121.31681869962335,31.501227099850837],[121.31617509980106,31.501090900224938],[121.31586669978844,31.5010821003587],[121.3158424001067,31.501628800029152],[121.31540520009003,31.501641199881533],[121.31531359964299,31.502500500297913],[121.3153250003486,31.502707699600705],[121.31554969955903,31.503935900121746],[121.31551550014024,31.50472699955145],[121.3180107995588,31.505209900416617],[121.3178582997208,31.505820100317408],[121.31720730027678,31.50576210034069],[121.31710050038782,31.50615139976736],[121.31665329990994,31.506113399813614],[121.31614050018402,31.506034299943053],[121.31605260044716,31.506891899741447],[121.31543249991,31.506904400317865],[121.31553500014024,31.507845299820758],[121.31224689977466,31.507765299728874],[121.3121094995538,31.507580800213816],[121.31194120042608,31.507249900062902],[121.31189999978517,31.506090200002802],[121.31213919966444,31.50606590032112],[121.31205820042567,31.50539310041131],[121.31176239991487,31.50477370044598],[121.31148200029418,31.50413159979354],[121.31102780039271,31.503444599588647],[121.31045079986461,31.503115700429305],[121.30998320006472,31.50298250004238],[121.30895670039149,31.502637500320418],[121.30866709980683,31.503454600049793],[121.30897520034523,31.503608900330562],[121.30926179989217,31.50388629981296],[121.30916949977268,31.50414310032386],[121.30849910015343,31.504010599609558],[121.30826079959627,31.504752499828044],[121.30757390011547,31.50453289977355],[121.30712409969749,31.504371500244588],[121.30714840027849,31.505042399886918],[121.30674520003106,31.50572990011483],[121.30756620012005,31.506003300312102],[121.30749809985753,31.506529199562976],[121.30727129983063,31.50689439985672],[121.30661749989781,31.506722900041837],[121.30649320010116,31.50711149979594],[121.30623080041119,31.507346999864183],[121.30617900036066,31.507488300444777],[121.30620370024064,31.50763229989076],[121.3062135999777,31.50778820006542],[121.30576169964274,31.507682000024317],[121.30536580009164,31.50756809998785],[121.30500629970106,31.5074624997946],[121.3048582002458,31.507578499748035],[121.30403970027203,31.5071851003122],[121.30437480025694,31.50659789967341],[121.30387240029108,31.50638699966038],[121.30363650002448,31.506841300285828],[121.3033595996659,31.5073756001039],[121.30311669997582,31.50734659966588],[121.30295740036377,31.507087999611542],[121.3026225000284,31.506811199976937],[121.30246709987682,31.506728799594498],[121.3024132997341,31.50680900023525],[121.30202560020132,31.507327599689006],[121.30127240000127,31.507049700183586],[121.30090640021024,31.507597300075417],[121.30055929967205,31.50742549988695],[121.30089260011346,31.50677000023535],[121.30058870030837,31.506575699908694],[121.30134839990876,31.505415800199046],[121.30111699984968,31.50511849961913],[121.30014330027313,31.504650399796162],[121.30032290028169,31.504185300111544],[121.29920759975096,31.503805500223734],[121.29893130013943,31.50432359965447],[121.29840280004919,31.504228499945384],[121.29820920029442,31.50465430015589],[121.2976411003566,31.504477300087387],[121.29770440003813,31.50406630001976],[121.29752570025096,31.503913999831298],[121.2976081995588,31.503755899914893],[121.29746389973923,31.503703199642985],[121.29750510038014,31.503574299814147],[121.29691429975514,31.503228700244392],[121.29737459975809,31.502391200293687],[121.29753540033846,31.502121900105635],[121.29806510012429,31.501542099988],[121.2978951003787,31.50123140040887],[121.29754530007563,31.50127279979995],[121.29721499977245,31.501678699812203],[121.29654469997797,31.50237039987411],[121.2955779998249,31.50175330037456],[121.2964718000336,31.500775800263],[121.29726450025657,31.501107300261765],[121.29748220004353,31.500817300378174],[121.29776879959047,31.50089600005043],[121.29781730002844,31.500730299963436],[121.29781250034671,31.500332699794285],[121.29728789971682,31.500075900182708],[121.29680210033678,31.50003449989231],[121.29632119956375,31.50055630003328],[121.2957431000641,31.500214500099162],[121.29648069972461,31.49877240032606],[121.2973857000901,31.498786499897108],[121.29768869967381,31.498840800062908],[121.29836890010472,31.499050200006764],[121.29858149983636,31.499019999873155],[121.29869720031559,31.49888509976762],[121.29892629990889,31.49848029962618],[121.29925929997682,31.49824869991761],[121.29960410004924,31.49806950010742],[121.29985450008519,31.497940600278525],[121.30014729955826,31.496734300047933],[121.30031270017105,31.49646449983686],[121.3007849998279,31.496085899644584],[121.30115909981271,31.495820599641036],[121.30130000019494,31.4955638000294],[121.30155259997252,31.494963200391453],[121.30127080010743,31.49477259987566],[121.30149920002816,31.494460400227354],[121.30203130010443,31.49489450028102],[121.30224739999755,31.494712400157198],[121.30249589976597,31.49463280026356],[121.30375419969664,31.4944344997524],[121.30479179970189,31.49450700039779],[121.30596660027845,31.491650900168963],[121.30431330011879,31.491097399825208],[121.30421420022526,31.49102699999611],[121.30411970036391,31.490861899756908],[121.30408159968613,31.490745100306185],[121.30415279991189,31.490473200178087],[121.30437719964812,31.490048200364186],[121.30468189984981,31.489521700366254],[121.3048330003428,31.489468199697683],[121.3050408003927,31.48949029963768],[121.305399799861,31.489643400222803],[121.3056548997539,31.48967360035641],[121.30572810007186,31.489188200275294],[121.30603750013063,31.488563899904136],[121.30608470014886,31.488263799734625],[121.30590519996508,31.487482400392537],[121.30590519996508,31.487289000287205],[121.30597139996019,31.48705340039419],[121.30611779969672,31.486890300247182],[121.30673890028004,31.486777500081587],[121.30693259985969,31.486636499874635],[121.30748760027257,31.485774499693434],[121.30763070039654,31.48545259995757],[121.30765579957551,31.485211900009233],[121.30760060008765,31.48473770008485],[121.30749380019881,31.484410100445814],[121.30745900003285,31.484222800441955],[121.30755049975585,31.48399570004159],[121.30775259990264,31.483703700065746],[121.3081118997444,31.483344199675116],[121.30848580007967,31.482995599967012],[121.30868680035564,31.482586500166917],[121.30878049982027,31.48246180017202],[121.30891980030856,31.482374100084712],[121.30916429989259,31.482319500444646],[121.30996389971426,31.48229230044933],[121.3103065998697,31.48236819963273],[121.31059669957813,31.48246759989985],[121.31133919964441,31.483069599782254],[121.31151059963452,31.48317479977726],[121.31163169964327,31.483192400408996],[121.31176420035763,31.483169000049372],[121.31188680043556,31.483108400132608],[121.31213170021783,31.482702199746768],[121.3122287001944,31.482451500236607],[121.31228679999583,31.48218139965195],[121.31224799964548,31.481985799804875],[121.31201539989081,31.481487099649996],[121.31196700017699,31.481357599973308],[121.31201870040275,31.48110130038475],[121.31230620017107,31.480718299809723],[121.31288450021952,31.47999639961421],[121.31219819968726,31.479571399800307],[121.31244099955256,31.47861029972563],[121.31266449996679,31.47860209970719],[121.31338340002401,31.479057699853],[121.3136018003828,31.47880059986784],[121.31407669997975,31.47808689969071],[121.31422209967025,31.477599200043073],[121.31427710040793,31.476968199722705],[121.31438130035679,31.47664589978848],[121.31426220044023,31.476541400365363],[121.31416530028844,31.476404099969272],[121.31404969963398,31.476294799965103],[121.31359179992171,31.476086900090422],[121.3131798996327,31.476192199910145],[121.3128413003858,31.476295399812898],[121.3126810996531,31.476217999661003],[121.31261150022067,31.4760942997122],[121.31255710023004,31.475746200027174],[121.31248149962153,31.475607000262926],[121.31225779955787,31.475514100295527],[121.31206130038879,31.475501200420126],[121.31157459988799,31.47555539986189],[121.31136899957971,31.47547029971463],[121.30973079993657,31.474293800318662],[121.30966669985833,31.474197099816365],[121.30969020004272,31.47409139979834],[121.30975439994563,31.474009399614147],[121.30992749965446,31.473909100025026],[121.31171030039013,31.472970699738028],[121.31186790028346,31.47285240021813],[121.3119320003616,31.472735699692862],[121.3119363000203,31.472564299702697],[121.31179949964724,31.472064700225758],[121.31176530022844,31.471900699857486],[121.3118250997486,31.471710999563015],[121.31201749980778,31.47149949970219],[121.31234239968205,31.471164100243072],[121.31277849982791,31.470784800378283],[121.31303929962405,31.470474900296438],[121.3132140001261,31.470255200417228],[121.31610360010109,31.471030300008408],[121.31619109963958,31.47063260001454],[121.31650199976752,31.47062430017138],[121.31656030011777,31.470238699656306],[121.3159594001063,31.469209600043087],[121.31584040001451,31.46873299982815],[121.31261579987927,31.468011400006162],[121.31257760027609,31.467962400444492],[121.31277420016932,31.4675302995837],[121.3131824995728,31.466985199807198],[121.31347539976991,31.466560299818013],[121.31350960008808,31.466465499583194],[121.31346900019423,31.466317800326294],[121.31337279971501,31.46622850034504],[121.31299230015463,31.466093500414786],[121.31288999957383,31.466021099594116],[121.3128596996155,31.465940399829663],[121.31289389993356,31.465823700203657],[121.31309919986825,31.465462699743853],[121.31321459997389,31.465017799731697],[121.31339310011151,31.464136099901168],[121.31487949958932,31.464442700370398],[121.31499610028982,31.46361400028593],[121.31412490004413,31.463395599927026],[121.31434479957295,31.46262449962103],[121.31373320032696,31.46253669970895],[121.31329600031017,31.4622134995534],[121.31333479976126,31.461774300343734],[121.31388859957929,31.461310299630668],[121.31431799977588,31.46071959972977],[121.31458810036065,31.46015840028997],[121.31550129984521,31.460406999883162],[121.31601620038737,31.459205400408962],[121.31417960040824,31.458839000419573],[121.31502729957026,31.457271900278045],[121.3152969001319,31.456628299556428],[121.31553879977582,31.456677300017418],[121.31580180021297,31.456713399703688],[121.31703719980703,31.456692500358656],[121.31844169982469,31.457060799716203],[121.31965160004142,31.456925000288606],[121.31985559955638,31.456324100277072],[121.32031429966526,31.454997799908597],[121.32090670018408,31.45341279966101],[121.32230999960689,31.453653899807705],[121.32276340001101,31.45275150028158],[121.32273589964211,31.45196619968044],[121.32289039957232,31.451326799692083],[121.32272549988193,31.45086389974921],[121.3228715003196,31.45057770040063],[121.32168570013505,31.45032060041541],[121.32277269990027,31.44665770039262],[121.32327070038252,31.444836799878487],[121.32361000020137,31.4432352997693],[121.32394389959131,31.442362299980232],[121.32491810009026,31.44187310026342],[121.32648020000124,31.44237059982339],[121.32684230033192,31.441486800075836],[121.32916140007865,31.44194579965898],[121.32935039980123,31.441161699652753],[121.32921289975559,31.440541799664402],[121.32947809993448,31.440080999638496],[121.32947809993448,31.439176199821816],[121.32998869991866,31.43854790016553],[121.33046000042873,31.438036800158272],[121.33114730010789,31.437064999949826],[121.33141009999622,31.436490200062735],[121.3312458999784,31.435307499841315],[121.33204630019668,31.43380890016067],[121.33218780042671,31.43161050022445],[121.33185469963473,31.43151460011876],[121.33131939977056,31.431479499579268],[121.33087020009975,31.4315656995974],[121.33042849987544,31.431444399939153],[121.33070929969449,31.431054700314235],[121.3307840999064,31.430776799909438],[121.33074059969897,31.430574699762644],[121.33056199973657,31.429911400290962],[121.33052959986117,31.429789900083847],[121.33058950010536,31.429419400085294],[121.33066059960709,31.429208500072264],[121.33098629987785,31.428592100245282],[121.33119209983556,31.427994800219892],[121.33139799961805,31.427621100433498],[121.33154579959898,31.426992799877837],[121.33305200034965,31.427134300107923],[121.33306659994366,31.42661020040049],[121.33168469988902,31.42614349992266],[121.33200020004927,31.425133599935748],[121.33204370025658,31.424934800300832],[121.33242779980321,31.424065199949098],[121.332535300264,31.423966899552852],[121.33262239960413,31.423483200089663],[121.33298659985178,31.42241580014911],[121.33302590022515,31.421033200421903],[121.33279459999085,31.420886699961272],[121.33161189976943,31.420953599628945],[121.33098260006705,31.421179000310644],[121.33070140004963,31.421341999733556],[121.33001050038433,31.421365699567446],[121.32997229988177,31.421113900186413],[121.32998840044434,31.420276599885256],[121.32992759997887,31.419812100048432],[121.32955989956974,31.41976110039451],[121.32960079983707,31.41903290044803],[121.32932440040076,31.4188545999599],[121.32889080037023,31.418888499904426],[121.32763689992305,31.418688300025053],[121.32786739976075,31.418143999745837],[121.32774469985804,31.417767000346828],[121.32779869965032,31.41751140043084],[121.32756790033841,31.41747369995136],[121.32756790033841,31.417213900201375],[121.3281177997967,31.417239000279665],[121.32843539987391,31.41703230010063],[121.32887390031033,31.41699599986555],[121.32891810019021,31.416857800147397],[121.32851060028406,31.41679909959879],[121.32878060014468,31.415977899860252],[121.32938390044671,31.415961800196953],[121.32940899962568,31.41557979966808],[121.32799009966345,31.415114699983462],[121.32807710007819,31.414569500382186],[121.32834790033542,31.413911700264805],[121.32858400025145,31.413082099959013],[121.32861869969327,31.412542899735058],[121.32837069994787,31.412557900426805],[121.3274412002512,31.412604999720998],[121.32697480014701,31.41248350041326],[121.32630250026023,31.412224900358922],[121.32578670039595,31.412219499930018],[121.32538409999631,31.412324199901946],[121.32488329992441,31.41270130002505],[121.32388660018648,31.413755499716615],[121.31144600043262,31.409702499870548],[121.3100090996403,31.40909549975754],[121.31093200011173,31.408510300110322],[121.31061459968407,31.408374399958632],[121.31054619994723,31.408214600323618],[121.31072060007568,31.40807260007051],[121.31092740007955,31.408052699872258],[121.31123239975545,31.407600099864794],[121.31161319968953,31.407652300113625],[121.31269200033557,31.406016499861607],[121.31277470019234,31.40528979998436],[121.31166720038107,31.40509959966687],[121.31143430025281,31.404946900179368],[121.31111110009726,31.404718400433865],[121.31108309970534,31.404471399835302],[121.31125189975546,31.403295600111903],[121.31121139968639,31.4022841002311],[121.31118099990329,31.401998800204524],[121.31106959998215,31.40181150020061],[121.31087040014893,31.401693299606166],[121.31036059966198,31.40165579967544],[121.31011409998575,31.401534800390777],[121.30998239966812,31.401333100442287],[121.30995879965894,31.40092959982121],[121.31010399969989,31.400454100376464],[121.31022280014213,31.400306400220245],[121.31059570043124,31.400162600423698],[121.31147950017885,31.400111599870513],[121.31192590026012,31.399966200180017],[121.31236320010169,31.399585099872525],[121.31297080006243,31.39925119958326],[121.31325159988148,31.39931800032548],[121.31394659955595,31.39964800025507],[121.31433780014947,31.399687299729123],[121.31474289976506,31.399565500047856],[121.3155253998774,31.3989251000134],[121.31581999979323,31.398862199630855],[121.31611909991659,31.399027200045282],[121.31657939991942,31.399384700343717],[121.31685210044418,31.39944470041263],[121.3169707003376,31.39932580014562],[121.31703509989006,31.39918039955586],[121.31692460019019,31.398791500327548],[121.31692930004726,31.398571500074695],[121.3171364004246,31.398182500122346],[121.3172201003274,31.397791699727236],[121.3183103997053,31.397908599901996],[121.31836839968196,31.39733349964132],[121.31818170042516,31.397115500380096],[121.31833940014326,31.39659170014687],[121.3188458002935,31.39669060039097],[121.31899920035289,31.39628399980677],[121.31871810016025,31.396053199595542],[121.31885779994752,31.395239799677086],[121.31878890018766,31.39509620042935],[121.31814900017628,31.394528599615228],[121.31791429960526,31.39418679968111],[121.31777159967965,31.393613200388927],[121.31742180027595,31.393063100381823],[121.31709040010196,31.39247370000129],[121.31673129990963,31.392049399859957],[121.31589639989897,31.391188299900193],[121.31585680005139,31.39103959969782],[121.31587520018036,31.390917800016496],[121.31601790010609,31.390796000335172],[121.31630789998962,31.3906977997637],[121.31709960016644,31.39057199989793],[121.31807539966007,31.39055630043299],[121.31845740018889,31.390493400050445],[121.31865529960248,31.390363799649663],[121.31873820000794,31.390076999553912],[121.31867829976375,31.3894208002298],[121.31881179962488,31.389141799954132],[121.31923990030123,31.388603499951614],[121.32010060006269,31.387896200249486],[121.32022949989152,31.386898200091935],[121.32091990043307,31.386371700093946],[121.32113169976822,31.385754700419113],[121.32128359975843,31.385511100157203],[121.32147690003899,31.38500820016833],[121.32149990020025,31.38458769966269],[121.32157349981719,31.384296900281754],[121.32194180007411,31.383703600440867],[121.32204940035956,31.38307860039714],[121.32327679958473,31.38342989987001],[121.32366840037639,31.382488299795227],[121.3260308996064,31.383259499926055],[121.3270797995931,31.381582699581998],[121.32622710020053,31.381077000003586],[121.32665350025889,31.38034069986344],[121.32552410015717,31.37958210013386],[121.32507489958698,31.379426500332784],[121.32426449980687,31.379220900024563],[121.32458669991638,31.37865399978233],[121.32574220014249,31.377600899961635],[121.32610669986434,31.377086799816027],[121.32694369979197,31.376140099685927],[121.32741550032517,31.376122400128736],[121.32799540026758,31.375890599871354],[121.32825090035885,31.375580099941715],[121.32836140005861,31.375189099897113],[121.32846259986911,31.37492579998576],[121.32859509968421,31.37486470004592],[121.32930500022565,31.374855099783076],[121.32957419968966,31.374798099852455],[121.32901460014375,31.373377599996275],[121.32877159972963,31.373042800385008],[121.32950060007272,31.373151499642063],[121.32967279956006,31.372472499806065],[121.33003060023202,31.372173899705786],[121.33048120014735,31.37244960036884],[121.33077100038145,31.37187619982683],[121.3313255996967,31.37210020026407],[121.33144039995454,31.37176539975343],[121.33150280031407,31.371498900054235],[121.33169609969525,31.371559800344585],[121.33191709999426,31.371003700060783],[121.3317077000504,31.37094679995488],[121.33182729998998,31.370553799818083],[121.33016799955362,31.36991470020331],[121.33036660043831,31.369125500141763],[121.33049679978751,31.36888930040095],[121.33110859958231,31.36843630019513],[121.33168800040096,31.36757210027224],[121.33184420004989,31.36744419959018],[121.33233239972049,31.366919000011876],[121.3327067002541,31.36653269982429],[121.33317539992481,31.365737899684348],[121.33349440024642,31.36525990012433],[121.3335822001585,31.364881899779903],[121.33365710019507,31.364590100352927],[121.33376449993182,31.36442059973092],[121.3340345996171,31.36418160040057],[121.33428200041408,31.36402870036426],[121.33437639955127,31.36391199983899],[121.3343992000631,31.3636952002733],[121.33433080032626,31.363320100242504],[121.33434060023853,31.36314219995262],[121.33438940015071,31.36280590027212],[121.33454240001186,31.362564099553595],[121.33470839957306,31.36248349961386],[121.33500129977028,31.36242520016293],[121.33526819966778,31.362419600084536],[121.33555129995261,31.36244179984925],[121.33583120044955,31.36240849975252],[121.33602330013525,31.362061099740004],[121.33607210004743,31.361797100156082],[121.33619250038362,31.36159700010154],[121.33652119989347,31.36130790043933],[121.33659940044208,31.361155100227734],[121.33659609993015,31.361010599859355],[121.3364560997693,31.360688200100412],[121.33647890028112,31.360557499828815],[121.33656680001786,31.360426900281254],[121.33687930003975,31.360151800365372],[121.33707129990069,31.359882199803735],[121.3370614999883,31.35978209986405],[121.33696390016394,31.359693200081153],[121.33683369991536,31.359643199574066],[121.33608189995982,31.3596793001596],[121.3356522002889,31.35957920021997],[121.33526819966778,31.35940690000848],[121.33444149967556,31.358856600351885],[121.33433080032626,31.358689900218792],[121.33434380002643,31.35836469997099],[121.33423969990224,31.358125699741322],[121.3335822001585,31.35787550025418],[121.33328279966156,31.357897799843613],[121.33255170030077,31.357886900060464],[121.33262069988541,31.357594599711035],[121.33287810024422,31.35711810022019],[121.33296399988876,31.356605099945455],[121.33281379961727,31.356256900435653],[121.3327064997053,31.355872100317242],[121.33283519988458,31.355707199727533],[121.33315709962051,31.355322399609122],[121.33311420016025,31.355175800223037],[121.3329211004285,31.35480930040893],[121.33285669997679,31.354552800271563],[121.33290959989813,31.354345299695865],[121.33178339958431,31.354200700402032],[121.33189800019261,31.353575700358363],[121.33070969989285,31.353413999556494],[121.33072530043228,31.35292009998267],[121.33006760013973,31.352915999973447],[121.32895720001488,31.353062600258852],[121.32808120008735,31.35305939957169],[121.32810530011955,31.351578299798746],[121.3284190996618,31.351508200343233],[121.3284122000631,31.349583000055475],[121.32831959956991,31.349566299645062],[121.32829629993432,31.348870399749217],[121.33172539960754,31.348680700354066],[121.33213279968902,31.34869849973603],[121.3321216004316,31.348133700310086],[121.3321417002793,31.34775019971198],[121.33220650003,31.347317200428506],[121.33291140034089,31.347309399709104],[121.3330819999344,31.346446000182823],[121.33321470029819,31.346289500160367],[121.33426189966701,31.346632700338887],[121.33467749976683,31.346791300278312],[121.33493969980736,31.34610060026256],[121.33510399964996,31.346122200179423],[121.33526569955245,31.34595340012936],[121.33560329965258,31.345262999587817],[121.33586079983615,31.34496970009161],[121.33626850029111,31.344713199954242],[121.33659030020226,31.344346700140136],[121.33707310034333,31.344147799781183],[121.33731990039314,31.34396180019695],[121.33755589958514,31.343393700259128],[121.33780059971798,31.343121700306256],[121.33979169962731,31.34380699989316],[121.3412135997279,31.339200300053847],[121.34155479981428,31.338806399695613],[121.34171279990585,31.33828289983603],[121.34155379976812,31.33819440025144],[121.34140630016066,31.338232599854678],[121.34106229958547,31.338370000075486],[121.3408835997983,31.338473000328747],[121.34047249990601,31.3384615996232],[121.33988720043396,31.338331799572927],[121.33954760024164,31.338030300058335],[121.3391991003582,31.3380380000537],[121.33852450000575,31.338137199772007],[121.33828320020962,31.33812189960605],[121.3379882999202,31.337904400367847],[121.337881099833,31.337789899584266],[121.33794360001718,31.337171700213844],[121.33817600012242,31.33694270044532],[121.33830559962382,31.33674809974508],[121.33826980031108,31.33643139988925],[121.33795260043223,31.336194799950135],[121.33784090013751,31.335832199596382],[121.33755490043836,31.33558800038594],[121.33714390037073,31.335316999579902],[121.3370365995595,31.335152900286175],[121.33728239956315,31.33491630034706],[121.33816260022388,31.334206499630284],[121.33858700018993,31.333775200065475],[121.33868529968686,31.333477600011292],[121.33843069981697,31.333294400016598],[121.33774709994873,31.33286309955247],[121.33780070044202,31.33264179977931],[121.33820279991937,31.332447199978333],[121.3389087002763,31.331817400252874],[121.33889530037789,31.33175259960285],[121.3384217003013,31.331596099580395],[121.33841729991855,31.331454899723894],[121.33951640006183,31.329871100071273],[121.33972189964607,31.32987489970691],[121.34007489973692,31.330115300181035],[121.3409392003839,31.328802200061546],[121.3412594004011,31.327800500093076],[121.34137500015618,31.327008700091483],[121.34236690021237,31.32722999986464],[121.34286289970316,31.326096499753703],[121.34266629980993,31.325909500123373],[121.34167889996138,31.325691900161132],[121.3416162999523,31.326012500376635],[121.34036079961129,31.32547440002361],[121.34039649999852,31.324103600300987],[121.34076370038451,31.322768900264577],[121.344507099623,31.32313979956217],[121.34440229982636,31.32261960021441],[121.3443055003986,31.32226030037259],[121.34420460006231,31.322054100216576],[121.34413029987354,31.321956600216993],[121.3440148997679,31.321878399668435],[121.34346379971464,31.321714900222503],[121.34329789997821,31.321629899900017],[121.3431901000431,31.32154310003409],[121.3431362000756,31.32142450014061],[121.34311339956378,31.321189000072366],[121.34305949959628,31.320923299870458],[121.34296000040376,31.320739199654383],[121.34281910002153,31.320632899788563],[121.34293650021937,31.320294299642285],[121.34307820009894,31.31988590041402],[121.34316540016312,31.319890200072734],[121.34320640025521,31.319609900276703],[121.34314659983579,31.319590299552715],[121.34328650017187,31.318728400095665],[121.34217779976575,31.318231000360413],[121.34179370021911,31.31831589995886],[121.34116029960819,31.318566899842608],[121.34063779979465,31.318794199892466],[121.34027559963931,31.31880509967567],[121.34014099990725,31.318780499620402],[121.33999999970024,31.318747599721974],[121.3398332995672,31.31873939970359],[121.33956410010319,31.31879960032137],[121.33935570020549,31.31888730040862],[121.33921150021058,31.31897489977183],[121.33909929989284,31.31902960013599],[121.33893590027162,31.31905699978074],[121.3387290004431,31.319069799831425],[121.33869990018036,31.31898180026991],[121.33867509957622,31.31877920010004],[121.3387198003785,31.318379699663467],[121.33870660012951,31.318232299880776],[121.33864190020358,31.31809629990437],[121.33852580042537,31.317973099978644],[121.33817590029764,31.31778460027914],[121.33804980005834,31.317664199942897],[121.33797690011386,31.31753670035846],[121.33784590036805,31.31707619980682],[121.33771150028554,31.316770200084704],[121.33759379971411,31.316622900126788],[121.33705649975775,31.316169499722662],[121.33695699966586,31.316042000138225],[121.33670649980513,31.31548089962388],[121.33661700017444,31.31529389999355],[121.3365042000089,31.315153700183146],[121.33629689998202,31.314952500257732],[121.33596690005243,31.314703100267934],[121.33583590030662,31.31457420043904],[121.33572970026546,31.3144324996602],[121.33569759986437,31.314289299711447],[121.33579090003002,31.31341040036972],[121.3356872001043,31.31315810006629],[121.33532709986582,31.31267549957471],[121.33517419982957,31.31251610013794],[121.3349565000425,31.312383200124657],[121.33471289978058,31.31226150026805],[121.33451600041315,31.312113200264037],[121.33439419983256,31.31194929972048],[121.3342879997914,31.311637199896893],[121.33424129979619,31.311402500225256],[121.33412469999496,31.311094799885154],[121.33396409996328,31.31080920038437],[121.33374120029623,31.310523599984208],[121.33353390026934,31.310282300188078],[121.33340179975335,31.310056500207395],[121.33331110042695,31.309866100240413],[121.33312969997576,31.30903590008677],[121.33305710040497,31.308825599921533],[121.3329561002439,31.308641800079045],[121.33280580014764,31.308486800125763],[121.33250519995511,31.30820350019144],[121.33231599968371,31.307917899791278],[121.33219269993322,31.307560199843408],[121.33211800044546,31.30728390023188],[121.33207870007197,31.30711739974828],[121.33197240020615,31.306940299855],[121.33169399977828,31.306600199639547],[121.33156459992642,31.306256600162044],[121.33150440020802,31.30606000026887],[121.33147959960388,31.305953700402995],[121.33147539976994,31.305743000039456],[121.33145470007446,31.305615399730982],[121.33141939988548,31.30551979999882],[121.33134480022238,31.305434799676334],[121.3311664997342,31.305362200105492],[121.33093020016861,31.305298400400886],[121.3306172001237,31.305263000387185],[121.33024610027735,31.305250599635542],[121.32992440019098,31.30519459975102],[121.3296781001643,31.305133700360045],[121.32942939984696,31.30502920003761],[121.32925730018428,31.304944199715123],[121.32902099971943,31.30473340042613],[121.32881579960952,31.304570400103955],[121.32860219983172,31.30444820022433],[121.32847160028416,31.304400400358247],[121.3281710999164,31.30428879988824],[121.32790570008808,31.30414180030391],[121.32773110031007,31.304018700202903],[121.32755489973886,31.30386149960856],[121.32745119981303,31.303739699927235],[121.32730089971676,31.303622399554172],[121.32703659975937,31.303500599872848],[121.32665190036494,31.303334200113284],[121.32644239969704,31.30323510021975],[121.32879469971567,31.300368899705006],[121.32845220010904,31.300191899636502],[121.3281212001333,31.29998580020458],[121.32930550024867,31.298572799794954],[121.32964170010439,31.297867000162],[121.33156750024,31.298946999604425],[121.33192229987435,31.298366499814165],[121.33239780021836,31.298534199993412],[121.33287340038714,31.297928000277068],[121.33271490027244,31.297811899599537],[121.33299420002243,31.297431300214384],[121.33272239971905,31.29717330000784],[121.33185430033575,31.296818600198264],[121.33219779998853,31.29630249996046],[121.33240920002459,31.296102599555354],[121.33240920002459,31.295850999823813],[121.3322004997533,31.29554080026776],[121.33335070027465,31.295252000079813],[121.33336300030226,31.295285700374848],[121.33357090017694,31.295853699588633],[121.33371019976596,31.29614819967975],[121.33388790040635,31.2964424002966],[121.33459549958275,31.296118100270178],[121.33520459961267,31.295763899584358],[121.33539629999927,31.295827899837775],[121.33557339989261,31.29581540016062],[121.33567750001669,31.295720199727498],[121.33606830041185,31.295790399907105],[121.33642069975554,31.29643020009371],[121.3363732002631,31.296572200346816],[121.33644899962167,31.29842020013217],[121.3363605998619,31.298788399664943],[121.33612340007494,31.29924640010131],[121.33747579966848,31.29979359979484],[121.33757019970506,31.29964200017821],[121.33775510031774,31.298997000111513],[121.33847699961393,31.299049200360344],[121.3392166002659,31.299108499857425],[121.33924940033967,31.299120899709806],[121.33942829977627,31.29914840007865],[121.34035170027084,31.299294399616883],[121.34225009986233,31.29950080032171],[121.34231269987129,31.298210599639503],[121.34400950023826,31.2984116997402],[121.34397079971268,31.299411000317434],[121.34494460001338,31.299385199667256],[121.3446074001115,31.300439400258142],[121.34411680015023,31.301068299762278],[121.34452439988127,31.301123099951155],[121.34433750007565,31.30127180015353],[121.34445500009826,31.301507900069566],[121.34484119956176,31.301902099902065],[121.34531329956917,31.302213800426614],[121.3458816000558,31.302597899973136],[121.34600759957118,31.302593399765613],[121.34685939964163,31.302803100083054],[121.34702390003304,31.302867700184265],[121.3480256000015,31.303544399554426],[121.34815160041614,31.303564799775756],[121.34826300033728,31.303546700020263],[121.34837049989869,31.303487799822165],[121.35012909987813,31.30173339967672],[121.35029069995585,31.301674799852208],[121.35046479971083,31.301646400161303],[121.35062860042967,31.30167660029491],[121.35081309994462,31.301791700026968],[121.35175579989027,31.30272750037392],[121.35188180030491,31.30282389960331],[121.35206090029033,31.302948599598267],[121.35298200031912,31.303377399947124],[121.35434159988495,31.3038936000097],[121.35563879999074,31.30455240017318],[121.35632959983127,31.30470070017725],[121.35719670006768,31.304747099798874],[121.35748920006654,31.30474139989576],[121.35858410037599,31.304611400195995],[121.35852029977207,31.304263000137382],[121.35795150016168,31.302584300425167],[121.35552459958069,31.296521000144082],[121.35465629964858,31.296668800125076],[121.35344369966708,31.29544140000064],[121.35500009967495,31.295037799554848],[121.35882740026432,31.29385410018665],[121.35878259963738,31.293193899778714],[121.36136920002866,31.29284859968317],[121.36120130019992,31.29227999972227],[121.36493200011182,31.291010200160656],[121.36511229979283,31.29130770039012],[121.3652147001983,31.29217989978258],[121.3652362002905,31.292630100398867],[121.36829189965147,31.292446000182792],[121.36826550005287,31.291991400083077],[121.36826550005287,31.291104700021947],[121.3700046000323,31.29098479970878],[121.37015380025775,31.292270600008237],[121.3714471000037,31.292228099846966],[121.37149680013727,31.29252560007643],[121.37423719988692,31.292333799865048],[121.37424599975316,31.291661300328826],[121.37685610032884,31.29152879961447],[121.37687799972002,31.29197590026763],[121.37682530034738,31.292779899572736],[121.37742320022062,31.292802500435073],[121.37744079995298,31.29347120033566],[121.3767988998494,31.293516300436977],[121.37686929967845,31.293937100416883],[121.37686929967845,31.29456070021621],[121.37850919993969,31.294613299764023],[121.37851360032244,31.295702799644516],[121.37985729987452,31.29570519993507],[121.37992399989275,31.296273799896028],[121.38148469955934,31.296202099647246],[121.38269139998818,31.296167400205434],[121.38287810014424,31.296031000030666],[121.38290880030092,31.296245099831538],[121.38288690001048,31.29645549982149],[121.38358589986944,31.29639919956344],[121.38362110023365,31.2966658998115],[121.38359469973568,31.297037800054454],[121.38457069977801,31.297011500280576],[121.38525400017204,31.29690859985203],[121.38539510020382,31.29691660022098],[121.3858781998191,31.29685750037339],[121.38654300025928,31.296747300147842],[121.387158499865,31.29670039960382],[121.38949170008198,31.29651110040703],[121.3900079001445,31.29646879989525],[121.38968460016417,31.29591500007723],[121.38949510041857,31.29545129973775],[121.38939599962578,31.294994099697988],[121.38922520038273,31.294366700263083],[121.38923310002758,31.29412000003805],[121.3891909002399,31.293754000246963],[121.3890960001803,31.293499299653035],[121.38898830007008,31.293372100442127],[121.38886260002903,31.293126000064888],[121.38935169992112,31.293025099728595],[121.39311169974519,31.292228099846966],[121.39269010026794,31.291344200274693],[121.39259990006542,31.291012100428134],[121.39338950032527,31.290852700092103],[121.39478640017228,31.29062709976091],[121.39480399990475,31.290228899743965],[121.39508410005124,31.290218099785534],[121.395050999604,31.28992399989272],[121.39465069967014,31.289374599558187],[121.39463049999767,31.289772500100867],[121.39449030018727,31.28978790009154],[121.3944956997168,31.290164000168545],[121.39385540040644,31.290183099970136],[121.39369230025954,31.290037700279697],[121.3937334001763,31.28885629957864],[121.39536470022085,31.288902000427015],[121.39561970028899,31.288823799878514],[121.39561970028899,31.287943600117103],[121.39668179962541,31.287879400214194],[121.39967969955853,31.287769399638137],[121.39935719997482,31.287286399847517],[121.39935939971656,31.286425700086056],[121.39800669974943,31.284592399719543],[121.39740820002851,31.28375320005017],[121.39716879960054,31.283280400370245],[121.3967482999941,31.282310500429276],[121.39525609988914,31.27995120008785],[121.39571620024253,31.279743900060964],[121.39579079990551,31.279217900086053],[121.39801670021063,31.27846860024573],[121.39829790022793,31.277862399630067],[121.39875660033692,31.27776179966736],[121.39927889960165,31.27773530024399],[121.39983669960407,31.277516700235594],[121.40016039978264,31.279040999842323],[121.40182929958257,31.278618000120673],[121.40182819971176,31.278083200279525],[121.40076520015396,31.274834199738564],[121.40622810044658,31.274982899940937],[121.4062730998238,31.274984099636526],[121.40598159987098,31.272368999729622],[121.40596130037375,31.272165199864162],[121.40600719997235,31.27216019963356],[121.40774150027005,31.271971500284565],[121.408238499807,31.271868599856077],[121.40869180038635,31.271710699589164],[121.40939159974255,31.27141220021292],[121.41008360017804,31.271127900232443],[121.4106292998024,31.270952800431473],[121.41070870004648,31.2702773996823],[121.4110532995702,31.267759899599753],[121.41105119965323,31.267693800328686],[121.41226009982381,31.26746810017272],[121.414778799602,31.267082899856007],[121.41680330033216,31.268959400056303],[121.41674259969125,31.269573399592787],[121.41578139979185,31.26952020019712],[121.41519629996935,31.269582800206138],[121.41532939963213,31.270081100162713],[121.4155040003094,31.270103899775222],[121.41583650035432,31.27005840037492],[121.41585040027576,31.270416700170642],[121.41613999996105,31.27039150026758],[121.41615480010398,31.270608500382025],[121.41630240043548,31.27063480015596],[121.41680419965417,31.27061690004996],[121.4168069003183,31.27073049971284],[121.41734489994724,31.270725799855825],[121.41734330005329,31.270242300042185],[121.41862419994698,31.27025119973314],[121.41870040040317,31.27045129978768],[121.41885829977082,31.270732700353904],[121.41901920017597,31.270897799693728],[121.41968439991524,31.271603899700267],[121.42057529981025,31.272455000098205],[121.42046070010133,31.27259999959034],[121.42033929971899,31.27276030014781],[121.42012560011642,31.2731060004416],[121.41998609997859,31.273582900130805],[121.41996469971116,31.27421560016984],[121.41987880006661,31.275719399730576],[121.41988960002504,31.276608900280564],[121.41977569998858,31.277326200443838],[121.419703399892,31.277792300174553],[121.4199972003106,31.278684700138854],[121.42008710013965,31.279146500210857],[121.42004819996453,31.27949579959153],[121.42000559997848,31.279754899668944],[121.4199634001908,31.279952899806517],[121.41994280032009,31.28012510019329],[121.41996240014475,31.28030100039092],[121.42001339979868,31.2804735002519],[121.42003689998296,31.28066280034801],[121.42002319971095,31.280833599591006],[121.41993579999723,31.281478800206514],[121.4199682996973,31.281833699665583],[121.4188918004163,31.283563800129343],[121.41813050002258,31.28482910038275],[121.41817639962119,31.28484589971856],[121.41830969983289,31.284900100059645],[121.41840609996166,31.28495380037765],[121.4184584000352,31.28500399963491],[121.4184871000997,31.28505130037729],[121.41850009979987,31.28510289987895],[121.4184962003394,31.285149000026365],[121.41833160012334,31.285686999655354],[121.41829799965308,31.285782200088534],[121.4182629000129,31.28586620036492],[121.41822230011917,31.285947800350755],[121.41820020017917,31.286026699672504],[121.4181967000178,31.286079800142716],[121.41827060000821,31.286653900357294],[121.41865840026503,31.288628299856214],[121.41880320010762,31.28990809987897],[121.41883319969247,31.290132200140988],[121.41888389987218,31.290480000351806],[121.41896020015315,31.29089189974144],[121.41898790017149,31.291079400294166],[121.41902189994084,31.291377600196142],[121.41907450038798,31.291841199811586],[121.41914890040152,31.29272250034319],[121.41743319988234,31.29286000038877],[121.41744609975774,31.292959100282303],[121.41704439957948,31.293029500111402],[121.41673460022173,31.293064599751517],[121.41648260029183,31.29306519959931],[121.41499810018229,31.292876199876787],[121.41489309983672,31.29347320042791],[121.41421429965033,31.2934011998056],[121.41420239982097,31.294066299719987],[121.41396489966041,31.29406760013967],[121.4139666002784,31.295801400414348],[121.41455890007319,31.29588870030335],[121.41430160043853,31.29668089960387],[121.4148974003948,31.29670139964992],[121.41490010015957,31.29677960019842],[121.41499019963805,31.29679379959424],[121.41489280036251,31.297116399901995],[121.41577960024847,31.29731669960603],[121.41537210034221,31.298746900449146],[121.41798859959431,31.298944500388416],[121.41898880039287,31.299088300184962],[121.42200730019681,31.300290299857522],[121.42232319965603,31.30038400022147],[121.42235000035225,31.301107000287857],[121.42168619995823,31.305002599890145],[121.42516459956664,31.30526169996756],[121.42670649980516,31.30544919962091],[121.42633589998184,31.307623100225953],[121.42781310029443,31.307753000100945],[121.42705639993301,31.311324400400792],[121.42725549994145,31.311393099611905],[121.42726920021346,31.31155240012322],[121.4273596998903,31.31168830027491],[121.42745019956715,31.31178209956431],[121.42758869965883,31.311888699803717],[121.4277544995706,31.31197539984487],[121.42784230038194,31.312068600185796],[121.42787820041872,31.312187499553488],[121.42787210031724,31.31233989956678],[121.42750199961768,31.313502900138758],[121.42848829959541,31.31372200017023],[121.42842680035665,31.3139006999574],[121.429945999908,31.314341800333864],[121.42779889999929,31.320637900019108],[121.4286686001758,31.320523199586034],[121.42906459955168,31.322717799886618],[121.43170619978139,31.322680299955948],[121.43190129960533,31.32268049960544],[121.43210990005196,31.32149110033407],[121.43258180040982,31.32151670043544],[121.44002079992003,31.321784999678016],[121.44099019983787,31.321864999769957],[121.4418541002866,31.32209699967683],[121.44291359968292,31.31966530031343],[121.44329989987057,31.318776299786464],[121.44351449969452,31.318840399864598],[121.44833170024788,31.32006860038564],[121.44871789971137,31.32026110026959],[121.45075640018774,31.32164500041648],[121.45245159976162,31.32279989989553],[121.45282709999071,31.322863999973663],[121.45398580000472,31.322918999812032],[121.45670020035402,31.323038099728592],[121.46076739959585,31.32320880004613],[121.46073980030155,31.322867400310315],[121.46090179967837,31.322564200177737],[121.46087420038407,31.322010799658756],[121.46367100021655,31.32208550004583],[121.46374130022093,31.32136119955976],[121.46381610043272,31.320101199910482],[121.46376829966732,31.318588399934754],[121.46374469965826,31.31784310027888],[121.46762729956026,31.3177050003855],[121.46790910032473,31.317694999924356],[121.46812499966904,31.317670800067447],[121.46829720005576,31.317644899592494],[121.46858359995326,31.31758150008619],[121.46984010034043,31.317232400355067],[121.46989429978214,31.317474200174274],[121.47371979992886,31.316948399848798],[121.47433590028163,31.31639009982331],[121.47464109960708,31.31664190010366],[121.474890499597,31.316589600030056],[121.47581859994852,31.31660860000693],[121.48068899989744,31.316711899734457],[121.48076540000329,31.316699099683774],[121.48088569961544,31.316618399919264],[121.48091050021947,31.315997800258344],[121.4808983998413,31.31346530038337],[121.48112700031083,31.313477600410977],[121.48321019979096,31.313467099926754],[121.48354269983577,31.313465500032862],[121.4855512996528,31.313444999986814],[121.48866840022652,31.313452799806896],[121.49163629967552,31.31345060006521],[121.49221259963178,31.313469299668498],[121.49206240025967,31.31641150009068],[121.49191219998806,31.3187396002524],[121.49176199971657,31.32263490038042],[121.4916997000812,31.32488649971225],[121.49168690003046,31.325347699936458],[121.49172990021475,31.32549440004658],[121.4918479002605,31.32558599959424],[121.492032200126,31.325648399953764],[121.4923538003876,31.325800600317507],[121.49270259974526,31.325942300197028],[121.49295289995644,31.32609010017802],[121.49318899987247,31.32632839983586],[121.49345720018971,31.32659410003771],[121.49372539960757,31.326804900226023],[121.49406509962466,31.327010200160657],[121.49430059969302,31.32714789985573],[121.49443899995993,31.327221000348914],[121.4945207995953,31.327362600403717],[121.49451709978439,31.327555299937217],[121.4943917999417,31.327843799751633],[121.49389960008659,31.328776900333708],[121.49370689965372,31.329027900217454],[121.49340680038358,31.32968210034869],[121.49322630015365,31.329970699987882],[121.49305020030658,31.330101300434706],[121.4924642002627,31.33033900024469],[121.48919779963876,31.33215700044525],[121.48913349991119,31.332294399766795],[121.48913349991119,31.332441099876917],[121.48928370018268,31.332677400341822],[121.48926410035801,31.332804100428916],[121.48924749977232,31.332838299847708],[121.48967289978452,31.333311800099523],[121.49021229965797,31.33395559957131],[121.49201439984472,31.336279999922112],[121.49341550042504,31.338121600131785],[121.49592350006958,31.341269700336454],[121.49719529972333,31.34286599966623],[121.49958509967269,31.345953900152438],[121.50119820013686,31.34804300008443],[121.50465809979153,31.346552899896437],[121.50916989957125,31.344697700138795],[121.51327339994748,31.342786899795612],[121.51362239985394,31.343114100135665],[121.51592020005728,31.34568040013039],[121.51700030022369,31.345210099666417],[121.51847010001518,31.34455750032845],[121.51867549977453,31.344935700322367],[121.52105060030499,31.349095800430916],[121.51721800001076,31.350950599990256],[121.51243640001985,31.353704000339405],[121.50546679985302,31.35803720015673],[121.50276659979886,31.36053020000878],[121.50162679993696,31.3620123996526],[121.50066250007433,31.364138500391505],[121.50016270004858,31.36508919980679],[121.4992421998677,31.369183900316784],[121.49926849964163,31.37312119968368],[121.50027669990982,31.37764220042726],[121.50136380039908,31.380905600013477],[121.50477149980497,31.385273000148914],[121.51024140042034,31.389632499740117],[121.51188859957927,31.39070239979594],[121.5143193996206,31.391225000333577],[121.5171628814619,31.39306813658527],[121.51655070035463,31.393363400200826],[121.50975000006247,31.396510100161038],[121.50884999992763,31.396499999875118],[121.50884999992763,31.397010000011562],[121.50832769976364,31.39708900005735],[121.50804489985228,31.397987500123065],[121.50773499977049,31.39862540004225],[121.50750769972058,31.39893570032234],[121.50742659975788,31.399046399671647],[121.50713340008645,31.399538499702032],[121.50694970006862,31.39989130014345],[121.50668759985297,31.400201999722583],[121.50653169967825,31.400483799587732],[121.50640119995546,31.400698099937415],[121.50610879978137,31.401044200429567],[121.50561199989397,31.4016515998415],[121.50550389958539,31.40187860041715],[121.5052999998951,31.40241359990779],[121.50506620044484,31.402790500381343],[121.50490170005344,31.402957400163928],[121.50466229962547,31.40303669968398],[121.50396479983567,31.40382539972245],[121.50369560037177,31.40449740013497],[121.50352990028478,31.404882599552366],[121.50216519976425,31.4057368997382],[121.50079880042438,31.406642599776205],[121.4998373001514,31.405767000047092],[121.49978600012389,31.40580800013913],[121.49967550042402,31.405908399553027],[121.49996259999409,31.406258799703892],[121.49995349975427,31.406561900011752],[121.49965789979228,31.406841599959932],[121.49903720030659,31.40742950027129],[121.49820679960419,31.408204599862472],[121.49730020024413,31.40898390018691],[121.49631850029857,31.40984640039113],[121.49475750025852,31.411265699652347],[121.49433260026933,31.41162920022748],[121.49391149991584,31.4119963997141],[121.49367980038255,31.412331999722085],[121.4919835000386,31.413866600163544],[121.4911891000969,31.41463840014211],[121.4904251997632,31.415291299853664],[121.48983399983933,31.415824200326654],[121.48935340033927,31.41627509971613],[121.48900410005922,31.41645729966467],[121.48771240020722,31.416470099715355],[121.48637450038291,31.41664590008827],[121.48572430043623,31.416766300424456],[121.48478719966954,31.41698329963964],[121.48461280044046,31.417040099920712],[121.48454000032086,31.417040000095994],[121.48424009980079,31.41702999963485],[121.48389080042011,31.417139400363112],[121.48402220036428,31.41732670036697],[121.48404039994455,31.417480899923646],[121.48332380035322,31.4175551002877],[121.48300399963489,31.417583900176908],[121.48153000000957,31.417640099710866],[121.4814012000054,31.417721300397773],[121.48116080043064,31.4177381995583],[121.48001390042123,31.41779409961805],[121.4797118999843,31.417832099571797],[121.47586909957931,31.418028999838498],[121.47477139968044,31.418089699580037],[121.47413919966436,31.41812959980126],[121.47313010007417,31.418190099893252],[121.47272649962827,31.41820769962567],[121.47228740024343,31.41823019976397],[121.47156779961438,31.418330799726675],[121.46947440002361,31.41742649993307],[121.46927189967846,31.417783600033147],[121.47051109980748,31.418390100123077],[121.47098979993939,31.418582400357536],[121.47071999972832,31.418930000019543],[121.47003560036273,31.419898600440092],[121.47075479989417,31.420297099931247],[121.47158600009391,31.42079129987866],[121.4721799996073,31.421129900024937],[121.47265080009436,31.421349199705844],[121.47333260041921,31.421763699934843],[121.47425990037414,31.422439900181303],[121.47463090039582,31.422736099991084],[121.47414519994106,31.423333800214778],[121.47438999989868,31.423600000439706],[121.47438999989868,31.423860099663898],[121.47423010043883,31.424109899852056],[121.4735940998878,31.424672799909843],[121.4733840002715,31.424934300277812],[121.45195839986036,31.438963299716534],[121.44973000033929,31.437830000154463],[121.44179989994552,31.44557989979262],[121.44119999998009,31.445569900230737],[121.44133990031617,31.445830000354306],[121.44133990031617,31.446089999753724],[121.4410299004096,31.44634010031541],[121.44072999988964,31.446590000328285],[121.44043010026894,31.44684999972776],[121.44011989981357,31.44735990003943],[121.43980999973178,31.447609999701797],[121.43966009983376,31.44786000043871],[121.43906000021889,31.447990099963192],[121.43845989970464,31.448110100101076],[121.43830000024491,31.448620000412745],[121.43813990023625,31.449389999948608],[121.43723990010142,31.44924989996298],[121.43602999988468,31.449120099912705],[121.43619000006856,31.44936999992558],[121.43632009959299,31.449499999625345],[121.43722989964022,31.449630000224374],[121.43705000015746,31.45066009988375],[121.43677009966041,31.451170000195418],[121.43644989964321,31.45143010031893],[121.43615000002251,31.45167989960771],[121.43584000011595,31.451930000169398],[121.43584000011595,31.452189999568873],[121.4360411002167,31.45258249968265],[121.43585559975622,31.452962099921024],[121.43582000009303,31.453220100127567],[121.43596000025389,31.453730000439236],[121.43577010030992,31.45363999988615],[121.4356698996462,31.453469900315724],[121.43506999968076,31.453469900315724],[121.43496000000403,31.45361999986318],[121.43476009959898,31.45371999997809],[121.43476009959898,31.45398000027683],[121.43506000011894,31.45398000027683],[121.43516999979568,31.453809899807084],[121.43555989996946,31.453820000093003],[121.43566009973392,31.45423989985153],[121.43445989960469,31.454100100239486],[121.4341599999841,31.453840000115974],[121.43385999963937,31.453710000416265],[121.43385999963937,31.454479900127353],[121.4326501003219,31.45458989980409],[121.43234990032772,31.454849999927603],[121.4314401002805,31.45495999960434],[121.4314401002805,31.455479900377156],[121.43083000020442,31.455600000339814],[121.43053009968446,31.455850000177406],[121.42962000016291,31.45611010030092],[121.42901989964867,31.45634990002793],[121.42842010040738,31.456599999690297],[121.42752000044777,31.456710000266355],[121.42750999998657,31.457230099789342],[121.4269099003717,31.457349900277734],[121.42599989977566,31.457469900415617],[121.42599989977566,31.45798000037678],[121.4253900002484,31.458100100339436],[121.42449000011345,31.458349899628217],[121.42418999976871,31.4584698997661],[121.42418000020689,31.45899010001318],[121.42358000041679,31.459110100151065],[121.4226798995578,31.45923010028895],[121.42266989999598,31.459750000162444],[121.42205000000752,31.459859999839182],[121.42145989995447,31.46011010040087],[121.42116000033377,31.460239899551766],[121.42099990032523,31.460750000412247],[121.42069999980527,31.461000100074614],[121.42054010034542,31.46125989982454],[121.41993999983117,31.461379999787198],[121.41964010021047,31.46149999992508],[121.41962999992461,31.462019899798577],[121.41903000013451,31.46213989993646],[121.4181198997137,31.462380000037],[121.417820000093,31.462640000335796],[121.41751999974827,31.46275999957436],[121.41730499972607,31.462958800108595],[121.4168774997969,31.463162400324563],[121.4163000999697,31.463520000447716],[121.41570000035483,31.46363999968628],[121.41480000021988,31.463630000124454],[121.41449999987515,31.46401010038585],[121.41373999990117,31.464510000236373],[121.4137851998272,31.465164599666593],[121.41357429981417,31.465312299822813],[121.41309060035098,31.46609000025336],[121.41289529997812,31.466512599776706],[121.41271240035701,31.466717299863546],[121.4120399997463,31.467189999718755],[121.41142009975783,31.46782999955491],[121.41082999970479,31.46794999969279],[121.4097698995613,31.468579900142345],[121.40961999966328,31.46882999980471],[121.4090098995872,31.46896000040374],[121.40841010034592,31.469199999780244],[121.40810990035163,31.469460099903756],[121.40749000036328,31.469709900091857],[121.40720010030441,31.469959999754224],[121.40688989984903,31.470209999591873],[121.4062899998836,31.47046010015356],[121.40513890004024,31.471174199629672],[121.40476990011086,31.471469900315697],[121.4044699995909,31.471599900015406],[121.40352009967296,31.47467010004516],[121.40231009963145,31.47543000019442],[121.40212660016255,31.475737199612126],[121.40183810034807,31.475919799759026],[121.4001785004375,31.476925699561434],[121.39976989976117,31.47711000032632],[121.39837270043984,31.47786679961314],[121.39776990016082,31.477300000095],[121.39758000021686,31.477079999842147],[121.39748000010195,31.476910099921213],[121.39718009958199,31.476910099921213],[121.39718009958199,31.47715990010937],[121.39737000042521,31.477249899763137],[121.39762000026292,31.477680100356395],[121.39760999980172,31.47795000039224],[121.39746000007904,31.478450099892257],[121.39529400001811,31.47974200029313],[121.39501670036054,31.479953599978728],[121.39404419958021,31.47990480006655],[121.39103980024663,31.48172249989352],[121.39077739965728,31.48197259955589],[121.39043309960789,31.48223919997912],[121.37821739961339,31.489399100288324],[121.37849610041474,31.48976560010243],[121.37839439968184,31.489823000231354],[121.37800699962338,31.490041799889184],[121.37790379972068,31.49008759966307],[121.37762979967556,31.489733999724365],[121.37489790031793,31.491333499741245],[121.3751649000402,31.491744200334608],[121.37508430010041,31.491793000246787],[121.37485320041492,31.491933100232416],[121.37476700039679,31.491985299581984],[121.37445810036115,31.49157459988794],[121.37167280015967,31.493195099973946],[121.37193460000185,31.493574600387547],[121.37183800022365,31.493629200027613],[121.37153730020634,31.49379919977332],[121.37143720026666,31.4938558004049],[121.37116489994025,31.493514299945048],[121.37090379977064,31.493626799737058],[121.37020660035444,31.49381509978707],[121.36965129956786,31.493849800128203],[121.36914409992039,31.493843500377295],[121.36865140004215,31.49375459969508],[121.36806559964782,31.493585199797167],[121.36726649984917,31.493199299807884],[121.36688800038098,31.493207099628023],[121.36644129992612,31.493122299854292],[121.3660896002549,31.492918900187135],[121.3654394003081,31.493739699727428],[121.36553810000339,31.49414399984579],[121.36555650013247,31.494528999613692],[121.36542989987004,31.495016499611836],[121.36514609991264,31.495392599688785],[121.36461950008993,31.495960699626664],[121.36278540022613,31.497752900076307],[121.36233234606095,31.498182603344503],[121.36157859997252,31.498897499619943],[121.36087230031649,31.499481899769933],[121.3602032002176,31.5000421000629],[121.3593621002808,31.50052850019017],[121.35793639964515,31.50121949968019],[121.35720280016915,31.501556499932576],[121.35583360034047,31.502188199925513],[121.35480540004926,31.502559799794994],[121.3539105997944,31.50300640042508],[121.35347279992982,31.50307719955316],[121.35302470012982,31.503039800346585],[121.35287859986761,31.503265200128908],[121.35249279970299,31.503658100441044],[121.3518815997561,31.50390750043084],[121.35118739957886,31.504188200425176],[121.35052100014411,31.50442130020292],[121.34984649961632,31.504589399681095],[121.34862869975473,31.50487969993827],[121.34693290033317,31.50529659955845],[121.3458626999037,31.505577500101595],[121.34433759990043,31.50596080015083],[121.3424296000461,31.506437199816958],[121.34067760019116,31.506999800400536],[121.33942379956875,31.507432400385028],[121.33727349987214,31.50815900043756],[121.3366160001284,31.508346300441474],[121.33611529988127,31.508273799796086],[121.33578749969342,31.508147999930316],[121.33557349971727,31.50799450004621],[121.33533550043308,31.507609399554212],[121.3342292003174,31.506429900019896],[121.3334601001036,31.505651800290423],[121.33312230035392,31.505646700235104],[121.33286449979687,31.50577379962118],[121.33336329977658,31.506832899718574],[121.33394679970513,31.507962000346083],[121.33419979968107,31.508548299864174],[121.33425530044178,31.509036799908415],[121.33405339994454,31.50943180013752],[121.33354770036613,31.509846400191293],[121.33193225267144,31.510634521965642]]]}},{"type":"Feature","properties":{"district":"崇明区","district_en":"Chongming District","source_shape_id":"62558664B47664669283193"},"geometry":{"type":"MultiPolygon","coordinates":[[[[121.78960999970184,31.38119989955578],[121.78962000016293,31.38042990001992],[121.7899199996084,31.380300099969702],[121.79052010012254,31.38018009983182],[121.79066990019578,31.379669999870657],[121.79083000020444,31.379150000172444],[121.79022989969019,31.379150000172444],[121.79038999969885,31.378379999737263],[121.79054010014556,31.378250000037497],[121.79069000004358,31.378120000337788],[121.79099990012537,31.37736000036375],[121.79126000024883,31.376930000319305],[121.79145999957939,31.376720100352372],[121.79126999981065,31.376449999767715],[121.79176989966118,31.376209899667174],[121.79192000010801,31.376079899967465],[121.79206999983069,31.375950099917247],[121.7922198997287,31.375820000392764],[121.79237000017542,31.37570000025488],[121.79253010018408,31.375569999655795],[121.79284000026587,31.374800000119933],[121.79298990016378,31.374670000420224],[121.79313999971123,31.37455000028234],[121.79389989986055,31.373649900322675],[121.79440470011684,31.372504500382433],[121.79443579957251,31.37194709967895],[121.79513209966672,31.371202800069227],[121.79559660040286,31.371359899939478],[121.7961402999349,31.370738900080198],[121.79574000000105,31.370459999629304],[121.79559000027837,31.369940099755866],[121.79559999984019,31.3696900000935],[121.79589990036015,31.369170100220003],[121.79606000036881,31.368660000258842],[121.79682000034279,31.367639900161294],[121.79713000024935,31.36712999984968],[121.79730009981984,31.36662010043733],[121.79758999987871,31.36674989958823],[121.79788009958702,31.36688000001203],[121.79827680043411,31.36609289986751],[121.79806669991831,31.365431099565626],[121.79890360002116,31.364262399989798],[121.79866990039568,31.36380000007],[121.79902000017296,31.359950100416825],[121.79935999966426,31.356610100176056],[121.79960960020298,31.35303440021744],[121.79992379994349,31.35281489998772],[121.80021999975327,31.35269260028332],[121.80113370016022,31.35275999997407],[121.80116550018772,31.35269970043089],[121.8011839003168,31.352591199924007],[121.80120259992009,31.352481499721478],[121.80058000016697,31.352334400312373],[121.80045990020426,31.352380100261485],[121.79987009962542,31.35210999967677],[121.79956989963125,31.351840099640924],[121.79943010001921,31.350689999843667],[121.8001972001407,31.3427976997541],[121.8001464999611,31.33692039995657],[121.80021989992849,31.335789999808696],[121.8002299003897,31.33553000040922],[121.80054009994569,31.33450990031173],[121.80055990031917,31.33295989987954],[121.80101989994853,31.33244999956787],[121.80213259963978,31.33186510029418],[121.8024329003581,31.33178529985173],[121.80212529984283,31.330861699707725],[121.80248649995212,31.32952599962522],[121.80271000036623,31.328869999950598],[121.80286009991369,31.328739900426115],[121.80300989998693,31.32861990028823],[121.8033201004423,31.327590100103066],[121.80438999959881,31.32644000030581],[121.80454010004564,31.326320000167925],[121.80485000012743,31.325549999732743],[121.80569370000433,31.324734400072543],[121.80955989986956,31.32018999986866],[121.81031009993126,31.319679999732273],[121.81045990000439,31.319559999594333],[121.81122009962792,31.318920099582954],[121.8113700004252,31.31880010034439],[121.81304000009595,31.317399899985446],[121.81318999981875,31.317269900285737],[121.82069539987287,31.311531800252453],[121.82215000022245,31.310619900288202],[121.82224989961321,31.310780000296802],[121.82605989994454,31.308081900159607],[121.82846579955708,31.308061499938333],[121.83044539983541,31.308422200024552],[121.83096999956592,31.30842999984469],[121.83126999991066,31.30842999984469],[121.83156990043062,31.308440000305836],[121.83171999997808,31.308320000167953],[121.83175670041146,31.307813600017653],[121.83040000025983,31.306240100300442],[121.82980990020678,31.305460100303435],[121.82979019965808,31.305314800437714],[121.83709709955156,31.301196300269112],[121.83797270017999,31.301287999641545],[121.83719999998004,31.30038989977413],[121.83631389976676,31.299296500433172],[121.83582949973174,31.299528100141742],[121.83572569998114,31.299412299837797],[121.83614509971665,31.299165499788046],[121.83631069997887,31.299075799608545],[121.83819630041899,31.301273700421007],[121.83884999962788,31.30092009958298],[121.8389955000423,31.30077889972648],[121.8371941004275,31.298523400034924],[121.8377577001578,31.298166399759566],[121.8378695002773,31.298297299680712],[121.83739280023758,31.298599200292927],[121.8391253999173,31.300627599584118],[121.83945010014202,31.300540000220906],[121.83960000004004,31.30040999962182],[121.83974999976272,31.300279900097337],[121.83990010020955,31.300149900397628],[121.84021000029134,31.299640000086015],[121.84035990018936,31.299519999948075],[121.84126999971079,31.299269900285708],[121.84276000007401,31.299020100097607],[121.84366000020896,31.299030099659433],[121.84395999965432,31.299039899571767],[121.84411010010115,31.29891010042087],[121.84425990017428,31.298779999997066],[121.8454601003034,31.298530000159417],[121.84561000020142,31.298399999560388],[121.84561999976324,31.29814989989802],[121.84546990021579,31.29789000032332],[121.84606000026884,31.297770000185437],[121.84622010027749,31.29763999958635],[121.84636990035074,31.297509999886643],[121.8469800004267,31.297259900224276],[121.84757990039213,31.297140099735884],[121.84772999993959,31.296629999774723],[121.84803990002138,31.296120100362373],[121.84818999956883,31.29598999993857],[121.84879010008308,31.29598999993857],[121.84847690038873,31.295778000054725],[121.84816870002555,31.294784599929415],[121.84835509980803,31.295200399678777],[121.84997729961276,31.295259799899895],[121.8509110998674,31.29541150024062],[121.8512998003456,31.294927000380824],[121.85101240040206,31.295439499733163],[121.85185219991911,31.296288400389415],[121.85196829969732,31.296374499683452],[121.85244079990309,31.296570800102415],[121.85260480027137,31.29660889988088],[121.85291909983664,31.296659799710028],[121.85303919979924,31.29668780010195],[121.85314279990041,31.29675860012935],[121.85346080017587,31.297202799569618],[121.8538821001788,31.29668160017576],[121.85351830012951,31.29725590003983],[121.8538503001513,31.29769200018569],[121.85399440032143,31.29782979970554],[121.85414049968438,31.297913600332436],[121.85443969963251,31.29804889973701],[121.85484310042875,31.298267899943653],[121.85492850005028,31.29832110023864],[121.85499620011456,31.298374500183115],[121.85531609975828,31.298619099591804],[121.8556399995864,31.29863000027433],[121.8559845001846,31.298593899688797],[121.85639150006773,31.29859110009926],[121.8567117999097,31.298542400011797],[121.85710620029101,31.298571399550497],[121.85770610025634,31.29857060005321],[121.85836109988486,31.29851910037621],[121.85891040039473,31.29853360014556],[121.86088629996289,31.298484999882874],[121.86160210005698,31.298476899689206],[121.86177380042056,31.29841999958336],[121.86200919976477,31.298463599615502],[121.89631440038931,31.297842499931505],[121.91009060040096,31.349258500379563],[121.90986299997758,31.3493216004116],[121.90974399988579,31.349094800384762],[121.8760161999877,31.36081270044582],[121.87588680013573,31.36087709999822],[121.87566340044566,31.36121389970174],[121.8743500997773,31.36229990032018],[121.87404989978313,31.362429999844665],[121.87283989974162,31.36357000025538],[121.87252999965983,31.363699999955088],[121.87252999965983,31.36447000039027],[121.87192990004496,31.364339999791184],[121.87133000007952,31.364070099755338],[121.87103009955956,31.363809999631826],[121.87044000040578,31.36355000023235],[121.87014009988582,31.36329009975833],[121.8695109000081,31.363264399832246],[121.86743999965631,31.364040000345767],[121.86682989958024,31.364290100008134],[121.86503009985927,31.36505009998217],[121.86441000022137,31.365299900170328],[121.86413009972443,31.365429899870037],[121.86413009972443,31.365940099655916],[121.86351999964836,31.365930000269373],[121.86336010018852,31.366449999967585],[121.8632099997418,31.366710000266323],[121.86260990012681,31.36683010022898],[121.86170989999198,31.366819999943118],[121.86111000002654,31.366559999644323],[121.86081990031823,31.366419899658695],[121.85901010013606,31.36730990023176],[121.85840999962181,31.367299899770615],[121.85780990000694,31.3675500003323],[121.85749999992515,31.36768000003201],[121.85490769963064,31.36858989990401],[121.85329000003355,31.369309899832047],[121.85298999968882,31.36944000025585],[121.85147990037717,31.370070100354894],[121.85117999985721,31.370319899643732],[121.85058989980405,31.370579999767244],[121.8499699998157,31.37083010032893],[121.849670100195,31.37082000004301],[121.84846990006588,31.371330000179398],[121.84666000005905,31.372079899867515],[121.84636990035074,31.372339999991084],[121.8457599999241,31.372589999828676],[121.84514989984802,31.372840100390363],[121.84455009970736,31.37296990044058],[121.84455009970736,31.37348000040174],[121.84335010012705,31.373599999640305],[121.84303989967168,31.37385010020199],[121.84245009999222,31.373840099740846],[121.84214989999793,31.373710000216363],[121.84212989997502,31.374229999914633],[121.84153999957141,31.374350000052516],[121.8409399997812,31.37459999989011],[121.84062999987464,31.374859900364186],[121.84033010025394,31.374859900364186],[121.84003989982159,31.374859900364186],[121.8397299997398,31.375110000026552],[121.83943000029433,31.375359999864145],[121.83763000002455,31.37560000013997],[121.83734009996567,31.37560000013997],[121.8367299998896,31.375589999678766],[121.83553000030929,31.37584010024051],[121.83523009978933,31.375969900290727],[121.83523009978933,31.37545000041723],[121.83463000017446,31.375569999655795],[121.83402989966021,31.375569999655795],[121.83312990042464,31.37556000009397],[121.83223009993924,31.375549999632824],[121.83194000023093,31.375549999632824],[121.83134010026549,31.375539900246224],[121.83073999975124,31.375539900246224],[121.83044010013055,31.37566000020888],[121.83044010013055,31.37513999961135],[121.83013990013637,31.375280099596978],[121.8298399996163,31.37540009973486],[121.82983000005447,31.375919999608357],[121.82952999970973,31.375780000346765],[121.82804000024589,31.375769900060902],[121.82652999985964,31.376010000161443],[121.82502990010983,31.376259999999036],[121.82472999958986,31.376510099661402],[121.82412989997499,31.376510099661402],[121.82383000035429,31.376500100099577],[121.82262000031278,31.377140000110955],[121.82201989979865,31.37726000024884],[121.82141999983321,31.377510099911206],[121.82080719999237,31.377869299928307],[121.82026010012362,31.378231099885397],[121.81976010044832,31.37890999989662],[121.81944989999295,31.37915999973427],[121.81915000037225,31.379680000331803],[121.81885000002751,31.379930000169452],[121.81854009994572,31.38018009983182],[121.81839000039827,31.38044000030584],[121.81778989988402,31.380309899882036],[121.81659000012849,31.380290100407876],[121.81628999978375,31.380549900157803],[121.8150901000281,31.38067000012046],[121.81493000001956,31.38118010008162],[121.81478010012154,31.381429900269723],[121.81357989999242,31.38129009975836],[121.81328000037183,31.38129009975836],[121.81267989985759,31.38129009975836],[121.81148999966376,31.381020000073022],[121.80999009956349,31.381000000049994],[121.80938999994862,31.381269999910614],[121.80909010032792,31.381249999887643],[121.80848999981367,31.381249999887643],[121.80817999990711,31.38150010044933],[121.8069900997134,31.38149000016341],[121.80668989971912,31.38149000016341],[121.80577990002246,31.381740099825777],[121.80518000005702,31.38197989955279],[121.80427000036025,31.38197989955279],[121.80398010030149,31.38171999997809],[121.80339000024833,31.381710000416263],[121.80158999997855,31.381950099617427],[121.80068999984371,31.381950099617427],[121.80039000039824,31.381940000230884],[121.80008010031645,31.382199899805585],[121.7994799998022,31.38219009989325],[121.79828999978372,31.382180100331425],[121.79763200001685,31.38228419955624],[121.79588989989907,31.38215999958436],[121.79559000027837,31.381900000184885],[121.79528999993363,31.38176989976114],[121.79530010021949,31.381000000049994],[121.79469999970524,31.381109999726732],[121.79440000025988,31.381370000025527],[121.79350999968676,31.381620099687893],[121.79319010004315,31.381879900337196],[121.79169000029333,31.382120000437737],[121.79138999994859,31.382120000437737],[121.79050000027485,31.38185010040189],[121.7898998997606,31.38171999997809],[121.78991000004658,31.38119989955578],[121.78960999970184,31.38119989955578]]],[[[121.27639590035062,31.696461500198154],[121.2768890004271,31.695476800114307],[121.27722599978017,31.695207499926255],[121.27746090000062,31.69484260000604],[121.27875769990794,31.694773100398322],[121.28098370003784,31.694555899735064],[121.28248470000892,31.69503369964559],[121.28263790041888,31.69596339989107],[121.28250520005497,31.696849599929124],[121.28193329958219,31.69760540006922],[121.28085099967393,31.69790080038166],[121.27955419976661,31.698509000190256],[121.27761399968642,31.69986430009743],[121.27709330031564,31.7001162002025],[121.2770728002696,31.699899000438563],[121.27722599978017,31.699560199743473],[121.27725660011208,31.69897810005932],[121.27718520023689,31.69855239967353],[121.2770728002696,31.698717499912732],[121.27706260015896,31.699560199743473],[121.27651119973211,31.70050720024716],[121.27447919955546,31.701775499739597],[121.27367249958627,31.70260090021145],[121.27330489990129,31.703061300038996],[121.27263100012067,31.703747599672056],[121.27254930031006,31.704303600131084],[121.27100740007154,31.705250499910676],[121.26903670038348,31.706953199830366],[121.26641240041204,31.709177100043178],[121.26529940034709,31.710289000237196],[121.26440079955728,31.711270600357977],[121.26240969964795,31.713381400031665],[121.2616948996,31.713945999808118],[121.2615621003107,31.713120799885075],[121.261398799615,31.713094799585406],[121.26158260035675,31.713789700334473],[121.26148050032486,31.714041600439543],[121.26052059994583,31.71511000042625],[121.25822310011608,31.716499800125746],[121.25511890031703,31.718089400405574],[121.25428160001593,31.718480199901364],[121.25269890023412,31.71921859995848],[121.2496560000244,31.720095799581543],[121.24561239989237,31.72050409988435],[121.24307999984217,31.720764600206167],[121.23870959956844,31.720443300318095],[121.23679000025834,31.71976579965201],[121.23603429994307,31.71859319971645],[121.2362896003848,31.71788959982524],[121.23638150030604,31.717272899624675],[121.2376578999922,31.716352199794244],[121.23835229981887,31.716560599691945],[121.23878110016767,31.717785399876334],[121.23950610032637,31.718375999952514],[121.24035359983884,31.718549700408403],[121.24242650028282,31.718714799748284],[121.24167089979221,31.718567099592008],[121.23980220031137,31.718202300395888],[121.23915889996329,31.71762029963719],[121.23893429967825,31.716925399787442],[121.23850540040394,31.715500899746758],[121.23874029972512,31.714884200445567],[121.23869940035706,31.713833099817748],[121.23927129993058,31.713789700334473],[121.23943459972702,31.713355399731938],[121.24137469998243,31.709950200441426],[121.24196699977733,31.709177100043178],[121.24302900018824,31.708012999600328],[121.24561239989237,31.705024600105276],[121.24643950008294,31.70463369988539],[121.24667429957935,31.704338299572896],[121.24663350003607,31.703990899560438],[121.24630669989438,31.703930000169407],[121.25061579967951,31.70186240032956],[121.2529234996199,31.701280399570862],[121.25367919993516,31.70096760007476],[121.25421010031596,31.70080249983556],[121.25454709966903,31.700594000113085],[121.25707949971923,31.69955149970201],[121.25953010013404,31.69886520006895],[121.26009169977215,31.698613200139107],[121.26091879996272,31.698569799756513],[121.26166430016735,31.698048499638617],[121.26226670024812,31.698005100155285],[121.26317550024919,31.697327399839708],[121.26689240006431,31.696545499575222],[121.2683934000354,31.69594599980809],[121.26866909979913,31.696571499874892],[121.268873299863,31.69652810039156],[121.26858739998863,31.69587650020037],[121.26909799997281,31.69563320031199],[121.2703845997695,31.694825199923116],[121.27192640018325,31.69442559966177],[121.2737950996642,31.694182299773388],[121.27538799955664,31.694208399897775],[121.27641929981087,31.69441689962025],[121.27697070023771,31.694303899805163],[121.277083100205,31.69452979961062],[121.27687880031647,31.694668799725378],[121.27675630006331,31.695085899894423],[121.27639590035062,31.696461500198154]]],[[[121.50817820006398,31.48949140040787],[121.50855270024704,31.4870162997625],[121.51051889972746,31.483902399875888],[121.51168920009661,31.482445199586323],[121.51395969958048,31.481067899563982],[121.51536409977348,31.48000990023678],[121.51613649959984,31.47989009974833],[121.51854750016707,31.478452900381114],[121.51999870017994,31.478073599617005],[121.5213797000132,31.47761440038431],[121.52645899988295,31.475298799899747],[121.53123399974936,31.473701700173365],[121.5339491995959,31.472104600446983],[121.53633669997873,31.470287899766788],[121.54291410040548,31.46571600009338],[121.54668259972232,31.463240299600216],[121.54766569991216,31.462122300204044],[121.54914030028465,31.46080450022754],[121.55653690035774,31.45287759962156],[121.56110129968533,31.44882409975247],[121.56224819969475,31.44748619992822],[121.56369950043165,31.446208200348224],[121.56475279990184,31.44473050001261],[121.56774890029158,31.44229409989282],[121.56891919976135,31.44327269987525],[121.5691532995852,31.443032999973013],[121.5685446995783,31.441774899691893],[121.57102579960099,31.440237200186687],[121.57104919996073,31.439238700006058],[121.57322540013217,31.43902999973477],[121.57511089984826,31.439111099697527],[121.57600019984943,31.437299999995048],[121.57708299978071,31.436774300393722],[121.57893840008717,31.43692590001035],[121.57963670027357,31.437480600049696],[121.58116180027696,31.43636700013701],[121.58228529992675,31.436414399804733],[121.58351990002348,31.43551100023251],[121.58436819993256,31.43527200000284],[121.58474770034616,31.434454800448748],[121.58682360002922,31.433756299713536],[121.5901664996843,31.433897600294074],[121.59126020029805,31.432857000150477],[121.59170699967831,31.431750100187003],[121.59185719994991,31.430904300393195],[121.59182000039277,31.430600000389745],[121.59197009994023,31.430469999790716],[121.59255989961969,31.43022009977784],[121.59347999960232,31.429980100401337],[121.59468000008201,31.42972999983965],[121.5952799998721,31.42948000000206],[121.59619010029292,31.429239899901518],[121.59633990036616,31.42910990020181],[121.59648999991362,31.428980100151534],[121.59709010042786,31.428720000028022],[121.59739000004856,31.428720000028022],[121.5982900001834,31.428999899625694],[121.59858999962887,31.428999899625694],[121.59874010007559,31.428880100036622],[121.59888990014883,31.428750100336913],[121.59903999969629,31.42861999991311],[121.59920009970494,31.428499999775227],[121.60040000035974,31.428249999937577],[121.60189989956075,31.428009899837036],[121.602500000075,31.42801990029824],[121.60310009968987,31.42828000042175],[121.60369000009348,31.42842010040738],[121.60354990010785,31.42816000028381],[121.60354990010785,31.4278999001603],[121.6036999996553,31.427779900022415],[121.60430010016955,31.427779900022415],[121.6044499002428,31.427909899722124],[121.60459999979025,31.428040000145927],[121.60508010016656,31.428260000398723],[121.60517999955744,31.429210099966213],[121.60547999990217,31.42908000044173],[121.60562999962485,31.428949999842644],[121.60564009991072,31.42870000000505],[121.60549999992509,31.42818000030684],[121.60530010041941,31.42809009957847],[121.60521009986633,31.427149999572862],[121.60610010043933,31.427030000334298],[121.60625999989918,31.426899899910495],[121.60642009990772,31.42677989977261],[121.60656989998097,31.426650099722394],[121.60672999998962,31.426139999761233],[121.60763000012446,31.426019899798575],[121.6082299000899,31.425770099610475],[121.60837999963735,31.42564009991071],[121.60853010008407,31.425510000386282],[121.60869000044318,31.425390000248342],[121.60884000016597,31.425259999649313],[121.61003000018445,31.42514000041075],[121.60989989976065,31.424889899849063],[121.60989989976065,31.424630000274362],[121.61005000020737,31.424499999675277],[121.61020009975482,31.424380000436713],[121.61034989982807,31.424249999837684],[121.61095999990414,31.423999900175318],[121.61155989986958,31.42375009998716],[121.61216000038382,31.423500000324793],[121.61335999996413,31.42338000018691],[121.61337000042522,31.42287009987524],[121.61426999966079,31.422750099737357],[121.61487010017504,31.4226299997747],[121.61488009973687,31.42210990025177],[121.61577990022226,31.42199009976332],[121.61637999983714,31.421870099625437],[121.61639000029834,31.421359999664332],[121.61699009991321,31.42122990013985],[121.61713999981123,31.42110990000191],[121.61729999999511,31.42098009995169],[121.61744989989302,31.420850000427208],[121.61760000033985,31.420339899566784],[121.61790990042164,31.42046999999053],[121.61820009995472,31.420479999552413],[121.61879990009538,31.42034990002793],[121.61896000010404,31.41983999971626],[121.61910990000194,31.41971000001655],[121.61926000044878,31.419589999878667],[121.61942009955806,31.419459900354184],[121.61956989963119,31.4193298997551],[121.61972000007802,31.419210100166026],[121.61987009962547,31.419080099566997],[121.62001989969872,31.418950000042514],[121.62017999970726,31.418820000342805],[121.62033010015409,31.41870000020492],[121.62093000011953,31.41844989964318],[121.62264600011292,31.41713600002646],[121.62309230036942,31.41658659969187],[121.62353859972666,31.416139800311612],[121.62457719977806,31.415758899653554],[121.62574450000875,31.41558310017996],[121.627409600173,31.414667500404846],[121.62765850013977,31.41444040000448],[121.62789019967306,31.41381780025131],[121.62812199993039,31.413957000015614],[121.62928069994439,31.413502800114202],[121.63055959974577,31.412960800300766],[121.63098869956889,31.412887500158035],[121.63170970044234,31.413143899571367],[121.6329112999166,31.414264599631622],[121.6337954000378,31.4154147003282],[121.63401860007843,31.415480599949774],[121.63395690029074,31.415253799922993],[121.63372169969671,31.415005599628785],[121.63277849972803,31.41358089993861],[121.63327219965231,31.413250900009075],[121.63282550009683,31.412740999697405],[121.63231909994659,31.41302669992234],[121.63166680008283,31.412264900404864],[121.63203589983698,31.411949900267757],[121.63382970018063,31.410602099807136],[121.6348253998724,31.409774299944047],[121.63508290005586,31.409613199889293],[121.63572430013642,31.40930729999195],[121.63526450015661,31.408732000081784],[121.64016620011012,31.405937599640538],[121.63936089049275,31.404784690361225],[121.64018570011001,31.404339999891135],[121.64033590038161,31.404491100384007],[121.64046640010429,31.404428799849313],[121.64118349971875,31.405455800444884],[121.64357519993564,31.404112099993483],[121.64383711309233,31.40395733656186],[121.64384960017901,31.40397369972652],[121.64436683266331,31.40364432752375],[121.64899900040359,31.400907200407005],[121.650632400365,31.39978419988097],[121.65071057932983,31.399552632548023],[121.65090600021176,31.399422499748596],[121.65081109385699,31.399254910186016],[121.65089203823709,31.399015151827825],[121.65333919964439,31.39774659962592],[121.65328978639457,31.397679992237897],[121.65334639961668,31.397655099902977],[121.65341990210686,31.397638168366825],[121.65343220033583,31.397655099902977],[121.65366690000747,31.398001800242923],[121.65634119958679,31.397010400209865],[121.65708976647966,31.396616491757754],[121.65721000044118,31.396590000428205],[121.65722485904007,31.3965454039473],[121.65739779956891,31.39645439975078],[121.65731042053949,31.396288620523478],[121.65737990036223,31.396080100116592],[121.65749263217924,31.395982388776247],[121.65757563151021,31.395940875171277],[121.65813010042382,31.395829999554905],[121.65813332898995,31.39566193335162],[121.66082209956028,31.394317099754403],[121.6604877846836,31.393780905064773],[121.66065207553288,31.393677128696595],[121.66125830043029,31.39459869997006],[121.6626500003972,31.393950000092502],[121.66271904494806,31.393890200572343],[121.66513499988037,31.39271840013413],[121.66488090003361,31.392370500098536],[121.66568109790444,31.39197315263891],[121.66568009965692,31.39204999970775],[121.66598000017689,31.392060000168897],[121.66606107675739,31.391784469477727],[121.66831395132783,31.39066577850292],[121.66862353304964,31.39066925258402],[121.66877539976497,31.390898999689114],[121.66985359966395,31.39034679976504],[121.67342530033739,31.38820620015605],[121.67333819200405,31.38809671938816],[121.67371840018404,31.387890199972787],[121.67402554204523,31.38767186976105],[121.67465819981612,31.387261900316503],[121.67463510882328,31.387238561110735],[121.67487279964007,31.387069600082043],[121.6746969003417,31.386904800216428],[121.6751606888148,31.38657817094588],[121.67532190038548,31.386766499774183],[121.67555739415843,31.386618710585083],[121.67557400014005,31.386633699585616],[121.67633971710427,31.386127748197055],[121.6777926995735,31.38521590039352],[121.67970940036855,31.383919800158708],[121.67988240025261,31.383802200311322],[121.68016460031606,31.383607099588005],[121.68024559955484,31.383554699689682],[121.68106499974999,31.38300850004231],[121.68162720013527,31.384031600278206],[121.68211999983816,31.38476989961123],[121.68225010026197,31.38553990004641],[121.68244999976775,31.385620099787843],[121.68254000032084,31.386569999705785],[121.68270969969296,31.386575499959406],[121.6828500002274,31.38658000016693],[121.6828500002274,31.385549899608236],[121.6826599995594,31.385459999779243],[121.6824200001829,31.384510099861245],[121.68244000020593,31.382970099890258],[121.68275000011249,31.382459999929097],[121.68290009965995,31.382330000229388],[121.68304989973319,31.38220990026673],[121.68333840044693,31.38198060012462],[121.68358650001699,31.381731200134823],[121.68381010025598,31.38157000025535],[121.683960000154,31.38143989983155],[121.68424980038799,31.381199299707987],[121.68438499996785,31.38094669993029],[121.68492310032093,31.38043769984],[121.6851671997066,31.380154399905678],[121.68547010036491,31.380170100269936],[121.68562999982464,31.380050000307335],[121.68682989958029,31.37981000003151],[121.686980000027,31.379680000331803],[121.68713009957446,31.379549899908],[121.6872798996477,31.37941990020829],[121.68743999965636,31.379290100158073],[121.68759010010308,31.379170100020133],[121.6877400000011,31.37903999959633],[121.68864000013593,31.37878000019691],[121.6895499998327,31.37853990009637],[121.69014009988575,31.378419899958487],[121.69031308448132,31.378135516341047],[121.69088130043178,31.377834399937683],[121.69069019989286,31.377366099565904],[121.6908440001506,31.377296599958186],[121.69259840029599,31.376484999583113],[121.6927663999495,31.37640899967562],[121.69329209955083,31.37616030025771],[121.69436120010937,31.3757119999089],[121.69450349983674,31.375647700181275],[121.6962281998716,31.374896599898193],[121.69639099964502,31.37482300028131],[121.69811548024529,31.374094160916854],[121.69843999970624,31.374390099923232],[121.69859010015307,31.374280100246494],[121.6991900001185,31.374280100246494],[121.69949010028802,31.374280100246494],[121.69964000018592,31.37414999982269],[121.69980010019458,31.374020000122982],[121.70070010032941,31.373770000285333],[121.70160009956498,31.373520100272458],[121.70175000036227,31.37339009967343],[121.70190000008495,31.37326999971077],[121.7024901001381,31.373149999572888],[121.70250989961221,31.372630099699393],[121.70311000012646,31.37251009956151],[121.70430999970677,31.372270000360288],[121.70447009971542,31.37213999976126],[121.70461989978855,31.372010000061493],[121.70582009991779,31.371769999785727],[121.70641999988311,31.37166000010899],[121.70640378330802,31.370765413892798],[121.70649820043161,31.37079239984945],[121.70789870026488,31.370062900382607],[121.7079097763152,31.369957152700465],[121.70796840042135,31.369930200018757],[121.70798109974805,31.36927620043633],[121.71022509980855,31.368155700025568],[121.71149989960077,31.372469999690793],[121.71156969958201,31.372469999690793],[121.71179999977028,31.372469999690793],[121.71185720024971,31.37245859988451],[121.71159739960035,31.371463000017513],[121.71157845628079,31.371450690996653],[121.71151989962368,31.37067000032033],[121.71138989992403,31.370409900196762],[121.71079650025831,31.367882799851373],[121.71177849967808,31.36730490000116],[121.71232999992958,31.36707990041714],[121.71248010037641,31.366950100366864],[121.71255601844553,31.366884165671763],[121.71259549958268,31.366861000035158],[121.71269310030641,31.366806699869358],[121.71370810034864,31.366271700378718],[121.71381440021446,31.366213999876265],[121.71489899968913,31.36562510041813],[121.71499930017762,31.365571699574332],[121.71678450030447,31.364602900403554],[121.7168739001105,31.36454889971202],[121.71783140019897,31.364037000207418],[121.71885889991836,31.363487800421694],[121.72051890002729,31.36245119956328],[121.72050190733717,31.36234763723371],[121.7245663033923,31.359894869452717],[121.72479340019538,31.359961600047882],[121.72595039959128,31.35905959982074],[121.73289069984594,31.353996100139966],[121.73505700028045,31.35234759966204],[121.73447140043481,31.351859099617798],[121.7398782999436,31.3469572000148],[121.74139360003471,31.344668699700776],[121.74341480025294,31.34631129972678],[121.74317019994487,31.346487399573903],[121.74246729972617,31.346183099570453],[121.74189909996358,31.346742399642096],[121.74451850042851,31.348938300362306],[121.74526000044875,31.348280299696114],[121.74640600023679,31.349193199706463],[121.74773489964593,31.348008899591093],[121.7445088003409,31.34536070013627],[121.74370949999354,31.346026899921526],[121.74153310017255,31.34427499989141],[121.74197609991711,31.343880200211117],[121.74257320029301,31.34437369958664],[121.7468156000599,31.340199699556536],[121.74789000032331,31.34029990022026],[121.74818989994401,31.34030999960686],[121.74909989964067,31.340569999905597],[121.74928010039639,31.34079000015845],[121.74937999978727,31.340959900079383],[121.74997989975259,31.34096989964121],[121.74997989975259,31.340710099891226],[121.74949000036327,31.340619899688647],[121.74953990014637,31.3401898996442],[121.74955000043224,31.33968000023185],[121.7492500000875,31.339160100358413],[121.74910999992665,31.3389000002349],[121.74970999971674,31.338909999796726],[121.74955999999406,31.33865000039725],[121.74955999999406,31.33838990027374],[121.74956999955589,31.337619899838558],[121.74942989957026,31.337360000263857],[121.75003000008451,31.337240000125973],[121.75018009963196,31.337110000426208],[121.75018990044362,31.336339999991083],[121.75018990044362,31.336079899867514],[121.75050009999973,31.3355699995559],[121.75081000008151,31.33505989959474],[121.75096009962897,31.33493010044384],[121.75111000042625,31.334820099867784],[121.75140990004695,31.334289900058877],[121.75142990006987,31.333270100334914],[121.75142990006987,31.333010000211402],[121.75157999961732,31.332879999612317],[121.75173010006415,31.332760000373753],[121.75204000014594,31.33198999993857],[121.7523500000525,31.33148009962696],[121.75265999995906,31.330959900279254],[121.75296990004097,31.330200000129935],[121.75311999958842,31.33006989970613],[121.75431990024322,31.32994989956825],[121.75446999979067,31.329440000155955],[121.7546201002375,31.32930999955687],[121.75612000033777,31.32932999957984],[121.75672000012798,31.329460000178926],[121.75657999996713,31.328949900217765],[121.75628010034643,31.328689999743744],[121.75598989991397,31.32843000034427],[121.75598989991397,31.327909999746737],[121.75630010036934,31.327399899785576],[121.75645000026736,31.327270099735358],[121.75659999999004,31.327150099597475],[121.75674989988806,31.32702000007299],[121.75735000040231,31.326899999935108],[121.75751010041085,31.326380100061613],[121.75781999959338,31.32587000010045],[121.75781999959338,31.325619900438085],[121.75781999959338,31.32536009978884],[121.75796990039066,31.325230000264355],[121.7581300003992,31.325099999665326],[121.75828009994677,31.324980000426706],[121.75857999956736,31.324980000426706],[121.75887990008744,31.32511000012647],[121.75902999963489,31.324600099814802],[121.75934000044072,31.32408999985364],[121.75963990006142,31.323580100441347],[121.75980000006996,31.32345999957937],[121.75995009961741,31.323320000317835],[121.76025000013749,31.322810100006166],[121.76025999969931,31.322549999882654],[121.76025999969931,31.322300000045004],[121.76041010014603,31.3221698996212],[121.76056000004405,31.322040099570984],[121.76070999976673,31.321910099871275],[121.76130989973217,31.32192010033242],[121.76252990023477,31.32078000009699],[121.76411639965215,31.319967700049347],[121.76922009992768,31.31831480008799],[121.77310240035558,31.317178200013984],[121.77633440011255,31.316731000435368],[121.77837460030764,31.317168800299953],[121.78326350021041,31.31885500035804],[121.78320009980484,31.320330000029514],[121.78334999970275,31.32045999972928],[121.78348999986372,31.320969999865667],[121.78409010037785,31.321110000026522],[121.7846799998822,31.321370100150034],[121.78482999960488,31.32149990020031],[121.7849801000516,31.321629999724735],[121.78512999994962,31.32176000032382],[121.78542009965793,31.322279900197316],[121.78556999955595,31.322409999721742],[121.78572000017789,31.322540000320828],[121.78586010016352,31.322670000020537],[121.78600990023676,31.32280010044434],[121.78630009976985,31.32382989973013],[121.78644989984309,31.323959900329214],[121.78658999982872,31.32408999985364],[121.78658999982872,31.324600099814802],[121.78643010036888,31.324860000288822],[121.78554009979587,31.32484990000296],[121.78553010023404,31.325370100249984],[121.78643010036888,31.3252501001121],[121.78703000033431,31.3252501001121],[121.78718000005699,31.32538009981181],[121.78731990039319,31.325509899862027],[121.78746999994064,31.325629999824685],[121.7876100001015,31.326409999821692],[121.78820990006693,31.326420000282837],[121.78806000016891,31.326679999682312],[121.78804999970782,31.3271899998187],[121.78804999970782,31.327450000117437],[121.788040000146,31.32848009977681],[121.7880299996848,31.32872989996497],[121.7880299996848,31.328979999627336],[121.78818000030685,31.32911999978819],[121.78832010029248,31.329250100211993],[121.78831009983128,31.33001999992308],[121.7880098998371,31.330270099585505],[121.7880098998371,31.330790000358263],[121.78799990027528,31.331559999894125],[121.78769000019338,31.332839899741657],[121.78765989988449,31.33438990017379],[121.78794999959291,31.335160100258463],[121.78794000003109,31.335669999670813],[121.78792999956988,31.336710099791333],[121.78792999956988,31.336959899979433],[121.78761999966332,31.337729900414615],[121.7876100001015,31.338240000375777],[121.78759999964029,31.33900999991164],[121.7873001000197,31.33927010003515],[121.78728999973373,31.33951990022325],[121.7872800001719,31.34029990022026],[121.78713000044922,31.341079900217267],[121.78653009958452,31.341059900194296],[121.78666990009583,31.341320000317808],[121.78695999980425,31.342350000152464],[121.78695999980425,31.342610100275976],[121.7869300002194,31.34491999995811],[121.78707000038025,31.34517990043213],[121.78646999969078,31.345170099620475],[121.78662000031284,31.345430000094495],[121.78660999985163,31.345949899967934],[121.78660000028981,31.346720100052607],[121.78660000028981,31.347230000364277],[121.7865800002669,31.34826010002365],[121.7865800002669,31.348519899773635],[121.78627000036033,31.349539999871126],[121.78625999989913,31.34980000016992],[121.78622989959024,31.35210999967677],[121.78622989959024,31.352629900449585],[121.78650999973672,31.35417010007012],[121.7865000001749,31.35442999964482],[121.78617999980725,31.356229999914603],[121.78617000024542,31.357000000349785],[121.78617000024542,31.35725999974926],[121.78615000022239,31.35854000032083],[121.78615000022239,31.358799999720247],[121.7858200002928,31.36084990000296],[121.78552009977284,31.361110000126473],[121.78552009977284,31.361359999964066],[121.78551000038624,31.362130000399247],[121.78519009984325,31.36316010005862],[121.78487990028725,31.36394010005563],[121.78487990028725,31.36418990024373],[121.78487010037486,31.36470000020489],[121.78457000020546,31.36521000034128],[121.78455989991949,31.365469999740753],[121.78455989991949,31.365979900052423],[121.7842499998377,31.36674989958823],[121.78393999993114,31.36751990002341],[121.78363009984935,31.36802999998457],[121.78348000030178,31.368290100108084],[121.78307429993902,31.369098599620713],[121.78066039995758,31.37250289958922],[121.77869909998356,31.374987099575037],[121.77697489997172,31.377158400240035],[121.77585419991146,31.379127199660616],[121.77111269979127,31.384518299879687],[121.76949619988977,31.386339800241615],[121.76542279982243,31.389246800299645],[121.76197439979876,31.390976200191517],[121.75128439965533,31.396366599838757],[121.74908610044326,31.397507200097266],[121.74863350043574,31.397875100155773],[121.73923660038884,31.40289730027024],[121.73447350035178,31.405435800421913],[121.72494730027779,31.408783700307595],[121.72423610021588,31.408636500174396],[121.7227921001753,31.408783700307595],[121.72190840025257,31.40972180022095],[121.7202058001576,31.41023679968862],[121.71786170015741,31.41088379984751],[121.72190359967146,31.421843200003707],[121.72204419968011,31.423470800237283],[121.72154200026318,31.42472440031088],[121.71930689989358,31.426369000429077],[121.69019929955812,31.444646700285034],[121.68808969958002,31.4459299995699],[121.67593940008328,31.452560700116294],[121.60008340032869,31.486724600160244],[121.59317919976036,31.48873939990341],[121.58858100031296,31.48951129970675],[121.58361189976938,31.48990360017109],[121.56555699975581,31.4902644999068],[121.54989549967763,31.491365899616653],[121.54907010010515,31.491646999809234],[121.54653489956604,31.491453700427996],[121.54651879990274,31.490788700338328],[121.54598040007545,31.49082870038427],[121.5450182001299,31.49113739987115],[121.5446165997763,31.491641200081347],[121.52908219998358,31.49336750001015],[121.52837840044288,31.493483300314097],[121.51906239980997,31.493842500331198],[121.51648760032253,31.494141899928763],[121.51391289976061,31.493662900322647],[121.5110103999101,31.49330359958151],[121.50958260025686,31.49262499994387],[121.50850590042705,31.49124779974619],[121.50817820006398,31.48949140040787]]],[[[121.38962904904145,31.823842512621923],[121.38880000002007,31.824000099924717],[121.3881999004052,31.824249900112875],[121.38758999997856,31.82449999977524],[121.38729010035786,31.82449999977524],[121.38698990036369,31.824359899789613],[121.38697989990249,31.824880100036637],[121.38639000039825,31.82500010017452],[121.38607009985526,31.825249900362678],[121.38576989986109,31.825249900362678],[121.38547000024039,31.825239899901533],[121.38516000033383,31.825500000025045],[121.38426000019888,31.82574000030081],[121.3836499001228,31.825990099963178],[121.38303999969628,31.826230100239002],[121.38243990008141,31.82635990028922],[121.3824599999291,31.82584999997755],[121.38213999956145,31.82597000011549],[121.37303999989615,31.830230100338895],[121.37242989982008,31.830479899627733],[121.37183009967941,31.83073000018942],[121.37090999969678,31.830969999565866],[121.3703099000819,31.831220100127553],[121.37000000000012,31.83146990031571],[121.36940010003468,31.831719999978077],[121.36908989957931,31.831980000276815],[121.36878000039678,31.83223009993924],[121.36848000005205,31.83247990012734],[121.36757000035527,31.832729999789706],[121.36727009983531,31.832979999627355],[121.36696009992875,31.833220099727896],[121.36636000031388,31.83335990023926],[121.36619990030522,31.83387000020042],[121.36589000022343,31.834380000336807],[121.36558000031687,31.8346300001744],[121.36528009979679,31.834880099836766],[121.36191000014651,31.83792989964519],[121.3616001000646,31.83816999974573],[121.36144000005606,31.838949999742738],[121.36083009962942,31.83906999988062],[121.36023000001455,31.83931999971827],[121.35992999966982,31.839310000156445],[121.35962990039968,31.839310000156445],[121.35932000031778,31.83956009981881],[121.35899999995013,31.839819899568738],[121.35871009989125,31.840079999692307],[121.35809999981518,31.840319999968074],[121.35718990029375,31.840560100068615],[121.35659000032831,31.840560100068615],[121.3562899001588,31.84055009960747],[121.35598999963884,31.840809900256716],[121.35567999973227,31.84105999991914],[121.3550698996562,31.84130999975673],[121.3547700000355,31.841560100318418],[121.35446000012894,31.841809899607256],[121.35385989961469,31.842060000168942],[121.35325000008754,31.842180000306826],[121.33655719975502,31.85148319998973],[121.30507270024498,31.864930999965736],[121.29316779965427,31.866060099693925],[121.26495029971659,31.856933700429977],[121.25169360027951,31.85082630009373],[121.22443330005683,31.83835929984184],[121.19895259988266,31.819804800351335],[121.1852024999954,31.81017869998709],[121.16561019995083,31.794922199699784],[121.16572939969205,31.794257699633192],[121.1622998998206,31.79021010021603],[121.1622998998206,31.78995000009246],[121.17132679989197,31.777914599779024],[121.17190779970531,31.77746039987761],[121.18477380037064,31.766003500161446],[121.18546749962547,31.766215099847045],[121.18708899975763,31.765012600151408],[121.18835079984956,31.765363600150067],[121.19142790037733,31.761179599658874],[121.19026000029885,31.76052989973516],[121.19057000020541,31.76002000032281],[121.19073010021407,31.759900000184928],[121.1908799002872,31.759769899761125],[121.19102999983465,31.759639900061416],[121.19118010028149,31.759520099572967],[121.19150009974987,31.759009999611862],[121.19164989982312,31.75887990008738],[121.19180000026984,31.758759899949496],[121.1921100001764,31.758249999637826],[121.19243990028122,31.757480000101964],[121.19256999980576,31.757350000402255],[121.1927300998143,31.75723000026437],[121.19303999989609,31.7567200999527],[121.19305000035729,31.756209900166823],[121.19367999973224,31.755189899893992],[121.19392999956983,31.755019999973058],[121.19412999979966,31.755060099843774],[121.1947301003139,31.75507010030492],[121.19519009994326,31.754690000043524],[121.19550000002505,31.754180099731855],[121.19611000027635,31.753680000231896],[121.19642989991996,31.752909999796714],[121.19643990038116,31.75214000026085],[121.19615000032229,31.75187990013734],[121.19615999988412,31.751360000263844],[121.19646999979068,31.750850099952174],[121.19676990031076,31.750600000289808],[121.19677999969724,31.75033999999107],[121.19663009979934,31.750079899867558],[121.19722999976477,31.750079899867558],[121.19738999994865,31.749580000017033],[121.19769999985522,31.74933000017944],[121.19786989977615,31.74855999974426],[121.1984700002904,31.748570000205405],[121.19863010029894,31.748060099893735],[121.1992399998262,31.74754999993263],[121.19954989990799,31.746780000396768],[121.19986990027576,31.7462701000851],[121.20017000044527,31.74602000042273],[121.2007900002584,31.745000000149957],[121.20097010028996,31.743720100302426],[121.20247000039024,31.743739899776585],[121.20249000041326,31.743230000364292],[121.2030899003787,31.74311000022641],[121.20323999992615,31.742979899802606],[121.20338999964883,31.742720100052622],[121.20278999985862,31.742720100052622],[121.20280000031983,31.74245999992911],[121.2034000999347,31.742470000390256],[121.20325999994907,31.74169000039325],[121.20327000041027,31.741439999656336],[121.20358000031683,31.740670000120474],[121.20388990039862,31.740419899558788],[121.20419990030518,31.739910000146438],[121.20438000033676,31.739139999711256],[121.20494999964285,31.739280099696884],[121.2052700000105,31.739280099696884],[121.20633999989116,31.738400099584965],[121.20635000035224,31.737620099587957],[121.20665990043415,31.737120000087998],[121.20697009999014,31.736859899964486],[121.20728000007205,31.736099999815167],[121.20758999997861,31.73558999967878],[121.20865990003438,31.734700000005034],[121.20896010002866,31.734700000005034],[121.21046000012893,31.734849899902997],[121.2103199001433,31.734600099714896],[121.21034999955293,31.73330989993201],[121.21050000017487,31.733179900232244],[121.2106499000729,31.733060099743852],[121.21079999962035,31.732930100044143],[121.2109500002424,31.732810000081486],[121.21110989970214,31.732680000381777],[121.21126000014897,31.73254999978269],[121.21141009969642,31.732429999644808],[121.21157000005553,31.732299900120324],[121.21187990013732,31.7315298996852],[121.21219009969343,31.73102000027285],[121.21235000005254,31.730900000134966],[121.21325000018737,31.730650000297317],[121.21386010026345,31.73039989973563],[121.21446000022888,31.730289900058892],[121.21462000041276,31.729770000185397],[121.21493000031933,31.72927010033493],[121.21524000022589,31.72874990008785],[121.21540000040977,31.728629899949965],[121.21554990030768,31.728500099899748],[121.21569999985513,31.72837010020004],[121.2163198998436,31.728239999776235],[121.21647000029031,31.72773990027622],[121.21662000001311,31.727610100226002],[121.21722990043963,31.72738010041138],[121.21813000039924,31.72712000028781],[121.22144989989306,31.72690999959684],[121.22160000033978,31.726779999897133],[121.22175009988723,31.72665999975925],[121.22236000031387,31.726409900096883],[121.22296000010397,31.726160099908725],[121.22417000014548,31.72591000024636],[121.22432989960521,31.725790000108475],[121.22448000005204,31.72566999997059],[121.2246300995995,31.725540000270826],[121.22477989967274,31.72540989984708],[121.22569000009344,31.725170100120067],[121.22630010016951,31.72491999955838],[121.22644990024276,31.724800000319817],[121.22659999979021,31.72466999972079],[121.22751000038625,31.72441999988314],[121.22765990028427,31.72429989992048],[121.22780999983172,31.72416010030844],[121.22901999987312,31.723930099594497],[121.22963000012442,31.72367999993213],[121.23022990008985,31.72355999979419],[121.23009009957855,31.72329989967068],[121.230040000146,31.723129999749744],[121.23023989965168,31.722919999958094],[121.23054009964596,31.722919999958094],[121.23115000007249,31.722930100243957],[121.23144989969319,31.72294009980584],[121.23174000030087,31.72294009980584],[121.23295000034227,31.722700100429336],[121.23445990000448,31.722460000328795],[121.23505999961935,31.72246999989062],[121.23566990004588,31.72248010017654],[121.23777990022234,31.722249999637825],[121.23898010035145,31.72227010038489],[121.23988009958703,31.722540000420736],[121.24108000024194,31.72267999968227],[121.24106000021891,31.72320000027986],[121.24137000012547,31.72320000027986],[121.2413799996873,31.722429999844678],[121.24227999982224,31.722440000305824],[121.24227000026042,31.72295990017932],[121.24257990034221,31.722830100129045],[121.24272999988966,31.722720099552987],[121.24303999979622,31.722200000030057],[121.24319000041828,31.722069899606254],[121.24379989994554,31.721949900367633],[121.24377989992252,31.722720099552987],[121.24408000009203,31.72272990036464],[121.24409010037789,31.722209999591882],[121.24469999990515,31.722090000353262],[121.24486000008903,31.72196990039066],[121.24499009961346,31.72183009987924],[121.24570210007187,31.722127799758198],[121.24999860035518,31.72152100019406],[121.25128889996279,31.721215899794004],[121.25174839956901,31.721537300406112],[121.25218749985333,31.722240799573285],[121.2523203000419,31.72215399970736],[121.25162590021523,31.72098139977186],[121.2552201999523,31.7198870003848],[121.25795680006638,31.718922900171776],[121.26041770041661,31.717767599595106],[121.26076489988031,31.717906599709863],[121.26107119997596,31.717941300050995],[121.2611120004185,31.71778499967803],[121.26070360029098,31.717732900153294],[121.2606832000697,31.71759390003848],[121.26269480002509,31.716586299618086],[121.2657377002347,31.714658000266525],[121.26937280041443,31.711826199719383],[121.2732632999614,31.708429599746296],[121.27628000022185,31.705810100355905],[121.27642999994464,31.70569010021802],[121.27657989984255,31.705559999794218],[121.27673000028938,31.705430000094452],[121.27703990037116,31.70492009978284],[121.27720000037982,31.7048101001061],[121.27779990034514,31.70454999998259],[121.27948990003893,31.702900000334807],[121.27963999958638,31.70276999973578],[121.2797901000331,31.70264999959784],[121.27995000039232,31.70251999989813],[121.280100000115,31.702389900373646],[121.2802499000129,31.702269900235763],[121.28039999956036,31.702140100185545],[121.28116999999554,31.70125009961248],[121.28131999971822,31.701120000087997],[121.28147990007744,31.700999999950113],[121.2816299996249,31.700879999812173],[121.28178010007161,31.70073999965132],[121.28194000043072,31.70061989968866],[121.2820900001534,31.700490099638444],[121.28224009970086,31.70037010039988],[121.28238999959888,31.700239999976077],[121.28254999978276,31.700110000276368],[121.28269989968067,31.699990000138428],[121.28346010020357,31.69935000030233],[121.2836199996633,31.699230000164448],[121.28422000035278,31.698969999865653],[121.2843699002508,31.69884999972777],[121.28453000025934,31.698719900203287],[121.28468009980679,31.698600099714895],[121.28482999970481,31.69847010001513],[121.28498000032687,31.69835000005253],[121.2851398997866,31.69782989963022],[121.28574999986267,31.69771010004115],[121.28590010030939,31.697590099903266],[121.28604990038264,31.697460000378783],[121.28619999993009,31.697329999779697],[121.28636989985102,31.696820100367404],[121.28665999955945,31.69694990041762],[121.28725990042415,31.69722000010296],[121.28786000003902,31.69748010022647],[121.28815989965972,31.697489900138805],[121.28846009965389,31.697489900138805],[121.28860999955191,31.69761989983857],[121.28874999971276,31.697750000262374],[121.2889001001596,31.697879999962083],[121.28904990023273,31.698009999661792],[121.28919999978018,31.69815009964742],[121.28935010022701,31.69827989969764],[121.28993989990647,31.698550000282353],[121.2900900003533,31.698670000420236],[121.29037990041218,31.699450000417244],[121.2905200003978,31.699580099941727],[121.29112010001268,31.69970010007961],[121.29114939992496,31.699536300260093],[121.29124010015062,31.69903009975934],[121.29143999965629,31.698949900017908],[121.29143999965629,31.698679999982062],[121.29113990038616,31.698679999982062],[121.29103990027124,31.69884999972777],[121.2908399998662,31.698939899556763],[121.29069989988056,31.698419999683267],[121.29054999998255,31.698159899559755],[121.28964999984771,31.69815009964742],[121.28950999968674,31.69763999968626],[121.28921000024138,31.697370099650414],[121.28907000008053,31.69685999968931],[121.28847010011509,31.696850000127483],[121.28862999957494,31.6960799996923],[121.28879009958348,31.695949900167818],[121.28893989965673,31.695829900029935],[121.28909999966527,31.695319999718265],[121.2897099000919,31.695319999718265],[121.28956010001866,31.695069999880616],[121.28956010001866,31.694810100305915],[121.28987999966228,31.69352999990963],[121.29018999956884,31.69302009959796],[121.29020000003004,31.692499900250255],[121.29020999959187,31.69198000037676],[121.2905200003978,31.691480099626972],[121.29068010040635,31.691350099927206],[121.29082989958022,31.691229999964605],[121.29113990038616,31.690719900003444],[121.29128999993361,31.690590099953226],[121.29143999965629,31.69046010025346],[121.2915999000154,31.69034000029086],[121.29219999963038,31.69008999955389],[121.2923501000771,31.68995999985418],[121.29251000043621,31.6898299003297],[121.29266000015889,31.689709900191815],[121.29291989973365,31.689540000270824],[121.29312009961302,31.689329999579854],[121.29371989975368,31.689070000180436],[121.29387999976223,31.68894990021778],[121.29418999966879,31.68843999990611],[121.29420000012999,31.687929899945004],[121.29420000012999,31.687670000370247],[121.29435009967744,31.687550000232363],[121.29449989975069,31.687419999633335],[121.29465999975923,31.687289999933625],[121.29480989965725,31.687169899970968],[121.29512010011263,31.686659999659298],[121.29543000019441,31.686149899698137],[121.29574000010098,31.685640000285844],[121.29588999982366,31.685509999686815],[121.29604990018277,31.68537990016233],[121.29619999973022,31.68525990002439],[121.29635010017705,31.685130099974174],[121.29666000025884,31.68462000001307],[121.29680990015686,31.684489899589266],[121.2969700001654,31.684370100000194],[121.29712009971286,31.683849999577888],[121.2977300001395,31.683730000339324],[121.29787999986218,31.683609900376666],[121.29818999976874,31.683100000064996],[121.2983500997774,31.682970000365287],[121.29849989985053,31.682839999766202],[121.29865000029736,31.6827198998036],[121.29880009984481,31.682590099753327],[121.29896000020392,31.682460100053618],[121.2991099999266,31.68234000009096],[121.29941999983316,31.681570100379872],[121.29972999973972,31.681059899694674],[121.29990010020947,31.680929899994965],[121.30003009990924,31.680810100405836],[121.300350100277,31.68003990032122],[121.30050999973673,31.679910100270945],[121.3011100004262,31.679670000170404],[121.30125990032423,31.679539999571375],[121.30142000033277,31.679409999871666],[121.30157009988022,31.679289999733726],[121.30187999996213,31.67877999959734],[121.30203990032123,31.67825990007441],[121.3026399999361,31.67814009958596],[121.30279010038294,31.678020100347396],[121.30296000030387,31.677889999923593],[121.30309000000352,31.677760000223884],[121.30326990038566,31.67673999995111],[121.30387000000053,31.67661999981317],[121.30402010044736,31.676489900288743],[121.30417999990709,31.67636010023847],[121.3047799996973,31.676240100100586],[121.30480010044437,31.675220000003037],[121.3054000004098,31.675090000303328],[121.3060000001999,31.674850000027504],[121.30615989965975,31.674719899603758],[121.30633000012949,31.673690100317913],[121.30692990009493,31.67357010018003],[121.30709000010347,31.673450100042146],[121.30724009965093,31.673319999618343],[121.30738989972417,31.673189999918634],[121.30754000017089,31.673069999780694],[121.30770010017955,31.672939900256267],[121.30785999963939,31.672169999645803],[121.30846010015352,31.67218000010695],[121.30861999961337,31.671670099795335],[121.30877999979725,31.671540000270852],[121.30892989969516,31.671409999671823],[121.30908000014199,31.671290000433203],[121.30922999986467,31.671159900009457],[121.30953999977123,31.670649999697787],[121.30969010021806,31.670519999998078],[121.3098499996778,31.670399999860138],[121.31000000029985,31.67026990033571],[121.3101500998473,31.670139899736625],[121.31029999974521,31.670020100147553],[121.31046009975387,31.66988999972375],[121.31076999983566,31.66937989976259],[121.31092010028249,31.669259899624706],[121.3110700001804,31.669120100012663],[121.31121999990319,31.669000000050005],[121.3113799002623,31.66887999991212],[121.31152999980975,31.668750000212412],[121.31168000043169,31.668619999613327],[121.31183989989154,31.668500000374763],[121.31199000033826,31.66836989995096],[121.31230000024493,31.667859999639347],[121.31246010025347,31.667350100226997],[121.31305990039414,31.667230100089114],[121.31320999994159,31.66709999966531],[121.31337009995025,31.666969999965602],[121.31351999984815,31.66684999982766],[121.31366999957083,31.666720000127953],[121.31426990043565,31.666599900165295],[121.31444000000602,31.665829999554887],[121.31459009955347,31.665699900030404],[121.31519999998011,31.66546010030345],[121.31580009959498,31.66535009972739],[121.31595999995409,31.664819899918484],[121.31612000013797,31.66430999960687],[121.31671990010341,31.66419000036825],[121.31733000017948,31.66393999963134],[121.31748009972694,31.66381989966868],[121.31762999962484,31.663690099618464],[121.31778999980872,31.663560099918755],[121.31793989970663,31.663439999956097],[121.31883989984158,31.663319999818214],[121.31885000012744,31.662809899857052],[121.31944999991765,31.662680099806835],[121.31960990027676,31.662560099668895],[121.31975999982421,31.662439999706294],[121.31991010027093,31.662300000444702],[121.32022000035283,31.66179010013309],[121.32038990027377,31.66102989961024],[121.32067999998208,31.66115990020927],[121.3212899004086,31.66116999959587],[121.32189000002359,31.660919899933504],[121.32204009957104,31.66079009988323],[121.32221000039124,31.660020100347424],[121.32371010014106,31.660039899821584],[121.32371990005345,31.659530000409234],[121.32402000022284,31.659670100394862],[121.32416990012086,31.659790099633426],[121.3243100001065,31.6599198996837],[121.32490999989659,31.66005999966933],[121.32476999973574,31.65953999997106],[121.32478000019694,31.65927999967232],[121.32493009974439,31.6591600004337],[121.3250900001035,31.659029900009955],[121.32521999980327,31.65890009995968],[121.3253898997242,31.658780099821797],[121.3253898997242,31.658519999698285],[121.32525010011204,31.658259899574773],[121.3258499002527,31.65813990033621],[121.32675000021243,31.657900099709877],[121.3273601002885,31.65765000004751],[121.32750990036163,31.6575200003478],[121.32767000037029,31.657389999748716],[121.32827009998516,31.65713990008635],[121.32841999988318,31.657020099597958],[121.32856999960586,31.656509999636853],[121.3294900995885,31.656390000398233],[121.32964000038578,31.65625989997443],[121.32979000010846,31.656139899836546],[121.32993990000648,31.65601009978633],[121.33010000001502,31.6558699998007],[121.33025009956248,31.655760000123962],[121.33039989963572,31.655630000424253],[121.3310099997118,31.655379999687284],[121.33116010015851,31.6552499001628],[121.33131000005653,31.65513009967441],[121.3319201001326,31.655010100435845],[121.33176999968578,31.65449000001354],[121.33162989970015,31.654230100438838],[121.33252999965987,31.654110100300954],[121.33268000028181,31.65397999987715],[121.33283989974166,31.653479900377135],[121.33344999981773,31.653479900377135],[121.33344999981773,31.652959999604377],[121.33436000041377,31.652849999927582],[121.3349599003792,31.6527299997897],[121.33498999978872,31.651960000253837],[121.3355800000171,31.651840000115953],[121.33617989998243,31.651589899554267],[121.33633999999108,31.651469900315703],[121.3364901004378,31.651340100265486],[121.33709000040324,31.6510899997038],[121.33724999968774,31.650960000004034],[121.33749989970067,31.650799899995434],[121.33829989972071,31.650719999728267],[121.33816010010855,31.650460100153566],[121.33802000012292,31.64993999973126],[121.33831000000657,31.650079999892114],[121.33890999979667,31.650079999892114],[121.33906990015578,31.64995999975423],[121.33921999970323,31.64983000005452],[121.33937010015006,31.649709999916638],[121.33952999960991,31.649579900392155],[121.34013000029938,31.649319999918134],[121.34027990019729,31.649199999780194],[121.34044000020594,31.64868989981909],[121.34105010028202,31.648570100230017],[121.34120000017992,31.648440099630932],[121.3413499999026,31.648319999668274],[121.34150010034944,31.648189999968565],[121.34165999980917,31.648060000268856],[121.341810100256,31.647940000130973],[121.34195990032924,31.64780989970717],[121.3421099998767,31.647680099656952],[121.34228990025872,31.64640000015993],[121.3428899998737,31.646280000022045],[121.34379000000854,31.64628999958387],[121.34409000035328,31.646300000045017],[121.34424000007596,31.646170000345307],[121.34439990043506,31.646039899921504],[121.34454999998252,31.64591989978362],[121.34469999970531,31.645790099733347],[121.34484989960322,31.645660100033638],[121.34500999961188,31.645529999609835],[121.34530999995661,31.645529999609835],[121.3456199000384,31.645670099595463],[121.34562989960023,31.644390000098497],[121.34504009992077,31.64436990025075],[121.34487999991211,31.64385999993908],[121.34472990036465,31.64361000010149],[121.34534000044073,31.6437399998012],[121.34549009998818,31.643870000400227],[121.34563990006143,31.64400009992471],[121.34593009959451,31.644129899974928],[121.3459401000556,31.643619999663315],[121.3462399996763,31.643750000262344],[121.34773989977657,31.64377010011009],[121.34789999978523,31.643639999686286],[121.34805010023206,31.643520000447722],[121.34865000019738,31.643269999710753],[121.34881000038126,31.64313990018627],[121.34896989984111,31.64262000031283],[121.34986999980072,31.642509999736774],[121.35076999993566,31.64240000005998],[121.35078000039675,31.64188010018654],[121.35169000009353,31.641770099610483],[121.35290000013492,31.641519999948116],[121.35350009974991,31.641279999672292],[121.35409999971523,31.64116000043373],[121.35425999989911,31.640639999836196],[121.35441990025822,31.640129899875035],[121.3550199998732,31.640000099824817],[121.35600560017838,31.640063699879875],[121.36191140039091,31.638347900435292],[121.36609120014884,31.636120737482088],[121.36967340040712,31.63421200018371],[121.37288619963851,31.631695400322542],[121.37221789993623,31.631235899817],[121.37263009969945,31.62981999999306],[121.37263989961173,31.62904999955788],[121.37324000012597,31.629060000019024],[121.3732499996878,31.62855009970741],[121.37479220029991,31.627138299892692],[121.37537000032535,31.62779989964571],[121.37596010037839,31.628320099892733],[121.37656000034383,31.628459900404152],[121.37671000006651,31.62858999992858],[121.37685010005214,31.628719999628345],[121.37714999967284,31.628850000227374],[121.37701999997307,31.62807999979219],[121.37672010035237,31.627820000392774],[121.37613999986115,31.626780099921746],[121.3759899003137,31.626519999798177],[121.37565690024576,31.62610629996584],[121.37601000016139,31.625619999663286],[121.37615999988418,31.625500000424722],[121.37646999979074,31.62472999998954],[121.37739009977338,31.62397000001556],[121.37753989984651,31.62384999987762],[121.37769000029334,31.62372000017791],[121.38420989986707,31.620589999728736],[121.38530079999202,31.62005950044562],[121.38582389965336,31.61964340032273],[121.38596170007247,31.61951849977902],[121.38608590004435,31.619428699774744],[121.38642920004759,31.619146200237026],[121.3865467000702,31.61911259976671],[121.38661320043889,31.619084999573147],[121.38722259994313,31.618904500242536],[121.3873622997304,31.618883099975108],[121.3875053000296,31.61886109985994],[121.38767539960008,31.618847199938386],[121.38783000025433,31.618830000404273],[121.38852430025634,31.618678600437136],[121.38875010023696,31.61859000012845],[121.38936170038221,31.61855960034535],[121.38965780036722,31.618506599699856],[121.38982360027899,31.618476899589268],[121.39015320001022,31.618436500244343],[121.39047840025808,31.61847219973231],[121.39054989995793,31.61847999955239],[121.39068460041403,31.618465700331853],[121.39080709976793,31.618447900050626],[121.39085009995222,31.618490000013537],[121.39114999957292,31.618360000313828],[121.39175989999944,31.61810989975214],[121.39267000042025,31.617880099586955],[121.3941700003453,31.61762999992459],[121.39597990035213,31.61738999964882],[121.39928000037173,31.617310100280974],[121.39929009975833,31.616789900033893],[121.39990000018497,31.61666989989601],[121.40313440023249,31.616051099778474],[121.40442989972018,31.615060000118945],[121.41210099986131,31.61221929988085],[121.41277989987259,31.612679900257262],[121.41288990044859,31.612849999827688],[121.41316999969581,31.612849999827688],[121.41316999969581,31.61259999999004],[121.41298989966424,31.612499999875126],[121.41303999999604,31.612349900327672],[121.41334999990261,31.611829999554914],[121.4134999996254,31.611699999855148],[121.41341340030829,31.61097980027762],[121.41411989961375,31.61054990005789],[121.4168978001934,31.60959769967417],[121.41789990036023,31.609049999957563],[121.41804999990768,31.60892999981968],[121.41834990042764,31.60892999981968],[121.41910990040162,31.608300100269446],[121.41927000041028,31.608169999845643],[121.42046999999059,31.608060000168905],[121.42047999955241,31.607530099834264],[121.42532010044238,31.60542009965792],[121.42592999996964,31.605169999995553],[121.42653009958451,31.60490999969676],[121.42667989965776,31.604789899734158],[121.43350000012492,31.601149999872632],[121.434110100201,31.60102999973475],[121.43471000016643,31.600650100022165],[121.43520010010457,31.60046139977385],[121.4356199998632,31.60014999962283],[121.43622990028973,31.599899899960462],[121.43798049990016,31.600328099562205],[121.4401398998366,31.599559899569783],[121.44271000036633,31.598559900219243],[121.44286000008901,31.598689999743726],[121.44300010007464,31.598820000342812],[121.44490990037161,31.601160000333778],[121.44522009992772,31.601160000333778],[121.44522989984011,31.600389999898653],[121.4434691999437,31.597850700249694],[121.44456989998093,31.597110499749817],[121.46646010005361,31.587410100096122],[121.46677000013551,31.587410100096122],[121.46767010009512,31.587420099657948],[121.46781990016837,31.58729009995818],[121.46798000017691,31.58716999999558],[121.46857990014234,31.587180100281444],[121.46917000019539,31.587449899593253],[121.46946989981609,31.587449899593253],[121.46978010027146,31.587449899593253],[121.47036989995104,31.587709999716765],[121.47096999956591,31.58772000017791],[121.47112010001263,31.587580000017056],[121.47143000009453,31.58708010016653],[121.47158989955426,31.58694999974273],[121.47219000006851,31.586699999905136],[121.47279009968338,31.586579999767253],[121.47280010014458,31.586070100354902],[121.47340000011002,31.586080099916728],[121.47340999967184,31.585559899669704],[121.47401010018609,31.585699999655333],[121.47551000028636,31.58597010023999],[121.47611000007646,31.585979900152324],[121.4764100004212,31.585979900152324],[121.47654999968279,31.586109899852033],[121.47669989958081,31.586240000275836],[121.47685000002753,31.586380000436748],[121.4769999997502,31.586510099961174],[121.47714989964823,31.58664009966094],[121.47728999963385,31.586769899711157],[121.47744000025591,31.58690000013496],[121.47758990015382,31.58702999983467],[121.47773999970127,31.5871600004337],[121.4778901001481,31.58729009995818],[121.47818999976869,31.587420099657948],[121.47803990022123,31.58690000013496],[121.47775000016247,31.58664009966094],[121.4777599997243,31.585869899576267],[121.47791010017102,31.58574010042537],[121.47806000006904,31.58562010028743],[121.47822000025292,31.585489999863682],[121.47836990015082,31.585360000163917],[121.47851999969828,31.585240000026033],[121.47867010014511,31.58511999988815],[121.47882989978007,31.58497989990252],[121.4789800002269,31.58486010031345],[121.47929000013346,31.584350000352288],[121.47943999985614,31.584219899928485],[121.47958989975416,31.5840998997906],[121.47974000020088,31.583970099740384],[121.47988999992367,31.5838400002159],[121.47990010020953,31.583579999917106],[121.47990010020953,31.58332990025474],[121.48021000029132,31.58281999994307],[121.48036009983878,31.58269000024336],[121.48157009988029,31.582699999805186],[121.48216999984572,31.58271000026633],[121.4823199995684,31.582579999667303],[121.48247010001512,31.58246000042874],[121.48337990006235,31.582209899867053],[121.4835299996098,31.58208009981678],[121.48369009961846,31.581569999855674],[121.48489000027337,31.581460000178936],[121.48579010023298,31.58120989961725],[121.48594999969282,31.581080099566975],[121.48610000031488,31.58096010032841],[121.4915400002709,31.578699999705293],[121.49169009981836,31.578579999567353],[121.49185000017746,31.578449999867644],[121.49244999996756,31.578199900205277],[121.493049899933,31.577950100017176],[121.49396000035381,31.577709999916635],[121.49411000007649,31.57758000021687],[121.49425989997451,31.57744999961784],[121.49441999998305,31.577329899655183],[121.49458009999171,31.577199899955474],[121.49516989967117,31.577080100366402],[121.49532999967983,31.57657000040524],[121.49548010012654,31.576439899981438],[121.49638990017377,31.576190099793337],[121.49698999978875,31.575929999669825],[121.497590100303,31.57581999999303],[121.49759990021528,31.575309900031925],[121.49850999973671,31.575190100442853],[121.49866000035877,31.575060099843768],[121.49881009990622,31.574939999881167],[121.49895999980424,31.5748100001814],[121.49911000042619,31.574679999582372],[121.50031999956843,31.574569999905634],[121.50047010001515,31.574060099593964],[121.50078000009694,31.573549899808086],[121.50093989955678,31.573419900108377],[121.50154000007103,31.573180100381364],[121.50273999965134,31.572929999819678],[121.50365000024738,31.572809999681795],[121.50669009996818,31.570529899934968],[121.50728990010884,31.570539900396113],[121.51334000014094,31.567779999747245],[121.5134900996884,31.56674990008787],[121.51381010005616,31.5662399997762],[121.5139599001293,31.566119999638317],[121.51455999974428,31.566119999638317],[121.51486000008902,31.566250000237346],[121.51486999965084,31.565740099925733],[121.5151699001708,31.56586989997595],[121.51531999971826,31.566000000399754],[121.51547010016509,31.566130000099463],[121.51560989977713,31.56625999979923],[121.51576000022385,31.566390100222975],[121.51636009983883,31.566659900434104],[121.51654999978268,31.56687989978758],[121.51654000022086,31.567469999840682],[121.51633999999103,31.56756000039377],[121.51633999999103,31.56781000023136],[121.51664000033577,31.567819999793187],[121.51673989972664,31.56764990022276],[121.51693989995647,31.56756000039377],[121.51693010004419,31.568340000390776],[121.51722999966478,31.568340000390776],[121.51726009997367,31.566800000419732],[121.51675999957433,31.56670000030482],[121.51682990027973,31.56498989986403],[121.51699999985021,31.564859900164322],[121.51789000042322,31.564749899588264],[121.51775000026237,31.563969899591257],[121.5177599998242,31.563199900055395],[121.51792009983285,31.56307989991751],[121.51851989997351,31.5628401001905],[121.51867000042023,31.56270000020487],[121.51882009996768,31.56256999960584],[121.51943000039421,31.562319899943475],[121.51972990001491,31.562330000229394],[121.52021999995304,31.56254999958287],[121.52032000006795,31.562720100052616],[121.52061989968865,31.562720100052616],[121.52064000043572,31.56247000039025],[121.5204299997448,31.562370000275337],[121.52130839996278,31.561608299683314],[121.52274260009096,31.56096989974111],[121.52364999984763,31.561079900317225],[121.52379999957043,31.560960099828776],[121.52411999993808,31.560189899744103],[121.52427990029719,31.560060099693885],[121.524894800055,31.560335900181713],[121.52623129963479,31.55987960036333],[121.52668000018195,31.559319900093385],[121.52759009970339,31.559199899955445],[121.52759009970339,31.558689999643832],[121.52820000012991,31.55857000040527],[121.52879999992012,31.558330000129445],[121.52894989981803,31.558189900143816],[121.52926010027352,31.557679999832203],[121.52926010027352,31.557419899708634],[121.52912000028789,31.557149999672788],[121.5309199996583,31.557060099843795],[121.5315299999096,31.55681000018143],[121.5321299996998,31.55656000034378],[121.53262990044959,31.556519899573743],[121.53272989966524,31.556690000043545],[121.53302999983464,31.556690000043545],[121.53302999983464,31.556440000205896],[121.53283990024124,31.55634999965281],[121.53259010005308,31.55566000020889],[121.53228660044635,31.55493979973204],[121.53080199961266,31.552844800247385],[121.53282789968785,31.551942899845017],[121.53295650004247,31.552192000360606],[121.53118150002626,31.553094300061957],[121.53195899990794,31.55421509994693],[121.53403849957715,31.553203000218332],[121.53512140023247,31.552693900303325],[121.53890650013489,31.550833599590987],[121.53899999995008,31.551017900355873],[121.53825720040959,31.55141479995308],[121.53856659956898,31.55184780013593],[121.53893859963671,31.55166620003513],[121.54481369969255,31.54885410003675],[121.54618160000086,31.5481238001733],[121.55352120014334,31.54472250034314],[121.55397289992948,31.544911599890497],[121.5543239997528,31.545444899662414],[121.5551100000265,31.54589000022338],[121.55496990004087,31.54538009991171],[121.5549798996027,31.544859899664687],[121.55513000004953,31.54473009961447],[121.55542989967023,31.544610100375905],[121.55542989967023,31.5451199997882],[121.55603000018448,31.544999999650315],[121.5566299001498,31.54474989998795],[121.55752990028475,31.544760000273868],[121.55812999989962,31.5452800997968],[121.5584198999585,31.545409899847073],[121.55842990041958,31.544900000434723],[121.55892000035783,31.54499000008849],[121.55888000031177,31.545160099658915],[121.55872009995267,31.545419900308218],[121.55931990009333,31.545419900308218],[121.5593300003793,31.54490999999655],[121.5591399997113,31.544820100167556],[121.55888999987371,31.544390100123053],[121.55859999999007,31.543869999700803],[121.55845999982921,31.54335999956436],[121.55996009957903,31.542989999588883],[121.56026999966082,31.542730100014182],[121.5614700001405,31.542620100337388],[121.56147999970233,31.542110000376283],[121.5626800001819,31.541859899814597],[121.56268999974372,31.541350000402247],[121.56329010025797,31.541230000264363],[121.56389999978524,31.540980000426714],[121.56405000040729,31.540840100090577],[121.56405000040729,31.540339999691298],[121.56420989986702,31.540209999991532],[121.56481000038127,31.540209999991532],[121.56630989958228,31.540100000314794],[121.56631990004337,31.539590000178407],[121.56812000013792,31.539610100026152],[121.56828010014658,31.53884009959097],[121.56842990021983,31.53871009989126],[121.56933999974126,31.53846999979072],[121.56949000036332,31.538340000090955],[121.56964989982305,31.53783009977934],[121.56968250024727,31.537824881912798],[121.57114999957287,31.5375899996788],[121.57117010031993,31.536820099967713],[121.57176989956133,31.53669000044323],[121.5720700995555,31.53643999970626],[121.57297009969045,31.53617989958275],[121.57358000011698,31.535940099855793],[121.57448000025192,31.535699999755252],[121.57509990024028,31.535440000355777],[121.57598989991402,31.53532999977972],[121.57600000019988,31.534810000081507],[121.5765999999901,31.534689999943566],[121.57690000033483,31.534689999943566],[121.57733999994116,31.535079900117353],[121.57748999966384,31.535600100364377],[121.57838999979867,31.535600100364377],[121.57838999979867,31.53534999980269],[121.57779000000858,31.53534999980269],[121.57795010001712,31.53458000026683],[121.57826000009902,31.53431999996809],[121.57826000009902,31.534069900305724],[121.57810989965219,31.533809999831703],[121.5793198996937,31.533559999994054],[121.57932990015479,31.533050099682384],[121.58082999990461,31.53306990005592],[121.58082999990461,31.53253999972128],[121.58142989987005,31.53255999974425],[121.58143990033125,31.532040099870756],[121.58203999994612,31.531919999908098],[121.58234999985268,31.531799999770215],[121.58234000029086,31.5323099999066],[121.58264009956099,31.532189899944],[121.58415000012246,31.531949899668177],[121.58595000039224,31.53158000041674],[121.58596009977884,31.531069899556257],[121.58745999987912,31.53094010040536],[121.58776989996102,31.530700100129593],[121.58866990009585,31.53044999956785],[121.58926999971084,31.530330000329286],[121.58928000017193,31.529820100017673],[121.5907799002722,31.529579999917132],[121.5907899996588,31.529059900394145],[121.59139000034827,31.52906989995597],[121.59141010019607,31.52829990042011],[121.59235380018777,31.528821699661762],[121.59554450037842,31.52760659956499],[121.59591999970826,31.527460000178905],[121.59727900032567,31.527924400190955],[121.59697010028992,31.527069900355684],[121.59698009985175,31.526820100167527],[121.59728999993365,31.526310000206422],[121.59743989983156,31.52617989978262],[121.5980400003458,31.52593009959446],[121.59880000031978,31.525289900108874],[121.5989599996044,31.524779999797204],[121.60106999978075,31.524420000282817],[121.60227000026032,31.52416989972113],[121.6028700998753,31.524179900182276],[121.60317999995709,31.523930099994175],[121.60348000030183,31.523930099994175],[121.6037699003607,31.524059900044392],[121.6037699003607,31.52354999973278],[121.60529000013344,31.523310000356275],[121.60529000013344,31.52280000021989],[121.60619010009316,31.52293009974437],[121.60648999971374,31.523189900393618],[121.60678990023382,31.523199999780218],[121.60693999978128,31.523069900255734],[121.60710009978982,31.52255999994412],[121.60859999989009,31.52243999980618],[121.61040000015998,31.522200000429734],[121.61100989968713,31.521959900329193],[121.61190999964685,31.521710100141036],[121.61222990018985,31.52145999957935],[121.61311989986359,31.521209999741757],[121.61372000037773,31.521209999741757],[121.61401989999842,31.52095990007939],[121.6146300000745,31.520710099891232],[121.61522990003994,31.52059009975335],[121.61539000004848,31.520079999792188],[121.61569000039322,31.519820100217487],[121.61584000011601,31.519689999793684],[121.61599989957574,31.5195699996558],[121.6161599995844,31.519450000417237],[121.61675009963744,31.519319999818208],[121.61672999978975,31.51982990012982],[121.61703999969632,31.51971009964143],[121.61764010021056,31.51971009964143],[121.61823990035123,31.51984990015285],[121.61823990035123,31.520360099938728],[121.6185401003454,31.520370100399873],[121.61855009990722,31.51960009996469],[121.61914999987266,31.519739899576734],[121.62005000000761,31.519739899576734],[121.62020009955506,31.519609899877025],[121.6203498996282,31.519490100287953],[121.62185000027739,31.51925010001213],[121.62245989980454,31.518989999888618],[121.62306000031879,31.51873990022625],[121.62335989993949,31.51874999961285],[121.62395999955436,31.519000000349763],[121.62516000003404,31.51902000037279],[121.62577010011012,31.519030099759334],[121.62635989978958,31.51904010022048],[121.62666009978386,31.51904010022048],[121.62696000030382,31.51904010022048],[121.62755990026926,31.519050099782305],[121.62876010039838,31.51905989969464],[121.62935989963967,31.51906990015584],[121.62996000015391,31.519330000279353],[121.63024990021279,31.519459999979063],[121.63025999959939,31.5189499000179],[121.6314599002543,31.51909000000353],[121.63205999986917,31.519099999565356],[121.632960000004,31.519110000026558],[121.63311009955146,31.519239999726267],[121.63324990006288,31.52001000016145],[121.63384999967775,31.51989000002351],[121.6341500000226,31.51989000002351],[121.6347499998127,31.520150100147077],[121.63505000015743,31.520160099708903],[121.63714999987269,31.520050100032165],[121.63716000033378,31.519540000071004],[121.63835990008943,31.51941999993312],[121.6386601000836,31.519430000394266],[121.6389599997043,31.519560000093975],[121.6389599997043,31.51904010022048],[121.64016999974581,31.51893009964442],[121.64033009975435,31.51880000011994],[121.6404798998276,31.51867000042023],[121.64167010039489,31.5186900004432],[121.64227000036033,31.5186900004432],[121.642420000083,31.51855999984417],[121.64256989998091,31.51843999970629],[121.64318000005699,31.51818999986864],[121.64333009960444,31.518059900344156],[121.64347989967769,31.51793010029394],[121.64363000012452,31.517810100156055],[121.64379010013306,31.51728989990903],[121.64408999975376,31.517429999894603],[121.64423989965167,31.51755999959437],[121.6443900000985,31.517690000193397],[121.64529000023333,31.517690000193397],[121.64679009998315,31.51744999991763],[121.64693999988117,31.51732999977969],[121.64708999960385,31.51720000007998],[121.64738999994859,31.51720000007998],[121.6488900996984,31.517220000102952],[121.64979989974563,31.51695989997944],[121.65009999991514,31.516979999827186],[121.65040000025988,31.516979999827186],[121.6521999996304,31.516739899726645],[121.65280990005692,31.516490100437863],[121.6534099996718,31.516370100299923],[121.65357009968045,31.51586000033882],[121.65373000003956,31.51533999974123],[121.65401990009832,31.515470100165032],[121.65416999964577,31.51560009986474],[121.65432000026783,31.515729899915016],[121.65581990036821,31.5160100000615],[121.65596000035384,31.516140099585982],[121.6561100999013,31.51627010018501],[121.65670990004196,31.516540000220857],[121.65701010003613,31.516540000220857],[121.65730999965683,31.516540000220857],[121.65761000000157,31.516540000220857],[121.65775999972425,31.51640999962183],[121.65791990008336,31.51590000038476],[121.65732000011792,31.515889999923616],[121.65746990001594,31.515640000085966],[121.6576199995634,31.515519999948083],[121.65777000018545,31.5153899004236],[121.65792989964518,31.515260100373382],[121.65851999969834,31.515260100373382],[121.6588299996049,31.515270099935208],[121.65898000022685,31.5151401002355],[121.6591300997743,31.515009999811696],[121.66033000042921,31.514900000134958],[121.66034009981581,31.514380100261462],[121.66153999957135,31.51451999969828],[121.66183999991608,31.514659999859134],[121.66185000037729,31.51389000032333],[121.66304990013282,31.51377000018539],[121.6636499997478,31.513650000047505],[121.66366000020889,31.513130000349292],[121.66515990030916,31.513019999773235],[121.66635989988958,31.513030100059098],[121.66696000040372,31.513030100059098],[121.66847009971536,31.512800100244476],[121.66996999981575,31.512560000143935],[121.67012010026247,31.512430000444226],[121.67026990033571,31.51229999984514],[121.67148989993905,31.512059899744656],[121.67164000038576,31.511930099694382],[121.67177000008553,31.511800099994673],[121.67192990044464,31.511680000032015],[121.67208999955392,31.511550000332306],[121.67298999968875,31.511299999595337],[121.67358989965419,31.511179899632737],[121.67359990011539,31.510670000220387],[121.67509999986521,31.510550000082503],[121.67690009995965,31.510440000405765],[121.67691010042086,31.509930100094095],[121.67811000017639,31.509810099956212],[121.67825990007441,31.50968000043173],[121.67842000008295,31.509560000293845],[121.67902009969794,31.509309999556876],[121.67961999966326,31.50905989989451],[121.67977000028532,31.508930099844292],[121.67993990020625,31.508800100144583],[121.68082989988,31.50854999958284],[121.68098000032683,31.508430000344276],[121.68113009987428,31.508299999745248],[121.6817400003008,31.50804990008288],[121.68264000043575,31.507800099894723],[121.68293990005645,31.507800099894723],[121.68324010005063,31.507810100355925],[121.6850398997716,31.50770009977981],[121.6850499002328,31.507179900432106],[121.68625010036192,31.507059900294223],[121.68640000025982,31.50693990015634],[121.6865600004437,31.506810100106065],[121.68670990034173,31.506690099968182],[121.68685999988918,31.5065600004437],[121.68700999961186,31.50642999984467],[121.68715990040914,31.506309999706787],[121.68837010010009,31.50605990004442],[121.68987000020036,31.505820100317408],[121.69108000024187,31.50556999975572],[121.69168000003208,31.505310000356303],[121.69287999961239,31.505079999642305],[121.69304009962093,31.504949900117822],[121.69319000041821,31.504820100067604],[121.693340000141,31.50470009992972],[121.69348990003891,31.504570000405238],[121.69408999965378,31.504319999668326],[121.69470009972986,31.504069999830676],[121.69484999962788,31.503939900306193],[121.69500000024982,31.503810100255976],[121.6964999003502,31.503580100441354],[121.69771010004115,31.503329999879668],[121.69785999993906,31.503200000179902],[121.69800999966185,31.503069999580873],[121.69892010008266,31.502829900379652],[121.6998201002175,31.502580100191494],[121.69997000011551,31.502449999767748],[121.7001199998382,31.502320000067982],[121.70134000034079,31.502210000391244],[121.70134000034079,31.50169009961843],[121.70193010039384,31.50170010007963],[121.70193990030623,31.50119000011847],[121.70283990044106,31.501069999980587],[121.70314010043535,31.501069999980587],[121.70463999963636,31.501080000441732],[121.70525009971243,31.500829899880046],[121.70555000023239,31.500709899742105],[121.70553999977119,31.501219999703267],[121.70612999999958,31.501090000003558],[121.70664000013596,31.501059899694667],[121.7067399004261,31.501230000164412],[121.70693989975666,31.50131999981818],[121.70703009995918,31.50174999986268],[121.70723000036423,31.501839899691674],[121.70722209982011,31.502036600308884],[121.70757890044592,31.502179800257636],[121.70762990009985,31.501760000323827],[121.707440000156,31.50166999977074],[121.70734000004109,31.501250100012157],[121.70714009963592,31.501150099897245],[121.70704010042039,31.50098000032682],[121.70684990010284,31.500889999773733],[121.7066000999148,31.500719900203308],[121.7066000999148,31.500200000329812],[121.7067600002739,31.500069999730727],[121.70690999999658,31.499949899768126],[121.70705989989449,31.49981990006836],[121.70736009988877,31.499829899630242],[121.70766000040874,31.49996000005399],[121.70781009995619,31.4994499999176],[121.7079700003153,31.499320000217892],[121.70812000003798,31.499189999618864],[121.70827009958543,31.499049899633235],[121.70916990007095,31.498819899818557],[121.70933000007949,31.49869009976834],[121.70948009962694,31.498560000243856],[121.71007999959238,31.498310000406263],[121.71023000021444,31.498190000268323],[121.71038989967417,31.497410000271373],[121.71099999975024,31.497290000133432],[121.71160010026449,31.497039899571746],[121.71280000002002,31.49680009984479],[121.71340990044666,31.49653999972128],[121.71431000040627,31.49643000004454],[121.71551989972363,31.49579010003316],[121.71567000017046,31.495670000070504],[121.71582009971792,31.495540000370795],[121.71641999968335,31.495289999633826],[121.71733000027939,31.49503989997146],[121.71748009982684,31.494910099921242],[121.71764999974778,31.494149900297714],[121.71823999997605,31.494020100247496],[121.71884990040269,31.49376999968581],[121.71899999995014,31.493639999986044],[121.71915010039686,31.493530000309306],[121.72005009963243,31.493269900185794],[121.72064999959787,31.49314990004791],[121.72066000005907,31.492630000174415],[121.7215600001939,31.492499899750612],[121.72246999989068,31.492259900374165],[121.72261989978858,31.492140099885773],[121.72277000023541,31.492010100186008],[121.72337009985029,31.49175999962432],[121.72398000027681,31.49150999978673],[121.7241299999996,31.491379900262245],[121.72428010044632,31.491250100212028],[121.72488000041176,31.49099999965034],[121.72504010042042,31.49088000041172],[121.72518989959428,31.490749999812692],[121.725340000041,31.490620000112983],[121.72550010004966,31.490109999976596],[121.7261000000151,31.489989999838656],[121.72624999973777,31.489860000138947],[121.72655999964434,31.489350099827277],[121.72671010009105,31.48922000030285],[121.7268599001643,31.489089999703765],[121.7268599001643,31.488839999866173],[121.7268699995509,31.488580100291472],[121.72702000017296,31.48844999986767],[121.73528080016888,31.483958600309222],[121.73945580024508,31.482351500121695],[121.74635430001103,31.479698900284063],[121.74801919962647,31.47907790042484],[121.74933999974121,31.479670100394856],[121.74936080016084,31.47822300039121],[121.75533030025326,31.47530420032865],[121.76065039989612,31.47300930043889],[121.77065310036039,31.4685877997872],[121.77320989991699,31.466919900033417],[121.7734999996253,31.4670499995579],[121.77409989959074,31.467060000019046],[121.77427720003277,31.466673400357195],[121.77509579983132,31.46682530034741],[121.77589079962081,31.466359500090903],[121.77677270000015,31.46651550009028],[121.77854669997032,31.46754499990186],[121.77888249962768,31.467830999601006],[121.77965019959709,31.4684880002211],[121.77983090037583,31.468765799901803],[121.78045159986152,31.469157899817276],[121.78076219961588,31.469570999801874],[121.78098050015001,31.47023259955489],[121.78091620042233,31.470641700254305],[121.78066399994373,31.470896999796764],[121.77998490028301,31.471223200090662],[121.78027459979296,31.471655600425663],[121.78164200007825,31.47116370004477],[121.78209960031631,31.471690799890553],[121.7822851997023,31.471711799959678],[121.7824692000936,31.471520300121824],[121.78275290022623,31.471224999634103],[121.78247449979835,31.470749600014074],[121.78249709976137,31.47050260031483],[121.78175619958904,31.469641000331933],[121.78159260031828,31.469156000449118],[121.78125359997375,31.468883799947434],[121.78071449957451,31.468205700332874],[121.78054659974589,31.467822799582564],[121.77995000029239,31.467499999625318],[121.77963939963865,31.46751760025711],[121.77896830034683,31.46694330039304],[121.77860999965185,31.46683999976625],[121.77873869983114,31.46669400022796],[121.77907720015276,31.46633199972206],[121.77930629974605,31.466460600076687],[121.77977939979951,31.46631880037239],[121.7818093000592,31.465206900178373],[121.78224330028809,31.465086599666904],[121.78268210019883,31.464776300286076],[121.78307639985599,31.464686699931292],[121.78378719971954,31.464324300126407],[121.78426999986061,31.46428170014042],[121.78492980007024,31.463915700349332],[121.78533219992119,31.46433109990039],[121.7851068001388,31.463741300220875],[121.7862715004295,31.462939200283927],[121.78691679997041,31.462293600369435],[121.78758950005545,31.462234499622525],[121.78796390041373,31.462022200264357],[121.78819080026528,31.46169409970298],[121.78900730014686,31.461414600303613],[121.7890716996992,31.461080100166555],[121.78936459989643,31.461096500203382],[121.78939139969339,31.460732299955737],[121.7897089997706,31.460675999697685],[121.78976580005167,31.46088009993673],[121.79003889987541,31.460802299586533],[121.79020359991625,31.460273800395612],[121.79081300031976,31.459761800166973],[121.79115309963595,31.459785599825636],[121.79155699955595,31.45939430030677],[121.79195769968817,31.45926340038568],[121.79231500033711,31.458908800400877],[121.79285359981384,31.458660299733083],[121.79296680017774,31.458416399996906],[121.7942162004174,31.4575177002817],[121.7948646997462,31.457625299667882],[121.79580190033744,31.456968100297615],[121.79599340017535,31.45700150021912],[121.79666229972543,31.456114700333217],[121.7974658997316,31.455459000132805],[121.79783660027897,31.45538989982407],[121.79849269977831,31.45497750041136],[121.79898079962425,31.454820100167524],[121.79908219998356,31.454352899666617],[121.79931829989971,31.454464599961398],[121.7996809002534,31.45428059957004],[121.79969859981054,31.454032099801623],[121.80034290020478,31.45367430002898],[121.8003508996743,31.45315259971278],[121.80095489964901,31.45247710003821],[121.8021061002164,31.452019999823165],[121.80235180039529,31.45200170041818],[121.80270910014497,31.451751300382284],[121.8026774997669,31.45150100017105],[121.8029661003053,31.451214500448884],[121.80362269982777,31.450935799647482],[121.80449390007345,31.45076420000788],[121.80461779967175,31.45057840007314],[121.80516760020464,31.450533999644392],[121.80534040043915,31.450342300157104],[121.80563329973711,31.450298399751375],[121.8058044002529,31.450162899798045],[121.80599430019686,31.449874999831422],[121.80638640011239,31.449836099656352],[121.80665460042951,31.449675499624675],[121.80694809957515,31.449569799606593],[121.80722759987384,31.449335900331562],[121.80789700034632,31.449216500041473],[121.80837130009547,31.448924500065687],[121.80903969962253,31.448795000388998],[121.80951169980517,31.448621100283617],[121.80993280015866,31.448623399850078],[121.81041620014753,31.449600899961638],[121.81070260004503,31.449533600095606],[121.8105759997826,31.449261799792282],[121.81066079955633,31.448814200015363],[121.81095479962437,31.448823400079903],[121.81105560013589,31.448531900127136],[121.8113147002133,31.448494300371692],[121.8115689997096,31.4481017004332],[121.81203089960638,31.447898899714517],[121.81166660043334,31.44684679993992],[121.81245989960473,31.446459899904482],[121.82449780003355,31.441436300444934],[121.82505619988376,31.43985319956556],[121.8253373000764,31.439139600112526],[121.82625459957012,31.4384806002995],[121.82783869959633,31.438482800041243],[121.82844919987076,31.437967000176968],[121.82900439993318,31.43789839989131],[121.82923510031969,31.437773000223842],[121.82918089997861,31.437326299768984],[121.83041530042578,31.43739769964418],[121.83262749955952,31.437363299676576],[121.83426260013891,31.437618699943073],[121.83456790018852,31.437731799582934],[121.83558280040597,31.43820820014838],[121.83679569986168,31.43847090021194],[121.8376834997938,31.438517200008846],[121.8388969001719,31.438460899750794],[121.83996770044905,31.43835380038763],[121.8404638995894,31.438323100230946],[121.84105830020042,31.438301100115723],[121.84245889985846,31.438644400119017],[121.84337999988713,31.43843569984773],[121.84346960024197,31.438726799602193],[121.84434929998031,31.438922699822797],[121.84471889975748,31.43875200040452],[121.84525969987533,31.438462700193497],[121.84528649967228,31.438074999761454],[121.84558580034445,31.438092899867513],[121.84565499957864,31.438608300432747],[121.84658150003622,31.438762499989423],[121.84688940002582,31.439048999711645],[121.84797780003555,31.438626099814712],[121.84819029994242,31.43879909969877],[121.8485930999916,31.43865400038186],[121.84865910033727,31.438944199914943],[121.84987199979298,31.438866899587822],[121.85035909959288,31.438176199572013],[121.85111060007421,31.438417899566446],[121.85154300040915,31.43870850019715],[121.85278429955588,31.438771700053962],[121.85364910022588,31.438874200284147],[121.85468170000047,31.43912870032932],[121.85594769992645,31.439350599950274],[121.85634949992959,31.43910389972524],[121.85655019983187,31.43884579969398],[121.85697769976105,31.43888879987827],[121.8575399999711,31.43929000003351],[121.85784000031583,31.43929000003351],[121.85856770023929,31.439384999917877],[121.86015669977189,31.439617900046073],[121.8607268996268,31.439639400138276],[121.86104770039117,31.439641699704737],[121.861641000232,31.439688399699946],[121.86188129998209,31.439415600249788],[121.86225520031735,31.439444900162073],[121.86415259986268,31.4410055998286],[121.86437360016157,31.441099400017322],[121.86463759974549,31.44134479982273],[121.86566000030882,31.44291370040702],[121.86578740006848,31.442878000019732],[121.86593739979128,31.44283590005682],[121.865272200052,31.44168339996901],[121.86486610039026,31.44043580017211],[121.86495669989188,31.44024680044953],[121.86546899959467,31.439954799574366],[121.86628870016341,31.44002620034894],[121.87143860041112,31.44052050012101],[121.87199700026144,31.44064770023124],[121.87281009980632,31.44070999986667],[121.87354840003866,31.440788700438247],[121.87385739989918,31.440857299824586],[121.87438470029372,31.440944300239323],[121.87551000038627,31.440990100013153],[121.87611000017648,31.44100009957498],[121.87757489956198,31.44106049984225],[121.8779102000957,31.441104900271],[121.87859739995008,31.441142500026388],[121.88279669970802,31.441905000115696],[121.88284439974927,31.442033100447304],[121.88371450012414,31.44222210016983],[121.88415489992872,31.44236949995252],[121.88460180003312,31.442653700108224],[121.88466990029576,31.442900400333258],[121.884955300147,31.443065600397176],[121.88722180034586,31.444348500383057],[121.88914379994651,31.445719099556868],[121.88964569988923,31.4461733003576],[121.88979430026677,31.446221500421984],[121.89063299991312,31.446823299755522],[121.89131289997044,31.447539500047924],[121.89194860014788,31.447515800214035],[121.8933408999626,31.44781650023134],[121.89406730036569,31.448285199902102],[121.89463590032665,31.448574900311428],[121.89508760011267,31.448500199924354],[121.8952512002827,31.448609699578014],[121.89653570016253,31.448445000436493],[121.89810829965836,31.448465299933673],[121.89912939980206,31.44838300027527],[121.90327869995212,31.448897600443956],[121.90345389957781,31.449123100051054],[121.93668899959766,31.456660300132796],[121.94892929964749,31.461960799950987],[121.96182460022521,31.466341199786598],[121.96993979998183,31.478033100447306],[121.96929110010421,31.488742700415344],[121.97686510044412,31.515436899893075],[121.97549579989129,31.5269977999086],[121.97144360044183,31.538822900056857],[121.95417910018534,31.552445500359624],[121.94134999960283,31.559960099578973],[121.92907750022653,31.570637600045245],[121.91374399998563,31.580948800346903],[121.91352959981123,31.581121700406186],[121.9119598997296,31.58246000042874],[121.91135000020245,31.582719999828157],[121.9104500000675,31.58271000026633],[121.9101501004468,31.58271000026633],[121.90956000039375,31.582960099928698],[121.90835000035224,31.583209900116856],[121.90057980031759,31.59132299995656],[121.87771069988901,31.602930900340823],[121.84332810001183,31.61016280037302],[121.84288489971846,31.61058709961503],[121.84014919982576,31.613205699683363],[121.79458730026374,31.617138999765075],[121.79112329970053,31.61610129993511],[121.78679460009073,31.61660040028829],[121.77724000032583,31.61776010034839],[121.7464899996138,31.625810000331285],[121.70158010044133,31.63552000024788],[121.70067000002052,31.635770099910246],[121.68679000025838,31.640129899875035],[121.68648990008887,31.64090009995971],[121.68587999966235,31.6410199004481],[121.68526989958627,31.641519999948116],[121.69828890011274,31.659926700357005],[121.67781860004845,31.66489200036557],[121.66703250014984,31.669537800029502],[121.65638259987713,31.67846389958936],[121.65037009960042,31.68653939967362],[121.63989399960849,31.693819899968446],[121.62688379984752,31.700337999998737],[121.62417610034686,31.694831300024532],[121.62001550021523,31.68932429967674],[121.62080120011535,31.686864199723118],[121.6258271998654,31.683030299908467],[121.63368610003351,31.677691200288734],[121.63944189962399,31.675430300168273],[121.64604170036421,31.674371999568166],[121.63878310035989,31.66646130024884],[121.63031179964992,31.671314999787455],[121.62588069963465,31.67397509997096],[121.62049819963227,31.676872099567788],[121.6174287001744,31.6792242997617],[121.61332640039313,31.682319199671383],[121.6088602996632,31.68607000033029],[121.60421979970408,31.689177100442862],[121.59956689989258,31.6936557997754],[121.59925699981079,31.693915600424646],[121.5986569001958,31.69416570008707],[121.58623700013754,31.700205500183756],[121.5856368996233,31.700445499560203],[121.57018690030532,31.707485100257202],[121.56948250001744,31.707663135445387],[121.56927689970917,31.70771510007188],[121.56415909986265,31.70996410036298],[121.55616479956586,31.714044599678573],[121.55151530009107,31.717562199835697],[121.54365639992295,31.722812200023043],[121.53876549992799,31.725595599957046],[121.53938549974112,31.726178500037804],[121.5466972002157,31.72253810015326],[121.54973029961366,31.721013699822436],[121.56119989955573,31.716289900158813],[121.56968250024727,31.712860477628965],[121.57420989966715,31.711030100059133],[121.57481999974323,31.710780000396767],[121.57571999987817,31.710540000120943],[121.5763299003047,31.710289899559257],[121.57647999985215,31.71016010040836],[121.57663010029898,31.71003009980933],[121.57784010034038,31.709920100132592],[121.57785009990221,31.70939989988551],[121.57964989962318,31.709299999595373],[121.57980000007001,31.709179899632716],[121.57996010007867,31.709040100020673],[121.5808601002135,31.70879999992013],[121.58146999974076,31.708539999621337],[121.58602000002304,31.706800000319788],[121.5861499997228,31.70666999972076],[121.58631009973135,31.70654000002105],[121.58692000015799,31.706289900358684],[121.58782000029282,31.706040100170526],[121.5887299999896,31.705800000069985],[121.58932989995503,31.705550000232392],[121.58994999959282,31.705300000394743],[121.59053989999643,31.705049899833057],[121.59084000016594,31.705049899833057],[121.5911399996113,31.705049899833057],[121.59130009961996,31.704930100243985],[121.59145999997907,31.704409999821678],[121.59205999976928,31.70428989985902],[121.59296009972888,31.70404009967092],[121.59326999981067,31.703790000008553],[121.59630009996965,31.7025399999211],[121.59659999959035,31.70227989979759],[121.59780000007004,31.701779999947064],[121.59810990015183,31.70153000010947],[121.59932009984277,31.701030100258947],[121.59963009974933,31.70077999969726],[121.60022989989,31.70052999985967],[121.60054010034537,31.700269899736156],[121.60083999996607,31.700269899736156],[121.6011400003108,31.700409999721785],[121.61430119984061,31.691814900137558],[121.6184673002258,31.690496100114956],[121.61989989956078,31.692769999935592],[121.62033990006637,31.69315990010938],[121.62048999961382,31.693289899809088],[121.62109010012807,31.6935499999326],[121.62212989987506,31.694470099915236],[121.62226000029887,31.695240100350418],[121.62286000008896,31.695370100050127],[121.62360999960185,31.696020100347425],[121.62389989966073,31.696800100344433],[121.62419000026841,31.69732000021787],[121.62446989986609,31.698600099714895],[121.62445472200784,31.699580074760718],[121.62440369987087,31.699585500370574],[121.62214190042846,31.700351100423006],[121.61788170038028,31.70196500038452],[121.60754489997726,31.70575980037455],[121.59939759981944,31.708739200353875],[121.59771940013025,31.709173699706525],[121.59591970023405,31.7050355997132],[121.58855719975497,31.70745659984226],[121.58910440034788,31.709143299923426],[121.57936260040378,31.712208200248313],[121.57369349995508,31.713898500315565],[121.56081460031362,31.719527800367757],[121.55354260041076,31.725282599912134],[121.54684030033968,31.730735100444576],[121.54637579960354,31.729275999887534],[121.53566189997673,31.73566169992756],[121.53604820016437,31.73748110037252],[121.5246777999406,31.740638100268143],[121.52455329959514,31.74161079979865],[121.5086113000715,31.74545010004215],[121.50599560031674,31.74616719965661],[121.50170300039326,31.74808140033639],[121.49605540003677,31.751050100182056],[121.49198700019997,31.75391750039239],[121.49091950043464,31.755493000201852],[121.48368069990443,31.75633319991732],[121.48316470039072,31.756679800432494],[121.4776306996971,31.757388700028514],[121.46158679979101,31.759793300120748],[121.45117069986793,31.761481400446314],[121.44685719970005,31.763068200237285],[121.44270190017266,31.7659480003],[121.43261420028523,31.769623999847738],[121.42865499972856,31.771065300123553],[121.42666549971307,31.771733699650554],[121.42592690000652,31.772115899828975],[121.42226140004368,31.7756109998478],[121.41797629956659,31.77964689998447],[121.41423949955333,31.78445860028421],[121.41392670005723,31.78486129960936],[121.41259200002082,31.786507899819753],[121.41080510017525,31.78907269974536],[121.40839599987555,31.79288689991057],[121.40622150032209,31.797339699667475],[121.41173979975201,31.799341499710522],[121.41108890013265,31.800597699724108],[121.41046859994594,31.801838899945324],[121.41013299993801,31.802477000413262],[121.40955820005092,31.803667799929087],[121.40903949987307,31.804706599629924],[121.40819139961343,31.80591349970831],[121.40676230043982,31.808033799820066],[121.40645379970317,31.808516199762835],[121.40081390024136,31.811590499801753],[121.39645799973698,31.816759800224645],[121.39467700034334,31.818838399672472],[121.39270290031868,31.82105359984382],[121.3918230998562,31.82181940044501],[121.39049220035486,31.822985799555056],[121.38962904904145,31.823842512621923]]]]}},{"type":"Feature","properties":{"district":"徐汇区","district_en":"Xuhui District","source_shape_id":"62558664B58068800824486"},"geometry":{"type":"Polygon","coordinates":[[[121.46071260030635,31.114297799603833],[121.46400920016447,31.118475100145815],[121.46525319997522,31.120563600230014],[121.46576460035612,31.1221611001547],[121.46595810028612,31.1240306000322],[121.46541909971177,31.127308199913557],[121.46425800030659,31.130065100424076],[121.46329039993202,31.13126009977384],[121.45866000025887,31.13550759959611],[121.45686309995222,31.13706930020811],[121.45538410009624,31.138950400440706],[121.45373919960446,31.141860700111295],[121.45310339960224,31.143375000156198],[121.45253669990882,31.1452913996784],[121.45252279998726,31.14731429961529],[121.45333839964746,31.149277999879814],[121.45379449981635,31.150094300111903],[121.46288690021038,31.15801130008151],[121.46444020025513,31.160100499838222],[121.46530130021495,31.162036599909186],[121.46536540029308,31.16353380024475],[121.46506310038183,31.165281700090418],[121.4646326003143,31.16706879958548],[121.46288299985065,31.17060370000081],[121.46172880004417,31.173237200036795],[121.46085859984453,31.175596299829408],[121.46066619978535,31.17652890038852],[121.46058380030217,31.177986599801784],[121.460629600076,31.179021099843908],[121.46082190031052,31.179890999669965],[121.46140819982861,31.18156810038755],[121.46281889977251,31.183989700364407],[121.46454099986727,31.185988000246084],[121.46623559959335,31.18735159999642],[121.46955170035073,31.189059899994447],[121.47121950027974,31.19019819978712],[121.47115819979115,31.191519900123353],[121.4709651000594,31.191730999785875],[121.46964720025812,31.19233120012484],[121.46868779990211,31.192549599584424],[121.46723569966787,31.19277469989254],[121.46623869955636,31.1929141002056],[121.46581509998691,31.19308359992823],[121.46554229963749,31.194827399764733],[121.46538459991939,31.195877299797587],[121.46533239967061,31.196595099983938],[121.46524659985073,31.197476100141955],[121.46513929993876,31.198329599931128],[121.46505350011898,31.198641599929942],[121.4648496004288,31.19910049968837],[121.4644204997063,31.199770400183866],[121.46413080019636,31.200495400342504],[121.46376600010092,31.201569100033964],[121.46349779978368,31.202881399756848],[121.46331540018559,31.203679799882934],[121.462789699685,31.20531319984434],[121.46236050003711,31.206552099599776],[121.46034349965282,31.20560690043817],[121.45992509996347,31.205460099603954],[121.45846600030575,31.20515719984496],[121.45798410038594,31.205057599928352],[121.45772069975055,31.205004399633367],[121.45769309955699,31.20520899989549],[121.45766390036874,31.20547100028648],[121.45763649982462,31.20615389958283],[121.4576184998939,31.20682980035508],[121.45744399994066,31.208431799587913],[121.45725340032425,31.209773199573533],[121.45725150005671,31.209786899845597],[121.4571971000662,31.210213799926976],[121.45719030029215,31.210392100415163],[121.45709709995128,31.21117769959119],[121.45700670009921,31.212122799827398],[121.45663799964404,31.213585000347564],[121.45613909983967,31.21539059979642],[121.45530519987517,31.21706719959161],[121.45451630018715,31.218749500189347],[121.45416420031768,31.219580599664994],[121.45403419971865,31.219844399599424],[121.45371919958143,31.220483599938234],[121.45369289980749,31.22055389994256],[121.45367370018118,31.220599900265256],[121.45340039980863,31.221298199552336],[121.45317719976799,31.221944099840414],[121.45312620011407,31.222124699895062],[121.45293680019324,31.22205320019509],[121.45165340018434,31.22175610016393],[121.45135570030538,31.221684599564696],[121.45040349992166,31.22109160009734],[121.44802700004607,31.219542900084832],[121.44760269990479,31.219294699790623],[121.44704549975006,31.219094099713004],[121.44635419988651,31.21886350005053],[121.44492750010409,31.218387499683388],[121.44366169982766,31.21796149982339],[121.4435938999386,31.217951899560546],[121.44278109986794,31.217804999800933],[121.44246080002597,31.21775150003174],[121.44071190013415,31.217459500055952],[121.4399323003355,31.217330600227058],[121.43924570032891,31.217211299761743],[121.43889099961996,31.21713779996952],[121.43497029993944,31.216344200424544],[121.43479859957574,31.216275399590074],[121.4347880999909,31.216202899844006],[121.43470199979754,31.215605599818616],[121.43460809978399,31.215199199783285],[121.43453789960449,31.215000900171447],[121.43451950037468,31.21494910012092],[121.43437469963271,31.21473810028317],[121.4341734997073,31.21446279981842],[121.43322130022284,31.213623199950746],[121.43287240014126,31.213393899808693],[121.4324864003272,31.213235600242797],[121.43202189959106,31.213108400132626],[121.43174069957365,31.21306120011434],[121.43098440030985,31.213022200114494],[121.43087439973385,31.213008599667205],[121.43057369971655,31.212971400110064],[121.43073040028776,31.2123876996327],[121.43097150043445,31.211530099834306],[121.43107110035112,31.21117559967422],[121.43144819957479,31.210336300180188],[121.43149090028487,31.210244900281964],[121.43178750029301,31.209610299975395],[121.43221650029136,31.208692299909785],[121.43245429992601,31.208183600193024],[121.43263649987466,31.207621899830883],[121.43279619968496,31.207149000326183],[121.43326810004282,31.205828999708615],[121.43278319998478,31.20552640032315],[121.43172149994734,31.20482769993845],[121.43144570035884,31.204593899588872],[121.43044789985072,31.203960700426023],[121.42908539997131,31.203410100395843],[121.42243349970636,31.200794700115352],[121.41979419994243,31.199629200327365],[121.4192685003411,31.19928960013499],[121.41882859966017,31.198766499574333],[121.41822780037273,31.197839599817712],[121.41772350013946,31.197068700060527],[121.41750890031551,31.19638960039981],[121.41747679991443,31.194930400017995],[121.41747679991443,31.194453199955262],[121.41734799991036,31.194104399698347],[121.41691890008724,31.193517000309384],[121.41643609994617,31.19314080040766],[121.41585670002678,31.1929020996522],[121.41498899994247,31.192751799555936],[121.4144680001981,31.192726300178663],[121.4119350003001,31.192825300247478],[121.41199190040595,31.193893800058902],[121.41211399956148,31.193957199565148],[121.41214879972733,31.194218100085322],[121.41147330005276,31.194270300334153],[121.41131210017329,31.19324140037037],[121.41022689995157,31.193439000309695],[121.41016420011783,31.192899899910515],[121.40861030022529,31.192955299947187],[121.40795540042143,31.192983599813317],[121.40799040023683,31.192696600068075],[121.4080019996926,31.19241449982934],[121.40799340037518,31.192272299926742],[121.40788539989137,31.19150939963913],[121.40787020044945,31.191296799907434],[121.40787359988678,31.191051300277365],[121.40790580011264,31.19048520043168],[121.40804830038883,31.190127600308585],[121.4081874003283,31.189809799682564],[121.40838259997702,31.189451700435654],[121.40873479967138,31.188965599782648],[121.40889279976295,31.188719500304728],[121.41037650037526,31.1891516002662],[121.41055670023161,31.188946400156283],[121.41081420041507,31.188340699563696],[121.41087850014276,31.187725699981115],[121.41078200018922,31.187138299692833],[121.41065320018515,31.186394900304435],[121.41044940031964,31.185412800160634],[121.40943009971943,31.185422000225174],[121.4091512001678,31.185091500272563],[121.40801390042122,31.185073199968258],[121.40823920037883,31.184274700017454],[121.40828180036488,31.184127700433066],[121.4079334003062,31.184117799796695],[121.40756860021077,31.184044300004473],[121.40560520031977,31.183576200181562],[121.40215709977042,31.18257779982565],[121.39965389980773,31.181853000215824],[121.39712080008496,31.18111779994655],[121.39638039993554,31.18021729978858],[121.39489809956774,31.181968599970958],[121.39390980039707,31.181364699821074],[121.39440389962033,31.179492600003528],[121.39073329960218,31.179190599566596],[121.39172159967211,31.17623130033428],[121.38939210016531,31.174419500059912],[121.3902392003788,31.1710373000314],[121.38776859994096,31.170372899789527],[121.39059209974562,31.16173560041767],[121.39558659984175,31.16318559983563],[121.39892159985197,31.164332900043348],[121.40760400022452,31.14222329956567],[121.41674519963135,31.129021599966904],[121.43190219982671,31.13091140024096],[121.43433640020476,31.121537399631336],[121.43418610010849,31.120931199914992],[121.4328969003717,31.118423800118308],[121.43100280043893,31.115404599742533],[121.43165680002141,31.114996099790233],[121.43183380008986,31.115005200029998],[121.43224149964556,31.115303800130334],[121.43321250035672,31.114444899912257],[121.43333050040235,31.11424749962248],[121.43333720035162,31.114114599609138],[121.43306170023732,31.113958700333797],[121.43309910034327,31.11379879997469],[121.43325549964163,31.113720799975],[121.43355209964977,31.113854799859155],[121.4340588001736,31.113910699918904],[121.43476390013393,31.113958700333797],[121.43683969999222,31.114384499644984],[121.43773400022394,31.114858300270384],[121.43844859972319,31.115448000125184],[121.43881160027524,31.115554999663573],[121.44013079959677,31.116335399858883],[121.44108850023417,31.116773300447505],[121.44131930044546,31.117277099758383],[121.44194910017086,31.116105599693697],[121.44537199991794,31.11731189992429],[121.44615619974888,31.117354300260786],[121.4465116001303,31.116531800102564],[121.44699080028522,31.11663590022664],[121.4467010998759,31.11537749957199],[121.44613249991505,31.115239799876917],[121.44624520025582,31.114748299694327],[121.44565799961708,31.11456259958436],[121.44611559985515,31.11369319978138],[121.44619259980868,31.113301400239493],[121.446598499821,31.112026700272054],[121.44731129977674,31.11208589994436],[121.4475066001495,31.110378199794127],[121.4470468001698,31.110327100315487],[121.44714130003103,31.109627700258216],[121.44645520004747,31.10963890041495],[121.4448024997356,31.109443799691633],[121.44300499958115,31.109174200029372],[121.44308439982524,31.108522500013407],[121.44134369995186,31.108322899981886],[121.44144610035733,31.107606000016915],[121.44350369973597,31.107798200426657],[121.44367509972608,31.106533900219347],[121.44485820014586,31.106596500228363],[121.44532570012097,31.106627900057617],[121.44585020002683,31.106822800232123],[121.4460411998416,31.10675319990031],[121.44587460043249,31.10590380012036],[121.44598029955125,31.105698500185667],[121.44622830019591,31.105632300190564],[121.44683399988924,31.105764600356054],[121.44726089997062,31.10573679961368],[121.44729730003041,31.105632099641753],[121.44751289990052,31.105012699676422],[121.4472572001597,31.104932800308518],[121.44749699988665,31.104305800172597],[121.44766789985374,31.104314100015756],[121.44799429979719,31.103151600366118],[121.44904050001912,31.103258799554],[121.4494464998561,31.10330040039321],[121.44990829992821,31.10335440018548],[121.45006820028732,31.10281369989241],[121.4502890000374,31.10285210004446],[121.45075569961591,31.102933399656706],[121.45086239968009,31.102562000336093],[121.4515056002034,31.10270489991126],[121.45144579978387,31.102931600113322],[121.45368030030568,31.1033884997795],[121.45389089994512,31.102764399957152],[121.45454009984576,31.102907900279433],[121.45448929984138,31.103188700098485],[121.4545339997444,31.103321000263975],[121.45529969962149,31.103475500194236],[121.45794160022479,31.104161199979444],[121.45794580005872,31.10584220015744],[121.45853809985351,31.108300399843642],[121.45937059957362,31.11135009982729],[121.46071260030635,31.114297799603833]]]}},{"type":"Feature","properties":{"district":"普陀区","district_en":"Putuo District","source_shape_id":"62558664B37655815188257"},"geometry":{"type":"Polygon","coordinates":[[[121.33185430033575,31.296818600198264],[121.33106799968846,31.29619000016845],[121.3309826998917,31.29585149984689],[121.32945599999448,31.29623400039884],[121.3297583997304,31.29511709997422],[121.3293834004237,31.29505569966085],[121.3291182002448,31.295012099628764],[121.3288903003471,31.294995300292953],[121.32844829974931,31.295010399910097],[121.32793550002339,31.295050700329625],[121.32759360026455,31.295037300431147],[121.32819360005465,31.292782200038573],[121.32559859999549,31.2920777997507],[121.3216657999368,31.291011399856245],[121.32187800036945,31.290765300378382],[121.32241530032593,31.29014209987804],[121.32171600009337,31.289747300197803],[121.32209499958458,31.289233000402703],[121.32183190022204,31.28906540004823],[121.32229559966231,31.28852440028089],[121.32199240042905,31.288360599562054],[121.32254970040844,31.2877891001869],[121.32221089971335,31.287636700173607],[121.32260170010841,31.287257199760006],[121.32332260025782,31.287822400283574],[121.32401530036589,31.28693970040689],[121.32418370021765,31.286908000204107],[121.32451560041466,31.28651049985973],[121.32739429970718,31.28762859997994],[121.32787840026799,31.287805400398952],[121.32797369962657,31.287459399731574],[121.3279965001384,31.287171700313763],[121.32803650018445,31.2868717997938],[121.32817059989338,31.28653529956449],[121.32822189992078,31.286335400058704],[121.32834740031228,31.286068299612396],[121.32864140038043,31.28543320018207],[121.32896640007937,31.284822799732467],[121.32911639980205,31.284540900042543],[121.32912580041545,31.284471299710788],[121.32907789982528,31.28441679989544],[121.3285793003945,31.28425920000211],[121.32875030018624,31.2838794001143],[121.32903439961785,31.283443299968383],[121.32942179967642,31.282983900186878],[121.32944880002219,31.282265000129712],[121.3303595002908,31.282081499761432],[121.33040609956186,31.28230440032786],[121.3313255996967,31.282281499991257],[121.33196270011854,31.279454500025224],[121.33104889988692,31.277844899722368],[121.33135460013477,31.276918599813598],[121.33430039964378,31.276277299557762],[121.33360559961875,31.27402089964488],[121.33860790043434,31.272595699931685],[121.3398028997841,31.27511350038776],[121.34708399992667,31.273783299659613],[121.34769529969833,31.274258399805376],[121.34872359981432,31.274163399921008],[121.34919390027835,31.273389800399002],[121.34962550021669,31.273365800191584],[121.3501271996106,31.273289400085787],[121.35026840036642,31.273231499933843],[121.35036650021391,31.27316989997098],[121.35070949984356,31.272850799824596],[121.35081769997691,31.27278790034137],[121.35093009994421,31.272751000258495],[121.35104969988379,31.272736200115617],[121.3511953001231,31.272762099691192],[121.3514360998962,31.27278669974646],[121.35199580016615,31.272945799708964],[121.35209580028106,31.27294569988419],[121.3526615997531,31.27281780010145],[121.35304720026818,31.272765500027845],[121.35334089996263,31.27252060024557],[121.35374849969355,31.271602399631092],[121.35383070042656,31.271487799922056],[121.35396330006631,31.271210600089148],[121.35407100017653,31.27095390030229],[121.35443180008758,31.270281600415558],[121.35444789975088,31.27016220012547],[121.35486060043638,31.270182200148497],[121.35492359974444,31.270240700148236],[121.35496740032534,31.27076679994792],[121.35480850001238,31.27092160025171],[121.3547436004369,31.271047300292707],[121.35477679980954,31.2711643002923],[121.35484309962942,31.271236999687858],[121.35564599996303,31.271860399837635],[121.35605829955091,31.2723015002141],[121.35622980026517,31.272448099600183],[121.35665000039728,31.2728626996539],[121.36124030019971,31.2719867995512],[121.36116220037536,31.269846299766982],[121.3626931999313,31.269817599702492],[121.36261829989473,31.269724599910433],[121.3626505001206,31.269613199989237],[121.36268669963158,31.269449300345002],[121.36267160001444,31.269189999718776],[121.36255750032842,31.268922599798202],[121.36247529959542,31.26884769976158],[121.36231680038009,31.268669300347995],[121.36222059990087,31.268542700085618],[121.36186149970854,31.26860990012682],[121.35723500039501,31.269501499694513],[121.35707200007278,31.269514799768274],[121.35682179968637,31.269470900261865],[121.35672360001422,31.269474699897557],[121.35548179994521,31.269717200288596],[121.35514169972976,31.26961770019676],[121.35499019993779,31.26691540022557],[121.35420359981629,31.265423499594874],[121.35453719973202,31.265299699821355],[121.35463719984693,31.26505439984072],[121.35515919963746,31.264436300295074],[121.35597220025693,31.26343379993],[121.35677659976034,31.262757300209273],[121.35688129973221,31.262687699877517],[121.3568804004102,31.26258759993783],[121.35687249986609,31.262414400404282],[121.35688820023029,31.262277000183474],[121.35691840036395,31.262200199879373],[121.35696839997172,31.26211750002267],[121.3570203996718,31.262061699787694],[121.35713600032625,31.261939800281596],[121.35735220004403,31.26177060003323],[121.35773540026855,31.26160339987706],[121.3579666996036,31.261598700020045],[121.35830269980977,31.261694399576925],[121.35859829977176,31.26183410026357],[121.35901840007921,31.26198500020763],[121.35919609982022,31.261876999723825],[121.35926219999055,31.26177660030993],[121.359387099635,31.26134469999795],[121.35951460011881,31.261337099827358],[121.35986949957783,31.26131590010874],[121.35999549999235,31.261307899739847],[121.36008110016269,31.261639399738556],[121.36017579967347,31.26159810017225],[121.36073449989726,31.261354599735057],[121.36092399964298,31.26144379989148],[121.36136610006554,31.26138219992862],[121.36149759983448,31.260798000327497],[121.36144360004221,31.26079400014305],[121.36145459965007,31.260701899672995],[121.36144629980697,31.260497199586155],[121.36134259988114,31.26044739962782],[121.3612541002966,31.259472100157325],[121.36989229988978,31.25882590039504],[121.37007199972311,31.259159500310716],[121.37015459975498,31.259346199567517],[121.37023540024359,31.25954710001872],[121.37030000034486,31.259785600225314],[121.37054979963364,31.26136579989179],[121.37204740016739,31.261304500302515],[121.3721162001026,31.26133890027006],[121.37252079969517,31.26132169983663],[121.3727904002568,31.261270200159686],[121.37344849984845,31.261085300446325],[121.37341479955342,31.26099090040975],[121.37461739997309,31.26093550037308],[121.37458979977953,31.260617699747115],[121.37519350027992,31.260576500005527],[121.37490939994893,31.259732700303914],[121.37629709973146,31.25964050000914],[121.37565790029191,31.25774439998412],[121.37492830010103,31.25591009957151],[121.37411180021945,31.253789400160713],[121.373367800084,31.25167539979992],[121.37333049980282,31.251581399961708],[121.37327780043017,31.25139049997165],[121.37289599955079,31.25035480023388],[121.37257609990718,31.249574499863343],[121.37239449980643,31.249227699698622],[121.37218209972423,31.248891800216484],[121.37163080002142,31.24814880012707],[121.37110959972836,31.246252999576313],[121.37056779956436,31.246555199662794],[121.36905670020656,31.247287100319454],[121.36847070016279,31.24753460004183],[121.36839919956344,31.247363399701214],[121.36772629982897,31.245597499924713],[121.36706870026035,31.24594780025086],[121.36628499955316,31.246527100345475],[121.36556429995255,31.24726650044869],[121.36547280022955,31.247355099857998],[121.36375339989957,31.24922340003991],[121.3626613999038,31.24855680005635],[121.36244110017674,31.248414799803243],[121.36217899996097,31.248251099808442],[121.36194130015099,31.248063100132015],[121.36174959976427,31.24782929978244],[121.36166720028109,31.247712100133356],[121.3615668997927,31.24756940020768],[121.36111510018179,31.246816700030706],[121.36050219961692,31.24579559988706],[121.3610767000298,31.245508100118798],[121.36048669980141,31.24454109959214],[121.35990410009424,31.2447991996234],[121.35950969971293,31.24364480016743],[121.35923459979699,31.243131700067977],[121.35841390008147,31.2419425004461],[121.35839039989708,31.241907499731383],[121.35931030023028,31.24137210004244],[121.35912739970979,31.241132999987997],[121.35876399985875,31.241187700352157],[121.35803360017053,31.241540800267785],[121.35719810031219,31.24074969993876],[121.35607290004441,31.240509400188728],[121.35574220044225,31.241623000101413],[121.35552010027243,31.242371100246146],[121.353117699922,31.24217350030682],[121.35168719960461,31.242069400182743],[121.35161639957721,31.242063800104347],[121.35162480014446,31.241584099926342],[121.35167939978453,31.24086490039491],[121.35179420004238,31.240462299995215],[121.3517912997288,31.240334699686684],[121.35175400034689,31.240177599816434],[121.35144970034344,31.239524600280106],[121.35139800011768,31.23943869973624],[121.35126589960169,31.23938229965347],[121.35041609962332,31.239237399986052],[121.35011460010878,31.239140499834264],[121.34970100010116,31.239007599820923],[121.35008120018733,31.238218899782453],[121.35184979972848,31.235297300130355],[121.35391610004808,31.232628800278974],[121.35444910034573,31.231752099779612],[121.35499279987789,31.23075709976041],[121.35568220037328,31.2293401000656],[121.35619269963343,31.22865119959323],[121.35683049972783,31.228145300365384],[121.35740600018687,31.227866800112793],[121.35803310014751,31.227791999900944],[121.3599210999788,31.22808909993205],[121.36049299955232,31.22813339963676],[121.36114509976665,31.227954299651287],[121.36160239963112,31.22767230013659],[121.36188089988366,31.22717750034144],[121.36190690018339,31.226702900218697],[121.3619355004231,31.226252400128203],[121.36219029994243,31.22580969985779],[121.36276349993568,31.225401799753286],[121.36360080023678,31.22505250037267],[121.36432650006793,31.22496139994871],[121.36570940016873,31.224868499981312],[121.3664049996911,31.22459340006543],[121.36688789965694,31.224216299942327],[121.36723240025515,31.22380820018833],[121.36794999989263,31.22287590000286],[121.36833940004328,31.2221463996367],[121.36864160012976,31.2218450997716],[121.36895849963514,31.221723499739767],[121.36940999977173,31.221713099979638],[121.37015959998564,31.221984099886356],[121.37099369959958,31.222341899659],[121.37142430039125,31.222477299787613],[121.37188089968379,31.222492000105774],[121.37221320007916,31.2224426003458],[121.37274220019242,31.222330499852717],[121.37401239995233,31.221900099609968],[121.37497619979183,31.22170499978597],[121.37781330004384,31.2217089001457],[121.37870369991583,31.221663200196588],[121.3793760996274,31.221542299837324],[121.38136799993333,31.220966800277665],[121.38242190015069,31.22072520010795],[121.38404960020898,31.22047079988755],[121.38535000010245,31.22042529958793],[121.38756089971582,31.220538499951886],[121.3895928000677,31.220516700385474],[121.39160800000923,31.220561699762698],[121.3919724997312,31.220553700293067],[121.39246780044869,31.220485799679977],[121.39294759955214,31.22038989957423],[121.3939444000141,31.22015410003172],[121.39425260037729,31.220111500045732],[121.39459860014529,31.22020609973174],[121.39487089957242,31.220367199786494],[121.39503790007905,31.220613700362037],[121.39520980009229,31.22105939987148],[121.3952014004243,31.2215966998279],[121.39523020031356,31.222053399844583],[121.39529729963078,31.222309200309383],[121.39549429972226,31.222522800087233],[121.3957251997582,31.22262869975475],[121.39602139956799,31.222674399703862],[121.39637389963582,31.222631500243608],[121.39714240000183,31.222473099953675],[121.39838930012615,31.222418600138326],[121.39926630009973,31.222445099561753],[121.40028159961616,31.222641200331168],[121.40114850020313,31.22290150010417],[121.40227719973302,31.223373799761077],[121.40353530001414,31.22399009976334],[121.40479390031828,31.22433079982659],[121.40578580037447,31.224362400204654],[121.40722049962642,31.224521799641366],[121.40831849989888,31.224776699884842],[121.41000999966184,31.225439299684012],[121.41091120039164,31.225842900129805],[121.4112622003903,31.226209999791706],[121.4114261998593,31.22646680030266],[121.4114577004126,31.227250299561717],[121.41122370041353,31.228172899659626],[121.4105679003884,31.22947600021729],[121.41022460038505,31.230209900066882],[121.4102141997256,31.23041720009377],[121.41069670039246,31.230466800402553],[121.41134040003953,31.23039340043516],[121.41224159986996,31.229769600087025],[121.41318579988479,31.228852100044435],[121.41456819996256,31.22751930027556],[121.41489490027948,31.227261200244243],[121.41507469993746,31.227158600189284],[121.4152517998308,31.227101799908212],[121.41545840018512,31.227071900148132],[121.41567740039181,31.22707700020345],[121.41589200021565,31.227122299954203],[121.41618040020535,31.227252000179703],[121.41644730010285,31.227420499856237],[121.4166870998298,31.227624000247488],[121.41690109980595,31.227846499716236],[121.41708570004505,31.228069199733852],[121.41788429982068,31.229100499988135],[121.41821150016062,31.229480299876002],[121.4184306001921,31.22970790029939],[121.41884239975695,31.230089599555413],[121.41940539963957,31.230572100222275],[121.41953750015557,31.230317500352385],[121.41961009972636,31.23036029998792],[121.41968840009963,31.230393199886294],[121.41983310011756,31.23044569960939],[121.41994140007557,31.230499599576888],[121.42063830001757,31.23086870023036],[121.42116329994644,31.231146800284648],[121.42126520032878,31.231190799615774],[121.4213732997381,31.23122700002608],[121.42147119993604,31.23124590017818],[121.42158529962194,31.231253299800017],[121.42169459962611,31.231252699952165],[121.42180389963028,31.231246000002955],[121.42198749982333,31.23122080009989],[121.42246960029183,31.23115479975428],[121.4225712003007,31.231140899832724],[121.42282389990316,31.23110299970375],[121.42290559971377,31.231090000003576],[121.4229393000088,31.231364500071663],[121.4231669004322,31.232548800187033],[121.42341030014529,31.233135099705123],[121.42404329965859,31.233979099955548],[121.42483719957715,31.23489650017342],[121.4252721998522,31.235412600411223],[121.42554180041384,31.2357448000825],[121.42596869959584,31.236284500329475],[121.42638689963576,31.23690610003655],[121.42643930043346,31.237066100220375],[121.42654050024396,31.237039099874607],[121.42701520019136,31.236961599897995],[121.42804150021516,31.236868699930596],[121.42829950042164,31.236857700322673],[121.4285539995675,31.236858999843037],[121.42873990022633,31.23687289976459],[121.42946769997445,31.236956400017903],[121.42997300025377,31.237011700229857],[121.4304313001644,31.23708160003588],[121.43078480027839,31.237177900339873],[121.43120670012922,31.237344399924154],[121.431599200243,31.23752619967445],[121.43225679981151,31.23790960044778],[121.43258910020688,31.238122700202496],[121.4329608997258,31.23842049990617],[121.43338950042516,31.2388494000798],[121.43496600028072,31.239678500362572],[121.4352140998509,31.239748699642803],[121.4354110001176,31.23981129965182],[121.43580989980705,31.23997479999707],[121.43622609975478,31.24022179969637],[121.43677059968354,31.240569699731907],[121.43730250011038,31.240938199638265],[121.43783250026968,31.241255199867624],[121.43811359956305,31.241395500402064],[121.43848859976913,31.2415569997558],[121.4388621997308,31.24173280012866],[121.4397133001288,31.242350200001795],[121.44134439962443,31.24329840020107],[121.44248499988294,31.243747099848804],[121.44266459989149,31.243807099917774],[121.44289590012579,31.243872200042063],[121.44451159963069,31.24430029981903],[121.44457879967194,31.244321799911177],[121.44463659999917,31.244346899989466],[121.44469099998969,31.24437829981872],[121.44473500022013,31.24441550027518],[121.44517609969728,31.244886700061215],[121.44540110018067,31.24511889961758],[121.44429859970069,31.24580110014074],[121.44368920019645,31.24637930036448],[121.44364620001215,31.246636199800832],[121.44425649973778,31.247639200188985],[121.44541519975178,31.248849899903007],[121.44589930031248,31.249809800282094],[121.4461246002702,31.250800399918546],[121.44616749973034,31.251846000292744],[121.44671170018489,31.25182929988233],[121.44672240031855,31.252746499551392],[121.44692599963525,31.254213899951594],[121.44675039981121,31.254262000191204],[121.4460652998738,31.25451490034243],[121.44596500028456,31.25458409957656],[121.44588109983295,31.25466549991296],[121.44570719972751,31.254712299732887],[121.44540410031902,31.25481000028134],[121.44536069993637,31.25483709955256],[121.44523139990929,31.25487940006434],[121.44501479999303,31.25496059985187],[121.44482719961559,31.255041199791606],[121.44497089958736,31.25540149967952],[121.44506200001138,31.255529299637544],[121.44519859983552,31.25561630005228],[121.44537619975188,31.25577730028226],[121.44538389974718,31.255842600055985],[121.44532329983053,31.256058799773825],[121.4453047000519,31.256240700248156],[121.44532589977052,31.256507600145653],[121.44540630006077,31.256805600398195],[121.44556640006942,31.257183300369093],[121.445793799944,31.25748679997588],[121.44646619965545,31.25812899955372],[121.44615779964283,31.2584890997922],[121.44542420016671,31.259661900276512],[121.44490919979978,31.26046900044406],[121.44283849999681,31.263146900009474],[121.44015629987337,31.266668500351045],[121.43821440007457,31.269098699645326],[121.4378281997117,31.269355400331506],[121.43737759979649,31.26955720010477],[121.4360150000922,31.270061600162762],[121.43280710036743,31.271134500356936],[121.43250669982444,31.27128119956774],[121.43027509961621,31.272528300240936],[121.42782889958414,31.273793800143835],[121.42719590007084,31.274252299703903],[121.42706719989144,31.274380599685003],[121.42671309992966,31.274829999904625],[121.42528619959853,31.276718899957302],[121.42394509998644,31.275508499717546],[121.42057529981025,31.272455000098205],[121.41968439991524,31.271603899700267],[121.41901920017597,31.270897799693728],[121.41885829977082,31.270732700353904],[121.41870040040317,31.27045129978768],[121.41862419994698,31.27025119973314],[121.41734330005329,31.270242300042185],[121.41734489994724,31.270725799855825],[121.4168069003183,31.27073049971284],[121.41680419965417,31.27061690004996],[121.41630240043548,31.27063480015596],[121.41615480010398,31.270608500382025],[121.41613999996105,31.27039150026758],[121.41585040027576,31.270416700170642],[121.41583650035432,31.27005840037492],[121.4155040003094,31.270103899775222],[121.41532939963213,31.270081100162713],[121.41519629996935,31.269582800206138],[121.41578139979185,31.26952020019712],[121.41674259969125,31.269573399592787],[121.41680330033216,31.268959400056303],[121.414778799602,31.267082899856007],[121.41226009982381,31.26746810017272],[121.41105119965323,31.267693800328686],[121.4110532995702,31.267759899599753],[121.41070870004648,31.2702773996823],[121.4106292998024,31.270952800431473],[121.41008360017804,31.271127900232443],[121.40939159974255,31.27141220021292],[121.40869180038635,31.271710699589164],[121.408238499807,31.271868599856077],[121.40774150027005,31.271971500284565],[121.40600719997235,31.27216019963356],[121.40596130037375,31.272165199864162],[121.40598159987098,31.272368999729622],[121.4062730998238,31.274984099636526],[121.40622810044658,31.274982899940937],[121.40076520015396,31.274834199738564],[121.40182819971176,31.278083200279525],[121.40182929958257,31.278618000120673],[121.40016039978264,31.279040999842323],[121.39983669960407,31.277516700235594],[121.39927889960165,31.27773530024399],[121.39875660033692,31.27776179966736],[121.39829790022793,31.277862399630067],[121.39801670021063,31.27846860024573],[121.39579079990551,31.279217900086053],[121.39571620024253,31.279743900060964],[121.39525609988914,31.27995120008785],[121.3967482999941,31.282310500429276],[121.39716879960054,31.283280400370245],[121.39740820002851,31.28375320005017],[121.39800669974943,31.284592399719543],[121.39935939971656,31.286425700086056],[121.39935719997482,31.287286399847517],[121.39967969955853,31.287769399638137],[121.39668179962541,31.287879400214194],[121.39561970028899,31.287943600117103],[121.39561970028899,31.288823799878514],[121.39536470022085,31.288902000427015],[121.3937334001763,31.28885629957864],[121.39369230025954,31.290037700279697],[121.39385540040644,31.290183099970136],[121.3944956997168,31.290164000168545],[121.39449030018727,31.28978790009154],[121.39463049999767,31.289772500100867],[121.39465069967014,31.289374599558187],[121.395050999604,31.28992399989272],[121.39508410005124,31.290218099785534],[121.39480399990475,31.290228899743965],[121.39478640017228,31.29062709976091],[121.39338950032527,31.290852700092103],[121.39259990006542,31.291012100428134],[121.39269010026794,31.291344200274693],[121.39311169974519,31.292228099846966],[121.38935169992112,31.293025099728595],[121.38886260002903,31.293126000064888],[121.38898830007008,31.293372100442127],[121.3890960001803,31.293499299653035],[121.3891909002399,31.293754000246963],[121.38923310002758,31.29412000003805],[121.38922520038273,31.294366700263083],[121.38939599962578,31.294994099697988],[121.38949510041857,31.29545129973775],[121.38968460016417,31.29591500007723],[121.3900079001445,31.29646879989525],[121.38949170008198,31.29651110040703],[121.387158499865,31.29670039960382],[121.38654300025928,31.296747300147842],[121.3858781998191,31.29685750037339],[121.38539510020382,31.29691660022098],[121.38525400017204,31.29690859985203],[121.38457069977801,31.297011500280576],[121.38359469973568,31.297037800054454],[121.38362110023365,31.2966658998115],[121.38358589986944,31.29639919956344],[121.38288690001048,31.29645549982149],[121.38290880030092,31.296245099831538],[121.38287810014424,31.296031000030666],[121.38269139998818,31.296167400205434],[121.38148469955934,31.296202099647246],[121.37992399989275,31.296273799896028],[121.37985729987452,31.29570519993507],[121.37851360032244,31.295702799644516],[121.37850919993969,31.294613299764023],[121.37686929967845,31.29456070021621],[121.37686929967845,31.293937100416883],[121.3767988998494,31.293516300436977],[121.37744079995298,31.29347120033566],[121.37742320022062,31.292802500435073],[121.37682530034738,31.292779899572736],[121.37687799972002,31.29197590026763],[121.37685610032884,31.29152879961447],[121.37424599975316,31.291661300328826],[121.37423719988692,31.292333799865048],[121.37149680013727,31.29252560007643],[121.3714471000037,31.292228099846966],[121.37015380025775,31.292270600008237],[121.3700046000323,31.29098479970878],[121.36826550005287,31.291104700021947],[121.36826550005287,31.291991400083077],[121.36829189965147,31.292446000182792],[121.3652362002905,31.292630100398867],[121.3652147001983,31.29217989978258],[121.36511229979283,31.29130770039012],[121.36493200011182,31.291010200160656],[121.36120130019992,31.29227999972227],[121.36136920002866,31.29284859968317],[121.35878259963738,31.293193899778714],[121.35882740026432,31.29385410018665],[121.35500009967495,31.295037799554848],[121.35344369966708,31.29544140000064],[121.35465629964858,31.296668800125076],[121.35552459958069,31.296521000144082],[121.35795150016168,31.302584300425167],[121.35852029977207,31.304263000137382],[121.35858410037599,31.304611400195995],[121.35748920006654,31.30474139989576],[121.35719670006768,31.304747099798874],[121.35632959983127,31.30470070017725],[121.35563879999074,31.30455240017318],[121.35434159988495,31.3038936000097],[121.35298200031912,31.303377399947124],[121.35206090029033,31.302948599598267],[121.35188180030491,31.30282389960331],[121.35175579989027,31.30272750037392],[121.35081309994462,31.301791700026968],[121.35062860042967,31.30167660029491],[121.35046479971083,31.301646400161303],[121.35029069995585,31.301674799852208],[121.35012909987813,31.30173339967672],[121.34837049989869,31.303487799822165],[121.34826300033728,31.303546700020263],[121.34815160041614,31.303564799775756],[121.3480256000015,31.303544399554426],[121.34702390003304,31.302867700184265],[121.34685939964163,31.302803100083054],[121.34600759957118,31.302593399765613],[121.3458816000558,31.302597899973136],[121.34531329956917,31.302213800426614],[121.34484119956176,31.301902099902065],[121.34445500009826,31.301507900069566],[121.34433750007565,31.30127180015353],[121.34452439988127,31.301123099951155],[121.34411680015023,31.301068299762278],[121.3446074001115,31.300439400258142],[121.34494460001338,31.299385199667256],[121.34397079971268,31.299411000317434],[121.34400950023826,31.2984116997402],[121.34231269987129,31.298210599639503],[121.34225009986233,31.29950080032171],[121.34035170027084,31.299294399616883],[121.33942829977627,31.29914840007865],[121.33924940033967,31.299120899709806],[121.3392166002659,31.299108499857425],[121.33847699961393,31.299049200360344],[121.33775510031774,31.298997000111513],[121.33757019970506,31.29964200017821],[121.33747579966848,31.29979359979484],[121.33612340007494,31.29924640010131],[121.3363605998619,31.298788399664943],[121.33644899962167,31.29842020013217],[121.3363732002631,31.296572200346816],[121.33642069975554,31.29643020009371],[121.33606830041185,31.295790399907105],[121.33567750001669,31.295720199727498],[121.33557339989261,31.29581540016062],[121.33539629999927,31.295827899837775],[121.33520459961267,31.295763899584358],[121.33459549958275,31.296118100270178],[121.33388790040635,31.2964424002966],[121.33371019976596,31.29614819967975],[121.33357090017694,31.295853699588633],[121.33336300030226,31.295285700374848],[121.33335070027465,31.295252000079813],[121.3322004997533,31.29554080026776],[121.33240920002459,31.295850999823813],[121.33240920002459,31.296102599555354],[121.33219779998853,31.29630249996046],[121.33185430033575,31.296818600198264]]]}},{"type":"Feature","properties":{"district":"杨浦区","district_en":"Yangpu District","source_shape_id":"62558664B19255580098954"},"geometry":{"type":"Polygon","coordinates":[[[121.4808983998413,31.31346530038337],[121.4808897996246,31.31225459977003],[121.48092779957835,31.310487299749127],[121.48093200031167,31.3086911000143],[121.48092309972128,31.307044200329642],[121.48092199985047,31.306769800086272],[121.48093930010873,31.306513799971924],[121.48095999980421,31.30632289998192],[121.48098640030219,31.306116299627604],[121.48101639988704,31.305941799674372],[121.48107120007592,31.30570860007191],[121.48113249966514,31.30552099969441],[121.48118789970192,31.30536730016081],[121.48127220035178,31.305165200014017],[121.4815597001201,31.304465600307253],[121.48190989972215,31.303604399623396],[121.48288620013807,31.301193999803274],[121.48448060009969,31.29741299991008],[121.48562480034434,31.29465780001749],[121.487491999756,31.29530039979369],[121.48938020013622,31.29590549963916],[121.49138650038674,31.296363900273832],[121.49603899999988,31.297423700043794],[121.49642359956954,31.297082800330998],[121.49667289973456,31.296757799732745],[121.49674230041694,31.296670200369476],[121.4967882998402,31.29659259966877],[121.4970073000469,31.295984999708025],[121.49717369980647,31.29552090006956],[121.49711069959915,31.295308300337865],[121.49707660000513,31.295111999918902],[121.49706599969625,31.294973900025525],[121.49708320012962,31.294802400210642],[121.49727319989836,31.293835000385002],[121.49747560041874,31.29292980037002],[121.49756829983721,31.292600699762545],[121.49762519994306,31.292450500390316],[121.49770140039936,31.292300300118825],[121.49778820026529,31.29216470034072],[121.49824249999142,31.291600099664947],[121.49773659986431,31.29121459987391],[121.49608579981987,31.289926199634465],[121.49590030025877,31.28978139979182],[121.49571219985819,31.28964019993532],[121.49558060026459,31.28954770016628],[121.49544160014977,31.289456699567097],[121.49512929977743,31.289266599973644],[121.49382949973165,31.288193299581167],[121.49361520028128,31.288009999761755],[121.4934501000422,31.28787900001589],[121.49302300031127,31.28752940026169],[121.49298260006697,31.287500100349405],[121.4929400999057,31.28746919964391],[121.49290069970755,31.287442399846952],[121.4928718998184,31.28742110030356],[121.49284069963869,31.287394299607286],[121.49280750026594,31.287363100326843],[121.49261059999924,31.28716970022151],[121.492468800295,31.287018499903922],[121.49236110018467,31.286891500342506],[121.49230019989432,31.286815399710974],[121.49223959997767,31.286733400426158],[121.49215900003787,31.286618799817802],[121.49208829983525,31.2865061003763],[121.49198569978023,31.2863235002294],[121.49192860002495,31.286213499653343],[121.49184459974856,31.286019700249028],[121.49177090030685,31.285814599963885],[121.49168459956468,31.285537199582166],[121.49165350010901,31.285408899601066],[121.49163269968938,31.28527839987828],[121.49161180034434,31.285142800100175],[121.49160150040893,31.28500160024373],[121.49160189970792,31.284879799663088],[121.49160530004463,31.284714700323207],[121.49161750024746,31.28454790036534],[121.4916472003581,31.284226099554928],[121.49166589996139,31.284038099878444],[121.49168060027955,31.283863400275777],[121.49176099967042,31.28290840030246],[121.49190990042166,31.281138100143266],[121.49191799971595,31.281037900378863],[121.49193089959135,31.280878199669246],[121.49201279995077,31.27993349963134],[121.49213349976128,31.278542100037953],[121.49213830034239,31.278421599876992],[121.4921385998166,31.278345699794272],[121.4934790995809,31.27832070044002],[121.49420009955497,31.278291399628415],[121.49452489960447,31.2782273004496],[121.49486950002745,31.278159300011737],[121.4954016999286,31.27793929975894],[121.4958566004018,31.27771919968137],[121.4965157000396,31.277234199798556],[121.49717999955737,31.276654200031373],[121.49756529969886,31.276342700055636],[121.49865290021125,31.275461900446373],[121.49926179969236,31.27498149969648],[121.5011166999758,31.273419200136004],[121.50178620027293,31.2728616996078],[121.50194449983883,31.272708000074203],[121.50198330018918,31.272645200415695],[121.5020173997832,31.272574799687334],[121.50205300034577,31.272464899835313],[121.50205770020273,31.27236310017696],[121.50205959957088,31.272280199771444],[121.50205229977382,31.272098700394736],[121.50200680037358,31.271384299645774],[121.50195949963131,31.27063180001761],[121.50193960033232,31.270249400189698],[121.50192130002802,31.26939190021608],[121.50191720001885,31.268770199784967],[121.50193069974205,31.268437000067536],[121.50197710026305,31.268174999676546],[121.50201289957567,31.26796649995407],[121.50207799969996,31.267770400083975],[121.50237790021993,31.26715600034919],[121.50258840003471,31.2668250003735],[121.50270630025557,31.266626600037625],[121.50301859972865,31.266138099993384],[121.50329309979679,31.265734200073325],[121.50380309993318,31.26495300038073],[121.50400629995079,31.26471679974054],[121.50416179992715,31.26459369963959],[121.50440790030439,31.264372100392166],[121.50495180038536,31.263930199619097],[121.5058120001238,31.263197700013905],[121.50633959999266,31.262698999859026],[121.50676380030916,31.262244299934537],[121.50732399970286,31.26162740008448],[121.50879109972948,31.259951400137084],[121.50998869991861,31.25863379981007],[121.5100773002273,31.258519799948886],[121.51016340042065,31.258391199594257],[121.51027089998206,31.258232300180566],[121.51254129964138,31.254992300054653],[121.51280139976484,31.254558700024063],[121.51312180033085,31.254096999776777],[121.51317999995706,31.253983499938613],[121.51320440036284,31.253881499731506],[121.51310240015573,31.253862899952935],[121.51303670018365,31.253850000077477],[121.51276389983423,31.253808699611852],[121.51160660006462,31.25363209974165],[121.51162400014755,31.253536800383074],[121.51164719995836,31.25346560015737],[121.51195099993879,31.253031900302005],[121.51196990009089,31.25300280003927],[121.512009199565,31.252933300431494],[121.51205390036728,31.252812900095307],[121.512083399929,31.252698900234122],[121.5121017002333,31.252602299556543],[121.51211460010882,31.252481300271825],[121.5121157998044,31.25238290005086],[121.51208699991514,31.251805299674913],[121.51209739967533,31.24931260019639],[121.51958529982176,31.24908170016039],[121.52217300008397,31.249202499795558],[121.52570929984438,31.24975810005634],[121.52926580017663,31.250803200407404],[121.53285940024114,31.252323499829686],[121.53763840029205,31.254872999589338],[121.5413620998811,31.25734319982888],[121.54605609960936,31.260621899581054],[121.55059169994706,31.263950699665088],[121.55434849998335,31.266939899556746],[121.55989200021565,31.271978399883324],[121.56225899965318,31.274954400425315],[121.56338910032673,31.276846899564816],[121.56430489975139,31.278979300054687],[121.56496210002092,31.282733199777397],[121.56494679985497,31.2846255999915],[121.56475839998029,31.286288399689965],[121.56407630018111,31.288579900142338],[121.5631295002263,31.291124700044918],[121.56170929984432,31.293930399568353],[121.55951020023565,31.29784519969627],[121.55842590023519,31.300468100322632],[121.55761649960186,31.30408249990751],[121.55747910028026,31.305674399753798],[121.55740270017452,31.311845900168237],[121.55793719964208,31.318877999620042],[121.55798310014006,31.3221394998381],[121.55760130015994,31.325857500423353],[121.5561809999532,31.329901400029655],[121.55505090017891,31.33264069990844],[121.55283660022894,31.33509300004198],[121.55031679968067,31.33771479989815],[121.54790389974528,31.339227900247465],[121.54601549971562,31.340132299865786],[121.53488270037633,31.34386259957938],[121.53025539976693,31.344866900387217],[121.5235359999865,31.347775299790328],[121.52105060030499,31.349095800430916],[121.51867549977453,31.344935700322367],[121.51847010001518,31.34455750032845],[121.51700030022369,31.345210099666417],[121.51592020005728,31.34568040013039],[121.51362239985394,31.343114100135665],[121.51327339994748,31.342786899795612],[121.50916989957125,31.344697700138795],[121.50465809979153,31.346552899896437],[121.50119820013686,31.34804300008443],[121.49958509967269,31.345953900152438],[121.49719529972333,31.34286599966623],[121.49592350006958,31.341269700336454],[121.49341550042504,31.338121600131785],[121.49201439984472,31.336279999922112],[121.49021229965797,31.33395559957131],[121.48967289978452,31.333311800099523],[121.48924749977232,31.332838299847708],[121.48926410035801,31.332804100428916],[121.48928370018268,31.332677400341822],[121.48913349991119,31.332441099876917],[121.48913349991119,31.332294399766795],[121.48919779963876,31.33215700044525],[121.4924642002627,31.33033900024469],[121.49305020030658,31.330101300434706],[121.49322630015365,31.329970699987882],[121.49340680038358,31.32968210034869],[121.49370689965372,31.329027900217454],[121.49389960008659,31.328776900333708],[121.4943917999417,31.327843799751633],[121.49451709978439,31.327555299937217],[121.4945207995953,31.327362600403717],[121.49443899995993,31.327221000348914],[121.49430059969302,31.32714789985573],[121.49406509962466,31.327010200160657],[121.49372539960757,31.326804900226023],[121.49345720018971,31.32659410003771],[121.49318899987247,31.32632839983586],[121.49295289995644,31.32609010017802],[121.49270259974526,31.325942300197028],[121.4923538003876,31.325800600317507],[121.492032200126,31.325648399953764],[121.4918479002605,31.32558599959424],[121.49172990021475,31.32549440004658],[121.49168690003046,31.325347699936458],[121.4916997000812,31.32488649971225],[121.49176199971657,31.32263490038042],[121.49191219998806,31.3187396002524],[121.49206240025967,31.31641150009068],[121.49221259963178,31.313469299668498],[121.49163629967552,31.31345060006521],[121.48866840022652,31.313452799806896],[121.4855512996528,31.313444999986814],[121.48354269983577,31.313465500032862],[121.48321019979096,31.313467099926754],[121.48112700031083,31.313477600410977],[121.4808983998413,31.31346530038337]]]}},{"type":"Feature","properties":{"district":"松江区","district_en":"Songjiang District","source_shape_id":"62558664B53892596451413"},"geometry":{"type":"Polygon","coordinates":[[[121.31503839990228,31.159349000256213],[121.3128367003535,31.158490600061214],[121.3113205998659,31.160589800279126],[121.31087979986296,31.161200100004635],[121.3095603999925,31.162172300411385],[121.30914980012324,31.162228699594834],[121.30807990006736,31.161062099936032],[121.3009116999151,31.158048299989105],[121.30001119975714,31.157604999870898],[121.29842699990616,31.156830500127512],[121.29785970036494,31.15634679976506],[121.29902060012068,31.155167099681933],[121.29552740036934,31.1535880997111],[121.29469820026179,31.15471470022328],[121.29258360005315,31.155575099611212],[121.29225190040495,31.155779100025484],[121.29155739985413,31.155699299583034],[121.2909769998887,31.155983100439812],[121.2874942997222,31.15520099962646],[121.28421069956414,31.154561200339174],[121.28020760040044,31.15395060024008],[121.2784143999047,31.15351590033856],[121.2758644999468,31.15300139999465],[121.27585410018662,31.1526731996085],[121.27433040042774,31.1524004001584],[121.27452009982278,31.15180839983782],[121.27516509988948,31.150284200055864],[121.2734352997993,31.14956279988337],[121.2736772003426,31.14894180002409],[121.27404360033199,31.148471299910625],[121.27238889992782,31.147830700226677],[121.27282430040123,31.14628269988674],[121.27468190044942,31.147515000417002],[121.27523639994001,31.147767899668906],[121.27578580027455,31.146663399995987],[121.2768067996941,31.14518190002474],[121.27750130024492,31.144223800088355],[121.27771900003188,31.144339100369223],[121.27798329998939,31.144068499761488],[121.27886950002744,31.144520999944234],[121.279356699652,31.144117299673667],[121.2799890003921,31.14457420023922],[121.28088560019035,31.144041899614024],[121.28334189960901,31.14204879961244],[121.28286549994289,31.141503099988142],[121.2827981002522,31.141433600380424],[121.28250779999507,31.140812599621825],[121.2820103004351,31.140648500328098],[121.28174599957833,31.140564199678124],[121.28140590026214,31.140319000421584],[121.28112740000961,31.139760599672],[121.28078290031067,31.139340299715116],[121.27968349979369,31.138656500197385],[121.27857669965499,31.137339100419183],[121.27777780040526,31.13661760042197],[121.27745529992217,31.136216099893147],[121.27694219982277,31.13592119960373],[121.27702279976245,31.135206000256744],[121.27665639977306,31.135262500164288],[121.26150189969303,31.13849630036401],[121.26171250023174,31.136633200062192],[121.26095019979198,31.137100100189514],[121.25999729973569,31.13748319968994],[121.25931519993662,31.137380200336054],[121.25858299980564,31.13692510021326],[121.25734920010552,31.13591200043851],[121.25706840028647,31.135611500070695],[121.25696809979797,31.13485600030424],[121.25656679981807,31.13469290015729],[121.25808150006128,31.129206399855548],[121.25464099968247,31.128983199814854],[121.25370809964909,31.129472600080476],[121.2537997999209,31.132889799924385],[121.25398419961118,31.13296260004398],[121.25398419961118,31.133381499756467],[121.25407870037179,31.134230000214416],[121.25287779967073,31.134213299804003],[121.24971209973364,31.134729599691298],[121.24789639999892,31.135166799708088],[121.24608060043943,31.135530999955733],[121.24481809977556,31.135530999955733],[121.24381100027745,31.135530999955733],[121.24330029956923,31.13607740015192],[121.24237820039366,31.13619879963494],[121.24096560018234,31.133090800200307],[121.23542870007452,31.13253269982431],[121.23527820032871,31.13204329955869],[121.23727429956932,31.13154529997564],[121.24104579992377,31.131888799628427],[121.24012300017637,31.127475499894445],[121.23811689957529,31.127801700188343],[121.23682290015677,31.12808509994744],[121.23382379962868,31.128385600315255],[121.23247969987835,31.128179499984014],[121.2321051996953,31.123229799615615],[121.2319988000047,31.122221899720955],[121.23178599972414,31.121699700281],[121.23181440031442,31.121256400162792],[121.23211229984281,31.12087999971226],[121.23222569985626,31.11993279955908],[121.23188530016648,31.119817400352815],[121.23172119997344,31.121057200329574],[121.23002600039968,31.12100569975331],[121.23017640032072,31.11933980009178],[121.22894270044537,31.11903070040654],[121.22761859981858,31.118627099960747],[121.22706689991753,31.119253900447177],[121.22550220006656,31.118687199854435],[121.22340580033745,31.11813759987041],[121.2186011003605,31.11708140008659],[121.21689590032565,31.11723590001685],[121.21692599973517,31.11802600029972],[121.21661499978245,31.118755899964867],[121.21684570016896,31.119657499993707],[121.21731720032858,31.12217350000708],[121.21793910040924,31.123143800146295],[121.21787889979146,31.123702000347066],[121.21800929968947,31.124139900036425],[121.21869140038791,31.124663700269593],[121.21855090020392,31.12523900017976],[121.21817980035758,31.125900199734474],[121.21867129964085,31.12689619979983],[121.21888200000433,31.12790940029862],[121.21959410028751,31.12970390031478],[121.22012580016565,31.130030200433453],[121.22039660042287,31.130442300371897],[121.22033639980509,31.131292399824417],[121.22063730037121,31.132511599930467],[121.22143979960708,31.13429739990511],[121.22194130025082,31.135636799798533],[121.22245290028116,31.13634940010479],[121.22231240009728,31.136821599936923],[121.22228229978839,31.137705899707555],[121.22240270012458,31.13873619991574],[121.22293430017783,31.13919120021376],[121.22356769988949,31.141232199906142],[121.21981859984862,31.14102220011449],[121.2091058999174,31.138541100091743],[121.2051338003846,31.137648200104422],[121.20410069968761,31.13765680032111],[121.20300730034671,31.13881579980938],[121.2018538002128,31.14018940002086],[121.19984769961172,31.14025810013129],[121.1987041999389,31.140112200417775],[121.19723969985228,31.140034900090598],[121.1966981002372,31.139494000148034],[121.19597589966804,31.138987500173073],[121.19520349984168,31.138712799556117],[121.19508310040487,31.139167799854135],[121.195454300076,31.139639999686267],[121.1963770998234,31.140833300216684],[121.19750049964841,31.141820600240578],[121.19745040021587,31.14239580032597],[121.19699899990394,31.14286800015816],[121.19636369992486,31.14266239984994],[121.19589560010195,31.142182900220746],[121.19518630030757,31.14149079996048],[121.19504089971781,31.14164260012592],[121.19446990036568,31.141433100357347],[121.19442380021826,31.141187300353693],[121.19407390009053,31.141039600197416],[121.19273169970825,31.140936400294663],[121.19257120040061,31.14079039985711],[121.19227530006515,31.14018940002086],[121.19217499957665,31.13881579980938],[121.18824299991456,31.141271199905987],[121.17862310037583,31.145101499734494],[121.1774599001543,31.145441400300456],[121.17753890020015,31.139373900185376],[121.1775815001862,31.135864900244997],[121.17726940036255,31.133485099857523],[121.17604949968472,31.13338790023147],[121.17590760015571,31.13146939989292],[121.17614880012707,31.129987999746447],[121.17748219974374,31.128907299732134],[121.17770920031944,31.126247999945292],[121.17976600020086,31.126417999691],[121.1801233997752,31.12507549983451],[121.18027670000981,31.124499400427055],[121.18003559986312,31.12431719957914],[121.18006389972925,31.123892199765237],[121.17955329974507,31.123782899761068],[121.1798369998777,31.122544300379218],[121.17963839989227,31.122483599738416],[121.1795391003493,31.122204200163765],[121.17925540021656,31.121973499777255],[121.17959579990634,31.120601299810176],[121.17512739960989,31.119338300022605],[121.17508490034788,31.11905900027267],[121.17454579994876,31.11899829963187],[121.17400680027367,31.120528399865805],[121.17277260037531,31.12030979985741],[121.17227609996212,31.120844099675537],[121.17090020018418,31.120334100438413],[121.17000649980014,31.11983619978082],[121.17031849979901,31.11928969975986],[121.1708717995939,31.11717659962045],[121.1703044002279,31.11688520039172],[121.16895039984115,31.115985999754116],[121.16988229982837,31.113833699965312],[121.16995020044146,31.113467999648492],[121.16950369963604,31.112786600421316],[121.16940659983482,31.112163300096256],[121.17037730017228,31.1104929002272],[121.16629079968072,31.11104970018357],[121.16633939994347,31.110443100268924],[121.1665723000716,31.109553800267747],[121.16438839990474,31.110118999891995],[121.16215269968745,31.110206899628793],[121.16245470012439,31.106046300396486],[121.16092540028706,31.105937899714377],[121.16132339975513,31.103220199752457],[121.15939179989175,31.10304569979928],[121.15938209980413,31.102605200169876],[121.15904229996227,31.1025719000732],[121.1549267999319,31.102281099792947],[121.15481029995544,31.10293760039002],[121.15273309985275,31.102837899749318],[121.15265540022665,31.103602499755596],[121.14997549966961,31.103643499847692],[121.1501128000657,31.102562199985584],[121.1495088000911,31.10250339961226],[121.14967350013194,31.100493500274865],[121.1522817004402,31.100728500320088],[121.15210320030246,31.095192299884786],[121.15070299994352,31.095133500410782],[121.15089520035326,31.09328799984138],[121.15038730013384,31.093170399993994],[121.15051090025793,31.09254740004252],[121.14894599985803,31.09242990001991],[121.14838319962507,31.094016799635654],[121.14782029956723,31.09395800016165],[121.14707220032187,31.093687699927443],[121.14657119970116,31.093634800006043],[121.14637209969271,31.094692700407847],[121.14610450012265,31.095068799585476],[121.14562400044736,31.095750599910332],[121.14558970030453,31.096256099839195],[121.14538379962266,31.09664979964856],[121.14515729996947,31.097125899840478],[121.14477030010937,31.097139500287767],[121.1441002997891,31.096873200238065],[121.14287169996908,31.09662630036354],[121.14162539969254,31.095925900260113],[121.14046059957707,31.09562670031204],[121.13889310013656,31.098971799708863],[121.13741770026672,31.098639299664],[121.13706830016201,31.10033490033544],[121.13260330020216,31.10033490033544],[121.13258699999017,31.099890199972776],[121.13174909984116,31.099819599594923],[121.13006120006435,31.10030160023871],[121.13018480018843,31.10067780014043],[121.12901799998076,31.10038389989711],[121.12827669961007,31.102147000084017],[121.1272259002551,31.103476500240333],[121.12580870001159,31.102728499920374],[121.1232461996525,31.105205199560373],[121.12212019988738,31.104540300194742],[121.12157670000477,31.105088800307954],[121.12132429987662,31.104889399925923],[121.11961590005376,31.106235800142088],[121.11716989967124,31.108861899656972],[121.11685929991677,31.108745600229327],[121.11606339990601,31.110474199724592],[121.11530620042083,31.11030799961452],[121.11503449994223,31.1101916003621],[121.11398619980332,31.11075670016163],[121.113267899594,31.11060719956265],[121.11150130014494,31.112668100352607],[121.10996769974963,31.11145479979922],[121.10909410011266,31.112684700038926],[121.10816220012555,31.113199999880123],[121.10765749969391,31.112501900242535],[121.10769630004427,31.11226919976383],[121.10602680039653,31.11069029961766],[121.10637619960198,31.10934400012553],[121.10286249980459,31.107382600326787],[121.10101819983015,31.10560410014915],[121.10208590014429,31.103360199913368],[121.10049410012266,31.10249580034099],[121.09644460043808,31.100127600308554],[121.09601749980789,31.10027719983293],[121.09485269969241,31.10177319957353],[121.09368789957693,31.100842400356555],[121.09532119971368,31.098412899835523],[121.09563690042273,31.097143399748177],[121.09479960012152,31.095756399638162],[121.09319349998009,31.095485999579296],[121.09317979970808,31.09512159968216],[121.093921000254,31.094404599892414],[121.09438769983251,31.094087200364072],[121.09441520020141,31.092982199768755],[121.09518390021685,31.09148929999128],[121.09602130034284,31.09081929967101],[121.09646049955245,31.09014930025006],[121.09549960002653,31.089396900446673],[121.09621340002843,31.088397699694156],[121.09507410018966,31.08758660024148],[121.09507410018966,31.086505000005786],[121.09538979999934,31.085623399999974],[121.09493679979357,31.08498850021914],[121.09615850001478,31.08264910007597],[121.09680369973103,31.08264910007597],[121.09809410006278,31.08161450020907],[121.09908240013272,31.082084799773725],[121.1003727995651,31.083025299977635],[121.10130619962149,31.082484499859845],[121.10254160011482,31.08362479974477],[121.10473799995884,31.082508000044243],[121.10443600042117,31.081908399553072],[121.10558910035672,31.081402899624152],[121.10760690023835,31.07978050016999],[121.109130699822,31.07978050016999],[121.1100778001504,31.07883999996608],[121.1108446997232,31.078177599816456],[121.1115240997575,31.078609900326683],[121.1125918998963,31.077479199805282],[121.11364020003532,31.078144299719725],[121.11407699985375,31.07771200010876],[121.1142614004433,31.077379500063955],[121.11441560000003,31.07697069973807],[121.11468850017422,31.075725100033367],[121.11515459990494,31.07477229980185],[121.116088099786,31.073702399746026],[121.11681560005991,31.072397399820204],[121.11722739962488,31.071398000317515],[121.11748820032028,31.070034100193595],[121.11780399995473,31.069017000234453],[121.11869620026948,31.06882300028127],[121.11986990007586,31.06894649968126],[121.12001400024599,31.06864080033273],[121.12028169964083,31.06851730003342],[121.12121509969711,31.068611399696408],[121.12189229998967,31.066145699664332],[121.12202379975861,31.06485030000141],[121.12208010001666,31.062002100316704],[121.12324669967552,31.062502099991946],[121.12337820034372,31.060249200240435],[121.1215935002399,31.060200900351333],[121.12163109999528,31.059380199736495],[121.12028789956696,31.059380199736495],[121.11603290029814,31.059010099936188],[121.11569480017499,31.06051469989353],[121.11388869980374,31.060399799810966],[121.11340279969954,31.060236800388054],[121.11343330020668,31.059625899915375],[121.11379479979018,31.057881299682265],[121.1099838003122,31.05827350032183],[121.10842459981552,31.058241300095972],[121.1081614995536,31.058482699716876],[121.10620779975022,31.058547100168596],[121.10506189978696,31.05825739975927],[121.10404739976775,31.058241300095972],[121.1041226001779,31.059754000246983],[121.10149179990674,31.05944429981463],[121.09923749991071,31.059460299653153],[121.09756159978804,31.059130400447657],[121.09735889979345,31.059074100189605],[121.0976273995849,31.057746500300823],[121.09762190023059,31.056966000280738],[121.0967389998051,31.05551759985741],[121.09505369996839,31.055839499593276],[121.0945230001364,31.05585960034034],[121.09425920020203,31.05830969983282],[121.09153290002337,31.05818039980568],[121.09000420003383,31.058189000022367],[121.09025779985768,31.05978220028834],[121.08881129970177,31.05996729965119],[121.08943130041428,31.061504099834394],[121.08967549962472,31.06317770039061],[121.09014510041607,31.063861599733116],[121.08967549962472,31.06405470036418],[121.08890530043936,31.064923600144084],[121.0884262001091,31.065020199922344],[121.08832290038163,31.065414399754786],[121.08877379977116,31.066259200401817],[121.0864066996096,31.066243099839255],[121.08636919967887,31.066741999643625],[121.0837673000209,31.066122400028803],[121.0836687001505,31.066512700400835],[121.0823678002339,31.06547070001284],[121.08143790033887,31.064814999812427],[121.08224570017899,31.063306399670637],[121.08065829964085,31.06220409973946],[121.07904269996072,31.061656999870706],[121.08013570000264,31.06043030031816],[121.07654770001636,31.058350199901838],[121.07775579979034,31.05633209964674],[121.07901220035285,31.05460379962568],[121.0812471999983,31.052202699694874],[121.08279349972031,31.0548314998739],[121.085354599835,31.053744799582887],[121.08530629994584,31.052875399779907],[121.0864418999738,31.052430399943034],[121.08612780005797,31.051705899807473],[121.08641779994161,31.05156100014011],[121.08576540025308,31.05019479955041],[121.08783119965017,31.049087399563916],[121.09064600031274,31.047783299859475],[121.09157630040602,31.046965600282306],[121.09176959978731,31.046530900380787],[121.09046480041025,31.044109000030403],[121.08988500029261,31.04355000033229],[121.08848360023808,31.042618499644107],[121.08893060016715,31.04200779972024],[121.08926880011506,31.04222510020827],[121.0895829000309,31.04195599966971],[121.0903439998757,31.04238039963576],[121.09062190028055,31.04213199969206],[121.09138300012546,31.04293930040842],[121.09210779973523,31.041469499717664],[121.09160040043821,31.041003800185308],[121.09202330033509,31.040424099892334],[121.09336420029763,31.040858799793853],[121.09427029963467,31.03888180035483],[121.09485019957708,31.037670700442504],[121.0956957997214,31.03570400003963],[121.09545419955168,31.032940100105577],[121.09271190043387,31.033292100150334],[121.09219449977638,31.033201399924735],[121.09226689969773,31.02810829995815],[121.0863593997666,31.027694199927453],[121.08481310004458,31.029775000016286],[121.08162370027367,31.028325700270898],[121.08584540034497,31.02439119959422],[121.09011550013031,31.021305700297887],[121.09558019996632,31.015250100012167],[121.09746480036029,31.0120026004397],[121.09987759957164,31.010246100377287],[121.09984469967321,31.008373399812626],[121.09963030039808,30.996921699976497],[121.095621500432,30.996899199838253],[121.0951038003002,30.990288799688415],[121.09461239994232,30.984017899906235],[121.09473779960979,30.98364079978313],[121.09501260005152,30.98329580006117],[121.09508130016195,30.982217899636396],[121.09478730009391,30.97972839994577],[121.09462460014527,30.9778986995654],[121.09471509982211,30.97730550044855],[121.0946749999514,30.976712300432382],[121.09491130041624,30.974815900033832],[121.09240060010768,30.975729499716692],[121.09146739970083,30.97602859984005],[121.09065490000364,30.97607090035183],[121.09093359990572,30.97143629994531],[121.09100919961497,30.970926000334714],[121.09143359958102,30.970679399934397],[121.09182969968094,30.97022649955335],[121.09209890004422,30.96973400022398],[121.09236799968346,30.969435800322003],[121.09267899963618,30.9689879001715],[121.09285150039648,30.96883860012133],[121.09312310015105,30.9687499998127],[121.09329500016418,30.96849949995203],[121.09355079972966,30.967670799867562],[121.09209050037634,30.967577399877143],[121.09195010001713,30.967479899877503],[121.09010439979829,30.967187499703414],[121.08999070031064,30.966631299594837],[121.08949589961617,30.966745900203193],[121.08393150003872,30.966005500053825],[121.08436269977881,30.964375399704977],[121.08382360027895,30.964083499553908],[121.08294410019016,30.964136199825816],[121.08156809968807,30.964067300065892],[121.07970030042861,30.96387670044942],[121.07709010002816,30.964201100300613],[121.07604039964474,30.96365770024272],[121.07612670038702,30.963204200013877],[121.07634299992958,30.962068299612383],[121.07428140036643,30.961841200111337],[121.07459350018996,30.95966780042869],[121.07215350008403,30.9595055996038],[121.07240449996777,30.958584799948596],[121.07203569968783,30.9584590999076],[121.07220589998235,30.957676499970546],[121.06798820009544,30.95692179970132],[121.06473930027857,30.956628600029944],[121.0631127000911,30.9567096999927],[121.06089969966149,30.95705030023123],[121.0592163000922,30.957991099909407],[121.05723740038582,30.95846970021654],[121.05589439960693,30.95854649962132],[121.05536459999632,30.959858599694655],[121.05516869977578,30.961056600082088],[121.05378789959195,30.961235000394993],[121.05386360002524,30.962516299587605],[121.05318269992176,30.963554299791156],[121.05253960012249,30.963554299791156],[121.05248279984141,30.967065600197316],[121.04828359990825,30.966474699747664],[121.04681239987246,30.971291199729137],[121.04295220028393,30.970776899934037],[121.04235640032766,30.97200940011379],[121.04025689973616,30.971604000124557],[121.04011510003193,30.971855300381833],[121.03877210015241,30.97150669977441],[121.04192140005262,30.965547299967966],[121.03839550005239,30.962434699601772],[121.03930339983208,30.96085330023965],[121.03929390029327,30.959417900415815],[121.03839550005239,30.959288200190315],[121.03846170004749,30.95882590009529],[121.03423430007297,30.95829070005584],[121.03396950009244,30.958728599745143],[121.03229560006196,30.958752900326147],[121.0314073999316,30.95869280043246],[121.0303820001293,30.954888699653793],[121.03005100015355,30.950533499721303],[121.02916749988026,30.94903299977318],[121.0255459003231,30.948356900250815],[121.0255459003231,30.946659300386443],[121.0257394002532,30.944881300231884],[121.02597919998016,30.944836499604833],[121.02611059992432,30.94533219962136],[121.02663609987621,30.9451518999403],[121.02632080026478,30.943709700342424],[121.02697770016084,30.94348440038482],[121.02682000044274,30.94253789990421],[121.02750310028796,30.942357600223147],[121.02433080022627,30.929500099949678],[121.02436129983414,30.92399320032598],[121.02340870015144,30.922943300293127],[121.0228607000613,30.919636100125956],[121.02197819983417,30.91880730021677],[121.0209403003546,30.91589269998815],[121.0194912002587,30.91163690032272],[121.021896699673,30.910976600090066],[121.0264856001304,30.909251800230436],[121.03033599980665,30.908362600053977],[121.03029229994979,30.906787799917083],[121.02988530006655,30.905470999986733],[121.03341489987781,30.905182599997033],[121.03599640021378,30.90754600034768],[121.03661270021598,30.90727479989215],[121.03619340030525,30.906768200092415],[121.03632480024942,30.906182100223816],[121.03672550038164,30.904517599907365],[121.03679130017838,30.90371359970294],[121.0365705004283,30.902634600306612],[121.0365705004283,30.902115699579895],[121.0367720996527,30.90167090029189],[121.03742490043885,30.90122610010451],[121.03811470023334,30.90162260040273],[121.04050719994734,30.903859600140493],[121.04114020036002,30.904135799927303],[121.04269510029872,30.90438080043367],[121.04418700003009,30.904505899727553],[121.04475900032764,30.90455380031767],[121.04773490014554,30.9052785999275],[121.04918229962345,30.905426399908492],[121.04934760041147,30.905443299968397],[121.05139470020526,30.905383999571995],[121.05218910014696,30.905361000309995],[121.05504980040803,30.90559159997241],[121.06367150013966,30.906497200185697],[121.0639526003323,30.90551159988047],[121.06427419969464,30.90371089993812],[121.066290100208,30.903974500223057],[121.06610769971064,30.90497110013621],[121.06811399996116,30.905267600319576],[121.06788789960694,30.906957400363808],[121.06893700014245,30.90707469983755],[121.07118169987564,30.907325699721298],[121.07150570042779,30.90743399967937],[121.07254629967201,30.907503799660674],[121.07267719959316,30.907725499632136],[121.07347709978842,30.90775889955364],[121.0762064999301,30.9081587003638],[121.07647120008585,30.908165799611993],[121.07678239968811,30.908125699741277],[121.07738720005932,30.90793629982045],[121.07754250038613,30.90637000007547],[121.07937059997323,30.90654109969205],[121.07932790016253,30.906720300401616],[121.07926289986301,30.906873800285723],[121.07924260036577,30.90700639992548],[121.07934409965048,30.90719519999851],[121.07965230001366,30.907199200183015],[121.07985779959779,30.90719519999851],[121.08017300028382,30.907149099851154],[121.08055830042531,30.907106999888185],[121.08090850002736,30.90704289981005],[121.08126340038564,30.906956799616637],[121.08162299970172,30.906882600151903],[121.08197330002781,30.906802500235244],[121.08233519980968,30.906742400341557],[121.08272049995117,30.906690299917443],[121.08284660019046,30.90658409987634],[121.08292830000107,30.90644590015819],[121.08293759989033,30.906257600108233],[121.08448329976454,30.906316000283255],[121.08466689995748,30.906243499637867],[121.08469099998968,30.906221000398887],[121.08476609967579,30.905387100434382],[121.08648790029645,30.90547500017118],[121.08721550039513,30.905519100226343],[121.08709910024334,30.906708100198728],[121.08709689960233,30.906732800078714],[121.08722259964327,30.90671380010184],[121.08734910008093,30.906688000350982],[121.08745000041722,30.90665310036036],[121.08759769967412,30.906631799917704],[121.08778709959506,30.906639400088295],[121.08811710042391,30.906692499659187],[121.08832319985584,30.906743400387654],[121.08843299988314,30.906761599967922],[121.08854439980428,30.906772999774148],[121.0887558996651,30.90679730035515],[121.08889389973376,30.906805700023085],[121.08904789964095,30.906825399672528],[121.08917270035988,30.906856500027516],[121.08983179999768,30.907096399579245],[121.08990119978057,30.906172999983994],[121.0898970997714,30.90573169995804],[121.08982069966567,30.904775600113908],[121.08983409956409,30.904627700308197],[121.0898930995869,30.904488200170363],[121.09022439993612,30.904580600114627],[121.09036780043368,30.90460100033596],[121.09061270021596,30.90456489975037],[121.0908447999476,30.904583000405182],[121.09125870032881,30.90470330001733],[121.09266859987599,30.90520889977097],[121.09255100002872,30.905983600063166],[121.09239230026446,30.90597509967114],[121.09233280021863,30.906638999889992],[121.09340909985019,30.906864600221184],[121.09412840010566,30.90701390027135],[121.09393009959444,30.908432999883075],[121.09439620022454,30.90856299958284],[121.09416809977802,30.909303399732153],[121.09397960007857,30.90928639984753],[121.09386050016201,30.90974600017779],[121.09365220008908,30.909712000408547],[121.09344390001604,30.910392899612702],[121.09302760024366,30.910309599908146],[121.09281889997237,30.910963100366814],[121.0912544995955,30.910746899749654],[121.09089440025639,30.912248299919156],[121.08998029965119,30.91213759967053],[121.08939640042365,30.91182480017443],[121.08901060025903,30.912945299685873],[121.08597039981419,30.912969600266877],[121.08553870005107,30.91304240038653],[121.08554930035996,30.913804600102253],[121.08439919966338,30.91405049993068],[121.08432350012947,30.917194599950903],[121.0862323003804,30.917937100017184],[121.08698880019301,30.918367199886404],[121.08764200027815,30.91892320034549],[121.08888240010276,30.920573899665783],[121.08996329976651,30.9220974996],[121.09010649971526,30.922202699594948],[121.09129270009805,30.92298099987329],[121.09266649995902,30.9248303999031],[121.09582440007603,30.92844519968628],[121.09646099957558,30.928003299812474],[121.09719500014921,30.92752680032163],[121.0987227000926,30.925995100193745],[121.09956599977113,30.925032599874612],[121.09989329993596,30.924658999912992],[121.0999926003783,30.924404599692593],[121.10022949979168,30.92379749975487],[121.10057670015465,30.9219337996052],[121.10393189983733,30.922865900141232],[121.10454469967817,30.92321880040737],[121.10484639974163,30.92355600030919],[121.1050795004187,30.92411769977207],[121.10571440019942,30.924036800358124],[121.10579869995013,30.924543199609047],[121.10608149986138,30.924517600407],[121.10607649963083,30.92425379957325],[121.1061757002484,30.923934700326186],[121.10959340011539,30.922997399910116],[121.1098577000729,30.923847799736222],[121.11041540025053,30.9237024998705],[121.11563730022124,30.922342099908008],[121.11687419988448,30.92201979997384],[121.11511070039853,30.915222500018388],[121.11474500008171,30.9139194003601],[121.1153189995722,30.91380970015757],[121.11492109992889,30.912523899858115],[121.11375529976738,30.912764699631225],[121.11265049972087,30.910396700147658],[121.11151229975292,30.910613800086878],[121.11023559969328,30.9081462996121],[121.10893090014099,30.905787000169994],[121.10790040028326,30.903814300389683],[121.10726689984756,30.902347900035636],[121.1068086997617,30.901122900201756],[121.107285700175,30.901044699653198],[121.10787490000666,30.900725700230907],[121.10780169968871,30.900456599692347],[121.10886349955092,30.899652499663205],[121.1092680002181,30.899952199634356],[121.10929990007037,30.899975900367565],[121.10968949987057,30.90044479968782],[121.11006869991058,30.900771800378322],[121.11117940040901,30.901735399669008],[121.11218669955656,30.90271680014024],[121.1125492000856,30.903167900078586],[121.11333249969516,30.903687100279512],[121.11720130039976,30.903516899984993],[121.11764189985388,30.90330680036857],[121.11893840028699,30.905315300360883],[121.1211755996743,30.905077200352594],[121.12127380024572,30.90539309981176],[121.12503289984852,30.904852000219705],[121.12504279958557,30.904290200032733],[121.12624310043884,30.904209400443506],[121.1262530001759,30.904094399636904],[121.1263819998295,30.903992299605022],[121.1264167001707,30.903915699849733],[121.1262828001112,30.90305600013437],[121.126778799602,30.902936800393093],[121.12863849956716,30.902477700085853],[121.12927869995212,30.902319699994223],[121.12978460007935,30.902247399897647],[121.13039959966181,30.904115700079558],[121.13190750013109,30.903920000407766],[121.13658900018231,30.903278799976704],[121.13652120029326,30.903648200104385],[121.13651520001656,30.903760199873375],[121.13658690026534,30.90405269987224],[121.13661770024669,30.904178599562783],[121.13665530000219,30.90463020042347],[121.13666659998364,30.904840999712405],[121.1367209001495,30.905014899817843],[121.13671210028326,30.905161099904888],[121.13646919969392,30.906331500098702],[121.13644549985997,30.906695800171065],[121.13624580000373,30.90724349988767],[121.13610879998123,30.90779119960422],[121.13598450018458,30.90798549993093],[121.13582890038356,30.908119300165595],[121.13537230019153,30.90851340017332],[121.13510169958386,30.90890230030095],[121.13492110042853,30.90928439975528],[121.13521799991088,30.91054159981502],[121.13531619958303,30.910776300386033],[121.13532260005798,30.911170900416778],[121.13556170011248,30.912371099646577],[121.13551500011727,30.91248680012575],[121.13542909957334,30.912602399880882],[121.13526700037187,30.91269279973295],[121.13511279991587,30.91275629996335],[121.13475679968667,30.912782400087735],[121.13442419981698,30.912774999566636],[121.13387650010043,30.91284740038725],[121.13350929971443,30.91297869960738],[121.13304880006217,30.91306009994372],[121.13312060013561,30.914110400174877],[121.13278390025687,30.91513939996338],[121.13305049978078,30.91623469957176],[121.13448820007045,30.921831300274334],[121.1373848003683,30.921408299653365],[121.13717970008315,30.920978699807222],[121.13783219959635,30.920651799840755],[121.13858660039136,30.920191400013152],[121.13797379965115,30.919512099803626],[121.1376915995877,30.91920700030289],[121.13751129990658,30.918869699676975],[121.13764799955561,30.9184385997616],[121.13768739975376,30.91829830012648],[121.13764899960177,30.917953199680483],[121.13754970005868,30.917380399885587],[121.13761249971719,30.91727479969228],[121.13986779975926,30.916551199778098],[121.14215680009636,30.915762100440645],[121.14337519980563,30.91533189984733],[121.14525300042567,30.914693099706824],[121.14521680001542,30.914528899689003],[121.14523160015824,30.913499499702198],[121.14639840036591,30.91346080007594],[121.14633879959604,30.913662400199655],[121.1470108000085,30.913575200135426],[121.14681930017059,30.91304560017437],[121.14770660007957,30.912934200253176],[121.14774600027772,30.912778999751083],[121.14806020001822,30.912786400272182],[121.14837439975884,30.913637099572554],[121.15091670044546,30.912769699861826],[121.1511817999002,30.9126778997653],[121.15162679973707,30.912515600014956],[121.15181919979625,30.915666700357974],[121.15204010027048,30.919283600058122],[121.15210850000733,30.920403800095357],[121.15215520000254,30.921169400147733],[121.152634099784,30.9218873001588],[121.15298769972264,30.92204509970162],[121.15362310042576,30.92232870000953],[121.15844170032426,30.922590999874785],[121.15996709980186,30.92205150017662],[121.16029559966228,30.921935299674374],[121.16122250031822,30.921265699552464],[121.16211230034241,30.919774100194616],[121.16263730027129,30.91889400025798],[121.1642472000483,30.91784770021127],[121.16567949990906,30.917236600089097],[121.16696289991796,30.916759499851082],[121.16808340032867,30.916724199662156],[121.17141869981322,30.91733150014869],[121.17330509975056,30.917136199775825],[121.17381240012219,30.917151099743535],[121.17805350036883,30.91727569991366],[121.18146849957168,30.91740130012994],[121.18210280040398,30.91747100028647],[121.1828300003043,30.918362300379897],[121.18289959973686,30.91844760017665],[121.18425009996224,30.919128500280124],[121.18840329957266,30.919221400247466],[121.18873760006022,30.91922889969402],[121.19442289999688,30.9201590001378],[121.19538869992857,30.92031700022943],[121.19857599978263,30.921307500041166],[121.20216990022072,30.92180980018219],[121.20236829965734,30.92187459993289],[121.2053878004067,30.922860100413345],[121.2070485001882,30.923762800313057],[121.20838189980486,30.92485089994915],[121.21034960025395,30.92688759998282],[121.21136000026388,30.927718900007278],[121.21274009987576,30.928854500035186],[121.21465440038037,30.930691100014315],[121.21596000015393,30.931714100425438],[121.21771629966759,30.932551100353066],[121.2189305004423,30.933398199667238],[121.22116380036914,30.93036110008478],[121.22277370014626,30.929021899840848],[121.23005499993837,30.93102929996229],[121.23023469977159,30.929191500287573],[121.23040230012612,30.92796240044447],[121.23350630027562,30.928171400190024],[121.23377110025615,30.927471699759167],[121.2359533996298,30.92764430034424],[121.23841770031663,30.922430200193617],[121.24025829958089,30.922973299877924],[121.24083039970321,30.921387400308333],[121.240697999713,30.921319300045695],[121.24025829958089,30.921201100350572],[121.24056549989791,30.920587699762564],[121.24092569996117,30.92055140042686],[121.24102110004378,30.9204377998646],[121.24118000035685,30.919528900038756],[121.24136599994097,30.919636299775448],[121.2417368003131,30.918532099576794],[121.24017959990863,30.918468500421],[121.24143839986232,30.914820299817052],[121.24152080024476,30.913997699834056],[121.24202270018748,30.911606999663377],[121.24265940041107,30.911523399585292],[121.24250209999195,30.91230110001578],[121.24431490031247,30.9118448001974],[121.24429989962073,30.912744499958762],[121.2463321003462,30.912209200094537],[121.24677400021994,30.912299199748304],[121.24774779962127,30.91217070011777],[121.2481149001826,30.91227349982222],[121.24842199977559,30.912228500444996],[121.24869170016188,30.912093499615366],[121.24956810028766,30.9120549996386],[121.2502497000637,30.91213849989191],[121.25071419990047,30.911997100385918],[121.2509912999086,30.91195219993415],[121.251440799953,30.910512499552283],[121.25218990014389,30.910779799648083],[121.25364310024895,30.910844100275085],[121.25437719974798,30.911036899633245],[121.25473670013866,30.909725799606008],[121.25860199978251,30.910702699869773],[121.26036979982644,30.908710300440077],[121.26234740001257,30.909147399732774],[121.26246719960159,30.906782199838688],[121.26240990019676,30.905381100157683],[121.2617656996274,30.90520109995083],[121.26187050032343,30.904339900166292],[121.26603280017366,30.904339900166292],[121.26681440006462,30.904404199893975],[121.26829940019718,30.903810099656425],[121.26833680030313,30.901777700180787],[121.26990040028329,30.901658100241207],[121.2703338995899,30.90056880001015],[121.2695134004232,30.90014370037153],[121.27040850015226,30.898275500014392],[121.27058440034989,30.896916399572206],[121.27082439972628,30.896930199669043],[121.27098439991016,30.898714799948095],[121.2717043998382,30.899030599582545],[121.27290429959385,30.899607199912396],[121.27434409980037,30.900115100131814],[121.27545070028964,30.896987699622684],[121.27602769991847,30.89724009975083],[121.27689880033938,30.897230399663272],[121.27743050021752,30.897308100188752],[121.2777780000547,30.899141200006454],[121.27908989957928,30.899271599904466],[121.28074579967893,30.89940199980248],[121.28101769980708,30.898303799880523],[121.28142569973636,30.897912500361656],[121.28368349989364,30.898477699985904],[121.2841509000441,30.900947500027144],[121.28386290025276,30.90269100038938],[121.28563879959097,30.9026772002926],[121.2855908000754,30.905340299715135],[121.28639070027066,30.90532660034239],[121.28639070027066,30.906658099691583],[121.28608679956619,30.908909299724428],[121.28493480040083,30.90884070033809],[121.284881000258,30.90917010041983],[121.28615930021158,30.910557999851846],[121.28533350044074,30.910606600114534],[121.28560500037054,30.91223719958714],[121.28523119986005,30.9123705996235],[121.28462319970095,30.912404899766386],[121.283935300174,30.91243240013523],[121.28391930033547,30.912768599990954],[121.28407120032568,30.91282350000455],[121.28416799975344,30.913304499702974],[121.28453010008411,30.916536399635163],[121.2849033996722,30.916468499921393],[121.28498260026686,30.916575199985516],[121.28436039981261,30.91757489986179],[121.28457530001015,30.917749600363834],[121.2841577996428,30.91965390040724],[121.29145620004363,30.921145700313843],[121.29171220015792,30.919992800027728],[121.29051230040238,30.919553599918743],[121.29078419963116,30.91745370002826],[121.29208010021648,30.917563500055508],[121.29391999980817,30.91185350023892],[121.29588780008191,30.911331899747438],[121.297983699788,30.91075540014168],[121.29852759986886,30.9110024996657],[121.2982875995931,30.91278690029526],[121.29884760023663,30.91466739978074],[121.3019193003355,30.914516400011905],[121.30190329959771,30.912539799871922],[121.30223929980389,30.912553599968703],[121.30302320016062,30.91207320011813],[121.30398320036443,30.912045699749285],[121.30443109961561,30.911757500308454],[121.30641499955266,30.911716299667546],[121.30599900015375,30.91087900026571],[121.30623900042963,30.910426000059886],[121.30747089986221,30.910933900279304],[121.30958269958194,30.91172999993961],[121.31070260014496,30.912004500007697],[121.31180649997009,30.912018300104535],[121.31563019967405,30.91249869995511],[121.31669830018643,30.91107009990526],[121.31824710002365,30.910644900441866],[121.3202915000528,30.90835930044142],[121.32283150027354,30.908625099568724],[121.32568129985214,30.90974130032083],[121.32931549981049,30.90881260012145],[121.32966620033494,30.909700700427038],[121.33070130022486,30.91023939972854],[121.33167990020729,30.909574500362964],[121.33188920032637,30.908967900448317],[121.33375910040218,30.909918800412356],[121.33403060033197,30.910112900190256],[121.33517319978341,30.9107923002245],[121.3351709002169,30.91093330043151],[121.3356427996755,30.911094600135755],[121.33599080043518,30.9106897001696],[121.33692270042229,30.911142599651328],[121.33719869966035,30.910895599952028],[121.33804670009522,30.911197499664922],[121.33814260020085,30.911074000264932],[121.3391633001462,30.9114817996454],[121.33928559985065,30.912103699726003],[121.34029349974526,30.913517499632974],[121.34146139982386,30.915315599635278],[121.34309329971609,30.916207700125312],[121.34469529984824,30.913701000001197],[121.347404699967,30.914753999997174],[121.34751759995731,30.915074200014374],[121.34707670012972,30.91564210030276],[121.34754010009556,30.91623530031893],[121.35011560015494,30.918063300081258],[121.35073259982971,30.918734500097173],[121.35099550044208,30.919202500095366],[121.35111720029863,30.919598199996983],[121.35115549972659,30.920327900012637],[121.35104929968554,30.920733700200174],[121.35123549981847,30.921480800298752],[121.35120769997548,30.921810999877778],[121.35084849995837,30.923062900232708],[121.35075800028153,30.923383100249907],[121.35009350021494,30.92385520025732],[121.34922229996926,30.92414980017321],[121.34916580006166,30.924241999568665],[121.34902150024209,30.924705400433936],[121.34878679967107,30.925016000188293],[121.34850399975983,30.9253046996522],[121.34852380013331,30.92559819969722],[121.34837099992183,30.925666200135083],[121.3480147002183,30.925768099618153],[121.34772620040394,30.925768099618153],[121.34760460037205,30.925804399853234],[121.34755650013244,30.925935500323135],[121.34759259981865,30.928148400028704],[121.34762649976324,30.928822799832403],[121.34768589998441,30.92943420032816],[121.34766310037185,30.929591900046205],[121.34767729976761,30.929865800266498],[121.34791720021872,30.930229499591803],[121.34762930025204,30.93075789985727],[121.34701329972404,30.93193459980199],[121.3467333003016,30.932679099960524],[121.34753330032163,30.932895299678364],[121.34815719959511,30.933190299792557],[121.34846120012435,30.93324860014286],[121.34878119959274,30.933451099588638],[121.34898510018229,30.93344419998988],[121.34921080033826,30.933540899592913],[121.34924909976621,30.93360539986935],[121.34937710027305,30.9335780002246],[121.34942909997301,30.93345449992529],[121.34926509960474,30.933018799977674],[121.34931710020408,30.93279919992318],[121.35086099963553,30.93284039966477],[121.35080499975095,30.933437300391176],[121.35104929968554,30.933883099725335],[121.35108259978222,30.934117300273215],[121.35100969983785,30.93432949980661],[121.35047799995982,30.93463029964869],[121.35039320018609,30.934751600206255],[121.35038750028298,30.935129999849664],[121.3503536003384,30.935260999595528],[121.35024609987772,30.93536769965965],[121.3502506999099,30.935530699981882],[121.35092490006411,30.93587230026651],[121.35163190029198,30.93580930005919],[121.35215230018855,30.93582379982854],[121.35238990017376,30.935726799851977],[121.35259350038984,30.93550359981134],[121.35297819978416,30.935542400161694],[121.35332320040538,30.93585779959784],[121.35367959993368,30.936061499638527],[121.35380239966105,30.93638150000629],[121.3539340999788,30.93654670007021],[121.35434700031385,30.93664859955328],[121.35503139967943,30.93696879957048],[121.35552919961299,30.93680869956188],[121.35637200016777,30.936789300286023],[121.35698859964418,30.936949400294623],[121.35727139955554,30.93685240031806],[121.35763340006145,30.936638900364983],[121.35808020034108,30.93665829964084],[121.35803350034587,30.9376900999182],[121.35788160035565,30.938554600214673],[121.35794559970975,30.939206400055355],[121.35788230002822,30.93996709970196],[121.3578335999407,30.94126479983072],[121.35720959994319,30.942911400041112],[121.35716959989713,30.944235499768524],[121.35722559978171,30.944516799610653],[121.35726559982766,30.94490790037935],[121.35721760031208,30.945100000064997],[121.3565616995628,30.94604680001987],[121.35648969983981,30.946286900120413],[121.35688959957542,30.94722679957721],[121.3571336000357,30.947315999733632],[121.35742560001154,30.947339999941107],[121.35823349967632,30.947048400163567],[121.35872149969748,30.947000399748674],[121.35925740030882,30.947031299554908],[121.35997340005247,30.94735029987646],[121.36016940009779,30.947569800106237],[121.36017340028229,30.94797799968501],[121.36105729985456,30.94898309999013],[121.3609212998781,30.949473600126623],[121.36078129971725,30.949943500392294],[121.36044530041033,30.95015960028536],[121.36018139975181,30.950173299658104],[121.35934139968595,30.95001900027671],[121.35888950025026,30.95001900027671],[121.35854549967519,30.950163100446787],[121.35800149976944,30.950780500319865],[121.3579614997235,30.950982899940925],[121.35821749983779,30.95166199960164],[121.35838150020618,30.952522999736686],[121.35831349976831,30.95273220003105],[121.35775359984882,30.95336680033762],[121.3577160999181,30.95374999966282],[121.358131199995,30.954522000190195],[121.35835330016471,30.955830299728575],[121.35835330016471,30.95639669994779],[121.35865140024202,30.957674900076654],[121.35865140024202,30.959103500126503],[121.35859290024223,30.960612299917784],[121.3583415999849,30.96158469997397],[121.35761680037513,30.9630081999685],[121.35671079996348,30.9656996999812],[121.3562139002513,30.967063000257326],[121.35616129980417,30.96830099979138],[121.3564711000613,30.970225600231345],[121.35672250014329,30.972099999615352],[121.3567032996176,30.973711099987327],[121.35614949979959,30.97634050001409],[121.35523649996458,30.980176100446727],[121.34705670010669,30.978489299641524],[121.34095079983956,30.978338000398423],[121.33600959986325,30.979820799890035],[121.33113900026467,30.98245329987992],[121.32697430012388,30.983239999826196],[121.32205860042416,30.98258970005469],[121.32162710031048,30.984381799780294],[121.32150390038476,30.986026999746286],[121.32242129970325,30.990955600220843],[121.32257919997016,30.992818099775548],[121.32250129979525,30.994398499990837],[121.32231950004496,30.996052999846142],[121.32236279970346,30.996683599968208],[121.32252730009486,30.997158399740385],[121.32308979995435,30.997885499815993],[121.32383310041735,30.99830760021564],[121.32577429964431,30.99894290019472],[121.32618839967495,30.999124500295522],[121.32656919960891,30.999777400007076],[121.32752130016797,31.001149900347684],[121.32926839961704,31.003087499588503],[121.33054199971355,31.003917099894295],[121.33116510038917,31.005148500203177],[121.33205660013209,31.00580880043583],[121.33249799998282,31.006468999944445],[121.33296540013316,31.00724060027352],[121.33364919965095,31.008012099878556],[121.33411659980129,31.009013500372816],[121.33493020026856,31.011669200173515],[121.33545809961163,31.012433300156715],[121.33776040002249,31.014688299825252],[121.33844420043954,31.015385599965498],[121.33876439955748,31.015904800166425],[121.3390586999991,31.016527899942673],[121.33777770028075,31.016527899942673],[121.33197869995706,31.01606059961705],[121.32850729977213,31.01611809957069],[121.32838679961117,31.01655020043148],[121.32847339982766,31.01687660037487],[121.32915710041993,31.017648000155134],[121.32915710041993,31.01870129962532],[121.32875030018624,31.019316899955015],[121.328940799978,31.020303399582303],[121.32887150001977,31.02114160010484],[121.32922640037816,31.022298700224894],[121.32915710041993,31.02266960042175],[121.32862920017749,31.023136800023337],[121.32887150001977,31.02422720012521],[121.32886289980308,31.025087499688425],[121.32930920005958,31.025603599926228],[121.32929559961235,31.025806999593385],[121.3286799003572,31.02663650007446],[121.32888880027792,31.02714939962516],[121.32873299992809,31.02780950020832],[121.3287762995866,31.028180400405233],[121.3292609999952,31.0288329997432],[121.3294255003866,31.02941150034053],[121.32945139996218,31.03065750024348],[121.32922640037816,31.031080300315637],[121.3287581998311,31.03174719977352],[121.32871569966983,31.032140799758167],[121.32874169996956,31.03261549970557],[121.32888020006123,31.0330085996672],[121.32952539977748,31.03331930014565],[121.32954660039536,31.033750200411475],[121.32882820036127,31.03625689963627],[121.32920040007843,31.037132000241684],[121.32924369973705,31.03769559997204],[121.32901870015291,31.03877089955739],[121.32936489957046,31.039690500416327],[121.32945139996218,31.04036530041833],[121.32910519964526,31.041818799997657],[121.32912249990352,31.042649400349603],[121.32985820019587,31.04321300007996],[121.3299275001541,31.043502199566888],[121.32979579983635,31.044520500121052],[121.33016109995481,31.04612720011022],[121.33062850010526,31.0471727995851],[121.33070640028018,31.047899500361723],[121.33054199971355,31.048826400118344],[121.33087949998901,31.049694000377883],[121.33090550028862,31.05013890038998],[121.33062850010526,31.050887800032],[121.33057660022996,31.05307520036024],[121.33078429955583,31.054305999922008],[121.33062850010526,31.055054899564027],[121.33087949998901,31.056092999592295],[121.33063720014673,31.057523999932698],[121.3307757002384,31.058650999743918],[121.33064580036341,31.0590957999313],[121.33074969993879,31.05982239998383],[121.33110460029718,31.060786299648043],[121.33103530033895,31.061231099835425],[121.3307757002384,31.061727899722825],[121.33060259963031,31.062484100061226],[121.33059389958885,31.062862200230427],[121.33098339956427,31.063529499886556],[121.33107859999745,31.064011399806304],[121.33105259969773,31.064471099961338],[121.33131720002882,31.064568199762675],[121.33153730010633,31.06458230023304],[121.33170179959848,31.064129999699787],[121.33185759994831,31.063811199926988],[121.33247590004282,31.06377599956278],[121.3329048002164,31.063588800282957],[121.33337979963812,31.063547200343066],[121.33510329997739,31.06382609989464],[121.3349734001024,31.064634200108287],[121.33505190012511,31.064752499628185],[121.33510329997739,31.064886299862906],[121.3370333997716,31.065331100050287],[121.33721509969712,31.064508099868988],[121.33746609958087,31.064041099916892],[121.33768249984757,31.063225500256692],[121.33793349973132,31.061030999780883],[121.34016660000862,31.061446099857676],[121.34340359999624,31.062350700024865],[121.34683969999219,31.06326259998906],[121.34824190044344,31.063559199997144],[121.34910739988663,31.06392989964519],[121.34933240037003,31.06414489966744],[121.3513749999563,31.065086399917448],[121.35207609973224,31.065279200174984],[121.35267329993292,31.065738900330018],[121.35327050013359,31.0659982998817],[121.35309740042476,31.066383900396715],[121.35283780032432,31.066613699662582],[121.35246559970767,31.067851799920675],[121.35230110021564,31.06831140025099],[121.35298620015305,31.069220100427344],[121.35468999994362,31.069683299844485],[121.3551487000525,31.069282599712267],[121.3589536003285,31.07089169999199],[121.35862959977624,31.07150649992508],[121.35953689970825,31.071973700425985],[121.35885310019046,31.072551899750408],[121.35855889957361,31.07307829992368],[121.35809150032253,31.07338219972877],[121.35742869997455,31.074495400342528],[121.35706940013279,31.07483370011522],[121.3575246000803,31.075087299939014],[121.358357900197,31.075603900199894],[121.3594576001882,31.076072599870656],[121.35919800008764,31.07664989987302],[121.36051070000883,31.077135999626705],[121.36025960030042,31.079521499917348],[121.36458009989178,31.081147400432258],[121.36627900017572,31.079714399999602],[121.36684250008136,31.079993799574254],[121.36718320014461,31.080215399721],[121.36744569965936,31.08035890004328],[121.36763749987074,31.080422699747828],[121.3677399002762,31.080427500328938],[121.36784599959321,31.080374899881804],[121.3679818997449,31.080386000213764],[121.36824059962407,31.080482599992024],[121.36685820044568,31.083836099956102],[121.36654409963057,31.084922599698245],[121.36641109979246,31.085156200398387],[121.36602109979401,31.08555839970046],[121.36524950036426,31.087189500095405],[121.36515920033685,31.087929599871188],[121.36486120008442,31.08849629956461],[121.36375699988571,31.09086119998443],[121.36342919969786,31.09093619984577],[121.3632714001551,31.09119379985401],[121.36330589994736,31.091421799576437],[121.36328589992445,31.091611999893928],[121.36305699998059,31.091812099948527],[121.36291880026249,31.091991799781795],[121.36289980028562,31.092199699656476],[121.36289489987973,31.092253099600896],[121.36284219960794,31.092322399559123],[121.36275189958053,31.092441000351926],[121.36245140011204,31.09257979991787],[121.36229890027414,31.092706400180248],[121.36225590008974,31.09293499975047],[121.36238949977565,31.09322499963406],[121.36180790011451,31.09360290015377],[121.36205229987377,31.094318300049565],[121.36200650009994,31.09445689996602],[121.36174439988417,31.09471259970678],[121.3614920995808,31.094952900356134],[121.36135289981655,31.09512850018018],[121.36133220012096,31.09529940014727],[121.36138460001939,31.095527800067998],[121.36133830022243,31.09567409997976],[121.36118929964653,31.095774500293032],[121.36091590034857,31.095851799720833],[121.3607014003494,31.095960099678905],[121.36052660002258,31.09636680008782],[121.36041899973713,31.096853499689303],[121.36036829955742,31.097247400047536],[121.36025669998673,31.097610100226007],[121.35999869978025,31.098047499892232],[121.35940199960271,31.099539699997194],[121.35920179972334,31.099992300004715],[121.35878599997397,31.100551299702772],[121.35863729977166,31.100843400402653],[121.35854530002564,31.101300800091906],[121.35832679984196,31.101733400076398],[121.35807589978299,31.101951099863413],[121.35795879995874,31.102419300410418],[121.35721000014144,31.102243599862277],[121.35637129959582,31.102107400236378],[121.35441559970025,31.10153099955602],[121.35412320042542,31.10211610027784],[121.35384410032498,31.102603999574967],[121.35362860027976,31.10266439984224],[121.35165059989538,31.102040499669386],[121.34670420003886,31.10103390019441],[121.34481220002306,31.106434800325815],[121.3440472996432,31.108618199570287],[121.34717530000012,31.10964789993068],[121.34744240044654,31.108755499966378],[121.34871000026635,31.108860699961383],[121.34880979983245,31.10970809964914],[121.34841180036437,31.110308800011182],[121.35055189995023,31.111547400292352],[121.35261100029754,31.11254200011325],[121.35147419967461,31.114521999690567],[121.34997550016931,31.1138808999836],[121.34914560038919,31.11346219992066],[121.34804700026893,31.115186300107723],[121.34726059979687,31.115191800361345],[121.34651969962454,31.117344399624415],[121.34914079980808,31.11849109998434],[121.34882839961097,31.119013400148333],[121.34862829955648,31.119334600211687],[121.34832300040625,31.119755400191593],[121.34790719975751,31.12037919964041],[121.34561549965565,31.119846399891514],[121.34465119979313,31.119769399937923],[121.34345609971933,31.12164929957555],[121.34237550042906,31.12352269981278],[121.34312969977589,31.123861700157363],[121.34194679990492,31.125595200058513],[121.34052310026095,31.127608599557277],[121.34153019975895,31.128105500168772],[121.34104429965475,31.128765300378348],[121.34049249992904,31.129665599987504],[121.34049490021948,31.13025310010056],[121.34047630044097,31.130354299911062],[121.34040439964338,31.130419800233653],[121.34016330039606,31.130473399827565],[121.34003110005528,31.13049330002582],[121.33982940010674,31.130620299587235],[121.33943520027435,31.13136059991183],[121.33941659959646,31.131430100418868],[121.33945840008516,31.131523399685193],[121.33967170038875,31.13167619989673],[121.34007749967691,31.13190640026022],[121.34013780011946,31.13203549973855],[121.3401204998612,31.132343299903425],[121.3399129003601,31.13266819977764],[121.33964429984462,31.132982699891727],[121.33931649965677,31.133143700121707],[121.33917849958812,31.134220099577988],[121.33892610035934,31.134524899604457],[121.33869299968228,31.13471319965447],[121.33840819967872,31.1348822002534],[121.33812279982737,31.135165400363007],[121.33791409955609,31.135612000093772],[121.33746430003748,31.136755099568234],[121.33667600019726,31.13780539979939],[121.33640650035977,31.138001399844768],[121.33588179990522,31.138562000336094],[121.33477179997863,31.13920700040279],[121.33410009993975,31.139354900208502],[121.33380369958115,31.139464999710015],[121.33365009987233,31.139472500055888],[121.33324719999837,31.139336000056403],[121.332977600336,31.139211999734073],[121.33280949995856,31.139216999964617],[121.33265879966393,31.1392987996],[121.33252839976592,31.139522100364672],[121.33226509985457,31.140329400181713],[121.33220959999312,31.14067809971459],[121.33222409976247,31.140901399580002],[121.33225880010366,31.140980799824092],[121.33254290043453,31.14106020006824],[121.33333700000264,31.140993199676473],[121.33349359984982,31.141032900248206],[121.33362399974783,31.141124700344676],[121.33389349958543,31.141648100379598],[121.33430799981443,31.14224839964396],[121.33439410000778,31.142434499952287],[121.33440079995705,31.14259569983176],[121.33414860037772,31.143414400354345],[121.33404720001829,31.143650000247362],[121.33380800013913,31.143999500176847],[121.33344429991462,31.144342099608252],[121.33293710026703,31.14466209997596],[121.33263270043881,31.144920100182503],[121.3322993999974,31.14527479999208],[121.33218690020533,31.145423900392757],[121.33207040022887,31.145604799921614],[121.33193130028928,31.145661799852235],[121.33152030022177,31.14573550019321],[121.33095869968429,31.145789699634975],[121.33085459956021,31.145875000331046],[121.33000240019066,31.14831639978206],[121.32943139993927,31.148396700247588],[121.32965350010898,31.148875500204213],[121.32970470031171,31.149621100233617],[121.3296236003489,31.15012910027781],[121.32948060004969,31.150534500267042],[121.3289253001625,31.151660599856825],[121.32530619982128,31.157206000356666],[121.32450900029016,31.158465099784564],[121.3239594003062,31.15863050039735],[121.32359910041816,31.15860989962721],[121.32296490031001,31.158698599760612],[121.32277350029688,31.1587986997003],[121.32184280000524,31.159977600286084],[121.32130190006274,31.159833199742422],[121.3208192995711,31.159603799775596],[121.32046869977069,31.15970610035629],[121.3202114999608,31.15962920022747],[121.3198856000405,31.1593133996937],[121.31883870014599,31.158941600174785],[121.31839940021223,31.159688700273364],[121.31688600038865,31.159661100079745],[121.31615270038685,31.159827800212838],[121.31503839990228,31.159349000256213]]]}},{"type":"Feature","properties":{"district":"浦东新区","district_en":"Pudong New District","source_shape_id":"62558664B78645465192316"},"geometry":{"type":"MultiPolygon","coordinates":[[[[121.56617140038986,31.000567000266926],[121.56683729980159,31.00060739961185],[121.569026200199,31.00126500007974],[121.57197049963895,31.002184699864074],[121.57248340008891,31.002454500075146],[121.57261499968251,31.002399799711043],[121.57311369983745,31.001367100111622],[121.57361230016761,31.001473099603913],[121.57361230016761,31.001568899884887],[121.57372000027783,31.00161669975097],[121.573616300352,31.001948400298488],[121.57415880018857,31.002071500399495],[121.57423460044652,31.002040700418036],[121.57433830037235,31.001592800267588],[121.57627310002363,31.002122800426946],[121.57842329989546,31.002098900044246],[121.57845919993224,31.002929700045684],[121.57998150034598,31.002912399787476],[121.58002539985239,31.00327369972149],[121.58555619985884,31.00316300037224],[121.58796420028773,31.003261799892186],[121.59018329991943,31.00323819988307],[121.59115789971736,31.004683199969747],[121.59421329960412,31.004556999905674],[121.59657960026846,31.004052800396494],[121.59972730027471,31.003559899969446],[121.60037259981573,31.00342819965175],[121.60405590005985,31.003488400269532],[121.60575199985499,31.003456700066693],[121.60765849964014,31.00300569995312],[121.60781570023448,31.00398410028606],[121.61007129975076,31.003610500324385],[121.61123199985695,31.001499699751378],[121.61159119987406,31.00032340000496],[121.61200160009378,30.999581300136924],[121.61374549975505,30.99744300009445],[121.61409920041785,30.996887200184176],[121.61463889976551,30.99652569970135],[121.61566479959095,30.99550199961766],[121.61609109982442,30.995350499825747],[121.61625880000372,30.99492680043153],[121.61914370012175,30.99487040034876],[121.62295950018085,30.99495920030688],[121.62472280001725,30.995042699660928],[121.62476909981422,30.9957609998703],[121.62493479990121,30.995732600179394],[121.62556070016626,30.99528119986752],[121.62578600012387,30.995204500287514],[121.626998199907,30.995156200398355],[121.62709760017412,30.99464799980541],[121.62742209985004,30.994940499804272],[121.62764069985849,30.995320900439253],[121.62783619988079,30.995437299691673],[121.62804809993997,30.995445800083644],[121.62864759970705,30.995261299669323],[121.62903179997761,30.99524989986304],[121.62956840026152,30.99545440030039],[121.6301976999639,30.99517900001092],[121.63178420028066,30.99539760001926],[121.633195099874,30.99546289979304],[121.64142059968094,30.99562409967251],[121.64312650028785,30.99556680026768],[121.6436925003087,30.99542980024512],[121.6456539001075,30.995552000124746],[121.64855730017928,30.99535940041602],[121.65389119991903,30.995255699590928],[121.65539470000544,30.99509279999279],[121.65871279995577,30.99499649968874],[121.65854469957833,30.99369230015958],[121.65915569987567,30.99365830039028],[121.65932990035469,30.994498900304052],[121.65940929969952,30.994561799787277],[121.66102240016369,30.994409899797063],[121.66109870044477,30.99425010016205],[121.66342359991927,30.994202999968536],[121.66352879991427,30.994002700264446],[121.66509900001893,30.99379840037591],[121.66529219957545,30.99320420031364],[121.66574579962901,30.993107900009647],[121.66586970012668,30.99256299988258],[121.66621529969643,30.992455600145888],[121.66724359981231,30.99240749990622],[121.66729539986284,30.992174199579722],[121.667636699774,30.992159400336107],[121.66762809955719,30.991881599756084],[121.6689025998752,30.991818600448084],[121.66895449975038,30.991914899852816],[121.66867450032794,30.99251610023788],[121.6687477995714,30.99318129997704],[121.66936489997022,30.993060799816135],[121.66945650041725,30.993238899755454],[121.67004310030893,30.993118399594493],[121.67006749981533,30.993752200403776],[121.67017290035915,30.993987900121567],[121.67353799977889,30.993490299837504],[121.6758169996549,30.993055599936042],[121.6773079002395,30.9923536997635],[121.6793914000931,30.99201330007378],[121.68138939960113,30.992207100377414],[121.68498809972107,30.992280399620824],[121.68799430039667,30.991819499770145],[121.68990669973448,30.991248600242784],[121.69146469963619,30.99063049979776],[121.69290060038247,30.990049099786177],[121.69468259982216,30.989787899791793],[121.6952947998152,30.989593200166098],[121.6960988998444,30.98912250040314],[121.69786610004053,30.988668000128143],[121.69919150018768,30.988224299811634],[121.70003720015677,30.987683300044296],[121.70119850011076,30.987055600235806],[121.70273499992038,30.986575300210006],[121.7036258998155,30.98581919969638],[121.7047871997695,30.98534310040384],[121.70745059956562,30.98396879962047],[121.70977309964894,30.98222649985314],[121.71243650034432,30.980062099686222],[121.71426679967317,30.978871700368757],[121.71637479975732,30.97760549989397],[121.72076749962048,30.974759199577477],[121.72278709994475,30.97355789957743],[121.7276594001612,30.96942300027132],[121.7291718997634,30.967837699650147],[121.72957769995094,30.96715109964356],[121.72943919985926,30.966607900134534],[121.73060709993774,30.965720700050326],[121.73081570038437,30.96529029980752],[121.73176100027001,30.964200200079233],[121.73218480038827,30.96376419975809],[121.733475600019,30.962752299678925],[121.73298659995169,30.962204500137602],[121.73320829992315,30.961964099663533],[121.73293450042695,30.9617012997752],[121.73267369973155,30.961824300051433],[121.73233470028629,30.96139949988708],[121.73249769970914,30.961136699998747],[121.73230860016179,30.960846000442643],[121.73357340039217,30.960007399721746],[121.73568560031026,30.95878869963883],[121.73666349972075,30.95997389997558],[121.73846940044257,30.958643299948392],[121.73856069961664,30.958648900026787],[121.73899090020996,30.95909620032944],[121.74020350019146,30.958067500015147],[121.74095980035452,30.956865500342644],[121.74151389964686,30.95625609993914],[121.74242009970794,30.95505410026658],[121.74337840019302,30.95390799975445],[121.7435545000402,30.95386889992983],[121.74410860023181,30.954679500258806],[121.74464320042341,30.95498700005004],[121.74756380002941,30.954645999613263],[121.74830699976826,30.9546515996916],[121.74942190010063,30.954059000422603],[121.75038669998628,30.95334330015322],[121.7513254995722,30.95288490041787],[121.75250209969226,30.952154999853406],[121.7527791997004,30.95203480006603],[121.75302689997147,30.952099099793656],[121.75321930003076,30.95197890000628],[121.75289659989824,30.951618199920063],[121.75291290011035,30.951495199643773],[121.75330080019182,30.951182099774144],[121.75352569995118,30.951145800438383],[121.75386470029571,30.951380599934794],[121.7547904003568,30.95099479977023],[121.75473829993268,30.95034910003102],[121.75527540023961,30.9500920000458],[121.7565310004054,30.949732999678247],[121.75655720035456,30.949365099619683],[121.7561124999919,30.94819849996088],[121.75619619989482,30.9481042995738],[121.75670369991587,30.947983099740327],[121.7568710997216,30.94775879982882],[121.7568658998415,30.947529899885012],[121.75650490028102,30.947058799923752],[121.7564891999167,30.946825499597196],[121.7568710997216,30.94633639970516],[121.75791219988821,30.945326800091777],[121.75844589985843,30.945290900055056],[121.75869179968686,30.945133800184806],[121.75968219967388,30.943833000092923],[121.75911030010036,30.943477999909817],[121.75869810033714,30.943712400107245],[121.75843919990916,30.943547399692818],[121.75854270018556,30.943293600219533],[121.75828379975758,30.94309679977755],[121.75824679984999,30.942982600266816],[121.75844660043037,30.942665299663872],[121.75846139967393,30.942487599922856],[121.75801000026138,30.942100500237927],[121.75807659955547,30.941941900298502],[121.75778070011927,30.941694399676862],[121.75708520042167,30.941814899837823],[121.75698899994245,30.941726099879645],[121.75714430026926,30.94066630010974],[121.75786130005906,30.940622700077597],[121.75828410013116,30.941278500102726],[121.75855610008398,30.941269600411772],[121.7585833000793,30.940757299809604],[121.75887000035027,30.940426000359707],[121.7597436998119,30.940448399773857],[121.76000010012456,30.94025089965936],[121.76013610010102,30.94002210043965],[121.76007330044251,30.939586799791016],[121.75985359966398,30.93942979974554],[121.75946120027425,30.93967659979529],[121.7591107002986,30.93933550043306],[121.75912639976355,30.93901240010223],[121.75942980044499,30.938882299678426],[121.75982219983473,30.93903929972396],[121.76015179956596,30.938595100283692],[121.76030349990663,30.93864890042647],[121.76055990021928,30.93903490024053],[121.76117200038755,30.938577100352973],[121.76175800043143,30.938599599591896],[121.76221840025903,30.93916949997248],[121.76192559988658,30.939546000247788],[121.76266550001287,30.939653900007556],[121.76304279978547,30.939882399753003],[121.76346080017584,30.940412300087644],[121.76374629985196,30.940153899682798],[121.76369919965839,30.940010300435063],[121.76375680033618,30.939884600394066],[121.76430090006659,30.93974999976274],[121.76435320014014,30.93936859998098],[121.76395559997104,30.9392922996999],[121.76387190006824,30.938933300231668],[121.76390849977747,30.938816599706342],[121.76441079991855,30.938556399758113],[121.764457900112,30.938659599660866],[121.76527399979534,30.93866850025114],[121.7653420002332,30.93859670017764],[121.76486590004129,30.937833899714747],[121.76489729987054,30.93765440043029],[121.76557750030145,30.93722359998918],[121.76634659961599,30.936985699630384],[121.76636229998019,30.936761399718876],[121.76660290010386,30.9366536996086],[121.76675990014928,30.93651010036092],[121.76686450029649,30.936101700233337],[121.76752369975895,30.935841399561014],[121.76767020021964,30.93588179980526],[121.76783240014527,30.936061299989035],[121.76839220023987,30.93597149998476],[121.76838169975565,30.9352445995587],[121.76875319980036,30.93523109983545],[121.76868520026187,30.934647699731613],[121.76877939974952,30.93458940028063],[121.76860150035907,30.934284200055856],[121.7687060996069,30.934216900189824],[121.76867469977765,30.933920700380042],[121.76900430040826,30.933803999854774],[121.76917699991873,30.933570700427538],[121.76962170028128,30.933628999878465],[121.77047970027797,30.933570700427538],[121.77099769988399,30.93370980036707],[121.77139530005309,30.933494400146515],[121.77181910017134,30.93370079995202],[121.77215389978267,30.933669400122767],[121.77246780004896,30.933548200289238],[121.77251490024253,30.933216100442735],[121.77334150040997,30.932951400286925],[121.7730642996778,30.93260579981785],[121.77322639977854,30.93246219967085],[121.77309559968228,30.93180700039278],[121.77331009968145,30.931780099871787],[121.77356649999399,30.932390399597296],[121.77429899959918,30.932314100215592],[121.7744872996492,30.932089699580047],[121.77449780013342,30.931362700228476],[121.7736711001412,30.931362700228476],[121.77342000043268,30.93124599970315],[121.7732055004335,30.931035099690178],[121.77325259972781,30.93065810029117],[121.77313230011566,30.930451699586342],[121.77325779960779,30.93007019997981],[121.77355079962979,30.92972010020253],[121.77390129960531,30.929500199774452],[121.77335719987491,30.929015500265166],[121.77336249957978,30.928831499873866],[121.7740007996972,30.927750000362266],[121.77453439984276,30.926641399780806],[121.7735822003583,30.9265472002931],[121.77355600040914,30.926165699787248],[121.77480649962035,30.926156700271576],[121.77522500003374,30.92511999958839],[121.77463380010988,30.92502570027591],[121.77466000005904,30.92533990001641],[121.77332060016568,30.925452100334212],[121.77326830009201,30.924864100198135],[121.77535060025002,30.9247789002261],[121.77557030012929,30.923324700074886],[121.77637600005244,30.920416299772455],[121.77683639988004,30.918055500261175],[121.77656439992722,30.91654730031769],[121.77603589983698,30.914760899595876],[121.77599410024754,30.914464699786095],[121.77542379966872,30.913311099827467],[121.77502620039888,30.912808400387405],[121.77452919996267,30.911856799851478],[121.77445069993996,30.908696699992788],[121.77439310016155,30.90825670038646],[121.77363450043197,30.906357899697355],[121.77336249957978,30.906061699887573],[121.77378099999316,30.904589300156147],[121.77398510023227,30.90387099994672],[121.77433040032781,30.903040500318866],[121.77363980013672,30.902883400448616],[121.77360840030747,30.902798099752545],[121.77391180008954,30.901572599895644],[121.7744244999908,30.90151869992809],[121.77419960023144,30.89818319989479],[121.77446120042407,30.898124799719767],[121.77436700003705,30.897267299746147],[121.77334680011484,30.897397499994668],[121.77317940030912,30.896737599960318],[121.77420999999151,30.89664329974852],[121.77397459974804,30.895727500323915],[121.77293489982583,30.892073199618494],[121.77147149961013,30.888319500444652],[121.77182980030511,30.887663900068958],[121.77226870004051,30.8826694997976],[121.76878070016926,30.88230190011268],[121.76860399957502,30.881916799620683],[121.7684816000459,30.88107070035261],[121.76767929956009,30.87781800000073],[121.76748209981906,30.877567099941757],[121.76756369980501,30.877403700320542],[121.76713540037849,30.87746790022345],[121.7661527003869,30.874359100392212],[121.7635429001848,30.866101900382432],[121.76404930033505,30.8579531001555],[121.76421601935385,30.851179335458028],[121.76440660008461,30.851189700144573],[121.76443199963717,30.84791420018024],[121.77116900004933,30.848080199741503],[121.78387580002823,30.848393199786415],[121.79816660020845,30.847803699581107],[121.80099899970412,30.847619399715597],[121.81724249964168,30.84574040029929],[121.82473120018483,30.84518770035214],[121.83507380031574,30.845150800269266],[121.83616819970268,30.845537700304703],[121.83962290037664,30.847416800445046],[121.84201969974936,30.84751719985894],[121.8454679001236,30.847603800075376],[121.84625109990839,30.847983299589657],[121.84668029955628,30.84854700004405],[121.84893909975972,30.85032240025862],[121.87439209991555,30.848612799840907],[121.87951409959612,30.84951919955148],[121.88045819978618,30.848855999904515],[121.8802221996948,30.848670000320283],[121.88174569980424,30.847861200434124],[121.8877537996982,30.84815599999945],[121.90884670041498,30.856972400256097],[121.91195810018621,30.858471800333348],[121.91260179983328,30.857919200210972],[121.91283489961097,30.85805839997522],[121.91313990018625,30.858240500099043],[121.91330949973371,30.85834179973432],[121.91358890020763,30.858508599692186],[121.91313830029242,30.859022500188303],[121.91721399992616,30.860458400035157],[121.9618567995517,30.877452500232778],[121.96021239998231,30.87904780041572],[121.95993270003419,30.879359500040948],[121.96018829995012,30.87955540026155],[121.96048010027641,30.87935559968122],[121.96243890013523,30.877865100194242],[121.9705283999657,30.885123499649865],[121.97284329987849,30.89195320037993],[121.97402790036733,30.92054249983653],[121.96611628373955,30.937600000439716],[121.9360014004443,31.002527900042594],[121.93420180037288,31.00296999956589],[121.93318139990174,31.00467669967003],[121.93195299973127,31.00673139963442],[121.93210579994275,31.00694750042686],[121.93315720004477,31.00764629973702],[121.9336077999601,31.009044099805408],[121.93348009982685,31.009728199696724],[121.9148334000414,31.038652799686986],[121.89200250011538,31.074387200209173],[121.89150890001576,31.07432839983585],[121.8619907996358,31.11280120001544],[121.86160989987707,31.113159900009407],[121.86129999979516,31.11366999997057],[121.86088019986141,31.114133300111746],[121.86071289988047,31.114176699595077],[121.86050950021331,31.11417780036527],[121.86038289995088,31.114150299996425],[121.85987709964854,31.113832500269723],[121.85939290016222,31.11436389977422],[121.85989430008192,31.114690799740686],[121.86001680033507,31.114925799785908],[121.86001680033507,31.115010499734808],[121.85999909987856,31.115144399794247],[121.85981589988398,31.11535200019472],[121.85941469972863,31.115815099787085],[121.85911160032015,31.116159100362268],[121.85889000017346,31.116480099876753],[121.85858010009156,31.11672999988963],[121.85826989963618,31.11724009985079],[121.8579700000156,31.117759999724285],[121.85780990000694,31.118269900035898],[121.8572100000415,31.11838990017378],[121.8569101004208,31.118519999698265],[121.85675999997409,31.119030099659426],[121.8564500998923,31.119800100094608],[121.85614989989801,31.12004990028271],[121.85599000043828,31.12031000040622],[121.8554000002099,31.120299999945075],[121.85524989976318,31.12081989981857],[121.8549398998565,31.121329999779732],[121.85462999977472,31.12158010034142],[121.85447990022726,31.122100000214914],[121.85388000026182,31.12208999975371],[121.85372999963988,31.12259990006538],[121.85341999973332,31.12311999958837],[121.85312010011262,31.123370100150055],[121.85296000010396,31.123879999562405],[121.85235989958971,31.124010000161434],[121.85205999996913,31.12413010012409],[121.85190009961002,31.12489999983518],[121.8516099999016,31.1251599003092],[121.85145010044187,31.12567000027036],[121.85084999992762,31.125790000408244],[121.85054999958288,31.125920099932728],[121.85039000029838,31.12669010036791],[121.85008999995364,31.12693989965669],[121.84978009987174,31.127199999780203],[121.84947989987757,31.127449999617852],[121.84918000025687,31.127709900091872],[121.84916100027999,31.12832689976665],[121.84887759962157,31.12954330028316],[121.84862389997306,31.130503299587645],[121.84840010008463,31.13151540021562],[121.8481706146822,31.13199082321796],[121.8481297710722,31.132075439529956],[121.84807407515848,31.132190823447786],[121.84794399991574,31.13246029990296],[121.84717319998322,31.133499999825176],[121.84630859986203,31.134411799964653],[121.84578819996557,31.13563660014904],[121.84518820017536,31.136427999952275],[121.8445803996658,31.13734650004102],[121.84401429982017,31.13814159965517],[121.843304400178,31.138869000104307],[121.84226060024662,31.139735499593655],[121.84150120012032,31.13990950042313],[121.8403313997743,31.139763199612048],[121.83896279979342,31.13975529996719],[121.83847389955088,31.140072499846042],[121.83699870022986,31.14175550011629],[121.83599009976331,31.142890000273326],[121.8358278998378,31.143104400447783],[121.83567149964006,31.14333009970437],[121.83555480001405,31.14367809956468],[121.83534959990413,31.143836300205123],[121.83523910020438,31.143797999877847],[121.8327476004215,31.14667000012048],[121.83238550009082,31.147256900385685],[121.83219999963035,31.147610100126087],[121.83190010000965,31.147860000138962],[121.83174469985806,31.147874200434046],[121.83064769963164,31.149088500134212],[121.83000719977247,31.149846300366505],[121.82865239988837,31.151420700305152],[121.8288498001782,31.15155689993105],[121.82859210034519,31.151460900000586],[121.82704999955786,31.153220000003046],[121.82613990003642,31.15424000027582],[121.82528969985981,31.155239799976812],[121.82430220018648,31.15638729983408],[121.82372550003186,31.15704209981311],[121.82262739993462,31.157581700235312],[121.82231460043852,31.157967299851066],[121.82264589988847,31.158192300334463],[121.82258370007776,31.15822050037582],[121.82225000033736,31.158024299781687],[121.82194099957758,31.158339200094076],[121.8208475004119,31.159681000278],[121.82004150011517,31.160596100030034],[121.81935109957362,31.161366099565896],[121.81725839965543,31.163821300013012],[121.81673999985117,31.16444000030583],[121.81560589989238,31.165658300190444],[121.81453620038542,31.166935100074852],[121.81414949999953,31.167368799930216],[121.81416690008245,31.167584100325996],[121.81394639980658,31.167574000040133],[121.81388310012505,31.167843700426488],[121.8133999996104,31.16827009958547],[121.8131000999897,31.168519899773628],[121.81295000044224,31.169029999734732],[121.81281329989395,31.169074699637747],[121.81242179982621,31.169477999709954],[121.81232939988195,31.169740699773513],[121.8120399998462,31.169800000169914],[121.81192209962524,31.17004670039495],[121.81186220028042,31.17032219960987],[121.8115154001157,31.17061890034205],[121.81101529971636,31.17122729980008],[121.81084360025204,31.171213800076885],[121.81072999968978,31.171319900293213],[121.81037000017545,31.171840099640917],[121.81029500031411,31.172038800350435],[121.80992000010804,31.172220000252878],[121.80957040035378,31.17282190031051],[121.80935180034533,31.172931899987248],[121.80916000013394,31.173109999926623],[121.8090357003374,31.173290299607686],[121.80926539977838,31.173491999556177],[121.8092243996864,31.173538200427686],[121.80896819992256,31.173384900193014],[121.80883999976629,31.17342130025287],[121.80790389994513,31.17452689979666],[121.80686110005979,31.175756499662782],[121.80657999986715,31.176040000145917],[121.80644830044878,31.176414000305897],[121.80614160015477,31.17676240036451],[121.80578280033603,31.17705839962548],[121.80600240039053,31.177239700252017],[121.80596109992484,31.177279499749147],[121.80567720014278,31.177137700044852],[121.80556039979263,31.177234500371924],[121.80524729992305,31.17770630000581],[121.80505299959634,31.178006199626452],[121.8048538995879,31.178267399620836],[121.80464799980541,31.1784401998554],[121.80427360034639,31.17894829972431],[121.80399989977559,31.179229999764743],[121.80364849957869,31.179687900376337],[121.80333610028083,31.179952599632827],[121.80296629995485,31.180386400212228],[121.80274419978502,31.180610499574925],[121.80266769985451,31.180830599652495],[121.80249469997045,31.18095810013625],[121.80218179975031,31.18131320014413],[121.80184480039725,31.181703399792127],[121.80158020006627,31.18198230024302],[121.80149009968841,31.18223139985929],[121.80123890015523,31.182339400343096],[121.8010280001422,31.18263579980237],[121.80080999998154,31.18293000041922],[121.80063130019437,31.183089899879008],[121.80025789988224,31.183514700043418],[121.79980649957031,31.184048300188977],[121.79960159983398,31.184320700340095],[121.7995568001063,31.184446500205866],[121.79960090016152,31.184530399758216],[121.79986980015121,31.18467890031104],[121.79969690009193,31.184901299955072],[121.79967199966313,31.184881200107327],[121.79979800007766,31.18468699960539],[121.79955349959437,31.184582199808744],[121.79936139990878,31.184587500412874],[121.7992910999044,31.184498999928962],[121.79902210008993,31.185377599796425],[121.79845100001376,31.186065000199676],[121.79826300033722,31.186307300041904],[121.79731010028092,31.18740010043433],[121.79703620006069,31.187708899745985],[121.79518820027533,31.18987039959933],[121.79366990004587,31.19174010002564],[121.79197480029688,31.193707599925858],[121.79005549956173,31.195925599686745],[121.79014450006866,31.196347600261618],[121.7903960998002,31.196521799841264],[121.79042050020598,31.196633799610197],[121.79035349981427,31.19676569957744],[121.79024130039579,31.196769599937113],[121.79000900011533,31.196637899619418],[121.78986189980685,31.196688300324865],[121.78958000011698,31.196970100190015],[121.78917670004478,31.197497299860572],[121.78895989957971,31.197551500201598],[121.78873540001871,31.19754380020629],[121.78851859955375,31.19744310041881],[121.78796109992493,31.197075400009737],[121.78788369977303,31.19714889980196],[121.78772440016098,31.197339699967245],[121.78755080042913,31.197547699666643],[121.78824999993765,31.197950100416847],[121.78837150014465,31.198143799996444],[121.78840630031061,31.198376100276846],[121.78820010015454,31.198630100298942],[121.78782629964405,31.199187299554296],[121.78638000003707,31.200929899695154],[121.78535560028081,31.202088599709157],[121.78176410013316,31.20629439976676],[121.7784326002843,31.210216600415833],[121.77654229998723,31.212378600292197],[121.77565259978769,31.213455300122064],[121.77529010015803,31.213785899899392],[121.77463930036345,31.214284000206476],[121.77429150015269,31.214510800233313],[121.77423000001454,31.2149500003423],[121.77408010011663,31.215209899917],[121.77347999960239,31.215200100004665],[121.7730100004112,31.21647999985214],[121.77148999956387,31.218269999660833],[121.77061160024516,31.219219899578775],[121.77019109973958,31.219620300236727],[121.76977179982873,31.219881400406337],[121.7692338001998,31.220047499792315],[121.76874730024781,31.220095000184187],[121.76823570021747,31.2200492004103],[121.76741820028974,31.21977849997785],[121.76452670004721,31.218623499774765],[121.76317390025531,31.218077700325637],[121.76332029999196,31.218394099807938],[121.76322530010759,31.218583999751843],[121.7629600999287,31.218830000304308],[121.76265989993453,31.218830000304308],[121.76198300001545,31.21871219990817],[121.76141569957497,31.218573799641206],[121.76106959998208,31.218604700346702],[121.76065030007135,31.21876690027227],[121.76096449981185,31.21903740015597],[121.7614614004234,31.219147700206236],[121.76207470028726,31.21925819990605],[121.76252509965366,31.219410599919286],[121.76288109988286,31.220057400428743],[121.76308260018186,31.220578800371413],[121.76377950012386,31.221624700219763],[121.76441010024598,31.222570000105463],[121.7643900003983,31.223849999777713],[121.76498990036362,31.223849999777713],[121.7648099999816,31.22488990024874],[121.76511999988816,31.225410099596445],[121.76511999988816,31.225919999908115],[121.76434319967893,31.226768700015555],[121.76419989990552,31.227200100304458],[121.76364889967704,31.22778449955507],[121.76328010029647,31.22821990002842],[121.7628609002104,31.229091799946673],[121.76236999987566,31.229750100087074],[121.76229030015725,31.230118500168714],[121.76176990026079,31.230770100359905],[121.76113799971893,31.23182229995922],[121.76082999990467,31.232569900080875],[121.76003989962169,31.23360230020603],[121.75962009968794,31.234100100139585],[121.7592323003305,31.234732700353902],[121.75886340022578,31.235377400047014],[121.75840050028296,31.23614679973508],[121.75811420021023,31.23665059994528],[121.7577800004467,31.23716000023387],[121.75776990016084,31.237679900107366],[121.75762010008759,31.237929999769733],[121.75743880036043,31.238140600308498],[121.75655000038228,31.23946999974072],[121.756400099585,31.23971999957837],[121.75579999997012,31.23971999957837],[121.75563989996147,31.24022989989004],[121.75534000034077,31.240479999552406],[121.75518989989405,31.240999900325164],[121.7554700998653,31.241333100042596],[121.75723949980318,31.24204260038573],[121.75735740002403,31.242481799595453],[121.75590260002502,31.24498160012081],[121.75476239996487,31.246738200007997],[121.7519340995791,31.251469699666984],[121.7512431999138,31.25261129997159],[121.75087579987837,31.253168099927905],[121.75038000003701,31.253810000031535],[121.7501042004485,31.254131600293192],[121.74987459993292,31.254400699932432],[121.74976999978571,31.254569900180798],[121.74947000034035,31.25483000030431],[121.74852349985974,31.25594549958521],[121.74874280043991,31.256103100377857],[121.74840330007225,31.256491499583092],[121.74818880007308,31.256339099569857],[121.74612819965671,31.258799499897066],[121.74546249989453,31.259594899884746],[121.74448239984292,31.26075540034151],[121.7415942999371,31.263902299951212],[121.7398444998239,31.26285440001061],[121.73930099994129,31.263477399962085],[121.74092400014251,31.264581899635004],[121.74049619983987,31.26520810027364],[121.73913000014943,31.266820000142957],[121.73851990007336,31.267569899831074],[121.7382199995534,31.26784000041573],[121.73792000010803,31.268079999792235],[121.73762009958796,31.268340099915747],[121.73730990003196,31.268859999789186],[121.73699999995006,31.26935989963971],[121.73669999960532,31.269610000201396],[121.73654999988264,31.269880099886734],[121.7360389997001,31.2699517003108],[121.73578999990866,31.27037999973726],[121.73578999990866,31.27062999957485],[121.73578999990866,31.270880100136537],[121.7354800000021,31.27113989988652],[121.7353300002793,31.271400000010033],[121.73473010031398,31.271520000147916],[121.73448530035637,31.27167009969537],[121.73427009978536,31.272680100406376],[121.7341099997767,31.27291990013333],[121.73325359967396,31.273067200091248],[121.7327982000769,31.273778699627314],[121.73248560023035,31.274139999561385],[121.73209279974299,31.274546899619793],[121.73190649978517,31.274746999674335],[121.73173800010863,31.274916699945777],[121.73125200017978,31.27548629995283],[121.73074519983118,31.276010399660265],[121.7304377998646,31.27635550010632],[121.73021419962572,31.276555899635127],[121.72996760012472,31.276844400348864],[121.72971009994126,31.27725989972464],[121.7295600003938,31.277510000286327],[121.72895989987956,31.277639999986036],[121.72866000025886,31.27789009964846],[121.72835999991412,31.278029900159822],[121.72819999973024,31.27879009978335],[121.72788999982367,31.27905000025737],[121.72773990027622,31.279300000094963],[121.72714000031078,31.279289999633818],[121.72698999968884,31.279799899945488],[121.72667999978228,31.28057010003016],[121.72652990023482,31.28082999960486],[121.72591999980818,31.280949999742745],[121.72561989963867,31.281199999580394],[121.72532000001809,31.28133010000414],[121.72546000017894,31.281589899754124],[121.72546000017894,31.28184000031581],[121.72530999955688,31.282359900189306],[121.72440989959728,31.28247990032719],[121.72410000041475,31.282729999989556],[121.72380000007001,31.282859999689265],[121.72363990006136,31.283369900000935],[121.72349009998823,31.283879999962096],[121.72260010031448,31.284000099924697],[121.7222898998591,31.28425989967468],[121.7219799997772,31.284379899812564],[121.72182010031747,31.285149900247745],[121.72166999987064,31.285410000371257],[121.72106990025577,31.28552999960982],[121.72076999973581,31.285780100171564],[121.71922129972324,31.2874063999854],[121.7126707998176,31.292705600283284],[121.6891466997605,31.311678100164215],[121.68896339994103,31.311825099748603],[121.6888273001399,31.311873100163496],[121.68866970024658,31.311872100117398],[121.68553559978818,31.30994689982964],[121.68465590004985,31.310774599867955],[121.6874186002882,31.31233740035077],[121.6877018003978,31.312841599860008],[121.6874797002281,31.313261399793817],[121.6858500000775,31.31456749959051],[121.68622870009449,31.31494149975049],[121.68563650012447,31.31541170038969],[121.68514399989579,31.315024900179026],[121.68395309965592,31.316127600308562],[121.6835658003215,31.316199100008532],[121.68316670008323,31.31604050006905],[121.68046840029649,31.318213700102206],[121.6804437004165,31.31873250010483],[121.68011969986435,31.318705899957365],[121.67989010024803,31.319164100043224],[121.67944060020363,31.319411599765544],[121.67761449980935,31.32055089960437],[121.67945989965472,31.32271479974827],[121.6816529000613,31.32126850014123],[121.68211420011028,31.321774400268396],[121.66926430000751,31.329810199780923],[121.65933369999027,31.335566199920265],[121.6588379999738,31.334903600121095],[121.6605427998104,31.333868100032817],[121.65912449969596,31.331822699957684],[121.6537685998411,31.33478359998321],[121.65518480003857,31.33674649985113],[121.65686180003206,31.335896100025025],[121.65717999995707,31.336429999644793],[121.64580389983018,31.341899699711405],[121.6456195001399,31.341551400376886],[121.64478329970962,31.340239900151346],[121.63589510027873,31.344079200394845],[121.63656950008237,31.345465699582405],[121.636468800295,31.345950099617482],[121.63313440013258,31.34753790035387],[121.63254699984418,31.347483299814485],[121.63220450023755,31.34729360041939],[121.63151039988509,31.346127400059515],[121.63015209983962,31.346769599637355],[121.63000959956344,31.346837000227424],[121.62681769967719,31.348345999668197],[121.62670589955769,31.348398899589597],[121.62620880019608,31.34863389963482],[121.62605599998449,31.348706199731396],[121.62504429955482,31.349184399840226],[121.6249327998089,31.34923719993685],[121.6217362000657,31.350786200322943],[121.62160199963262,31.350813599967694],[121.62112149995733,31.351049799708562],[121.62145080021435,31.35145519969774],[121.6212887001135,31.351558199951],[121.62089019972302,31.351098999819044],[121.62065590024963,31.351098200321758],[121.6204200998078,31.35082010026747],[121.61890700035781,31.349291199729123],[121.61847989972762,31.349654899953748],[121.61824400036039,31.349853499939115],[121.61788690026026,31.35002079992006],[121.61743010041891,31.35014690015936],[121.6167854996512,31.350439499982997],[121.61641870036283,31.350516800310118],[121.61596119994942,31.350562600084004],[121.61522329991544,31.35074630010172],[121.61551279977596,31.35140219995162],[121.61534129996107,31.351494000048092],[121.61497129998554,31.35079230042436],[121.61448200044401,31.350977600336023],[121.61524370013672,31.352192200409775],[121.61588250027728,31.35329839980136],[121.61586190040646,31.353398100442007],[121.61584999967783,31.353500400123437],[121.61578150011621,31.353594999809445],[121.61563480000609,31.353655200427227],[121.61512389964832,31.353909200449266],[121.61497220020692,31.353934799651313],[121.61445259980769,31.354186799581214],[121.61434770018627,31.354247500222016],[121.61400469965724,31.354393300110758],[121.6136257999907,31.35459430038668],[121.6135048996315,31.354664499666967],[121.61327449961857,31.354742200192447],[121.612673200308,31.35508760011271],[121.61246800019808,31.35512350014949],[121.6111237997236,31.35582519977322],[121.61047030016425,31.35583880022051],[121.6101599998841,31.35560010036437],[121.60975509991795,31.355580899838685],[121.6040643995525,31.35915709982038],[121.60386390019892,31.359306700244076],[121.59964249960171,31.36196499998482],[121.59522509985857,31.36493560009791],[121.59505000005754,31.36507010000514],[121.59449019996282,31.365173200083177],[121.59386440042181,31.36471929965603],[121.59273310005256,31.365869400352608],[121.5924569002658,31.3660297000107],[121.59109829984675,31.366747600021768],[121.59083530030887,31.36684340030274],[121.59015290013633,31.367245999803117],[121.5900483998139,31.367543199658996],[121.58989249963918,31.368124700394674],[121.58960259958042,31.36822859996994],[121.5882718997284,31.369020599621024],[121.5880783997984,31.36921459957415],[121.58705579958553,31.369773000323733],[121.58626999986063,31.37038000043674],[121.58532749956453,31.36945120041264],[121.58508989957932,31.36946000027882],[121.58486869963087,31.369666200434835],[121.58592429956684,31.37070409991435],[121.58579489971487,31.370858699669327],[121.58475090013394,31.37147639991599],[121.58452760026864,31.37159029995246],[121.58282180038589,31.372438400212047],[121.58258139991176,31.372544999552133],[121.58076320006171,31.373340000240887],[121.58055010030694,31.373450099742342],[121.57922379993852,31.374035400113655],[121.57849250002891,31.374281200117366],[121.57794220037226,31.374033599670952],[121.57747880040642,31.373980699749552],[121.57722850019525,31.374035199564844],[121.57692999991957,31.374120000237895],[121.57609040005195,31.374383200324473],[121.57546680025268,31.374730299963403],[121.57503859975168,31.37476209999096],[121.5747478003708,31.374735099645193],[121.57445249988302,31.374835099760105],[121.57420989966715,31.374989900063895],[121.57360999970183,31.375250000187407],[121.57330990043158,31.375379999887116],[121.5727225001433,31.37525679996139],[121.57242700000609,31.375307299592237],[121.57210999977679,31.375359999864145],[121.5715982000969,31.375689399945884],[121.57029770037866,31.375867200410994],[121.56971840028405,31.37604120034115],[121.5693536001886,31.376178599662694],[121.56923560014286,31.376224400335843],[121.5685704004037,31.376563399781105],[121.56789439980673,31.37665500022814],[121.56720779980014,31.376517600007276],[121.56682160033665,31.376508399942736],[121.56657480028684,31.37660919955499],[121.56612420037163,31.37675570001562],[121.56573800000876,31.376764900080104],[121.56526590000135,31.376673299633126],[121.56466509981453,31.37681069985399],[121.56423590016675,31.377021300392755],[121.5638367001037,31.37752289996189],[121.56361030027517,31.377607300436637],[121.56339010037289,31.377710000316313],[121.56249000041328,31.377950100416854],[121.56212230000415,31.37802889991383],[121.56181440001455,31.37818430006547],[121.5615321999511,31.378221299973063],[121.56138199967961,31.378285400051197],[121.56091000039623,31.378358700193928],[121.56038000023693,31.378450000267378],[121.55932209983507,31.378761699892607],[121.55916120032919,31.378770899957146],[121.55802389968323,31.378862500404125],[121.55816339982107,31.37917389965577],[121.55824919964095,31.3793204001164],[121.55831360009267,31.379613499963114],[121.55828139986681,31.379778399653446],[121.55815269968741,31.38007150039948],[121.55785230004369,31.380254700394175],[121.55502990010984,31.381147300007967],[121.55474839971896,31.381245100381136],[121.55195140023704,31.38209579968145],[121.55164029956029,31.3821416003546],[121.5504399996064,31.38192999976974],[121.54841380005689,31.381373000163876],[121.54819989990551,31.381352000094807],[121.54750430038325,31.379784599579637],[121.54709130022343,31.37990230015106],[121.54687620037646,31.38010379955074],[121.54670559988358,31.38033099977588],[121.54635740037384,31.38052790004258],[121.54505820017584,31.380700499728334],[121.54409789959846,31.381079099920555],[121.54389399990828,31.38120730007688],[121.54376529972888,31.381344700297745],[121.54361510035665,31.38157370006627],[121.54335760017318,31.381674399853694],[121.54306789976386,31.381711100287077],[121.54282120043808,31.381683599918233],[121.54234999975279,31.38185010040189],[121.54154930006018,31.382130300373092],[121.54091839956459,31.382341499860388],[121.54057460043748,31.38248660007656],[121.54016899989949,31.382571800048595],[121.53981229999772,31.38269680041708],[121.53935790044682,31.38280449962798],[121.53882359972943,31.38294549983499],[121.53849690031177,31.383040300069865],[121.53810369962605,31.383193299930895],[121.53765530035184,31.383357699598207],[121.53714459964363,31.383539000224744],[121.5367518998803,31.383740999647443],[121.53622079985007,31.383973200103128],[121.53557009988026,31.384252999876082],[121.53501060015913,31.384542899934956],[121.53453049978282,31.38482180038585],[121.53414149983041,31.38501759988236],[121.53374460023315,31.3852373995864],[121.5332832003595,31.38548469965923],[121.53254290003485,31.38587850019269],[121.53217819976419,31.386061700187383],[121.53196359994024,31.386162399974808],[121.53173829998263,31.386272299826828],[121.5311696001969,31.38655630033304],[121.53070830014804,31.386821899810855],[121.53026840036648,31.38705079975466],[121.52966999957084,31.387349999702792],[121.5292813998168,31.387554599964858],[121.52877000033527,31.387860099663897],[121.52822989989,31.38813159959369],[121.5278222003343,31.388342200132456],[121.52730729979214,31.388626199739406],[121.52662059996078,31.38887339998746],[121.52607340026725,31.389020000272865],[121.52523659998917,31.38927639968614],[121.52470020025407,31.38944130027585],[121.52465269986226,31.389455700220424],[121.5171628814619,31.39306813658527],[121.5143193996206,31.391225000333577],[121.51188859957927,31.39070239979594],[121.51024140042034,31.389632499740117],[121.50477149980497,31.385273000148914],[121.50136380039908,31.380905600013477],[121.50027669990982,31.37764220042726],[121.49926849964163,31.37312119968368],[121.4992421998677,31.369183900316784],[121.50016270004858,31.36508919980679],[121.50066250007433,31.364138500391505],[121.50162679993696,31.3620123996526],[121.50276659979886,31.36053020000878],[121.50546679985302,31.35803720015673],[121.51243640001985,31.353704000339405],[121.51721800001076,31.350950599990256],[121.52105060030499,31.349095800430916],[121.5235359999865,31.347775299790328],[121.53025539976693,31.344866900387217],[121.53488270037633,31.34386259957938],[121.54601549971562,31.340132299865786],[121.54790389974528,31.339227900247465],[121.55031679968067,31.33771479989815],[121.55283660022894,31.33509300004198],[121.55505090017891,31.33264069990844],[121.5561809999532,31.329901400029655],[121.55760130015994,31.325857500423353],[121.55798310014006,31.3221394998381],[121.55793719964208,31.318877999620042],[121.55740270017452,31.311845900168237],[121.55747910028026,31.305674399753798],[121.55761649960186,31.30408249990751],[121.55842590023519,31.300468100322632],[121.55951020023565,31.29784519969627],[121.56170929984432,31.293930399568353],[121.5631295002263,31.291124700044918],[121.56407630018111,31.288579900142338],[121.56475839998029,31.286288399689965],[121.56494679985497,31.2846255999915],[121.56496210002092,31.282733199777397],[121.56430489975139,31.278979300054687],[121.56338910032673,31.276846899564816],[121.56225899965318,31.274954400425315],[121.55989200021565,31.271978399883324],[121.55434849998335,31.266939899556746],[121.55059169994706,31.263950699665088],[121.54605609960936,31.260621899581054],[121.5413620998811,31.25734319982888],[121.53763840029205,31.254872999589338],[121.53285940024114,31.252323499829686],[121.52926580017663,31.250803200407404],[121.52570929984438,31.24975810005634],[121.52217300008397,31.249202499795558],[121.51958529982176,31.24908170016039],[121.51209739967533,31.24931260019639],[121.50755670018168,31.249479499978975],[121.5055451002263,31.2494651000344],[121.50200370041046,31.248981000372908],[121.498420000083,31.248012700325887],[121.49556320018155,31.246950500265427],[121.49346709992676,31.246025499876964],[121.49071919983123,31.244574799887175],[121.49028290003582,31.244107299912002],[121.48962550011674,31.2431440999203],[121.48918920032145,31.242134899605958],[121.48899029996244,31.241321100388518],[121.48889630012422,31.240436500244357],[121.48892140020257,31.239921800250954],[121.48909690020184,31.238886999835245],[121.48934780026082,31.238227599823915],[121.48976159991798,31.23739119974414],[121.49010020006426,31.236854999658533],[121.49184969980388,31.235134000333915],[121.49304110006676,31.234313600092605],[121.495649699674,31.232292300049664],[121.4975307999066,31.230694399926676],[121.4998321002713,31.228453099630883],[121.50091700011956,31.227294899639958],[121.50222119964872,31.225873999585474],[121.50280440010306,31.225150100197027],[121.5041587997888,31.223042699960672],[121.50490499966611,31.221498400330972],[121.50573900035465,31.218838599621733],[121.50593339960676,31.21770709960299],[121.50595849968511,31.217288799738355],[121.50583310001764,31.21625920010206],[121.50522480038433,31.21480049974332],[121.50417140018999,31.21286450039645],[121.50169450000124,31.20876719994635],[121.50011430033476,31.20630550009878],[121.49648990028868,31.200808000189113],[121.49556189976192,31.199745999778145],[121.49391269961143,31.19792770010332],[121.49180580029747,31.1958894001757],[121.48839459983094,31.1941675995551],[121.48537850031755,31.193255699590907],[121.47883830034732,31.192059600370328],[121.47518880022301,31.191303200382436],[121.47121950027974,31.19019819978712],[121.46955170035073,31.189059899994447],[121.46623559959335,31.18735159999642],[121.46454099986727,31.185988000246084],[121.46281889977251,31.183989700364407],[121.46140819982861,31.18156810038755],[121.46082190031052,31.179890999669965],[121.460629600076,31.179021099843908],[121.46058380030217,31.177986599801784],[121.46066619978535,31.17652890038852],[121.46085859984453,31.175596299829408],[121.46172880004417,31.173237200036795],[121.46288299985065,31.17060370000081],[121.4646326003143,31.16706879958548],[121.46506310038183,31.165281700090418],[121.46536540029308,31.16353380024475],[121.46530130021495,31.162036599909186],[121.46444020025513,31.160100499838222],[121.46288690021038,31.15801130008151],[121.45379449981635,31.150094300111903],[121.45333839964746,31.149277999879814],[121.45252279998726,31.14731429961529],[121.45253669990882,31.1452913996784],[121.45310339960224,31.143375000156198],[121.45373919960446,31.141860700111295],[121.45538410009624,31.138950400440706],[121.45686309995222,31.13706930020811],[121.45866000025887,31.13550759959611],[121.46329039993202,31.13126009977384],[121.46425800030659,31.130065100424076],[121.46541909971177,31.127308199913557],[121.46595810028612,31.1240306000322],[121.46576460035612,31.1221611001547],[121.46525319997522,31.120563600230014],[121.46400920016447,31.118475100145815],[121.46071260030635,31.114297799603833],[121.46432709971589,31.113203199667964],[121.46585450018506,31.112907300231768],[121.4670137002222,31.112138700041044],[121.4683624998296,31.11287090017197],[121.46840650006004,31.113155399801883],[121.46677419996945,31.114021499992305],[121.4676440997954,31.11405499973847],[121.46853349962134,31.11475370012323],[121.46925680006132,31.11491270026096],[121.46963800019364,31.115146999734293],[121.46969169961233,31.115465000009806],[121.46961349996309,31.11617200023767],[121.46968780015197,31.116394499706473],[121.46987439958389,31.11653649995958],[121.47035469960974,31.116012900275166],[121.47033740025086,31.115793999893242],[121.47040310022294,31.115711100387045],[121.47063119977008,31.115731800082585],[121.47074519963132,31.115427099880833],[121.4711356996529,31.115267400070536],[121.47118749970343,31.114939000034894],[121.47147090036185,31.114702300271006],[121.47208599976909,31.11388869980368],[121.47219999963033,31.113533699620575],[121.47239000029833,31.113317699552226],[121.47234860000799,31.11294199967358],[121.47251439991965,31.112140299934936],[121.47241079981859,31.111465699582425],[121.47249029988745,31.111359200067056],[121.47263890026511,31.111350300376102],[121.47297750041139,31.111498300006588],[121.47339220028982,31.111554500439922],[121.47346129969924,31.11164319967395],[121.47287729974767,31.11258109993787],[121.47291529970141,31.112782299863284],[121.47402450013067,31.113409499648753],[121.47423879958103,31.11296270026844],[121.47472950026633,31.111962700018637],[121.4753688004298,31.111942000323097],[121.47681319976937,31.112699400357087],[121.47501399989619,31.115485000032777],[121.47513619977587,31.115585500170766],[121.47464940034956,31.11629549963766],[121.4745031004378,31.116208900320544],[121.47397439979875,31.116918899787436],[121.47373419987343,31.11679619988479],[121.47359740039974,31.117001200345157],[121.47338870012845,31.11691119979207],[121.4732372003366,31.11701579993928],[121.47301240040201,31.117526300098746],[121.47330560007345,31.117647599756992],[121.4731248003693,31.117915300051095],[121.47299770008385,31.117856800051356],[121.47281199997383,31.118183100169972],[121.47347659986531,31.11855550043606],[121.47294890017167,31.119346199667405],[121.4729536998534,31.11955120012783],[121.47327139975539,31.119433999579485],[121.47350110009575,31.119454899823836],[121.47446869957093,31.119827300089867],[121.47500629990088,31.119153699783453],[121.47581959999457,31.119595400007768],[121.47660749963643,31.120053899567836],[121.47657640018076,31.120151600116287],[121.47652450030546,31.120337900074105],[121.4766972996407,31.120311299926584],[121.47706020036799,31.120426700032226],[121.4773159001088,31.120583500428268],[121.47743679956875,31.12073140023398],[121.47751280037551,31.1213555998811],[121.47722999956488,31.122010800058433],[121.47726030042259,31.1221490996013],[121.47756820041218,31.122205300034636],[121.47840620038585,31.122053999892216],[121.47887060039795,31.122175000076254],[121.47935520008252,31.122520700370103],[121.47943089961643,31.122723799663675],[121.47899180023148,31.123255299892207],[121.47894129970132,31.123436800168236],[121.47921889973247,31.12365290006136],[121.47967320035798,31.12368320001974],[121.48035470030925,31.123337499725892],[121.48074339988807,31.12355349979424],[121.48111189979443,31.12414119955679],[121.48110689956377,31.125061699737728],[121.48162680033658,31.12542459956569],[121.48134920030543,31.126085800019723],[121.48146530008364,31.126206800203704],[121.48177320007323,31.126107399936586],[121.48396909989413,31.126638900165176],[121.48417599972265,31.126565400372954],[121.4843123000727,31.126772900049332],[121.48474139989571,31.126859299716955],[121.48492819987655,31.12678579992479],[121.48518560023535,31.12621540042045],[121.48563489973094,31.12633639970511],[121.4861498002731,31.12488020036102],[121.48644759997683,31.124828299586397],[121.48650819989359,31.124236300165194],[121.48635670010174,31.124236300165194],[121.48639710034593,31.12377390024534],[121.4872855999505,31.123622699927694],[121.48779540043745,31.122671999613146],[121.48796199984645,31.121850899699325],[121.4881639003438,31.121518100180253],[121.48813360038537,31.12114219975274],[121.48832550042152,31.12071870000807],[121.48895389990264,31.120856999550938],[121.48896650030383,31.121008199868584],[121.48908009996671,31.121133499711277],[121.48899940020226,31.12147059978838],[121.49068539971154,31.122053999892216],[121.49093779983968,31.121993499800226],[121.49132419985199,31.12166030008285],[121.49257700042824,31.122500599623038],[121.49282690044117,31.12265029987151],[121.49407259997054,31.123450899739282],[121.49414759983188,31.123325699721306],[121.49465450000525,31.123056799731557],[121.49482580017059,31.122855099783067],[121.49495550039614,31.122135800426918],[121.49539459978098,31.12117210041214],[121.4956671995817,31.120333800064884],[121.49604080044264,31.119780600094657],[121.49599029991248,31.119335500433067],[121.4960610001151,31.119080500364873],[121.49635379958829,31.11867859963769],[121.49665160019129,31.118492799703006],[121.49643960030733,31.118121100008807],[121.49686860030567,31.117775399714958],[121.49698479990866,31.116850599875363],[121.49707059972843,31.116764100382966],[121.49876670042295,31.117641399830802],[121.49889289958776,31.11758530012156],[121.49920079957735,31.116950000142424],[121.49941790041578,31.116755500166278],[121.50087840031802,31.117614699858564],[121.49997709976344,31.118907499581496],[121.49995819961134,31.119028700314345],[121.50047729998744,31.119214600073803],[121.49963620005065,31.12032929985736],[121.50149380009884,31.121433900254317],[121.50100320013769,31.121853899837674],[121.50200430025836,31.122656599622417],[121.50250489978134,31.122088100385554],[121.50261829979479,31.122013800196783],[121.50390979999736,31.122588000236078],[121.50500110032056,31.12292839992574],[121.50478339963422,31.123363199651976],[121.50525780010742,31.123602199881645],[121.50556479987563,31.123119600289385],[121.50698829987016,31.12355259957286],[121.50702179961638,31.123203800215265],[121.50715020032158,31.122883700022783],[121.50826509975457,31.12163970021203],[121.50843249956029,31.121314800337814],[121.50845489987375,31.120937300016408],[121.50856650034382,31.120660200008274],[121.50882890003379,31.120426000359657],[121.50923070003682,31.120206199756353],[121.50935909984264,31.119704500362445],[121.5093981996672,31.118681900149625],[121.50961590035354,31.11809409966304],[121.50970089977682,31.117669199673855],[121.50987949973921,31.11747330035257],[121.5103315997236,31.11727259955086],[121.51119679969258,31.117339500117907],[121.51256429980265,31.117587999886325],[121.51726970023651,31.1184289999984],[121.51829109985442,31.11804679981998],[121.51852559987663,31.11779830005156],[121.51866510001446,31.117387299983932],[121.51937959968882,31.117482899716094],[121.51937329993791,31.117553000070927],[121.51972000027786,31.117640600333516],[121.51979259984864,31.11746849977152],[121.51991539957612,31.117525899900386],[121.51949320025108,31.118601800232966],[121.51928009959693,31.11878090021844],[121.51926819976768,31.118970099590456],[121.5194102998455,31.11908840000973],[121.51967469962779,31.11914249962672],[121.51980499970102,31.118777499881787],[121.51989970011118,31.118736999812768],[121.52042069985544,31.118858599844543],[121.52067440040332,31.119001199945444],[121.52055280037155,31.119701500224096],[121.52032390042768,31.120417800341272],[121.52054499965209,31.12042799955259],[121.52071829990973,31.119639699712422],[121.52089830011653,31.118720099752863],[121.52227119975612,31.11919009984331],[121.5223314003739,31.11927820012886],[121.5222445996086,31.119504599957395],[121.5223116998252,31.119602599980055],[121.52239849969112,31.11955530013705],[121.52250559995355,31.11915190024007],[121.52399360022457,31.119606600164502],[121.52420810022375,31.119564900399894],[121.52543169981311,31.12006990030568],[121.52551949972519,31.11998640005237],[121.52607030030413,31.12020760000081],[121.5264310003904,31.120099100393247],[121.52697700038834,31.12041210043816],[121.52781550038515,31.1189597996551],[121.52927000001057,31.11946840044635],[121.53077290024919,31.119984800158477],[121.5313278997628,31.118801500089205],[121.5310177002068,31.11866569976229],[121.5310177002068,31.11845920013201],[121.53108659996667,31.11825559991604],[121.53126589960164,31.1181641001931],[121.53227579958855,31.118639200338862],[121.53234129991108,31.118592000320632],[121.53242399976784,31.118302799934327],[121.53255160007632,31.118208300073036],[121.53242060033051,31.11816999974576],[121.53250330018727,31.11796049997713],[121.53240680023373,31.117930899691316],[121.53260669973952,31.117414499979247],[121.53311340026323,31.11757090017693],[121.53349260030336,31.11589180026641],[121.53355809972663,31.11581800010066],[121.53420619975634,31.1160098003121],[121.53497139961041,31.11612199973058],[121.53512989972512,31.11624299991456],[121.53497139961041,31.116555800309982],[121.53535059965054,31.116785999774095],[121.53523340000152,31.117202000072325],[121.53537810001933,31.117364399647386],[121.53542639990849,31.117529599711304],[121.5381219001057,31.118102100031933],[121.53818049993015,31.116909900271708],[121.5382184998839,31.11620459976251],[121.53877339957285,31.11543140043881],[121.5387838002323,31.114681800224957],[121.53902850036502,31.11408279958158],[121.53964550003991,31.11388800013117],[121.54020049955352,31.11320330039206],[121.54109329971607,31.11332729981507],[121.54149349982526,31.112491700131898],[121.541442599996,31.112008300142975],[121.54128180031489,31.111716200342414],[121.54327059975844,31.11144900007133],[121.54316339967124,31.11180800043894],[121.54463130009447,31.112262399989845],[121.54550000022493,31.11281729967868],[121.54606250008442,31.113371999718083],[121.54545320040495,31.114194200402096],[121.54537520040526,31.11449889970453],[121.54494620040691,31.11506649961933],[121.54775409967203,31.115696599718376],[121.54826109967007,31.114983000265283],[121.5488217001614,31.11438620026297],[121.55009399983828,31.114937099767417],[121.54942610033436,31.11553809960367],[121.54942129975325,31.1156256998662],[121.55004040024437,31.11614320034846],[121.55113230041536,31.116389399651098],[121.55224869991764,31.11493289993342],[121.55252649959834,31.115037199707047],[121.55280440000308,31.114953800177773],[121.55373060008719,31.11527100005668],[121.55420349959195,31.114795200238348],[121.55582189976087,31.11352229981435],[121.55590959984818,31.113200900101504],[121.55500289976408,31.11292539998726],[121.55496389976418,31.11241210023826],[121.55307740000205,31.112249299565576],[121.55307740000205,31.11186949967771],[121.55320899959577,31.11159410028756],[121.55376469968121,31.111130800146384],[121.55359190034596,31.110997199561155],[121.553740099626,31.110885000142673],[121.55355400021699,31.11083489981081],[121.55361600037816,31.11072859994499],[121.55340229987632,31.110684400065054],[121.55341259981174,31.110613500212935],[121.55354020012021,31.110687300378686],[121.5535551000878,31.110554799664328],[121.55433989976666,31.110642499751634],[121.55602869976474,31.108907700330178],[121.5565745999379,31.108360899935633],[121.55687200034265,31.108064600301134],[121.5568833003241,31.10793569957292],[121.5556423995771,31.10731299999503],[121.55562510021821,31.10721850013374],[121.55590430014342,31.10693820033771],[121.55629039978214,31.107112300092638],[121.5564800002519,31.10706510007435],[121.55739690044663,31.105896299774486],[121.5584551003227,31.10456819986257],[121.55900320023761,31.103679800082773],[121.55897219970734,31.10353820002797],[121.55758650001701,31.103248899816947],[121.55746580020661,31.103104299623794],[121.55774500013172,31.102425500336608],[121.55858610006851,31.101064800000586],[121.55869950008196,31.100627799633287],[121.55803369959563,31.100393000136876],[121.55828649992213,31.100030200133688],[121.55831500033707,31.09986249995444],[121.55993500040006,31.100271099731515],[121.5604976000842,31.100307700340124],[121.56092950039624,31.09827870030182],[121.5613817002054,31.098315300011166],[121.56127850030259,31.098818299824757],[121.56255160037608,31.098898899764436],[121.56295440042527,31.09605310037034],[121.56317100034141,31.095212299907757],[121.56226959996218,31.094600000089997],[121.56187790024501,31.094508299818244],[121.56099840015611,31.094325400197135],[121.55990530028942,31.094209500068416],[121.55949590011573,31.093941199926462],[121.55920030015375,31.09383750000069],[121.55766729960624,31.093942399622108],[121.55742160032662,31.09402470017983],[121.5572365000645,31.09415879988876],[121.55725960005054,31.095176700244565],[121.5568265998678,31.095172399686533],[121.55678780041671,31.094518599753656],[121.55648880011813,31.09468019983143],[121.55590130000508,31.094643600122083],[121.55542600020976,31.09418409961654],[121.55408989992895,31.09382019974248],[121.55300090007154,31.09398510033219],[121.5518334001913,31.093584599849464],[121.55161919966645,31.093247599597078],[121.55139849974103,31.093008200068425],[121.55052690019636,31.092938900110198],[121.55014140040532,31.092733100152486],[121.54891269986126,31.09213470025628],[121.54877109980646,31.09223270027894],[121.54872349958987,31.09244549966013],[121.54744990039262,31.092144900366918],[121.54772750042389,31.090998799854788],[121.54639889958958,31.090508699916597],[121.54646299966771,31.09019159986252],[121.54689740009496,31.09019159986252],[121.54702560025135,31.089892800112693],[121.54614810025464,31.089441100326553],[121.54504800006521,31.089581099588145],[121.54395809998641,31.088678799886736],[121.54525969957558,31.086640699608665],[121.54598960014005,31.08471269973137],[121.54725710013508,31.084755400441452],[121.54739240043898,31.084078499623104],[121.54750640030022,31.083834500062153],[121.54782510024825,31.083553999717367],[121.5483229001818,31.083407500156056],[121.5486278998577,31.08295039994107],[121.54902270043738,31.082395199878647],[121.54921609964333,31.082399700086114],[121.54940649961031,31.08247750043637],[121.54950730012183,31.08308260028184],[121.5498373998762,31.083296000410144],[121.5510095996134,31.083503699736013],[121.55149460039559,31.083330699851956],[121.55174389966135,31.083220999649484],[121.55212109960917,31.083215299746314],[121.55227599973762,31.083359499741164],[121.55220190009766,31.083567199966353],[121.5518987997898,31.084144099770413],[121.55194599980814,31.084403699870904],[121.55212109960917,31.084588399934773],[121.55274759972201,31.084917200168718],[121.55314510006633,31.08506140016351],[121.5540814004363,31.084951799785756],[121.55443169986313,31.084922999896605],[121.55466750030496,31.08526329976155],[121.55482920020745,31.085603700350532],[121.55526709989681,31.085707599925854],[121.55604180018895,31.0857594998011],[121.55657400009011,31.08588640043706],[121.55713979956215,31.086053700418006],[121.55738229995325,31.086001799643384],[121.55759789982324,31.085771000331476],[121.5579279995776,31.085240299600173],[121.5587274995745,31.08505029983155],[121.55890399961993,31.085447200328076],[121.55912470044461,31.08540940002382],[121.55897760013625,31.084958899933326],[121.55943730029128,31.084820399841647],[121.55976459955673,31.08474790009558],[121.56030889983595,31.084728999943422],[121.56089539990285,31.084979599628866],[121.5611724000862,31.08500989958725],[121.56158490022301,31.084868500081257],[121.56190910042471,31.084444600138227],[121.56232750011407,31.084172000337617],[121.56258090028837,31.08412659986277],[121.56302289998689,31.084262900212707],[121.56332350017942,31.08440419989398],[121.56382859991004,31.08451330024866],[121.56409389991359,31.08438860025376],[121.56438520021686,31.08418369961811],[121.56446320021655,31.083996600163005],[121.56444759967701,31.083827300089865],[121.5642343002728,31.08340419964412],[121.56399510039364,31.083252699852267],[121.5650977996238,31.083497700358635],[121.5653161999827,31.08302999983465],[121.56566989974613,31.08233950036771],[121.56661130017142,31.082464300187382],[121.56675700023538,31.08198319976492],[121.5673343002378,31.082018800327432],[121.5673707002976,31.08208119978758],[121.56722510005841,31.08241080041813],[121.56800529970485,31.08254440010404],[121.56805730030419,31.082660300232703],[121.56799489994478,31.083061200014413],[121.56929000013349,31.083301700313257],[121.56948250001744,31.083243800161313],[121.56966450031655,31.082878500042796],[121.57019499959961,31.08294529988575],[121.57133409978894,31.08328830041478],[121.57143290020826,31.083217100189074],[121.5718178001514,31.082419700109142],[121.571235300269,31.08215690022081],[121.57090759990592,31.082687000204942],[121.5708035996065,31.08274040014942],[121.57064749978235,31.08243750039037],[121.57028869996361,31.08231280039547],[121.57060589984246,31.08184059966402],[121.57053309972287,31.081711400360916],[121.5702938998437,31.081711400360916],[121.56959690007693,31.081510999932732],[121.56834070006335,31.080921800101066],[121.56758670036595,31.08067190008819],[121.56718579968492,31.0806781998391],[121.56678859971419,31.081440399554822],[121.5657954999624,31.081248299869173],[121.56570360004116,31.081147500256975],[121.56601989969863,31.080426199909255],[121.56625889992836,31.079928499800474],[121.56633250044456,31.079515899838952],[121.56629570018652,31.079430799691693],[121.56576610022546,31.07922289981701],[121.5645450996767,31.07879770035362],[121.56386469959625,31.078344100300058],[121.56293419985354,31.078173999830256],[121.56254800038994,31.078826000219806],[121.56159539980797,31.078627599883873],[121.56183449986236,31.077830600002244],[121.56129009975837,31.077685700334882],[121.55801320044895,31.07696749995023],[121.55818239979794,31.076410399620272],[121.55810179985826,31.07637360026149],[121.55810179985826,31.07629079968069],[121.55714550036464,31.076125099593696],[121.55718820017535,31.075757300259227],[121.55657269967037,31.07567920043482],[121.55634479977277,31.076206300280603],[121.55523169988305,31.07581259957186],[121.5551633001462,31.07596880012011],[121.5539742003491,31.075822400383515],[121.55398179962037,31.075552299798858],[121.5533473000379,31.07548719967457],[121.55335490020855,31.07559460031058],[121.55294840034844,31.07565320013515],[121.5531497999234,31.07503819965325],[121.55340050033294,31.075028399740916],[121.55344609955796,31.074875499704603],[121.5538716002942,31.074979599828737],[121.5540083997679,31.074758399880295],[121.55460099993627,31.074777899880246],[121.55469599982064,31.074576199931755],[121.5545327000242,31.074485100407117],[121.55465799986689,31.074273499822198],[121.55379179985175,31.07390909992506],[121.55290290004882,31.073661799852232],[121.55251919980128,31.07415320021005],[121.55127689970925,31.07387660022499],[121.55102610037432,31.073622799852387],[121.54990540031406,31.07306959988216],[121.55003840015206,31.072851599721616],[121.55001180000465,31.072675900072795],[121.54949130028331,31.07220410043891],[121.54878089971885,31.071533699920394],[121.54876189974198,31.071423100395805],[121.54919120011391,31.070954499650497],[121.5495369004077,31.070385100192254],[121.548549399835,31.06998359966343],[121.54882489994918,31.06946700030187],[121.54849719958611,31.069300200344003],[121.54860639976562,31.06914149968054],[121.54997420024915,31.069702899669153],[121.55014050018394,31.069914400429298],[121.55068660000666,31.07024390033581],[121.55132780043766,31.069613400038406],[121.551745700104,31.069645999563306],[121.5520733995678,31.06933680005335],[121.55221589984399,31.069161899901815],[121.55213520007953,31.068995099943947],[121.55127560018889,31.06855570018547],[121.550430199694,31.068429599946114],[121.54907789992524,31.067756600386872],[121.54838069960965,31.067552400323052],[121.54816909992405,31.06759839974643],[121.5477292001425,31.067949299920315],[121.54726580017655,31.067664599741533],[121.54735980001487,31.067506300175637],[121.54727250012581,31.06745740043874],[121.54737989986256,31.0672991997983],[121.54727850040251,31.067243399563267],[121.54749220000508,31.06690979964759],[121.54720249959576,31.066739000404596],[121.54706000021895,31.06695859955977],[121.54677510039062,31.066885400141132],[121.54686059983692,31.066523299810513],[121.54654239991191,31.066385000267587],[121.54674180029394,31.06598630022762],[121.54639989963573,31.065917199918886],[121.54581100017754,31.065925300112553],[121.5451460999127,31.06573009956452],[121.54490389989508,31.065807300066922],[121.5451033002771,31.065526600072587],[121.5447281004216,31.06540049983323],[121.54444789955096,31.065847999785433],[121.54377349974732,31.06565280013666],[121.54450970006269,31.064562499859505],[121.54408699981525,31.064371300395237],[121.5439492002954,31.06446480021043],[121.54307540010973,31.06412310010103],[121.54371179995962,31.06312640036316],[121.54305159955175,31.062865999866062],[121.54356049981732,31.062020000422706],[121.54394400041531,31.060103099978107],[121.54395829963585,31.059842700380386],[121.54388229972847,31.05971250013181],[121.54363530002911,31.05967590042252],[121.5437872998441,31.058862200130477],[121.54305120025276,31.058780799794135],[121.54288490031797,31.059216200267485],[121.54291339983365,31.05955790037683],[121.5426901997929,31.059545700174],[121.5426474999822,31.059700299928977],[121.54228179966537,31.05961080029823],[121.54231979961912,31.0592323997555],[121.54256199963663,31.059301599888954],[121.54256199963663,31.058980200176165],[121.54207279991988,31.05876460030612],[121.54208710003968,31.05736909980419],[121.54210130033482,31.056596000305206],[121.54209649975371,31.055391700166865],[121.54215630017313,31.053330599727474],[121.54215630017313,31.05240999972176],[121.5421630001224,31.05174250041614],[121.54213609960141,31.05045360015356],[121.54217640002094,31.049596200004657],[121.54233740025086,31.049995800266004],[121.54252260033775,31.050386400112302],[121.54264389999605,31.050356899651263],[121.54277310019847,31.05002210003994],[121.54309259964384,31.050051200302676],[121.54316050025693,31.049815399860847],[121.54363630007526,31.049806599994668],[121.54389120031874,31.04897100031144],[121.54429570008654,31.049061199614698],[121.54403059973242,31.04984159981001],[121.54425150020666,31.049896900021963],[121.5440237999585,31.050618999867027],[121.54473070036158,31.050135599878104],[121.54507729997749,31.0500657998968],[121.54546060002679,31.050157799642818],[121.5455729001693,31.050356000329202],[121.54575619998866,31.051119999588366],[121.54604789959092,31.051512700250953],[121.54650630022559,31.051791199604224],[121.54701469956876,31.051962499769616],[121.54756479957587,31.051976799889474],[121.54830579957309,31.0516804004302],[121.54845189983541,31.05156980000629],[121.54862520009294,31.05162749960948],[121.54880899993543,31.051739799752],[121.54951969997421,31.05246410023807],[121.55009339999049,31.052646999859235],[121.55017159963973,31.05216660000866],[121.55027359984683,31.05213170001798],[121.55032460040002,31.051919200111058],[121.55017840031303,31.05181429959032],[121.5502940000681,31.05156100014011],[121.55041629977245,31.051566899692716],[121.55108239973299,31.0502333004265],[121.55148350006357,31.04952000044773],[121.55243509970012,31.04992760017865],[121.55246910036874,31.049639399838497],[121.5529686000209,31.048975499619644],[121.5532710995816,31.049001699568805],[121.55364499991686,31.048457199640097],[121.55427369977144,31.048792099975458],[121.55484129968625,31.047994299697223],[121.5543993998125,31.047746799974902],[121.55435190032006,31.047586699966303],[121.5551777000909,31.04682379967869],[121.5545882997103,31.04619180021149],[121.5551633001462,31.045674399553945],[121.55546200007132,31.045924900313935],[121.55558090033833,31.04582309975632],[121.55581529963638,31.04594960019392],[121.55596630030459,31.04581200032362],[121.55621360037742,31.0459605998019],[121.55559370038907,31.046436699993762],[121.55630440042785,31.047068700360285],[121.55676049969736,31.04656240003476],[121.55716520001408,31.04570930044389],[121.55717159958976,31.04547810003436],[121.55573900025468,31.043898500215676],[121.55461339978865,31.04343799966398],[121.55466329957164,31.03929850032557],[121.55479449986638,31.032257199909907],[121.55567120036562,31.032354500260055],[121.55577559996402,31.031899099763677],[121.55506699984221,31.03197699993865],[121.55459909966874,31.031813499593397],[121.55387689999895,31.031552699797317],[121.553349899978,31.031159500010972],[121.55334539977048,31.030996100389757],[121.5538587004188,31.03034209990801],[121.55383139969945,31.030264299557814],[121.55329089995519,31.030073600116623],[121.55363160001843,31.029263900009028],[121.55234030036468,31.028791800001613],[121.55258169998558,31.028262500414087],[121.55369620011959,31.028603199578072],[121.55387370021117,31.02771500034703],[121.55351879985278,31.027660299982927],[121.55359679985247,31.026674800401793],[121.55241130004151,31.026078600247274],[121.55227899987597,31.02535879996867],[121.5519727996051,31.025414799853195],[121.55189750026943,31.025333000217813],[121.55148090012347,31.02538039988559],[121.55125500031806,31.02482540037198],[121.55063760044493,31.024975999942512],[121.54798709962506,31.025423400069883],[121.54776119981955,31.023965099909503],[121.54747010006508,31.023952200034046],[121.54744499998685,31.02353919987422],[121.5471839996419,31.023547800090967],[121.54721910018134,31.023022999811644],[121.54790680005885,31.023139200313892],[121.54800720037201,31.023053100120535],[121.54798210029378,31.022450899689318],[121.54827830010356,31.022407900404346],[121.54827830010356,31.02254979993336],[121.54851420037016,31.022502500090354],[121.54847909983062,31.021616300052244],[121.5490212003682,31.021629199927702],[121.54896599998096,31.021431400338884],[121.54947800020966,31.021328099712093],[121.54946799974846,31.021044199929918],[121.54909649970375,31.02103559971323],[121.54910650016495,31.02074740027234],[121.54977920024999,31.020755999589767],[121.54995990012935,31.020631199770094],[121.55025609993913,31.020661300078984],[121.55025609993913,31.02047209980759],[121.55144569975926,31.020618299894693],[121.5516364999246,31.020751699931054],[121.55162650036277,31.02118189962499],[121.55175700008556,31.022429399597172],[121.5528261995695,31.022283099685353],[121.55388540039098,31.022253000275782],[121.55384519979623,31.023590900100032],[121.55410620014106,31.023603799975433],[121.55418649970727,31.024657700192734],[121.5542970003064,31.024722199569908],[121.55489430033174,31.024692100160337],[121.55491440017954,31.025109399978874],[121.55541639994692,31.02514809960519],[121.5554064003851,31.024898599790617],[121.55549170018185,31.024881400256447],[121.5554967004125,31.024773799970944],[121.55563730042115,31.02522980031506],[121.5554313997394,31.026107300311708],[121.55739920001315,31.026636400249743],[121.55746950001742,31.026167599854887],[121.55688719978446,31.02605569991067],[121.55689220001511,31.02549220000509],[121.55721349990313,31.025586799691098],[121.55728370008273,31.025487900346377],[121.55761000020141,31.025539499848094],[121.55765520012744,31.025337299876526],[121.55682690024128,31.02513090007102],[121.55682690024128,31.024722199569908],[121.5578760997023,31.024993200375945],[121.55785099962395,31.025225499757084],[121.55888000031177,31.025350199751983],[121.55937199961818,31.024468400096623],[121.55946229964547,31.02402529962791],[121.55957280024461,31.02404679972011],[121.55990909992511,31.02350479990662],[121.56138990022373,31.02344029963018],[121.56138990022373,31.023758600279223],[121.56161079979859,31.02375429972119],[121.56158569972035,31.024158699664326],[121.56166099995528,31.024322100184804],[121.56213789964443,31.02476950031223],[121.56254949955985,31.02470929969445],[121.56316090005555,31.025163899794165],[121.5626092001545,31.02566469986607],[121.56329189980136,31.02595960015549],[121.56342300027131,31.025875300404834],[121.56430780006497,31.026483699862922],[121.56396369966512,31.026975200045513],[121.56304619962248,31.026385500190713],[121.56279490026452,31.026479099830624],[121.56319360030443,31.02692840022553],[121.56321549969562,31.027195099574215],[121.56398559995557,31.027503999609962],[121.56412760020862,31.027321500187156],[121.56491950003499,31.027752100079397],[121.56501780043118,31.027714600148727],[121.56517619982185,31.027391700366707],[121.56529090025492,31.027358900293052],[121.56686380012434,31.028547699716626],[121.56762849995539,31.028763000112406],[121.5676448001675,31.02840730025673],[121.56697310012851,31.028252900151244],[121.56695670009174,31.02726069972158],[121.56837669992478,31.027368300007083],[121.56839850039057,31.026376099577362],[121.56849689971216,31.02629649968378],[121.56881359956799,31.026404199794058],[121.56893919978427,31.026357399974074],[121.56897199985792,31.025805100225227],[121.56864430039423,31.025678699612342],[121.56858419960122,31.02558509997243],[121.56892289957227,31.024780099721852],[121.56934340007797,31.02483160029817],[121.57000969968794,31.0250375000806],[121.5703646998711,31.02304840026352],[121.56979130022842,31.022907999904305],[121.56988410037104,31.02229949972218],[121.56951270015111,31.022304199579196],[121.5695235999342,31.021485099757626],[121.56978029972117,31.020778399903293],[121.56796710010167,31.020652000189727],[121.56799980035055,31.01995460022465],[121.56767760024115,31.019935899722043],[121.56751380042158,31.019598900369033],[121.56722979991537,31.019594199612698],[121.56720789962492,31.019360199613573],[121.56684199965866,31.01925720025963],[121.56678189976492,31.01904189986385],[121.566470600338,31.018999799900882],[121.56650879994118,31.01773599971665],[121.56677099998171,31.016486300002782],[121.56646510008432,31.01641139996616],[121.56649790015808,31.016135200179406],[121.5657550997181,31.016051000253526],[121.56580970025755,31.01559690017683],[121.56520349964183,31.015498599780585],[121.5653290998581,31.014922899672115],[121.56294780030078,31.014394000282948],[121.56074680042457,31.013705900207185],[121.56082330035508,31.013410999917767],[121.5606977001388,31.013345499595175],[121.56093249963521,31.01263400005911],[121.5615824001078,31.012764999804972],[121.5614350003251,31.013453099880678],[121.5619647999356,31.013598200096908],[121.56211219971829,31.013542100387667],[121.5621832002945,31.013270599558552],[121.56255459961517,31.01327519959085],[121.5624891001919,31.013495199843646],[121.56282770033818,31.01356549984797],[121.56318269962196,31.012334399912675],[121.5649412996014,31.012868000058234],[121.56509969989133,31.01277910027528],[121.56542409974247,31.010708100098782],[121.56553880017555,31.01063320006216],[121.56581189999929,31.010703400241766],[121.56592110017868,31.010600399988505],[121.56605770000294,31.010108899805914],[121.5658863998375,31.00985889996832],[121.56640819997847,31.008698000212576],[121.56659170034675,31.008732199631368],[121.56700659987473,31.007918500238645],[121.56646009985377,31.007610799898544],[121.56642419981699,31.00767230003669],[121.5663682997573,31.007542400161697],[121.5654042004436,31.006853200215062],[121.56543799966403,31.006713000404716],[121.56578219988864,31.006040900167477],[121.56596830019691,31.005968299697315],[121.56609810024725,31.00544610025736],[121.56592320009565,31.0052188002075],[121.56594010015556,31.005073799816046],[121.56628989955925,31.004856199853805],[121.56608680026568,31.004561199739612],[121.5661094002287,31.00437260021539],[121.5652970003564,31.004029300212096],[121.56405589995984,31.003540899992572],[121.56380199976252,31.00352159964217],[121.56346350034028,31.003270099735346],[121.56375689966126,31.003125000418493],[121.5643266003924,31.0031009003863],[121.56452969968598,31.002965500257687],[121.56543239958569,31.001679199935154],[121.56588370007273,31.001737199911872],[121.56605860022432,31.001683999616944],[121.56626729959623,31.001006999873198],[121.56617140038986,31.000567000266926]]],[[[121.94312110015869,31.19446430028728],[121.9435072996223,31.191226300253618],[121.94621099983783,31.185212700106092],[121.94767869971224,31.18124750017205],[121.95061410036055,31.177414300029966],[121.95833899974514,31.172787799817172],[121.9708532000152,31.17536549961818],[121.9717029001688,31.172126899736668],[121.97772819959675,31.171465899831446],[121.988465700132,31.174572400096224],[121.99541809986545,31.181313600342435],[122.00198420031063,31.184750099637427],[122.00646450043644,31.191028099567177],[122.00715979958511,31.198891499942818],[122.00576930021305,31.204111299996555],[122.0017524000533,31.20675419974657],[121.99673129980965,31.206688099576184],[121.9995894999555,31.21045409967701],[121.99449110028411,31.214748400218525],[121.98815670027159,31.214748400218525],[121.98375359974887,31.21032200006033],[121.98298110009773,31.213294999564653],[121.97965940016127,31.2131628001232],[121.97749650006347,31.211114800107964],[121.96946269974387,31.20853810035311],[121.9591113995715,31.205564900299976],[121.95262260035281,31.201930899991112],[121.9454385001867,31.19842890037353],[121.94312110015869,31.19446430028728]]],[[[121.9392186998831,31.214095600331746],[121.93945040031576,31.20154230023701],[121.94331279964604,31.20028689972071],[121.94787049992374,31.20154230023701],[121.9596121996434,31.207620999609503],[121.97027239985141,31.210065499922962],[121.9760659997462,31.21224580010363],[121.97853800042844,31.213897399645305],[121.98317290030911,31.214954499650503],[121.98479510011384,31.21687030022423],[121.98518129957733,31.218786099898637],[121.98417710039291,31.221164400216935],[121.98039189976646,31.222749799763506],[121.97544809985004,31.22314620023701],[121.97027239985141,31.224467299826074],[121.96316560001253,31.228562799833412],[121.95930319978288,31.229817899976126],[121.95412759960914,31.22889310013653],[121.9460938001888,31.225458199836112],[121.9425402999949,31.221032199876163],[121.9392186998831,31.214095600331746]]],[[[121.8744320999615,31.241334799761262],[121.8775395004476,31.230756099714256],[121.88300239984096,31.22240449966796],[121.88593009959447,31.218951200137838],[121.8868728004395,31.21916880010008],[121.88694759975203,31.218221900320486],[121.88730669994436,31.21739010027295],[121.89283980041648,31.210816899680253],[121.89370760032557,31.209901499554633],[121.89426300003754,31.209190800415172],[121.89487999971232,31.208070100354917],[121.89983039975323,31.204074700287265],[121.90063840014216,31.204407399981562],[121.9043789997911,31.201207999749442],[121.90919999998005,31.198680000081993],[121.9092999002703,31.19851010016106],[121.90950010014956,31.19855999994411],[121.91008999965379,31.19855999994411],[121.91024000027585,31.198429900419626],[121.91276439995715,31.197830399753173],[121.9142165001914,31.197912599586857],[121.91569769978912,31.199360599811882],[121.9171364999496,31.20193070034162],[121.91887169956931,31.205420700305126],[121.91980270023453,31.21316649993406],[121.92217259998552,31.221128900378517],[121.9203104997298,31.23343300013289],[121.91608910003197,31.236175999822592],[121.90609249966917,31.23877629958662],[121.89579839997623,31.243432800283585],[121.87850190004269,31.24650289958919],[121.87574880006719,31.244200400428213],[121.8744320999615,31.241334799761262]]]]}},{"type":"Feature","properties":{"district":"虹口区","district_en":"Hongkou District","source_shape_id":"62558664B69815106766578"},"geometry":{"type":"Polygon","coordinates":[[[121.46374469965826,31.31784310027888],[121.46369820021187,31.31637350013699],[121.4635951999586,31.315273599596992],[121.4634407000284,31.312633799810044],[121.46339779966877,31.31102060042042],[121.46325390004756,31.310346400266212],[121.46315699989566,31.30821380012685],[121.46294209969824,31.308197800288326],[121.46075980032458,31.30803510033968],[121.45946250039412,31.30793830001261],[121.45905859957475,31.307911000192576],[121.45902719974549,31.307545399700473],[121.45937059957362,31.3063427003554],[121.45953359989574,31.305140000110953],[121.45976540015317,31.303585299821805],[121.45992850030007,31.302962000396064],[121.45984259975626,31.302507299572255],[121.45974819971968,31.30233860024623],[121.45975679993649,31.302111200371655],[121.45959369978948,31.301795899860963],[121.45957660008014,31.30157589960811],[121.45969670004274,31.301245899678577],[121.45985119997295,31.30087920021498],[121.45985119997295,31.300600500312896],[121.45990269964989,31.300197100415915],[121.45997999997712,31.29992580013561],[121.45997999997712,31.299735099795043],[121.45985980018963,31.29952970003569],[121.45968809982605,31.299236399640165],[121.45965379968322,31.299030999880813],[121.45973110001034,31.29876700029689],[121.45976540015317,31.298605699693326],[121.45960230000617,31.298458999583204],[121.45939630039902,31.29816560026228],[121.4592246998601,31.297850299751587],[121.4590615997131,31.297512900200218],[121.45871829970986,31.297087500188013],[121.4584865003518,31.296412800010785],[121.4580573996293,31.29527600028723],[121.45785140002215,31.294637899819293],[121.45769690009195,31.29449119970917],[121.45733639965522,31.294315199686764],[121.45712179983127,31.294131800042578],[121.45698450033444,31.29395580002023],[121.45689010029798,31.29371379965221],[121.45656390000408,31.293090299677658],[121.45622060000073,31.292613599637946],[121.455860099564,31.292239600377286],[121.45551679956077,31.291924200041876],[121.45547390010051,31.29178479972876],[121.45554250038617,31.291520800144838],[121.4558772999975,31.291124700044918],[121.4563063998205,31.29089000037328],[121.45643519982468,31.290721300147936],[121.45643519982468,31.29022989979012],[121.45644370021671,31.289921800151035],[121.45658969975489,31.28956980010622],[121.45684710011369,31.289056299808465],[121.45688150008118,31.288667600229644],[121.45701020026058,31.287420700105258],[121.45709609990513,31.28688519969228],[121.45724199961865,31.286709199669872],[121.45728489997816,31.28638650043672],[121.45709609990513,31.285770300259173],[121.456749600114,31.284128599555288],[121.45679329997085,31.283854700234258],[121.4568588002935,31.28370030012877],[121.45691769959217,31.283463399816128],[121.45724919959093,31.2826967997176],[121.45729870007506,31.282431200239728],[121.45729059988139,31.28220890042047],[121.45722299964177,31.28162999962484],[121.45695390000253,31.281580900238396],[121.4569350996752,31.28147940005431],[121.45691459962916,31.28125720005977],[121.45688739963384,31.281084300000487],[121.45687909979074,31.281020199922352],[121.45687360043632,31.28095790028692],[121.45687539997982,31.28088799958158],[121.45688300015036,31.280834800185914],[121.45690009985981,31.280789000412085],[121.45696210002097,31.28071020001579],[121.45703900014985,31.280643599822326],[121.45708789988669,31.280591899596516],[121.45713020039852,31.280541099592142],[121.45717250001098,31.28048549990592],[121.45720620030602,31.28042590003531],[121.45723059981242,31.280367599685007],[121.45724690002453,31.280319399620623],[121.45725820000598,31.2802715997546],[121.4572673002458,31.280190700340597],[121.4572962997845,31.27930760026561],[121.45730690009339,31.279227100150592],[121.45732440000108,31.279148399579014],[121.45734880040686,31.279080300215753],[121.45760509999548,31.278541400365384],[121.45826990043565,31.277271599904452],[121.45830910008499,31.277227300199797],[121.45836450012166,31.27718470021381],[121.4584340995541,31.277153800407632],[121.45905539978696,31.276940099905744],[121.4593112002517,31.276851499597058],[121.4593886004036,31.276822000035338],[121.45947979975301,31.276777099583512],[121.45956399967895,31.27672769982354],[121.45964549984001,31.276669199823743],[121.45971770011181,31.27660990032666],[121.46016100023007,31.27620190039744],[121.46025099988378,31.27611359956302],[121.46031309986972,31.276042500061408],[121.46109710005123,31.275025099728623],[121.46153399969444,31.27444579963401],[121.46331290007038,31.272204699887027],[121.4643649000202,31.27065230006366],[121.46443899966016,31.270558099676634],[121.46471990020325,31.270137900443785],[121.4650167996856,31.26972140012259],[121.465111900294,31.269605199620344],[121.46526979966154,31.269432099911512],[121.46555790017703,31.269124299746693],[121.46568720020423,31.26900660007459],[121.46582999995462,31.268876499650787],[121.46663109984547,31.268152700087114],[121.46668359956857,31.268100499838226],[121.46683980011676,31.267945200410736],[121.46698919999164,31.267796600033137],[121.46781730022826,31.26701469976865],[121.46818799987636,31.266656999820725],[121.46888839997973,31.265995099694123],[121.46901770000693,31.26587740002202],[121.4691505001955,31.265756499662757],[121.47062980042506,31.264502299741366],[121.47139179959197,31.26404950008441],[121.47151279977595,31.26397979992788],[121.47244040010446,31.263247099773878],[121.47342779995301,31.262424700339693],[121.47356399957903,31.262317799726702],[121.4741881003007,31.261758800028645],[121.47508920030646,31.260962800193113],[121.47517300003403,31.26089800044241],[121.47531700037928,31.260794799640337],[121.47547939995445,31.26069509989901],[121.47553039960837,31.26066839992677],[121.47558259985715,31.260648499728518],[121.47564150005519,31.2606304997978],[121.47566910024887,31.260623899673305],[121.47570879992122,31.2606144001345],[121.4757796997734,31.260600100014642],[121.47585209969475,31.26058820018534],[121.4759639996389,31.2582231999408],[121.47599619986477,31.257067599889865],[121.47588889995279,31.2567282002463],[121.47563139976933,31.25614129998104],[121.4751109000481,31.25538270025146],[121.47513169956835,31.255335199859644],[121.47513890044002,31.2551564002477],[121.47526690004747,31.25514689980963],[121.47538440007008,31.255147700206237],[121.47536569956742,31.255021000119086],[121.47536619959055,31.25497969965346],[121.47537360011165,31.254941400225505],[121.47538480026833,31.254905299639915],[121.47540059955804,31.25487370016117],[121.47541589972411,31.25485039962632],[121.47544320044335,31.25481499961262],[121.47555630008321,31.254693399580788],[121.4756632996216,31.25458869960886],[121.47571559969526,31.254623700323577],[121.47671480044778,31.253459500055953],[121.47676730017088,31.253391399793315],[121.47678940011076,31.253356999825712],[121.47680849991241,31.253322199659863],[121.47683219974624,31.253272700075115],[121.47685000002753,31.25322679957719],[121.47687340038715,31.25316549998786],[121.47688840017963,31.253133500310867],[121.47690599991199,31.253104300223356],[121.4771620000264,31.25273370040003],[121.47721409955113,31.25265819961629],[121.47711820034476,31.252621500082228],[121.47701429987012,31.252581800409814],[121.47546359976536,31.25198830002006],[121.4753146999135,31.251931399914213],[121.47526690004747,31.251911300066524],[121.47521250005684,31.25188319984983],[121.47511759999725,31.251828799859254],[121.47506200031114,31.251794399891708],[121.47625880010355,31.25052289971211],[121.47652100014409,31.25020729972715],[121.47661909999158,31.250078899921334],[121.47669109971457,31.24996399983877],[121.47684189983386,31.2497084997475],[121.47692619958445,31.249511200181814],[121.4772442996848,31.248545000051763],[121.47749690036176,31.24787530010508],[121.47757769995098,31.24756659971888],[121.4776197999139,31.247348899931865],[121.47765660017205,31.247129000403106],[121.47768420036562,31.246915299901218],[121.4777393000287,31.246479799603094],[121.47780490017601,31.245962399844927],[121.47783839992223,31.245584100026235],[121.47789970041094,31.245347900285424],[121.47796450016165,31.245121299908135],[121.478050600355,31.244836900102882],[121.47815109959367,31.24457079970267],[121.4782487003173,31.244332800418476],[121.47847140033491,31.243929500346212],[121.47970860037162,31.24535560028079],[121.48093150028853,31.24606440005209],[121.48198949961579,31.246432399935372],[121.48291009962145,31.24653419959367],[121.4850444003788,31.245919500384673],[121.48618489991327,31.24550049994815],[121.48734819995957,31.245104999696025],[121.49028290003582,31.244107299912002],[121.49071919983123,31.244574799887175],[121.49346709992676,31.246025499876964],[121.49556320018155,31.246950500265427],[121.498420000083,31.248012700325887],[121.50200370041046,31.248981000372908],[121.5055451002263,31.2494651000344],[121.50755670018168,31.249479499978975],[121.51209739967533,31.24931260019639],[121.51208699991514,31.251805299674913],[121.5121157998044,31.25238290005086],[121.51211460010882,31.252481300271825],[121.5121017002333,31.252602299556543],[121.512083399929,31.252698900234122],[121.51205390036728,31.252812900095307],[121.512009199565,31.252933300431494],[121.51196990009089,31.25300280003927],[121.51195099993879,31.253031900302005],[121.51164719995836,31.25346560015737],[121.51162400014755,31.253536800383074],[121.51160660006462,31.25363209974165],[121.51276389983423,31.253808699611852],[121.51303670018365,31.253850000077477],[121.51310240015573,31.253862899952935],[121.51320440036284,31.253881499731506],[121.51317999995706,31.253983499938613],[121.51312180033085,31.254096999776777],[121.51280139976484,31.254558700024063],[121.51254129964138,31.254992300054653],[121.51027089998206,31.258232300180566],[121.51016340042065,31.258391199594257],[121.5100773002273,31.258519799948886],[121.50998869991861,31.25863379981007],[121.50879109972948,31.259951400137084],[121.50732399970286,31.26162740008448],[121.50676380030916,31.262244299934537],[121.50633959999266,31.262698999859026],[121.5058120001238,31.263197700013905],[121.50495180038536,31.263930199619097],[121.50440790030439,31.264372100392166],[121.50416179992715,31.26459369963959],[121.50400629995079,31.26471679974054],[121.50380309993318,31.26495300038073],[121.50329309979679,31.265734200073325],[121.50301859972865,31.266138099993384],[121.50270630025557,31.266626600037625],[121.50258840003471,31.2668250003735],[121.50237790021993,31.26715600034919],[121.50207799969996,31.267770400083975],[121.50201289957567,31.26796649995407],[121.50197710026305,31.268174999676546],[121.50193069974205,31.268437000067536],[121.50191720001885,31.268770199784967],[121.50192130002802,31.26939190021608],[121.50193960033232,31.270249400189698],[121.50195949963131,31.27063180001761],[121.50200680037358,31.271384299645774],[121.50205229977382,31.272098700394736],[121.50205959957088,31.272280199771444],[121.50205770020273,31.27236310017696],[121.50205300034577,31.272464899835313],[121.5020173997832,31.272574799687334],[121.50198330018918,31.272645200415695],[121.50194449983883,31.272708000074203],[121.50178620027293,31.2728616996078],[121.5011166999758,31.273419200136004],[121.49926179969236,31.27498149969648],[121.49865290021125,31.275461900446373],[121.49756529969886,31.276342700055636],[121.49717999955737,31.276654200031373],[121.4965157000396,31.277234199798556],[121.4958566004018,31.27771919968137],[121.4954016999286,31.27793929975894],[121.49486950002745,31.278159300011737],[121.49452489960447,31.2782273004496],[121.49420009955497,31.278291399628415],[121.4934790995809,31.27832070044002],[121.4921385998166,31.278345699794272],[121.49213830034239,31.278421599876992],[121.49213349976128,31.278542100037953],[121.49201279995077,31.27993349963134],[121.49193089959135,31.280878199669246],[121.49191799971595,31.281037900378863],[121.49190990042166,31.281138100143266],[121.49176099967042,31.28290840030246],[121.49168060027955,31.283863400275777],[121.49166589996139,31.284038099878444],[121.4916472003581,31.284226099554928],[121.49161750024746,31.28454790036534],[121.49160530004463,31.284714700323207],[121.49160189970792,31.284879799663088],[121.49160150040893,31.28500160024373],[121.49161180034434,31.285142800100175],[121.49163269968938,31.28527839987828],[121.49165350010901,31.285408899601066],[121.49168459956468,31.285537199582166],[121.49177090030685,31.285814599963885],[121.49184459974856,31.286019700249028],[121.49192860002495,31.286213499653343],[121.49198569978023,31.2863235002294],[121.49208829983525,31.2865061003763],[121.49215900003787,31.286618799817802],[121.49223959997767,31.286733400426158],[121.49230019989432,31.286815399710974],[121.49236110018467,31.286891500342506],[121.492468800295,31.287018499903922],[121.49261059999924,31.28716970022151],[121.49280750026594,31.287363100326843],[121.49284069963869,31.287394299607286],[121.4928718998184,31.28742110030356],[121.49290069970755,31.287442399846952],[121.4929400999057,31.28746919964391],[121.49298260006697,31.287500100349405],[121.49302300031127,31.28752940026169],[121.4934501000422,31.28787900001589],[121.49361520028128,31.288009999761755],[121.49382949973165,31.288193299581167],[121.49512929977743,31.289266599973644],[121.49544160014977,31.289456699567097],[121.49558060026459,31.28954770016628],[121.49571219985819,31.28964019993532],[121.49590030025877,31.28978139979182],[121.49608579981987,31.289926199634465],[121.49773659986431,31.29121459987391],[121.49824249999142,31.291600099664947],[121.49778820026529,31.29216470034072],[121.49770140039936,31.292300300118825],[121.49762519994306,31.292450500390316],[121.49756829983721,31.292600699762545],[121.49747560041874,31.29292980037002],[121.49727319989836,31.293835000385002],[121.49708320012962,31.294802400210642],[121.49706599969625,31.294973900025525],[121.49707660000513,31.295111999918902],[121.49711069959915,31.295308300337865],[121.49717369980647,31.29552090006956],[121.4970073000469,31.295984999708025],[121.4967882998402,31.29659259966877],[121.49674230041694,31.296670200369476],[121.49667289973456,31.296757799732745],[121.49642359956954,31.297082800330998],[121.49603899999988,31.297423700043794],[121.49138650038674,31.296363900273832],[121.48938020013622,31.29590549963916],[121.487491999756,31.29530039979369],[121.48562480034434,31.29465780001749],[121.48448060009969,31.29741299991008],[121.48288620013807,31.301193999803274],[121.48190989972215,31.303604399623396],[121.4815597001201,31.304465600307253],[121.48127220035178,31.305165200014017],[121.48118789970192,31.30536730016081],[121.48113249966514,31.30552099969441],[121.48107120007592,31.30570860007191],[121.48101639988704,31.305941799674372],[121.48098640030219,31.306116299627604],[121.48095999980421,31.30632289998192],[121.48093930010873,31.306513799971924],[121.48092199985047,31.306769800086272],[121.48092309972128,31.307044200329642],[121.48093200031167,31.3086911000143],[121.48092779957835,31.310487299749127],[121.4808897996246,31.31225459977003],[121.4808983998413,31.31346530038337],[121.48091050021947,31.315997800258344],[121.48088569961544,31.316618399919264],[121.48076540000329,31.316699099683774],[121.48068899989744,31.316711899734457],[121.47581859994852,31.31660860000693],[121.474890499597,31.316589600030056],[121.47464109960708,31.31664190010366],[121.47433590028163,31.31639009982331],[121.47371979992886,31.316948399848798],[121.46989429978214,31.317474200174274],[121.46984010034043,31.317232400355067],[121.46858359995326,31.31758150008619],[121.46829720005576,31.317644899592494],[121.46812499966904,31.317670800067447],[121.46790910032473,31.317694999924356],[121.46762729956026,31.3177050003855],[121.46374469965826,31.31784310027888]]]}},{"type":"Feature","properties":{"district":"金山区","district_en":"Jinshan District","source_shape_id":"62558664B68011662992689"},"geometry":{"type":"Polygon","coordinates":[[[121.2673913799083,30.690569620791393],[121.26766920027342,30.69059260026836],[121.268416300372,30.690876099852176],[121.26946709972697,30.691706600379348],[121.27156100024001,30.693693200081157],[121.27087340018738,30.69425800040642],[121.27134469979808,30.69460350015146],[121.27248820037016,30.69477619966193],[121.27269679991741,30.693978900306035],[121.27634379992651,30.694583599953205],[121.27836819993252,30.694929099698243],[121.28437169979418,30.695945599809647],[121.28447219993211,30.695792799598053],[121.2845958000562,30.69573300007795],[121.28485080012433,30.695825999870067],[121.2847812996173,30.69600540022907],[121.29439390025834,30.69768650023184],[121.30621650029127,30.698962200245376],[121.30664150010523,30.699513699597617],[121.30801689986015,30.699015299816267],[121.30767690036873,30.698211400335936],[121.31401319974941,30.69684259980619],[121.31964630033656,30.696822699607935],[121.32276809986797,30.6972213996479],[121.32272180007112,30.698031999976877],[121.32466899957478,30.69827779998053],[121.3247308000864,30.69748709984981],[121.33095120023779,30.69815820004095],[121.33143799966399,30.69843060019207],[121.3358847002188,30.702015100016922],[121.33530519957537,30.704214300349747],[121.33442420031668,30.704499999675306],[121.33401470031822,30.70628729971918],[121.33329599991055,30.706772299601994],[121.33397599979264,30.7072041000892],[121.33469470020032,30.70812760040849],[121.33940069958271,30.706154399705838],[121.33913019969907,30.70583550010832],[121.33923839983231,30.705669399823023],[121.33941609957344,30.705722500293177],[121.33967109964158,30.70592849990038],[121.34042069985549,30.705543099934175],[121.3404438996663,30.70540359979634],[121.34018109977796,30.705250799584803],[121.3402970997314,30.705071400125064],[121.34060620031596,30.70528399985676],[121.34361979971402,30.704181100077733],[121.3447017003233,30.703981800419797],[121.34561349956346,30.703961800396826],[121.34654850041306,30.704187700202226],[121.34728259991209,30.704546500021024],[121.34948490020804,30.70669920000813],[121.352243600262,30.709250400385713],[121.35477820005394,30.711642200427264],[121.35772229984434,30.714272999799164],[121.36172020002732,30.717908500177202],[121.36180759974104,30.718162199825713],[121.3621682998272,30.717884999992805],[121.36245790041187,30.71795549964662],[121.36309719967608,30.718608400257494],[121.3629769998887,30.71862249982854],[121.36237590022768,30.71803530008907],[121.36221199968406,30.718021199618704],[121.36162730005992,30.718472199732275],[121.35820040012845,30.721292499749097],[121.36156189956205,30.724567399865634],[121.36537919969032,30.727151400316927],[121.36636830015698,30.727788999862526],[121.36682419977706,30.728121200433122],[121.36668509983758,30.728559600145502],[121.36649190028106,30.72897139971036],[121.3672414995956,30.72929020038248],[121.36800649980023,30.729735300044126],[121.36846240031957,30.729277000133493],[121.3688255996218,30.729237099912268],[121.36790610038634,30.728745599729677],[121.36738830042975,30.728307200017298],[121.36822290006683,30.728725599706706],[121.3690419998884,30.729177300392166],[121.36931239994738,30.728785400126185],[121.36949790040785,30.72869910028328],[121.36969879995968,30.728845199646287],[121.36956749984029,30.729124199921955],[121.36945929970693,30.729104199898984],[121.36927380014583,30.729343399778145],[121.37004650034578,30.729868100232693],[121.36994610003251,30.729974400098513],[121.36912700021094,30.72943639957026],[121.36844700032884,30.730233500175927],[121.3690345004419,30.73058560004546],[121.37072729972522,30.732990899810204],[121.37204909988611,30.73151590013873],[121.37191769994195,30.73139630019915],[121.37160850043199,30.731050699730076],[121.3716240002475,30.730924499666003],[121.3717939999932,30.730911199592242],[121.3722578001574,30.73124340016284],[121.37260570019293,30.730931099790496],[121.37276799994333,30.730924499666003],[121.37272160032171,30.731057399679287],[121.37242789972788,30.731422799622578],[121.37238920010157,30.731608899930848],[121.37094369999181,30.733190200367517],[121.37581359991782,30.739422399624118],[121.37649380034873,30.740146600285414],[121.37708899955771,30.740272800349487],[121.37769200038554,30.739708099848997],[121.37806300040722,30.73970139989973],[121.37767649967077,30.739355999979466],[121.37765329985996,30.73902380030819],[121.3778234003297,30.739083599828348],[121.38002640029822,30.741707899799792],[121.38133279956912,30.7407445001586],[121.38075300035075,30.740365800141603],[121.38076080017083,30.740153200409907],[121.380892200115,30.740080099916725],[121.38147960040328,30.740624900219018],[121.38174250011639,30.74063820029278],[121.38180429972874,30.740797699554264],[121.38171149958612,30.740884000296433],[121.38154149984041,30.740930599567548],[121.3804206001306,30.741774300343764],[121.38057519988558,30.742086599816787],[121.38070669965452,30.742026800296628],[121.38079169997707,30.74209989989049],[121.38106219986071,30.74188730015885],[121.38115500000333,30.741966999877206],[121.37894420021473,30.743906899583806],[121.3789133004085,30.744072999869104],[121.37872009995272,30.744318799872758],[121.37894780020088,30.744479399904435],[121.37902149964259,30.744531399604455],[121.37931530006108,30.744318799872758],[121.3795394003231,30.74433209994652],[121.38024789972087,30.743571199751102],[121.38289779979368,30.74138800015612],[121.38341080006842,30.741055299562504],[121.38397370012626,30.74082450025054],[121.38463989991146,30.740717900011134],[121.3853266995676,30.740722400218658],[121.38592050033094,30.740860000088958],[121.3864523998584,30.741108499857432],[121.38687589960318,30.741423599819313],[121.39438079963429,30.747972900029367],[121.39724622673202,30.750476466016153],[121.3981056998183,30.75122739992463],[121.40183749960102,30.754511400280933],[121.40486709973698,30.75648169977069],[121.40859890041895,30.758848399733893],[121.41248909959234,30.76143989963174],[121.41564949982467,30.763138100243168],[121.41881629963257,30.76479019980792],[121.42465589985,30.767862099556282],[121.42738499961808,30.769296299684527],[121.42755920009711,30.769469799591604],[121.4277573000594,30.76961959966485],[121.42788409997127,30.769701300374777],[121.42794350019244,30.769857800397233],[121.43430383845146,30.77231791474003],[121.45288650021189,30.77950549977902],[121.45299909982862,30.779285200052016],[121.45853671309885,30.781413490640148],[121.45841990015833,30.781607799960057],[121.45571770001186,30.78590349984671],[121.45023979992686,30.794641599730085],[121.45060500022066,30.794890700245674],[121.445379299715,30.803238999780092],[121.44509070007587,30.803238999780092],[121.4423185002986,30.80774669955059],[121.44101970029897,30.807250899709288],[121.44070930019416,30.807264000133557],[121.43891590004876,30.808894800154974],[121.43735130002256,30.807955499646653],[121.43717139964042,30.8085027002395],[121.43698669957655,30.809064399702322],[121.43564169960484,30.812256500137437],[121.43461829989474,30.81490979964758],[121.43390099973146,30.816330900250875],[121.43348970018963,30.817661600102838],[121.43299229955505,30.81880330023216],[121.4323608999357,30.82038650003699],[121.43075829995564,30.820412600161433],[121.43072039982667,30.820301700263315],[121.43038620006314,30.820301700263315],[121.43026469985602,30.819323299930375],[121.43004440012908,30.81918629990787],[121.42952030042159,30.819323299930375],[121.42926969983682,30.82066700038183],[121.42828229998827,30.82075170033073],[121.42724179966933,30.82087890044096],[121.42693040041775,30.821038700075974],[121.42666840002676,30.82094740000258],[121.42619370007924,30.820976799739583],[121.42606459970159,30.820497399935107],[121.42578730004391,30.820503900234883],[121.42572279976741,30.820285400051205],[121.42501259975177,30.820393000336765],[121.42502780009295,30.820647399657844],[121.4247733998726,30.820709299994235],[121.42472400011263,30.820817000104512],[121.42432150043692,30.820911499965803],[121.42394929982038,30.820901799878186],[121.42376099977037,30.820272299626993],[121.41682669979241,30.82162250037817],[121.41594569963445,30.821746399976405],[121.41564189965402,30.820083200079694],[121.41511550038013,30.81820140017453],[121.41440659988473,30.81810459984746],[121.41138300002547,30.818063099732342],[121.41096949984262,30.818136899898036],[121.41089430033173,30.818219900128327],[121.41130249991045,30.820618199570333],[121.41117889978648,30.8207888000631],[121.41086210010587,30.820894900279484],[121.41110609966688,30.822326200094096],[121.41103390029434,30.82232470002492],[121.41099099993471,30.82217709969342],[121.41084600044258,30.822153999707382],[121.41088360019808,30.822398400365955],[121.40954089979277,30.82268900009734],[121.40929919979828,30.82281350044275],[121.40943619982079,30.824264699556295],[121.40844879997223,30.824401599754083],[121.40838050006005,30.82376250013931],[121.40800830034289,30.82369070006581],[121.40768930002127,30.823234199698618],[121.4054913002833,30.82400949983861],[121.40269930013267,30.824714699623712],[121.40260819970877,30.824486400427077],[121.40162840003075,30.824538599776588],[121.4016207998601,30.824851699646274],[121.40084399965087,30.824844100375003],[121.40068169990059,30.82534350020245],[121.39965370015818,30.826249499714663],[121.39861209996855,30.827376200051617],[121.39828749956848,30.828770099760334],[121.39720540020915,30.828514499844346],[121.3968130997448,30.83044260044568],[121.39573100038547,30.83036129993411],[121.39543340033117,30.8315575997035],[121.39721889993234,30.83226610000054],[121.39919380035371,30.832045499899948],[121.39987010042489,30.83597119981107],[121.3979763997911,30.835982800166164],[121.39794929962056,30.835262700413352],[121.39652950033621,30.835708399922794],[121.39622349971478,30.83597119981107],[121.39501830025438,30.8362174998378],[121.39465490040334,30.836151799865718],[121.39434879995724,30.835593400015455],[121.39321059998929,30.835437300191302],[121.39268460001438,30.834164399767303],[121.3921160998782,30.831035799562528],[121.39258950030523,30.830141500230127],[121.39177789993016,30.830269200363375],[121.38989769991895,30.83007180007354],[121.38776059957206,30.829340000140917],[121.38742010005762,30.832052000199724],[121.38449340035015,30.831969900190813],[121.3835177996068,30.831715300320923],[121.38347950017885,30.831928800273943],[121.3835177996068,30.832249100115916],[121.38338390044669,30.832782999735684],[121.38338390044669,30.833760300197753],[121.3835943004367,30.834959299731963],[121.38270479988671,30.835024999704046],[121.38105010038191,30.835016799685604],[121.38094490038691,30.83531250037163],[121.3808778999952,30.836371899943288],[121.38055269974734,30.836371899943288],[121.38039969988631,30.83627339989755],[121.38022760022363,30.835887400083493],[121.37995019984191,30.83584630016668],[121.37968239972304,30.83592840017559],[121.37901550026515,30.83603789982925],[121.3794955997422,30.836537299656698],[121.37983379969012,30.837077400101975],[121.37858939968112,30.83783809974858],[121.3780754002596,30.83739679972257],[121.37748699992517,30.837919400260148],[121.3761711002162,30.837547900215498],[121.3758362997055,30.8381638000194],[121.3765919001961,30.838475899842933],[121.37675450031998,30.838640099860754],[121.37670840017256,30.839059799969846],[121.3761536003085,30.839913799782096],[121.37573280032848,30.841055300261928],[121.3751588997635,30.841687699927434],[121.37506320020657,30.841950499815766],[121.37479540008769,30.843609300229048],[121.37480500035053,30.845144899817342],[121.38078209971422,30.84526129996908],[121.38037630042595,30.846538699701284],[121.38028169984068,30.847293599620002],[121.38034930008018,30.849860000338822],[121.37994349989265,30.85064970042339],[121.37936190023163,30.85205480028884],[121.37913190041695,30.85344819997448],[121.37924009965093,30.8556894004455],[121.3796864997322,30.85753559978815],[121.37978120014236,30.85904510015132],[121.37970000035477,30.86012499976897],[121.37880730001689,30.861355800230058],[121.37918600003388,30.862691100114205],[121.37922659992773,30.86338769968262],[121.37886139963393,30.86416569958743],[121.37891550015024,30.86482749988926],[121.37937539995482,30.86545450002518],[121.37921310020442,30.865605399969297],[121.37737550017926,30.86571479979824],[121.37750940023864,30.86821060013915],[121.37722239959407,30.869163000172364],[121.37743290030812,30.869983900436694],[121.37819800033753,30.871412399762505],[121.37768149990131,30.873891600417096],[121.37808329990446,30.87610810010881],[121.37802589977548,30.87671560024478],[121.37710770006038,30.87773349970132],[121.37682070031508,30.87842309984626],[121.3775989996941,30.88102629992386],[121.37330450040247,30.8818635004003],[121.37166260004904,30.882553400019447],[121.37093569962292,30.88277500016619],[121.370304499653,30.88328400025648],[121.36957750030149,30.884301799888192],[121.36912529959295,30.88467859963771],[121.36859099977494,30.884852800116676],[121.36834760006172,30.885822100209793],[121.36687320023805,30.885572499671184],[121.36617659977037,30.885700199804432],[121.36429639975916,30.8871164000019],[121.36298429968576,30.888300399743684],[121.36141530017608,30.889031699653287],[121.36004449955408,30.889086099643862],[121.35950380016027,30.889022200114482],[121.35882900015827,30.888690399742188],[121.35800380023522,30.89165350040878],[121.35662409992233,30.895299700021212],[121.3562724002511,30.89868890037252],[121.35574719977353,30.900271100131192],[121.35426800026801,30.902155699625894],[121.35368369994285,30.903043700106707],[121.35297859998252,30.906681099852904],[121.35255169990114,30.908949399595144],[121.35233619985581,30.909958099886467],[121.35189260026334,30.91077230020153],[121.3507329002033,30.91214080035769],[121.34926199964161,30.913464999909877],[121.34865920026198,30.91395230025853],[121.34793239966052,30.914539900196303],[121.34751759995731,30.915074200014374],[121.347404699967,30.914753999997174],[121.34469529984824,30.913701000001197],[121.34309329971609,30.916207700125312],[121.34146139982386,30.915315599635278],[121.34029349974526,30.913517499632974],[121.33928559985065,30.912103699726003],[121.3391633001462,30.9114817996454],[121.33814260020085,30.911074000264932],[121.33804670009522,30.911197499664922],[121.33719869966035,30.910895599952028],[121.33692270042229,30.911142599651328],[121.33599080043518,30.9106897001696],[121.3356427996755,30.911094600135755],[121.3351709002169,30.91093330043151],[121.33517319978341,30.9107923002245],[121.33403060033197,30.910112900190256],[121.33375910040218,30.909918800412356],[121.33188920032637,30.908967900448317],[121.33167990020729,30.909574500362964],[121.33070130022486,30.91023939972854],[121.32966620033494,30.909700700427038],[121.32931549981049,30.90881260012145],[121.32568129985214,30.90974130032083],[121.32283150027354,30.908625099568724],[121.3202915000528,30.90835930044142],[121.31824710002365,30.910644900441866],[121.31669830018643,30.91107009990526],[121.31563019967405,30.91249869995511],[121.31180649997009,30.912018300104535],[121.31070260014496,30.912004500007697],[121.30958269958194,30.91172999993961],[121.30747089986221,30.910933900279304],[121.30623900042963,30.910426000059886],[121.30599900015375,30.91087900026571],[121.30641499955266,30.911716299667546],[121.30443109961561,30.911757500308454],[121.30398320036443,30.912045699749285],[121.30302320016062,30.91207320011813],[121.30223929980389,30.912553599968703],[121.30190329959771,30.912539799871922],[121.3019193003355,30.914516400011905],[121.29884760023663,30.91466739978074],[121.2982875995931,30.91278690029526],[121.29852759986886,30.9110024996657],[121.297983699788,30.91075540014168],[121.29588780008191,30.911331899747438],[121.29391999980817,30.91185350023892],[121.29208010021648,30.917563500055508],[121.29078419963116,30.91745370002826],[121.29051230040238,30.919553599918743],[121.29171220015792,30.919992800027728],[121.29145620004363,30.921145700313843],[121.2841577996428,30.91965390040724],[121.28457530001015,30.917749600363834],[121.28436039981261,30.91757489986179],[121.28498260026686,30.916575199985516],[121.2849033996722,30.916468499921393],[121.28453010008411,30.916536399635163],[121.28416799975344,30.913304499702974],[121.28407120032568,30.91282350000455],[121.28391930033547,30.912768599990954],[121.283935300174,30.91243240013523],[121.28462319970095,30.912404899766386],[121.28523119986005,30.9123705996235],[121.28560500037054,30.91223719958714],[121.28533350044074,30.910606600114534],[121.28615930021158,30.910557999851846],[121.284881000258,30.90917010041983],[121.28493480040083,30.90884070033809],[121.28608679956619,30.908909299724428],[121.28639070027066,30.906658099691583],[121.28639070027066,30.90532660034239],[121.2855908000754,30.905340299715135],[121.28563879959097,30.9026772002926],[121.28386290025276,30.90269100038938],[121.2841509000441,30.900947500027144],[121.28368349989364,30.898477699985904],[121.28142569973636,30.897912500361656],[121.28101769980708,30.898303799880523],[121.28074579967893,30.89940199980248],[121.27908989957928,30.899271599904466],[121.2777780000547,30.899141200006454],[121.27743050021752,30.897308100188752],[121.27689880033938,30.897230399663272],[121.27602769991847,30.89724009975083],[121.27545070028964,30.896987699622684],[121.27434409980037,30.900115100131814],[121.27290429959385,30.899607199912396],[121.2717043998382,30.899030599582545],[121.27098439991016,30.898714799948095],[121.27082439972628,30.896930199669043],[121.27058440034989,30.896916399572206],[121.27040850015226,30.898275500014392],[121.2695134004232,30.90014370037153],[121.2703338995899,30.90056880001015],[121.26990040028329,30.901658100241207],[121.26833680030313,30.901777700180787],[121.26829940019718,30.903810099656425],[121.26681440006462,30.904404199893975],[121.26603280017366,30.904339900166292],[121.26187050032343,30.904339900166292],[121.2617656996274,30.90520109995083],[121.26240990019676,30.905381100157683],[121.26246719960159,30.906782199838688],[121.26234740001257,30.909147399732774],[121.26036979982644,30.908710300440077],[121.25860199978251,30.910702699869773],[121.25473670013866,30.909725799606008],[121.25437719974798,30.911036899633245],[121.25364310024895,30.910844100275085],[121.25218990014389,30.910779799648083],[121.251440799953,30.910512499552283],[121.2509912999086,30.91195219993415],[121.25071419990047,30.911997100385918],[121.2502497000637,30.91213849989191],[121.24956810028766,30.9120549996386],[121.24869170016188,30.912093499615366],[121.24842199977559,30.912228500444996],[121.2481149001826,30.91227349982222],[121.24774779962127,30.91217070011777],[121.24677400021994,30.912299199748304],[121.2463321003462,30.912209200094537],[121.24429989962073,30.912744499958762],[121.24431490031247,30.9118448001974],[121.24250209999195,30.91230110001578],[121.24265940041107,30.911523399585292],[121.24202270018748,30.911606999663377],[121.24152080024476,30.913997699834056],[121.24143839986232,30.914820299817052],[121.24017959990863,30.918468500421],[121.2417368003131,30.918532099576794],[121.24136599994097,30.919636299775448],[121.24118000035685,30.919528900038756],[121.24102110004378,30.9204377998646],[121.24092569996117,30.92055140042686],[121.24056549989791,30.920587699762564],[121.24025829958089,30.921201100350572],[121.240697999713,30.921319300045695],[121.24083039970321,30.921387400308333],[121.24025829958089,30.922973299877924],[121.23841770031663,30.922430200193617],[121.2359533996298,30.92764430034424],[121.23377110025615,30.927471699759167],[121.23350630027562,30.928171400190024],[121.23040230012612,30.92796240044447],[121.23023469977159,30.929191500287573],[121.23005499993837,30.93102929996229],[121.22277370014626,30.929021899840848],[121.22116380036914,30.93036110008478],[121.2189305004423,30.933398199667238],[121.21771629966759,30.932551100353066],[121.21596000015393,30.931714100425438],[121.21465440038037,30.930691100014315],[121.21274009987576,30.928854500035186],[121.21136000026388,30.927718900007278],[121.21034960025395,30.92688759998282],[121.20838189980486,30.92485089994915],[121.2070485001882,30.923762800313057],[121.2053878004067,30.922860100413345],[121.20236829965734,30.92187459993289],[121.20216990022072,30.92180980018219],[121.19857599978263,30.921307500041166],[121.19538869992857,30.92031700022943],[121.19442289999688,30.9201590001378],[121.18873760006022,30.91922889969402],[121.18840329957266,30.919221400247466],[121.18425009996224,30.919128500280124],[121.18289959973686,30.91844760017665],[121.1828300003043,30.918362300379897],[121.18210280040398,30.91747100028647],[121.18146849957168,30.91740130012994],[121.17805350036883,30.91727569991366],[121.17381240012219,30.917151099743535],[121.17330509975056,30.917136199775825],[121.17141869981322,30.91733150014869],[121.16808340032867,30.916724199662156],[121.16696289991796,30.916759499851082],[121.16567949990906,30.917236600089097],[121.1642472000483,30.91784770021127],[121.16263730027129,30.91889400025798],[121.16211230034241,30.919774100194616],[121.16122250031822,30.921265699552464],[121.16029559966228,30.921935299674374],[121.15996709980186,30.92205150017662],[121.15844170032426,30.922590999874785],[121.15362310042576,30.92232870000953],[121.15298769972264,30.92204509970162],[121.152634099784,30.9218873001588],[121.15215520000254,30.921169400147733],[121.15210850000733,30.920403800095357],[121.15204010027048,30.919283600058122],[121.15181919979625,30.915666700357974],[121.15162679973707,30.912515600014956],[121.1511817999002,30.9126778997653],[121.15091670044546,30.912769699861826],[121.14837439975884,30.913637099572554],[121.14806020001822,30.912786400272182],[121.14774600027772,30.912778999751083],[121.14770660007957,30.912934200253176],[121.14681930017059,30.91304560017437],[121.1470108000085,30.913575200135426],[121.14633879959604,30.913662400199655],[121.14639840036591,30.91346080007594],[121.14523160015824,30.913499499702198],[121.14521680001542,30.914528899689003],[121.14525300042567,30.914693099706824],[121.14337519980563,30.91533189984733],[121.14215680009636,30.915762100440645],[121.13986779975926,30.916551199778098],[121.13761249971719,30.91727479969228],[121.13754970005868,30.917380399885587],[121.13764899960177,30.917953199680483],[121.13768739975376,30.91829830012648],[121.13764799955561,30.9184385997616],[121.13751129990658,30.918869699676975],[121.1376915995877,30.91920700030289],[121.13797379965115,30.919512099803626],[121.13858660039136,30.920191400013152],[121.13783219959635,30.920651799840755],[121.13717970008315,30.920978699807222],[121.1373848003683,30.921408299653365],[121.13448820007045,30.921831300274334],[121.13305049978078,30.91623469957176],[121.13278390025687,30.91513939996338],[121.13312060013561,30.914110400174877],[121.13304880006217,30.91306009994372],[121.13350929971443,30.91297869960738],[121.13387650010043,30.91284740038725],[121.13442419981698,30.912774999566636],[121.13475679968667,30.912782400087735],[121.13511279991587,30.91275629996335],[121.13526700037187,30.91269279973295],[121.13542909957334,30.912602399880882],[121.13551500011727,30.91248680012575],[121.13556170011248,30.912371099646577],[121.13532260005798,30.911170900416778],[121.13531619958303,30.910776300386033],[121.13521799991088,30.91054159981502],[121.13492110042853,30.90928439975528],[121.13510169958386,30.90890230030095],[121.13537230019153,30.90851340017332],[121.13582890038356,30.908119300165595],[121.13598450018458,30.90798549993093],[121.13610879998123,30.90779119960422],[121.13624580000373,30.90724349988767],[121.13644549985997,30.906695800171065],[121.13646919969392,30.906331500098702],[121.13671210028326,30.905161099904888],[121.1367209001495,30.905014899817843],[121.13666659998364,30.904840999712405],[121.13665530000219,30.90463020042347],[121.13661770024669,30.904178599562783],[121.13658690026534,30.90405269987224],[121.13651520001656,30.903760199873375],[121.13652120029326,30.903648200104385],[121.13658900018231,30.903278799976704],[121.13190750013109,30.903920000407766],[121.13039959966181,30.904115700079558],[121.12978460007935,30.902247399897647],[121.12927869995212,30.902319699994223],[121.12863849956716,30.902477700085853],[121.126778799602,30.902936800393093],[121.1262828001112,30.90305600013437],[121.1264167001707,30.903915699849733],[121.1263819998295,30.903992299605022],[121.1262530001759,30.904094399636904],[121.12624310043884,30.904209400443506],[121.12504279958557,30.904290200032733],[121.12503289984852,30.904852000219705],[121.12127380024572,30.90539309981176],[121.1211755996743,30.905077200352594],[121.11893840028699,30.905315300360883],[121.11764189985388,30.90330680036857],[121.11720130039976,30.903516899984993],[121.11333249969516,30.903687100279512],[121.1125492000856,30.903167900078586],[121.11218669955656,30.90271680014024],[121.11117940040901,30.901735399669008],[121.11006869991058,30.900771800378322],[121.10968949987057,30.90044479968782],[121.10929990007037,30.899975900367565],[121.1092680002181,30.899952199634356],[121.10886349955092,30.899652499663205],[121.10780169968871,30.900456599692347],[121.10787490000666,30.900725700230907],[121.107285700175,30.901044699653198],[121.1068086997617,30.901122900201756],[121.10726689984756,30.902347900035636],[121.10790040028326,30.903814300389683],[121.10893090014099,30.905787000169994],[121.11023559969328,30.9081462996121],[121.11151229975292,30.910613800086878],[121.11265049972087,30.910396700147658],[121.11375529976738,30.912764699631225],[121.11492109992889,30.912523899858115],[121.1153189995722,30.91380970015757],[121.11474500008171,30.9139194003601],[121.11511070039853,30.915222500018388],[121.11687419988448,30.92201979997384],[121.11563730022124,30.922342099908008],[121.11041540025053,30.9237024998705],[121.1098577000729,30.923847799736222],[121.10959340011539,30.922997399910116],[121.1061757002484,30.923934700326186],[121.10607649963083,30.92425379957325],[121.10608149986138,30.924517600407],[121.10579869995013,30.924543199609047],[121.10571440019942,30.924036800358124],[121.1050795004187,30.92411769977207],[121.10484639974163,30.92355600030919],[121.10454469967817,30.92321880040737],[121.10393189983733,30.922865900141232],[121.10057670015465,30.9219337996052],[121.10022949979168,30.92379749975487],[121.0999926003783,30.924404599692593],[121.09989329993596,30.924658999912992],[121.09956599977113,30.925032599874612],[121.0987227000926,30.925995100193745],[121.09719500014921,30.92752680032163],[121.09646099957558,30.928003299812474],[121.09582440007603,30.92844519968628],[121.09266649995902,30.9248303999031],[121.09129270009805,30.92298099987329],[121.09010649971526,30.922202699594948],[121.08996329976651,30.9220974996],[121.08888240010276,30.920573899665783],[121.08764200027815,30.91892320034549],[121.08698880019301,30.918367199886404],[121.0862323003804,30.917937100017184],[121.08432350012947,30.917194599950903],[121.08439919966338,30.91405049993068],[121.08554930035996,30.913804600102253],[121.08553870005107,30.91304240038653],[121.08597039981419,30.912969600266877],[121.08901060025903,30.912945299685873],[121.08939640042365,30.91182480017443],[121.08998029965119,30.91213759967053],[121.09089440025639,30.912248299919156],[121.0912544995955,30.910746899749654],[121.09281889997237,30.910963100366814],[121.09302760024366,30.910309599908146],[121.09344390001604,30.910392899612702],[121.09365220008908,30.909712000408547],[121.09386050016201,30.90974600017779],[121.09397960007857,30.90928639984753],[121.09416809977802,30.909303399732153],[121.09439620022454,30.90856299958284],[121.09393009959444,30.908432999883075],[121.09412840010566,30.90701390027135],[121.09340909985019,30.906864600221184],[121.09233280021863,30.906638999889992],[121.09239230026446,30.90597509967114],[121.09255100002872,30.905983600063166],[121.09266859987599,30.90520889977097],[121.09125870032881,30.90470330001733],[121.0908447999476,30.904583000405182],[121.09061270021596,30.90456489975037],[121.09036780043368,30.90460100033596],[121.09022439993612,30.904580600114627],[121.0898930995869,30.904488200170363],[121.08983409956409,30.904627700308197],[121.08982069966567,30.904775600113908],[121.0898970997714,30.90573169995804],[121.08990119978057,30.906172999983994],[121.08983179999768,30.907096399579245],[121.08917270035988,30.906856500027516],[121.08904789964095,30.906825399672528],[121.08889389973376,30.906805700023085],[121.0887558996651,30.90679730035515],[121.08854439980428,30.906772999774148],[121.08843299988314,30.906761599967922],[121.08832319985584,30.906743400387654],[121.08811710042391,30.906692499659187],[121.08778709959506,30.906639400088295],[121.08759769967412,30.906631799917704],[121.08745000041722,30.90665310036036],[121.08734910008093,30.906688000350982],[121.08722259964327,30.90671380010184],[121.08709689960233,30.906732800078714],[121.08709910024334,30.906708100198728],[121.08721550039513,30.905519100226343],[121.08648790029645,30.90547500017118],[121.08476609967579,30.905387100434382],[121.08469099998968,30.906221000398887],[121.08466689995748,30.906243499637867],[121.08448329976454,30.906316000283255],[121.08293759989033,30.906257600108233],[121.08292830000107,30.90644590015819],[121.08284660019046,30.90658409987634],[121.08272049995117,30.906690299917443],[121.08233519980968,30.906742400341557],[121.08197330002781,30.906802500235244],[121.08162299970172,30.906882600151903],[121.08126340038564,30.906956799616637],[121.08090850002736,30.90704289981005],[121.08055830042531,30.907106999888185],[121.08017300028382,30.907149099851154],[121.07985779959779,30.90719519999851],[121.07965230001366,30.907199200183015],[121.07934409965048,30.90719519999851],[121.07924260036577,30.90700639992548],[121.07926289986301,30.906873800285723],[121.07932790016253,30.906720300401616],[121.07937059997323,30.90654109969205],[121.07754250038613,30.90637000007547],[121.07738720005932,30.90793629982045],[121.07678239968811,30.908125699741277],[121.07647120008585,30.908165799611993],[121.0762064999301,30.9081587003638],[121.07347709978842,30.90775889955364],[121.07267719959316,30.907725499632136],[121.07254629967201,30.907503799660674],[121.07150570042779,30.90743399967937],[121.07118169987564,30.907325699721298],[121.06893700014245,30.90707469983755],[121.06788789960694,30.906957400363808],[121.06811399996116,30.905267600319576],[121.06610769971064,30.90497110013621],[121.066290100208,30.903974500223057],[121.06427419969464,30.90371089993812],[121.0639526003323,30.90551159988047],[121.06367150013966,30.906497200185697],[121.05504980040803,30.90559159997241],[121.05218910014696,30.905361000309995],[121.05139470020526,30.905383999571995],[121.04934760041147,30.905443299968397],[121.04918229962345,30.905426399908492],[121.04773490014554,30.9052785999275],[121.04475900032764,30.90455380031767],[121.04418700003009,30.904505899727553],[121.04269510029872,30.90438080043367],[121.04114020036002,30.904135799927303],[121.04050719994734,30.903859600140493],[121.03811470023334,30.90162260040273],[121.03742490043885,30.90122610010451],[121.0367720996527,30.90167090029189],[121.0365705004283,30.902115699579895],[121.0365705004283,30.902634600306612],[121.03679130017838,30.90371359970294],[121.03672550038164,30.904517599907365],[121.03632480024942,30.906182100223816],[121.03619340030525,30.906768200092415],[121.03661270021598,30.90727479989215],[121.03599640021378,30.90754600034768],[121.03341489987781,30.905182599997033],[121.02988530006655,30.905470999986733],[121.03029229994979,30.906787799917083],[121.03033599980665,30.908362600053977],[121.0264856001304,30.909251800230436],[121.021896699673,30.910976600090066],[121.0194912002587,30.91163690032272],[121.0209403003546,30.91589269998815],[121.02197819983417,30.91880730021677],[121.0228607000613,30.919636100125956],[121.02340870015144,30.922943300293127],[121.02436129983414,30.92399320032598],[121.02433080022627,30.929500099949678],[121.02750310028796,30.942357600223147],[121.02682000044274,30.94253789990421],[121.02697770016084,30.94348440038482],[121.02632080026478,30.943709700342424],[121.02663609987621,30.9451518999403],[121.02611059992432,30.94533219962136],[121.02597919998016,30.944836499604833],[121.0257394002532,30.944881300231884],[121.0255459003231,30.946659300386443],[121.0234862001281,30.946292199825223],[121.01484629991683,30.943516300237093],[121.01455210019935,30.944250399736234],[121.01294719975351,30.94365390010745],[121.01337509988105,30.94195620041836],[121.01206440005205,30.942552700047145],[121.01061239964258,30.945746199827283],[121.0108364999046,30.947956499592806],[121.00708270000666,30.947620199912365],[121.00725080038421,30.950551200177813],[121.01010810030868,30.951079700267996],[121.01178889993787,30.952040699618635],[121.01139670019757,30.952905500288637],[121.00859540015767,30.952953599628984],[121.00775509971811,30.953962600293835],[121.00562609956489,30.953818400298985],[121.00456159993792,30.951992600278345],[120.99851080023336,30.951031699853104],[120.99845469962474,30.95487539958009],[120.9930620004111,30.952482200193458],[120.9928647997707,30.950852500042913],[120.99317059984332,30.950820299817053],[120.99289699999656,30.94752620007415],[120.99306329993146,30.946794699615737],[120.99300970033744,30.9463530002908],[120.99276290028763,30.9462426004157],[120.99182409980244,30.94642199987544],[120.99138960044979,30.9461046003471],[120.99197969960346,30.944995800116146],[120.99397529972032,30.94227200005281],[120.9957374996859,30.940737600160162],[120.99288899962767,30.939729899914994],[120.99300699967341,30.939527500293934],[120.99587699982374,30.940567300040925],[120.99659580005618,30.939987599748008],[120.9960324998001,30.93891549995044],[120.99574280029003,30.93797690001395],[120.99563019977393,30.937231499634038],[120.99559800044744,30.93599839960649],[120.99551750033243,30.932574999836447],[120.99547459997291,30.927651299767717],[120.99541020042045,30.92679079965575],[120.99526539967849,30.921217899686383],[120.99517959985872,30.91556649969425],[120.99495429990111,30.915129299677517],[120.99447149975992,30.914466500228855],[120.99454119991651,30.914038500276604],[120.99492209967525,30.91316870027532],[120.99494890037147,30.912634799756233],[120.99520100012614,30.91190759985591],[121.00044209972316,30.911571599649676],[121.00036700003704,30.91089969996125],[121.00068350024344,30.91088589986441],[121.00043129976473,30.909321000363946],[120.99970180029788,30.90955110000334],[120.99912779990814,30.90794940024466],[120.99890779965529,30.90799539966804],[120.99872010035244,30.907466100080512],[120.99772229984433,30.907728499770485],[120.9965582003008,30.9078803997607],[120.99524400031044,30.908230200063713],[120.99484159956023,30.908248600192792],[120.99461629960263,30.908073700041257],[120.99425150040645,30.90583220009603],[120.99406380020423,30.905740099625973],[120.99165519992755,30.906062299735368],[120.9908397999169,30.906062299735368],[120.98994389979123,30.90560199973254],[120.98936459969661,30.905220000102986],[120.9886511000683,30.904561799787302],[120.98850590002735,30.9041617004022],[120.98850480015642,30.9025475000671],[120.98833540025862,30.90171169983512],[120.9877217001964,30.90067709996822],[120.98621560016988,30.898147600231596],[120.98631760037699,30.89784840028352],[120.9867842999555,30.89749399994821],[120.98873689988807,30.89660550034364],[120.98913929973901,30.896375399804924],[120.98890319982286,30.895721699696708],[120.98875839998027,30.894359199817245],[120.98875299955137,30.89359960004157],[120.98891389995663,30.892066700218095],[120.99046689962779,30.892096599978174],[120.99891320008419,30.89129330034558],[121.00152300028628,30.890890500296393],[121.00338449979495,30.890439400358105],[121.0049669999272,30.889670599618512],[121.00568580015965,30.889159600335347],[121.00396549960817,30.887129200052584],[121.00266559973772,30.885660900330322],[121.00409259989362,30.88551349964837],[121.00596480043521,30.884684900287994],[121.00660850008228,30.884477700085824],[121.0070645004264,30.88440859977709],[121.00942479991465,30.88522809979702],[121.00941940038513,30.88505779967778],[121.0092477998461,30.884767699969416],[121.0090975995746,30.88464340017282],[121.00917799986485,30.884113999861256],[121.01359560015692,30.884967999673506],[121.01386920000368,30.88420379986553],[121.01425009976231,30.883867699834525],[121.01404620007213,30.883619100241333],[121.01420720030217,30.883471800283417],[121.01405159960166,30.883269200113546],[121.0147168002402,30.882739799801982],[121.01465780021738,30.882638500166706],[121.01669090026485,30.881086999665342],[121.0165299998597,30.88092119975363],[121.01695909968282,30.880603499851702],[121.01672309959145,30.880318100000352],[121.0162134996533,30.88058049969038],[121.01561800007073,30.879848500108267],[121.01528540020115,30.878766600398365],[121.01738289980108,30.877242600265845],[121.01679279974792,30.87654740004251],[121.01622960021598,30.876957099690458],[121.01576820034222,30.876427700278214],[121.01692690035622,30.87555290004633],[121.01591839971445,30.874590600276008],[121.01434260043072,30.875609300129156],[121.01412799970751,30.875392899862504],[121.0137418002439,30.87566460034111],[121.011343900101,30.873357799722726],[121.01277080043212,30.872413900081483],[121.01315709972039,30.872013399598757],[121.01368819975073,30.87125360017359],[121.0127439997359,30.869701900022733],[121.0122236996641,30.86974340013785],[121.00979899972413,30.866791899826353],[121.0104050996157,30.866336000206275],[121.01031929979592,30.866193300280656],[121.01108110021266,30.86565450025506],[121.01173009956449,30.865032899648668],[121.01023349997615,30.863269300338004],[121.01129560021184,30.862642999874595],[121.01019590022065,30.861335200359235],[121.00934829998414,30.86185100022351],[121.00944489976234,30.86200760007074],[121.00906940043251,30.86223320040193],[121.00834519977127,30.861312200197915],[121.00873140013402,30.86110039996356],[121.00661789979631,30.858194700325214],[121.01047489959706,30.85654149999027],[121.00828619974834,30.854174399828764],[121.00742790027743,30.8547177998866],[121.00755659955746,30.854989500365207],[121.00592580043542,30.855846100117503],[121.00461690014993,30.854165199764225],[121.00346220032031,30.854599199993118],[121.00252349965979,30.85324990036264],[121.00217480012702,30.85246700005206],[121.00235180019547,30.852347300287704],[121.00222310001607,30.8520616998876],[121.00241080021829,30.851965000284565],[121.00229280017265,30.851711699935038],[121.0020834002288,30.851830399653295],[121.00106969970693,30.849740600048676],[121.00079609986017,30.84982809958717],[121.00053730015634,30.849470000340318],[121.00014570026394,30.849552899846515],[120.99935180034538,30.84826339973614],[120.99902460000533,30.848360100238494],[120.99877240042599,30.848198900359023],[120.99823599979163,30.848470699763027],[120.99836469997103,30.84899569969184],[120.9980858004194,30.849074000065116],[120.99774510035616,30.848341700109415],[120.99746619990526,30.84845219980923],[120.99722480028436,30.84804700036881],[120.99701019956115,30.848185100262242],[120.99684389962636,30.84802390038277],[120.99707460001287,30.847881199557776],[120.99657300044373,30.847356099804188],[120.99617070041757,30.84592839997572],[120.99539819986705,30.846144900067145],[120.9940409996924,30.84653630031005],[120.99349379999899,30.846752800401475],[120.99319340035515,30.84610339995197],[120.99275890010324,30.845122399679042],[120.99260330030211,30.844321000313982],[120.99268380041713,30.844228899843927],[120.99245450027502,30.843859300066697],[120.99303779965476,30.84361629965258],[120.99295199983499,30.84330769999042],[120.99283399978935,30.843335400008755],[120.9926569997208,30.843155800000204],[120.99223319960254,30.843215600419683],[120.9909188997874,30.840180400205384],[120.9892559004395,30.84084819988459],[120.9887066997544,30.84093589997184],[120.98705649955787,30.839088800407865],[120.98427780038026,30.83501710005919],[120.98545260005756,30.83466700028191],[120.98561889999235,30.83489270043782],[120.98631629995737,30.83448740027336],[120.986434300003,30.834644000120534],[120.98812410004723,30.833907000307875],[120.98520050030288,30.830489099892077],[120.98838949987555,30.8290680001881],[120.98576910026384,30.825721399822783],[120.98891260043627,30.824256500437173],[120.9899264997083,30.823491799706858],[120.99172359966451,30.82577210000244],[120.99096719967656,30.826265000429487],[120.99143390015445,30.826822400233652],[120.99201330007384,30.82657360009165],[120.9922493001651,30.82688689961077],[120.99252819971673,30.826794800040034],[120.99413760036998,30.828936799893427],[120.99362800043195,30.829263799684668],[120.99455590023467,30.830470699763055],[120.99481889977244,30.83036940012778],[120.99521580026908,30.83089449988131],[120.99566099975539,30.830862199830733],[120.99638120023224,30.831727100325452],[120.99676750041988,30.83159809977252],[120.99678360008318,30.831750099587452],[120.99789400020802,30.83125720005978],[120.99747020008977,30.830299100123398],[120.99846129974924,30.829761300143957],[120.99918550041059,30.828678799686884],[120.99946980039101,30.828443900365755],[120.99973260027934,30.828526799871952],[121.0001940001531,30.82951259982667],[120.99977020003473,30.829696799867463],[120.99988820008048,30.82989489982981],[120.99960390009994,30.829973200203085],[120.9997809001685,30.83040160035364],[120.9990298997102,30.830751700130918],[120.9992445004334,30.831175500249174],[121.00077869977724,30.830535200039492],[121.00131200044848,30.831513499648338],[121.0055259996252,30.83573199993191],[121.00671710041388,30.836942400171665],[121.00693160041305,30.836947000203963],[121.00711940044005,30.83751820010491],[121.00800449970791,30.837080599889816],[121.00814399984574,30.837306300045782],[121.00765049957101,30.83777609958736],[121.00782749963946,30.83793730036615],[121.00836929980346,30.83752740016945],[121.00914180035386,30.837826799767072],[121.00943679956868,30.837329300207102],[121.01035409996177,30.837614899707887],[121.0110569003557,30.836099499792113],[121.01482269990777,30.8348052],[121.0171133001387,30.833934599602117],[121.0183632004015,30.83369050021645],[121.02181649993156,30.832235100369644],[121.02411389993665,30.831378100419045],[121.0253208998397,30.831004999581126],[121.0290598995947,30.825979400029325],[121.03067989965768,30.823026500372748],[121.03152210036467,30.822330899951112],[121.03222489985933,30.820686299832914],[121.03171529992119,30.820234799696323],[121.03257889999634,30.81842889987388],[121.03313419988353,30.81701690040967],[121.03373500007024,30.817371600219246],[121.03389059987137,30.81694310024392],[121.03339709959653,30.816763500235425],[121.03349360044933,30.81650550002888],[121.0367015001741,30.8171735002569],[121.0374256999362,30.817436099596364],[121.03877760040598,30.817707899899688],[121.0405317001779,30.818233100377313],[121.03901900002688,30.822457600038263],[121.0376349002305,30.82207520021035],[121.03691069956915,30.823871800143536],[121.03662109988386,30.82379349977026],[121.0367015001741,30.823599999840155],[121.03655670033152,30.823489500140397],[121.03688389977219,30.822766199700425],[121.03704490000223,30.82281689988008],[121.03731310031935,30.82199689983713],[121.03429289989742,30.821089400255687],[121.03355259957289,30.822789299686463],[121.03500099999621,30.823203899740236],[121.034550400081,30.824346300441448],[121.03480790026447,30.824673400057407],[121.03485079972472,30.824912900310153],[121.03419100041435,30.825884900168035],[121.03568769982758,30.826516000313234],[121.03586600031576,30.8262293000422],[121.03603769978008,30.826339799742016],[121.03591430020481,30.82657939981948],[121.03635960041527,30.8266023999808],[121.03681020033059,30.826574799787238],[121.03709450031101,30.82687420028418],[121.03768990006893,30.8276020000323],[121.03603230025055,30.829016200137573],[121.03594650043067,30.82921890013216],[121.0360381998031,30.829447399877665],[121.03821930038043,30.830538399827333],[121.03881229984779,30.83052030007184],[121.03997700013849,30.82892010038239],[121.0404557002704,30.828453999752355],[121.04310820028331,30.8272349003704],[121.04362190023062,30.827363200351442],[121.04376749957055,30.827574499663456],[121.04465869983915,30.828044999776978],[121.04490509969071,30.828334399812775],[121.04489429973216,30.828638500166676],[121.04465690029576,30.82908369965304],[121.04426130021886,30.82938470004393],[121.0433863003376,30.830974900171555],[121.04372510013332,30.831447600026763],[121.04298849961958,30.833078700421765],[121.04500469960726,30.834226499753186],[121.04725069976007,30.83534879970739],[121.04919430017685,30.836460500251917],[121.0511681996528,30.83760540016914],[121.05229060033105,30.8379872001492],[121.05689320016108,30.84071300030479],[121.05636350037526,30.8415238002832],[121.05628500035255,30.842005399829418],[121.05629719965611,30.842403400196815],[121.05630539967456,30.8432865002718],[121.05617930033452,30.843872899614666],[121.05601760043203,30.845205300084558],[121.05725910012745,30.84564250010135],[121.05637419960965,30.847267399670784],[121.0560684004364,30.847037100381954],[121.05595570009552,30.847295099689177],[121.05830569964837,30.848594700085414],[121.06114320009863,30.850253999622453],[121.06177199977799,30.85058760043745],[121.06247359957706,30.850852699892243],[121.0669116000903,30.850768900164667],[121.06720129960036,30.85107289979453],[121.07035559973122,30.850962300269998],[121.07212530004267,30.85096990044059],[121.0759390001848,30.850798799924746],[121.07602360030899,30.850796100159926],[121.07755840039988,30.85135929969198],[121.0785680000132,30.851826500192885],[121.08054570002412,30.853032900248195],[121.0820066001246,30.853742299867292],[121.0851590998127,30.855210099566477],[121.08523809985843,30.855260600096642],[121.08554699989418,30.85539810014228],[121.08877000013547,30.85705140030194],[121.09212119963377,30.858711699885077],[121.09271069983902,30.858986100128448],[121.09385869971925,30.857705899907387],[121.09331150002572,30.857360499987124],[121.09446490033497,30.855900699757512],[121.09545189998528,30.856430299718625],[121.09557529956044,30.856287499968175],[121.09570940016874,30.85636580034145],[121.09605809970162,30.85587309956395],[121.09510319955302,30.855361899731918],[121.09518369966804,30.855214499949284],[121.09510859998193,30.855168499626586],[121.09616860030076,30.853944900037163],[121.09658230013315,30.85343959975779],[121.09676950031223,30.853189699744917],[121.09690889972603,30.85298699975027],[121.09694229964748,30.852883199999724],[121.09709609990512,30.85221879975785],[121.09789009964845,30.852444499913815],[121.09812609973983,30.852057699703153],[121.0993975000946,30.852596499728747],[121.09962869960486,30.852111999868953],[121.09994719990345,30.851874800081987],[121.10027509991596,30.85196229962048],[121.10037700029841,30.85170909999505],[121.10148209981912,30.852084399675334],[121.10187640037566,30.85219259980869],[121.10287150021963,30.852441300125975],[121.10336970035144,30.852684699839074],[121.10602039992159,30.85354889976196],[121.1066541998315,30.853850300351155],[121.10677219987724,30.854522700062603],[121.1071799003322,30.85482659986775],[121.10722279979245,30.855135099705137],[121.1079416000249,30.855397600119204],[121.10754470042764,30.85575680013625],[121.10855320017015,30.856304900051157],[121.10948519998203,30.85547019968999],[121.10885759999826,30.85500970003767],[121.10886389974928,30.85490480041625],[121.10920419961417,30.85463800034347],[121.10956899970961,30.854301799588427],[121.10969230035948,30.854310999652967],[121.10992299984662,30.85420970001769],[121.1107973998802,30.853698500185715],[121.11153770020474,30.853215000372018],[121.11215999958438,30.852874199584676],[121.11257649990557,30.852543199609045],[121.11329530013802,30.852239299803898],[121.11383179969789,30.85201130008147],[121.1142708999821,30.85179189967647],[121.1156174000231,30.851019700398922],[121.115858799644,30.85144339979314],[121.11580520004998,30.851554000216993],[121.1158426999807,30.85164609978773],[121.11574620002716,30.851738200257785],[121.11615389958286,30.852171099716543],[121.1171630998972,30.85121919970635],[121.11739909998857,30.85079550031213],[121.11760289985398,30.85019680004234],[121.11932490012407,30.84957509961123],[121.11756730019079,30.847728099871972],[121.11569559967222,30.84529839970145],[121.11548369961315,30.843744099610547],[121.1157733001977,30.841220500325903],[121.1155623003599,30.840620800009958],[121.11538859990401,30.84005310027044],[121.11518170007548,30.839448100249683],[121.11324679970016,30.837511599980417],[121.11378919971185,30.836981599821],[121.11468390014193,30.837117900170995],[121.11446690002742,30.837543400007974],[121.11487980036259,30.837633299836966],[121.11463949971323,30.83804599962326],[121.11530099964148,30.83827579978839],[121.11561749984776,30.83754809986499],[121.11592320009572,30.83757110002631],[121.11552629959908,30.838335700032587],[121.11561949994007,30.838476300041293],[121.11586370004977,30.838397200170675],[121.11695729993949,30.83830299978365],[121.11793770036468,30.83815409993184],[121.11880560009843,30.838092599793697],[121.11960820005845,30.83814199955367],[121.12041509967719,30.838275699963617],[121.12145600019437,30.83824690007441],[121.12210329982747,30.838035599863076],[121.12275099965893,30.83774390026082],[121.12345880028352,30.837619300090694],[121.12407110010122,30.837759099702737],[121.12453469971672,30.837759099702737],[121.12493470017637,30.837607099887805],[121.125373500087,30.837376199851803],[121.12581589998388,30.83707540000978],[121.12717849968806,30.838925999735125],[121.1273767003745,30.837993099701862],[121.12827569956391,30.83714829995415],[121.1294911998591,30.836233700225137],[121.1300129001753,30.835390100173015],[121.12802269958797,30.834339899766633],[121.12833919979425,30.83371350037777],[121.12952469960521,30.83312850038004],[121.12975539999172,30.832889000127295],[121.12932620034394,30.831889400075795],[121.12978760021758,30.831760400422183],[121.12970710010268,30.831120200037276],[121.12995390015249,30.83110630011572],[121.12990019983442,30.830346300141684],[121.1316919002611,30.830148200179337],[121.13209409956312,30.83045260000756],[121.13141830041434,30.831557800252313],[121.13128960023494,30.831677500016667],[121.1316919002611,30.832119700264002],[121.13255560016091,30.83298109969803],[121.13298009995174,30.83268510043706],[121.13289359956002,30.831760400422183],[121.13290519991506,30.830152200363784],[121.13349970035097,30.828832599944576],[121.13348910004197,30.828405299664894],[121.13322079990007,30.827481099673037],[121.13299010041283,30.826979000080826],[121.1323248997744,30.826891499643068],[121.13064050015896,30.824528299841234],[121.12953880007558,30.822891100244135],[121.12888760008275,30.822234599647118],[121.12796740027534,30.82149299980216],[121.12704160038959,30.818636299725483],[121.12678529990171,30.818398900289083],[121.12565279983687,30.817760600171596],[121.12556080009097,30.817547899715862],[121.12458589991945,30.81328659979681],[121.12347780026039,30.812154900128576],[121.1235975998494,30.809582800405963],[121.12266579968696,30.805575399784914],[121.12254349998261,30.80256769993946],[121.12206429982768,30.800651300417258],[121.12206429982768,30.798156099924142],[121.12186970002665,30.796535400188645],[121.12137550007935,30.794914800277866],[121.12161510015676,30.793795700111502],[121.12204939985997,30.791827700188264],[121.12198949961578,30.791300299968896],[121.12161889979245,30.790733700100247],[121.12175300040076,30.790397299695655],[121.1216081996588,30.78944799962551],[121.12197299975423,30.787272900224195],[121.12230020009417,30.7854157003743],[121.12238060038442,30.78419440035134],[121.1223216003616,30.784005399729438],[121.12246109960017,30.78353999967129],[121.12248790029639,30.782880900033547],[121.12258989960424,30.782756500412233],[121.12256840041141,30.780866899787668],[121.12502910021283,30.780211699610277],[121.12775560004093,30.779299000148796],[121.12846499966008,30.77965379978309],[121.12906849961166,30.77938999984866],[121.13057199969808,30.779631000170582],[121.13118080025379,30.779658299990615],[121.131579299745,30.779566099695785],[121.13191720021871,30.779884099971298],[121.13231950024476,30.780105299919683],[121.13306520009894,30.780566199770362],[121.13325829983069,30.780547799641283],[121.1338751996808,30.780612299917777],[121.13361239979247,30.77970900017027],[121.13459940034215,30.779460100203494],[121.13472820034622,30.77971820023481],[121.13608000009197,30.779326399793547],[121.1359942002722,30.778842499781604],[121.13670760007574,30.778745700353852],[121.13679880032441,30.77922510015827],[121.13640720043202,30.77934949977964],[121.13679349972028,30.780441800148992],[121.13798439996015,30.780179100085434],[121.13811310013955,30.780409500098415],[121.13848860036865,30.780386499937094],[121.13879440044127,30.781151500141675],[121.1391698997711,30.781713800351667],[121.14046259966926,30.781525500301655],[121.14267550027421,30.78161650000152],[121.14625430019589,30.781197999588073],[121.14751429984517,30.781197999588073],[121.14840369967112,30.780934300377737],[121.14978070021925,30.779902500100377],[121.15078600017387,30.779515199866637],[121.15109299994208,30.779405999687185],[121.15178699957039,30.779455500171252],[121.15290359962148,30.779769899561245],[121.15318950039523,30.779733500400766],[121.15442830032589,30.77905120005289],[121.15624939959014,30.778841999758527],[121.15630240023563,30.776767899618903],[121.15622469971015,30.775527599619068],[121.15628910016187,30.77541919983628],[121.15670220014647,30.77554139971585],[121.15870309996819,30.77741260021139],[121.15943270015907,30.77745410032651],[121.1609717000839,30.77739560032677],[121.16198820019531,30.77771399990121],[121.16437729957283,30.778061300089007],[121.16475279980193,30.778183499968577],[121.16492579968599,30.778956600366882],[121.16517790033993,30.77914090023239],[121.16543009991926,30.779191600412105],[121.16633670017859,30.77836669996327],[121.16604160023974,30.77802559970172],[121.16627770015577,30.777841200011437],[121.16573320022712,30.77731350031786],[121.16641399960645,30.777077199852954],[121.16718960011997,30.77682729984008],[121.16765280043649,30.777122700152518],[121.16818200019918,30.776689000297154],[121.16944800012516,30.775873200088142],[121.16985039997599,30.77538010001166],[121.16977530028998,30.77467030019426],[121.16984500044646,30.77460110006075],[121.17163669997376,30.77521409955108],[121.17246280011818,30.775564399877226],[121.1727826997618,30.775753600148562],[121.17371449992424,30.776017400082992],[121.17418040000553,30.7760765997553],[121.17475739963436,30.776231200409597],[121.17529209965073,30.776467699624675],[121.17607020027958,30.776497100260997],[121.17703600021127,30.776748000320026],[121.17792699993117,30.777275500364112],[121.17823489992077,30.777449500294267],[121.17850320006266,30.777311199852022],[121.17890769983057,30.77720470033671],[121.180420099608,30.778034500291994],[121.18070460013723,30.778214600323622],[121.18139339988556,30.77903150040345],[121.1816180001706,30.779687599902843],[121.18162549961721,30.780575300010128],[121.18165540027655,30.781057699952953],[121.18197739983725,30.78135360028847],[121.18243409985394,30.781610800098406],[121.18287580007814,30.78170730005189],[121.18329509998898,30.781752300328435],[121.18380419990399,30.781475800168096],[121.18468300032032,30.781002899764076],[121.18493510007488,30.78104899991149],[121.18512819980663,30.781320900039532],[121.18556270005865,30.78244999976772],[121.18633469968665,30.78320599955731],[121.18641030029517,30.78308140028645],[121.1867316001833,30.782131799842716],[121.1871357995775,30.781405000140694],[121.18782460022521,30.780517399858184],[121.18861519963184,30.779334900185574],[121.18901210012837,30.778781499666536],[121.19125050011053,30.776691200038897],[121.19253829960292,30.77555259987264],[121.1935396002724,30.776034499792388],[121.19406000016897,30.77608989982906],[121.19595229965898,30.775899999885155],[121.19637909991559,30.775919300235557],[121.19651380037169,30.77599010026296],[121.19602719969555,30.77755320022004],[121.19572770027321,30.778209299719435],[121.19590740010653,30.77869169966226],[121.1954281999515,30.779450699590143],[121.19496399958894,30.780415500375113],[121.19487240004128,30.78141999993312],[121.19479299979719,30.782984599959377],[121.19430599982206,30.78377599976261],[121.19548660012651,30.784180700079276],[121.19512130000805,30.7849539003023],[121.19502070004535,30.785417800291327],[121.19727590026264,30.786591199724114],[121.19819460000087,30.787158799638917],[121.19837160006932,30.78695599981961],[121.1997396002024,30.787389199651898],[121.20167609957241,30.787932999908094],[121.20175659968743,30.788177299842573],[121.20201939957565,30.78825100018355],[121.2048093996342,30.788245599754703],[121.206302300311,30.787918099940384],[121.20675760008328,30.787881699880586],[121.20753049993266,30.788318300049582],[121.20830339978215,30.788281899989727],[121.21026219964085,30.788318300049582],[121.212109899952,30.788297100330965],[121.21437900009084,30.788297100330965],[121.21435759982342,30.78816799995326],[121.21302189974097,30.787946800004875],[121.21371919988121,30.786674899626973],[121.21469550029713,30.786997499934728],[121.21525879965395,30.78582699991614],[121.2152159001937,30.785628800129075],[121.21524810041956,30.785439800406493],[121.21590789972981,30.78555969982034],[121.21599370044896,30.78518180019995],[121.21550020017412,30.783522700312403],[121.21520520006004,30.782891299793675],[121.216016800435,30.7826059997671],[121.21618630015769,30.782214800073007],[121.21666800042794,30.78139609955042],[121.21720800014918,30.780354600084763],[121.21773739956143,30.779208399747915],[121.21803920034893,30.778744499758886],[121.21841240011224,30.778100899936646],[121.21957720022772,30.778752599952554],[121.21967370018115,30.779056800131286],[121.22020480021138,30.779374800406742],[121.22037580000324,30.77922810029662],[121.22097190033298,30.778586700216067],[121.22158859963417,30.777208400147572],[121.22198650017685,30.775472199582396],[121.22320940009376,30.775231200159794],[121.22351639986198,30.77501739983319],[121.22378289956123,30.774410999568033],[121.22192140005268,30.77347079973765],[121.22236229988027,30.772995900140756],[121.22363509958029,30.771825099748582],[121.2244436998169,30.7706929998821],[121.2249577001378,30.769566799568224],[121.22557459998791,30.767520299622163],[121.22581060007917,30.767013199799408],[121.22631540033547,30.765726600002665],[121.2264351999246,30.7638737996362],[121.22664480041726,30.762021000169057],[121.22731860037322,30.76015529992719],[121.22743069996693,30.759289900308715],[121.22819250038367,30.759354399685833],[121.22826760006978,30.759197700013885],[121.22874499978195,30.758662900172737],[121.22811739979818,30.75801759973251],[121.23079399984329,30.75681450018908],[121.23223430007295,30.756081999684568],[121.23148779982216,30.755417799991505],[121.23192189987583,30.755213000079948],[121.23263130039425,30.755868200257282],[121.23427040025888,30.754956599767297],[121.23400210011687,30.75457860032219],[121.23433469998645,30.754357299649712],[121.23473170030775,30.754763000012474],[121.23731739957839,30.753596600003164],[121.23659850042054,30.75290509959075],[121.23708670009125,30.75256860026076],[121.2372637001597,30.752633099637876],[121.23770359994126,30.752485600030468],[121.23837949981407,30.753126400263227],[121.24009029992749,30.75242869992462],[121.24349969995126,30.750263100062057],[121.24593800033847,30.749212399632597],[121.25161350036285,30.746418500113748],[121.25219290028224,30.746008199718688],[121.25343130001454,30.74483969979235],[121.25483749975092,30.742766999897185],[121.25729010025793,30.74019449997627],[121.25898689972576,30.738910199745987],[121.26086449979687,30.73699680036208],[121.26130970018255,30.73701979962408],[121.26165839971543,30.73648959981523],[121.26218949974566,30.736641700354255],[121.26198030035061,30.737135099905004],[121.26343940000834,30.737522400138687],[121.26414809995492,30.73704140044032],[121.26504330040802,30.73512009961297],[121.26693159971364,30.735631900192118],[121.2669477002762,30.735502799814412],[121.26597139986029,30.73523539989384],[121.26614310022399,30.734765100329184],[121.26529549998736,30.73450230044085],[121.26570850014718,30.73369990013032],[121.26486630033958,30.73339560012687],[121.26505940007132,30.73278240008773],[121.26448009997671,30.732643999820766],[121.26460349955198,30.732335099785075],[121.26432450017558,30.732247500421863],[121.26438889972803,30.7320722998968],[121.26548320018958,30.732362699978694],[121.26574609990269,30.73171259985662],[121.26551009981131,30.73159270044283],[121.26612699966142,30.730306199571487],[121.26567100021657,30.730149400074822],[121.26575680003634,30.730006499600336],[121.26478049962043,30.729628400330455],[121.2648556002058,30.729347099589006],[121.2658211995888,30.729628400330455],[121.26601430021981,30.729457700012915],[121.26661510040663,30.72968369964309],[121.26688870025339,30.72890440021797],[121.26534909958139,30.728318800372392],[121.26545640039262,30.728120499861234],[121.26576219956587,30.72823120010986],[121.2661966998179,30.72772849977048],[121.26611089999813,30.727281200367145],[121.26873939980351,30.724542100137853],[121.26582660001759,30.723034099843858],[121.26555300017094,30.72305259979771],[121.26473219973127,30.72260990042662],[121.26505410036646,30.72186280032804],[121.26534639981651,30.72139009957351],[121.265421500402,30.721039599597873],[121.26560930042888,30.720716799640627],[121.26522029957721,30.720410899743285],[121.2654149002775,30.720092299619978],[121.265422399724,30.7195999999401],[121.26348330041401,30.718563700354537],[121.26198519985712,30.717816399707147],[121.26234460042303,30.71677369964658],[121.26367149973998,30.714748900341533],[121.26273449969744,30.714407499706397],[121.26263649967473,30.713909099925047],[121.26149300000202,30.713472099557805],[121.26200119969565,30.71253449966747],[121.26082589999533,30.712070300204232],[121.26186359982535,30.71068659970689],[121.26158830025986,30.709739899576732],[121.26221299993006,30.70820139967492],[121.26319770001396,30.708566699793437],[121.26320819959881,30.708330000029548],[121.26310549971913,30.706734000174038],[121.26309540033253,30.706577000128505],[121.26353060025701,30.705467299676172],[121.26345549967164,30.70540269957496],[121.26358960027994,30.705158299815707],[121.26393829981271,30.705204399963122],[121.26396509960978,30.705029099613284],[121.26409920021797,30.705038400401918],[121.26413140044383,30.704918400264035],[121.26479660018299,30.70492770015329],[121.26486630033958,30.7048492999553],[121.26503260027437,30.704886200038175],[121.26505940007132,30.70469699976678],[121.26518820007539,30.704710899688337],[121.26525249980307,30.704507900219483],[121.26534139958596,30.704497799933563],[121.26549929985288,30.7044941001227],[121.2655637003046,30.704281899689988],[121.26565489965401,30.70426809959315],[121.26572459981048,30.704046699995274],[121.26630399972987,30.704208100423557],[121.26643269990927,30.703935999746648],[121.26589630017418,30.703783800282224],[121.26592309997113,30.70356239978497],[121.26568709987987,30.70347480042176],[121.26574609990269,30.70329950007192],[121.2660088997909,30.703364100173133],[121.26608269995666,30.703199199583423],[121.26577560036378,30.70311730012338],[121.26624630012668,30.701801600063845],[121.26564549993998,30.700722199569896],[121.26668619990824,30.699850500200455],[121.26702949991159,30.69938920015153],[121.26794010035542,30.692122900151787],[121.26734469969824,30.69065589994989],[121.2673913799083,30.690569620791393]]]}},{"type":"Feature","properties":{"district":"长宁区","district_en":"Changning District","source_shape_id":"62558664B73657719469436"},"geometry":{"type":"Polygon","coordinates":[[[121.40795540042143,31.192983599813317],[121.40861030022529,31.192955299947187],[121.41016420011783,31.192899899910515],[121.41022689995157,31.193439000309695],[121.41131210017329,31.19324140037037],[121.41147330005276,31.194270300334153],[121.41214879972733,31.194218100085322],[121.41211399956148,31.193957199565148],[121.41199190040595,31.193893800058902],[121.4119350003001,31.192825300247478],[121.4144680001981,31.192726300178663],[121.41498899994247,31.192751799555936],[121.41585670002678,31.1929020996522],[121.41643609994617,31.19314080040766],[121.41691890008724,31.193517000309384],[121.41734799991036,31.194104399698347],[121.41747679991443,31.194453199955262],[121.41747679991443,31.194930400017995],[121.41750890031551,31.19638960039981],[121.41772350013946,31.197068700060527],[121.41822780037273,31.197839599817712],[121.41882859966017,31.198766499574333],[121.4192685003411,31.19928960013499],[121.41979419994243,31.199629200327365],[121.42243349970636,31.200794700115352],[121.42908539997131,31.203410100395843],[121.43044789985072,31.203960700426023],[121.43144570035884,31.204593899588872],[121.43172149994734,31.20482769993845],[121.43278319998478,31.20552640032315],[121.43326810004282,31.205828999708615],[121.43279619968496,31.207149000326183],[121.43263649987466,31.207621899830883],[121.43245429992601,31.208183600193024],[121.43221650029136,31.208692299909785],[121.43178750029301,31.209610299975395],[121.43149090028487,31.210244900281964],[121.43144819957479,31.210336300180188],[121.43107110035112,31.21117559967422],[121.43097150043445,31.211530099834306],[121.43073040028776,31.2123876996327],[121.43057369971655,31.212971400110064],[121.43087439973385,31.213008599667205],[121.43098440030985,31.213022200114494],[121.43174069957365,31.21306120011434],[121.43202189959106,31.213108400132626],[121.4324864003272,31.213235600242797],[121.43287240014126,31.213393899808693],[121.43322130022284,31.213623199950746],[121.4341734997073,31.21446279981842],[121.43437469963271,31.21473810028317],[121.43451950037468,31.21494910012092],[121.43453789960449,31.215000900171447],[121.43460809978399,31.215199199783285],[121.43470199979754,31.215605599818616],[121.4347880999909,31.216202899844006],[121.43479859957574,31.216275399590074],[121.43464209955334,31.216295399613045],[121.43433020027862,31.216668499551645],[121.43403680005838,31.217280099696893],[121.43313799961902,31.21913030012331],[121.43307999964236,31.219239699952254],[121.4330156000899,31.219361100334538],[121.43229510013884,31.2206743002788],[121.43216229995028,31.220990599936272],[121.43200420003382,31.221367899708866],[121.43195509974817,31.221522799837373],[121.43189110039407,31.221687200404006],[121.4315533995698,31.222554600114734],[121.43153489961594,31.22263329978699],[121.4315238001833,31.222705199685265],[121.43152030002193,31.222786099998586],[121.4315115001557,31.22289139981831],[121.43134100038696,31.224030800381172],[121.43124150029507,31.224696799617675],[121.43109599988054,31.22522479968478],[121.43084049978927,31.2261522003638],[121.43086490019505,31.2268785000428],[121.43028719999438,31.227340700313107],[121.4297063998306,31.22774749964742],[121.42956150016312,31.22766839977686],[121.42864269970084,31.2271039996499],[121.42773160013326,31.226591399573465],[121.42761179964486,31.226531299679777],[121.42749059981145,31.226485200431682],[121.42734560031931,31.226442700270468],[121.42705720032961,31.226376100077005],[121.42677669998477,31.226324600400062],[121.42639230006466,31.22627409986984],[121.42600420033364,31.22622920031739],[121.42591230041239,31.226210999837804],[121.42583109972554,31.226187100354423],[121.42572460021017,31.226148100354578],[121.4256144998094,31.226099400267174],[121.42550059977293,31.22603649988463],[121.42540140005462,31.22597139976034],[121.425308599912,31.225905199765236],[121.42517229956206,31.225795799936293],[121.42505760002825,31.225684400015098],[121.42476819999251,31.225293399970496],[121.42466099990531,31.225169199998618],[121.42454309968434,31.225039800146703],[121.42445269983227,31.224956799916413],[121.42441250013678,31.224921599552204],[121.42327459964315,31.225939800281594],[121.42313849984191,31.226055200387236],[121.42320340031677,31.226161000230036],[121.42324159991995,31.226295799611535],[121.42328800044095,31.227015500065306],[121.42325370029812,31.227660599956778],[121.42290559971377,31.231090000003576],[121.42282389990316,31.23110299970375],[121.4225712003007,31.231140899832724],[121.42246960029183,31.23115479975428],[121.42198749982333,31.23122080009989],[121.42180389963028,31.231246000002955],[121.42169459962611,31.231252699952165],[121.42158529962194,31.231253299800017],[121.42147119993604,31.23124590017818],[121.4213732997381,31.23122700002608],[121.42126520032878,31.231190799615774],[121.42116329994644,31.231146800284648],[121.42063830001757,31.23086870023036],[121.41994140007557,31.230499599576888],[121.41983310011756,31.23044569960939],[121.41968840009963,31.230393199886294],[121.41961009972636,31.23036029998792],[121.41953750015557,31.230317500352385],[121.41940539963957,31.230572100222275],[121.41884239975695,31.230089599555413],[121.4184306001921,31.22970790029939],[121.41821150016062,31.229480299876002],[121.41788429982068,31.229100499988135],[121.41708570004505,31.228069199733852],[121.41690109980595,31.227846499716236],[121.4166870998298,31.227624000247488],[121.41644730010285,31.227420499856237],[121.41618040020535,31.227252000179703],[121.41589200021565,31.227122299954203],[121.41567740039181,31.22707700020345],[121.41545840018512,31.227071900148132],[121.4152517998308,31.227101799908212],[121.41507469993746,31.227158600189284],[121.41489490027948,31.227261200244243],[121.41456819996256,31.22751930027556],[121.41318579988479,31.228852100044435],[121.41224159986996,31.229769600087025],[121.41134040003953,31.23039340043516],[121.41069670039246,31.230466800402553],[121.4102141997256,31.23041720009377],[121.41022460038505,31.230209900066882],[121.4105679003884,31.22947600021729],[121.41122370041353,31.228172899659626],[121.4114577004126,31.227250299561717],[121.4114261998593,31.22646680030266],[121.4112622003903,31.226209999791706],[121.41091120039164,31.225842900129805],[121.41000999966184,31.225439299684012],[121.40831849989888,31.224776699884842],[121.40722049962642,31.224521799641366],[121.40578580037447,31.224362400204654],[121.40479390031828,31.22433079982659],[121.40353530001414,31.22399009976334],[121.40227719973302,31.223373799761077],[121.40114850020313,31.22290150010417],[121.40028159961616,31.222641200331168],[121.39926630009973,31.222445099561753],[121.39838930012615,31.222418600138326],[121.39714240000183,31.222473099953675],[121.39637389963582,31.222631500243608],[121.39602139956799,31.222674399703862],[121.3957251997582,31.22262869975475],[121.39549429972226,31.222522800087233],[121.39529729963078,31.222309200309383],[121.39523020031356,31.222053399844583],[121.3952014004243,31.2215966998279],[121.39520980009229,31.22105939987148],[121.39503790007905,31.220613700362037],[121.39487089957242,31.220367199786494],[121.39459860014529,31.22020609973174],[121.39425260037729,31.220111500045732],[121.3939444000141,31.22015410003172],[121.39294759955214,31.22038989957423],[121.39246780044869,31.220485799679977],[121.3919724997312,31.220553700293067],[121.39160800000923,31.220561699762698],[121.3895928000677,31.220516700385474],[121.38756089971582,31.220538499951886],[121.38535000010245,31.22042529958793],[121.38404960020898,31.22047079988755],[121.38242190015069,31.22072520010795],[121.38136799993333,31.220966800277665],[121.3793760996274,31.221542299837324],[121.37870369991583,31.221663200196588],[121.37781330004384,31.2217089001457],[121.37497619979183,31.22170499978597],[121.37401239995233,31.221900099609968],[121.37274220019242,31.222330499852717],[121.37221320007916,31.2224426003458],[121.37188089968379,31.222492000105774],[121.37142430039125,31.222477299787613],[121.37099369959958,31.222341899659],[121.37015959998564,31.221984099886356],[121.36940999977173,31.221713099979638],[121.36895849963514,31.221723499739767],[121.36864160012976,31.2218450997716],[121.36833940004328,31.2221463996367],[121.36794999989263,31.22287590000286],[121.36723240025515,31.22380820018833],[121.36688789965694,31.224216299942327],[121.3664049996911,31.22459340006543],[121.36570940016873,31.224868499981312],[121.36432650006793,31.22496139994871],[121.36360080023678,31.22505250037267],[121.36276349993568,31.225401799753286],[121.36219029994243,31.22580969985779],[121.3619355004231,31.226252400128203],[121.36190690018339,31.226702900218697],[121.36188089988366,31.22717750034144],[121.36160239963112,31.22767230013659],[121.36114509976665,31.227954299651287],[121.36049299955232,31.22813339963676],[121.3599210999788,31.22808909993205],[121.35803310014751,31.227791999900944],[121.35740600018687,31.227866800112793],[121.35683049972783,31.228145300365384],[121.35619269963343,31.22865119959323],[121.35568220037328,31.2293401000656],[121.35499279987789,31.23075709976041],[121.35444910034573,31.231752099779612],[121.35391610004808,31.232628800278974],[121.35184979972848,31.235297300130355],[121.35008120018733,31.238218899782453],[121.34970100010116,31.239007599820923],[121.3494357000975,31.239325600096436],[121.34865050022051,31.24004219968782],[121.3476128003905,31.240578299948652],[121.34658469992405,31.240790000358288],[121.34412479961986,31.24123300010291],[121.34453300009795,31.24327909985061],[121.34489999993514,31.243222199744764],[121.34583220029583,31.243080499865243],[121.34589719969608,31.24381410024057],[121.34544580028353,31.244007600170676],[121.3453226003578,31.24419430032674],[121.34519080021528,31.24454349988264],[121.34498960028986,31.245022000365054],[121.34486390024881,31.24514470026776],[121.34398170039526,31.245528199966486],[121.34372830022096,31.24553659963442],[121.34344629980694,31.245439700381894],[121.34316790027844,31.245220700175253],[121.34280839988776,31.244929899895],[121.3428570001505,31.244395899551193],[121.34274949968972,31.24370599993199],[121.34234499992192,31.242802899834032],[121.3417582003807,31.243393900108458],[121.34165479992919,31.243460899600905],[121.3412966997829,31.243849100055968],[121.34118760032754,31.24401769955722],[121.34126150031807,31.244076900128903],[121.34121940035516,31.24416529988872],[121.34090679960923,31.244792399849416],[121.34174280038997,31.245324400101026],[121.34129030020722,31.246130500222478],[121.34010230028105,31.24564150015516],[121.34064489994228,31.244218600008423],[121.34030050006811,31.24411859989351],[121.34051679961067,31.243584700273743],[121.34031609970828,31.24348749974837],[121.3407594996512,31.24185209969471],[121.33959070025071,31.24207779985062],[121.33855239967352,31.242199300057678],[121.33747209985756,31.24210099966143],[121.33654379985649,31.241813200418903],[121.33563320031203,31.241232300430397],[121.3348547003842,31.240503999759824],[121.33389100036948,31.23956730009087],[121.33455019983194,31.238810400079956],[121.33382280028206,31.238336100330798],[121.33427020040949,31.23757839992328],[121.33502339971017,31.23789440010654],[121.3350786000974,31.23781690012987],[121.33557509961122,31.237995799566534],[121.33572479985969,31.237632500439588],[121.33636560009245,31.237774200319166],[121.33728930006123,31.236038599601727],[121.33810949975373,31.235859299966762],[121.33914430016932,31.235430399793188],[121.34071229963297,31.22989899993894],[121.33842759985396,31.229723099741307],[121.3385100002364,31.228741899818885],[121.33811109964756,31.228605899842478],[121.3377844002299,31.22848989988904],[121.3378515004465,31.22746969996672],[121.3370296999608,31.22725479976924],[121.33708710008966,31.227077199852943],[121.3362507998346,31.226677899965182],[121.33659380036363,31.22589050034634],[121.33837290038912,31.22574809989493],[121.34086950022731,31.225609499978475],[121.3409065001349,31.224959499681233],[121.33908199963469,31.22468839994974],[121.33887020029954,31.21973849993185],[121.33762339999998,31.218642200277372],[121.33670609960689,31.21853760013022],[121.33648510020726,31.218088000261048],[121.33569220033485,31.217925599786668],[121.33562319985083,31.21696160029768],[121.3357190001318,31.21588219980373],[121.33625549969167,31.215798800274456],[121.3368573997493,31.216813599767875],[121.33759970016604,31.216659800409502],[121.3370729996193,31.214562799933333],[121.3339852996819,31.214059999769233],[121.33418400039136,31.20867220006204],[121.3337008998767,31.205505099880497],[121.3341268997367,31.198502199616883],[121.33196609955587,31.197389900123824],[121.33301860042809,31.19564810037957],[121.33274820036922,31.194807399741762],[121.32733019962905,31.191281300091987],[121.33389339976065,31.181936499569872],[121.33475339984955,31.182377799595827],[121.3353752999302,31.181454599650124],[121.3357966997579,31.18143010031895],[121.33657809999943,31.181538599926512],[121.336851900395,31.181602000332077],[121.3368875000582,31.180534600391525],[121.33676480015549,31.18041989995845],[121.33666499969002,31.18025319982536],[121.33662930020205,31.180080399590793],[121.33690740025634,31.180074300388696],[121.33695260018237,31.179889200126524],[121.33760609974172,31.179909600347855],[121.33761319988935,31.18011490028249],[121.33787940011428,31.180131199595223],[121.33781530003614,31.180301999737537],[121.337720200327,31.180438200262756],[121.33757999961733,31.18053170007795],[121.3374593996316,31.181737500285465],[121.33957160044906,31.182605999867064],[121.34359349994008,31.1842962001096],[121.34671509982206,31.18529559961229],[121.34688029988604,31.185348500433008],[121.34719079981562,31.184772400126235],[121.34797610041676,31.185002200291365],[121.34861620007769,31.18338079998398],[121.35306050034183,31.18487669989986],[121.35335889989335,31.188355300057083],[121.35459159972265,31.18775800003175],[121.35620530003462,31.18730349975675],[121.35765550000144,31.187075900232685],[121.35949209998046,31.187000699822477],[121.37462729971014,31.19181349999309],[121.37603589973708,31.192160599632018],[121.37749910030334,31.192453999852262],[121.37954319995879,31.19274179999411],[121.38486700031183,31.193476100042062],[121.38643129996456,31.193691899561543],[121.38720109985093,31.193757200234643],[121.387797499655,31.19380469972714],[121.38843739966637,31.193812299897786],[121.39498059977495,31.19352499977896],[121.4007581998311,31.193271300130448],[121.40425079973465,31.1931246998451],[121.40795540042143,31.192983599813317]]]}},{"type":"Feature","properties":{"district":"闵行区","district_en":"Minhang District","source_shape_id":"62558664B76759395272944"},"geometry":{"type":"Polygon","coordinates":[[[121.2502921004002,31.261562799983267],[121.25001100020756,31.261110600174106],[121.24964489969238,31.260599299618036],[121.24989140026798,31.260099700141097],[121.24918249977259,31.259572799944806],[121.24746759965012,31.258630199823926],[121.24647680036412,31.258563300156254],[121.24649020026254,31.258038700425743],[121.24569409970297,31.2581588003884],[121.24531910039627,31.25720590033211],[121.24456919980878,31.257161900101664],[121.24294480026242,31.255247300122846],[121.24215839979036,31.25364220002757],[121.24431109977752,31.253072199822213],[121.24002710007062,31.250563200131637],[121.23858250018225,31.249505199905116],[121.23742699995614,31.247790899630388],[121.23663200016676,31.244649299725438],[121.23635619967888,31.241374100134692],[121.24355739955445,31.242714300424666],[121.24441410003078,31.241854800358794],[121.24415399990721,31.24141999973324],[121.24375699958591,31.241167700329186],[121.24409280014265,31.240619600414277],[121.24449570001661,31.240754499620493],[121.24535079969974,31.23970409956462],[121.24471289978055,31.239199099658777],[121.24540120040513,31.23862720008526],[121.24640810025369,31.239357400123993],[121.24633830027244,31.239676600095095],[121.24649070028568,31.240065500222727],[121.24783820037271,31.239505999602272],[121.24906129993906,31.238352899666666],[121.2495344998174,31.23571280040545],[121.2517876999425,31.23378950038517],[121.25304940020976,31.23267860023725],[121.25289169959228,31.23245290008134],[121.25341740009299,31.231852900291187],[121.25284229983231,31.231202499795586],[121.25380899998538,31.229125400416933],[121.25220720040204,31.228364900419876],[121.25320500001078,31.226319899643727],[121.2526717002388,31.225927299705177],[121.25428210003895,31.22396570025694],[121.25390449989277,31.22369690009191],[121.25405439979079,31.223375700028612],[121.25309450031102,31.222418799787818],[121.25529390029328,31.220129699626],[121.25686129990913,31.217361500033235],[121.2563603001878,31.217010099836273],[121.25680019996935,31.21614580008867],[121.2551984003859,31.21511440000961],[121.25746589973153,31.212411699840118],[121.25875549966668,31.212736999912693],[121.2590876004125,31.211952899906464],[121.25983109962556,31.210672000012835],[121.2598567995517,31.209984700333678],[121.26018249982258,31.20931620008264],[121.25851789968135,31.208280199971284],[121.26030530044932,31.20631139965144],[121.26218710035448,31.206242999914593],[121.2626753000252,31.205648200004475],[121.26292529986279,31.204911499666025],[121.26358779983718,31.20410219975679],[121.26371869975821,31.203495099819065],[121.26461240014225,31.202699299633025],[121.26545140016208,31.201690500416305],[121.26622170007147,31.20163360031046],[121.26791340038324,31.200154999753465],[121.26882719971559,31.199243199614045],[121.26897050038838,31.199028900163682],[121.26939669989781,31.19839160009235],[121.27093459995194,31.19726019989838],[121.27154560024928,31.197142299677466],[121.2717674998703,31.196936300070263],[121.27296429966282,31.195498900154178],[121.27321009966647,31.1956281003566],[121.27474060009865,31.19591539957611],[121.27574909984116,31.195933199857336],[121.27754939958515,31.196002700364375],[121.2786058997425,31.196294999814427],[121.27945509987308,31.196379699763384],[121.28046680030263,31.19682369955416],[121.28167299980919,31.197570900376775],[121.28355080042911,31.19885230029348],[121.2845797003929,31.199614500009204],[121.28579149997779,31.2006500999222],[121.28710050008806,31.201926100309322],[121.28783830029738,31.202790400056983],[121.28799220037979,31.203306199921258],[121.28803600006142,31.203672900284175],[121.28800060004767,31.204499299902807],[121.28839389965879,31.20444399969091],[121.28891710004416,31.204150100346908],[121.28932450012564,31.204191800111516],[121.28969350005502,31.20448539998125],[121.28980359955654,31.204621300132942],[121.28987019975,31.204847000288908],[121.2899188998374,31.20497850005779],[121.28997019986491,31.205052999896054],[121.29012130035778,31.205210800338193],[121.29058620039291,31.204947799901106],[121.29070519958532,31.204858800293437],[121.29151570008958,31.203826300343565],[121.29161730009844,31.203756399638166],[121.29186269990373,31.203777600256103],[121.29249470027025,31.203699100233337],[121.29275750015859,31.203635500178223],[121.29291359998274,31.20355500006326],[121.29301770010682,31.20342989987006],[121.2931292996775,31.203075799908277],[121.29319370012922,31.20290620036093],[121.29334000004098,31.202798100052348],[121.29353330032166,31.202764200107822],[121.29378359963346,31.20267509977606],[121.29394469968815,31.202558499974828],[121.29389269998819,31.20243560042269],[121.29374890019164,31.202011599755565],[121.29380349983171,31.20187159959471],[121.29393229983589,31.201769899761132],[121.29419010039283,31.201706299706018],[121.2945371002071,31.201547199743516],[121.29480729971715,31.201292800422436],[121.29489899998896,31.201161399579007],[121.2948816997307,31.20102360005916],[121.29477999989717,31.20073520006946],[121.29478500012772,31.20060799995929],[121.29483949994301,31.20047869993209],[121.29495599991947,31.200404499568037],[121.29554590032308,31.200347299987982],[121.29575409967208,31.200287899766806],[121.29597970000316,31.20019459960116],[121.29588549961613,31.19978749989326],[121.29579879957498,31.19931050037934],[121.29587559987908,31.19910490007112],[121.29607889972146,31.199011599905475],[121.29646800039791,31.19905820007591],[121.29677290024927,31.199064599651592],[121.29702070034512,31.198979799877918],[121.2972091002199,31.198801699938542],[121.29721649984162,31.198593899888635],[121.29705539978693,31.198322499783615],[121.29697119986099,31.19815290023621],[121.29697360015155,31.197951499761928],[121.29717689999404,31.197682199573876],[121.29739750009458,31.19759949971717],[121.29808210000897,31.19741870001303],[121.2991578996174,31.19728089959392],[121.29969070026561,31.196575199785684],[121.30015889991341,31.19586270020352],[121.30113499978052,31.194506500074965],[121.30295209975964,31.19181550008534],[121.30308099958847,31.191647999555585],[121.30426829984219,31.190095900105746],[121.3053386999211,31.1885959001807],[121.305451900285,31.18835139969741],[121.30560430029823,31.187956400367625],[121.30560430029823,31.187646799760046],[121.30557699957888,31.187470799737696],[121.30563899974015,31.187258799853794],[121.30598849966964,31.18729269979832],[121.30610489982132,31.187182399747996],[121.30621400017606,31.18684950040415],[121.30618919957192,31.186376699824905],[121.30636020026304,31.186084100001267],[121.30651389979676,31.185973799950943],[121.3066456001144,31.185778700126946],[121.30687879971686,31.185549900007913],[121.30700570035287,31.185368000432902],[121.30703650033433,31.185081499811417],[121.3070947997852,31.184939700107122],[121.30762289967709,31.184464400311867],[121.30772239976898,31.18366350007051],[121.30796929964356,31.183560800190833],[121.30850079987204,31.183443499817713],[121.30866890024959,31.18336720043601],[121.30878609989861,31.183231999956888],[121.30882659996769,31.18318529996168],[121.30890209985205,31.182542800010253],[121.30901869965328,31.18220250014531],[121.30923469972163,31.181815199911625],[121.30967370018118,31.181624499571058],[121.30990339962227,31.18141330008376],[121.3098554001067,31.180844100275067],[121.30990339962227,31.18070620003118],[121.31006120006441,31.180562400234635],[121.31033549958374,31.1804275001291],[121.31057559968428,31.180324800249366],[121.31078129981722,31.180057799627775],[121.3108739003103,31.179403600395915],[121.31096649990411,31.17920110005076],[121.31119630006924,31.179066199945225],[121.31166260034877,31.178916499696754],[121.31226959956246,31.178071500299552],[121.31248909979217,31.177572800144674],[121.3125325999996,31.177054599989845],[121.31309259974375,31.176669100198865],[121.31334709978887,31.176357200024825],[121.31346120037415,31.176115199656806],[121.3135382003278,31.17589459955616],[121.31358989965418,31.175645099741587],[121.31370150012424,31.17506119961473],[121.31356380042916,31.174481500221134],[121.31366440039187,31.174298700424742],[121.3140083002429,31.173905399914304],[121.31407150009966,31.173795599887058],[121.31400010022446,31.173163300046326],[121.31393030024321,31.17274180039385],[121.31394050035385,31.17245870010896],[121.31407000003048,31.172200500252927],[121.31453979957212,31.171942300396893],[121.31488270027648,31.171651799590904],[121.31519179996167,31.171312800145643],[121.31588059971,31.169395399678024],[121.31640530016455,31.168776300086222],[121.31725920015208,31.16818360009313],[121.31744099990226,31.167766900122388],[121.31745470017438,31.16709200029561],[121.31752329956066,31.166616699601036],[121.31777359977184,31.166132500114827],[121.3181096998029,31.16583320034198],[121.31841139986625,31.165683599918225],[121.31886409969854,31.165683599918225],[121.31903210025132,31.1654517996609],[121.31933729957677,31.16456559962279],[121.31936460029613,31.164515600014965],[121.31963739974628,31.16443519972472],[121.31917010031998,31.16325759955862],[121.31758569992019,31.162631800017607],[121.31715350013394,31.16195640016781],[121.31414690015936,31.160456000044405],[121.31503839990228,31.159349000256213],[121.31615270038685,31.159827800212838],[121.31688600038865,31.159661100079745],[121.31839940021223,31.159688700273364],[121.31883870014599,31.158941600174785],[121.3198856000405,31.1593133996937],[121.3202114999608,31.15962920022747],[121.32046869977069,31.15970610035629],[121.3208192995711,31.159603799775596],[121.32130190006274,31.159833199742422],[121.32184280000524,31.159977600286084],[121.32277350029688,31.1587986997003],[121.32296490031001,31.158698599760612],[121.32359910041816,31.15860989962721],[121.3239594003062,31.15863050039735],[121.32450900029016,31.158465099784564],[121.32530619982128,31.157206000356666],[121.3289253001625,31.151660599856825],[121.32948060004969,31.150534500267042],[121.3296236003489,31.15012910027781],[121.32970470031171,31.149621100233617],[121.32965350010898,31.148875500204213],[121.32943139993927,31.148396700247588],[121.33000240019066,31.14831639978206],[121.33085459956021,31.145875000331046],[121.33095869968429,31.145789699634975],[121.33152030022177,31.14573550019321],[121.33193130028928,31.145661799852235],[121.33207040022887,31.145604799921614],[121.33218690020533,31.145423900392757],[121.3322993999974,31.14527479999208],[121.33263270043881,31.144920100182503],[121.33293710026703,31.14466209997596],[121.33344429991462,31.144342099608252],[121.33380800013913,31.143999500176847],[121.33404720001829,31.143650000247362],[121.33414860037772,31.143414400354345],[121.33440079995705,31.14259569983176],[121.33439410000778,31.142434499952287],[121.33430799981443,31.14224839964396],[121.33389349958543,31.141648100379598],[121.33362399974783,31.141124700344676],[121.33349359984982,31.141032900248206],[121.33333700000264,31.140993199676473],[121.33254290043453,31.14106020006824],[121.33225880010366,31.140980799824092],[121.33222409976247,31.140901399580002],[121.33220959999312,31.14067809971459],[121.33226509985457,31.140329400181713],[121.33252839976592,31.139522100364672],[121.33265879966393,31.1392987996],[121.33280949995856,31.139216999964617],[121.332977600336,31.139211999734073],[121.33324719999837,31.139336000056403],[121.33365009987233,31.139472500055888],[121.33380369958115,31.139464999710015],[121.33410009993975,31.139354900208502],[121.33477179997863,31.13920700040279],[121.33588179990522,31.138562000336094],[121.33640650035977,31.138001399844768],[121.33667600019726,31.13780539979939],[121.33746430003748,31.136755099568234],[121.33791409955609,31.135612000093772],[121.33812279982737,31.135165400363007],[121.33840819967872,31.1348822002534],[121.33869299968228,31.13471319965447],[121.33892610035934,31.134524899604457],[121.33917849958812,31.134220099577988],[121.33931649965677,31.133143700121707],[121.33964429984462,31.132982699891727],[121.3399129003601,31.13266819977764],[121.3401204998612,31.132343299903425],[121.34013780011946,31.13203549973855],[121.34007749967691,31.13190640026022],[121.33967170038875,31.13167619989673],[121.33945840008516,31.131523399685193],[121.33941659959646,31.131430100418868],[121.33943520027435,31.13136059991183],[121.33982940010674,31.130620299587235],[121.34003110005528,31.13049330002582],[121.34016330039606,31.130473399827565],[121.34040439964338,31.130419800233653],[121.34047630044097,31.130354299911062],[121.34049490021948,31.13025310010056],[121.34049249992904,31.129665599987504],[121.34104429965475,31.128765300378348],[121.34153019975895,31.128105500168772],[121.34052310026095,31.127608599557277],[121.34194679990492,31.125595200058513],[121.34312969977589,31.123861700157363],[121.34237550042906,31.12352269981278],[121.34345609971933,31.12164929957555],[121.34465119979313,31.119769399937923],[121.34561549965565,31.119846399891514],[121.34790719975751,31.12037919964041],[121.34832300040625,31.119755400191593],[121.34862829955648,31.119334600211687],[121.34882839961097,31.119013400148333],[121.34914079980808,31.11849109998434],[121.34651969962454,31.117344399624415],[121.34726059979687,31.115191800361345],[121.34804700026893,31.115186300107723],[121.34914560038919,31.11346219992066],[121.34997550016931,31.1138808999836],[121.35147419967461,31.114521999690567],[121.35261100029754,31.11254200011325],[121.35055189995023,31.111547400292352],[121.34841180036437,31.110308800011182],[121.34880979983245,31.10970809964914],[121.34871000026635,31.108860699961383],[121.34744240044654,31.108755499966378],[121.34717530000012,31.10964789993068],[121.3440472996432,31.108618199570287],[121.34481220002306,31.106434800325815],[121.34670420003886,31.10103390019441],[121.35165059989538,31.102040499669386],[121.35362860027976,31.10266439984224],[121.35384410032498,31.102603999574967],[121.35412320042542,31.10211610027784],[121.35441559970025,31.10153099955602],[121.35637129959582,31.102107400236378],[121.35721000014144,31.102243599862277],[121.35795879995874,31.102419300410418],[121.35807589978299,31.101951099863413],[121.35832679984196,31.101733400076398],[121.35854530002564,31.101300800091906],[121.35863729977166,31.100843400402653],[121.35878599997397,31.100551299702772],[121.35920179972334,31.099992300004715],[121.35940199960271,31.099539699997194],[121.35999869978025,31.098047499892232],[121.36025669998673,31.097610100226007],[121.36036829955742,31.097247400047536],[121.36041899973713,31.096853499689303],[121.36052660002258,31.09636680008782],[121.3607014003494,31.095960099678905],[121.36091590034857,31.095851799720833],[121.36118929964653,31.095774500293032],[121.36133830022243,31.09567409997976],[121.36138460001939,31.095527800067998],[121.36133220012096,31.09529940014727],[121.36135289981655,31.09512850018018],[121.3614920995808,31.094952900356134],[121.36174439988417,31.09471259970678],[121.36200650009994,31.09445689996602],[121.36205229987377,31.094318300049565],[121.36180790011451,31.09360290015377],[121.36238949977565,31.09322499963406],[121.36225590008974,31.09293499975047],[121.36229890027414,31.092706400180248],[121.36245140011204,31.09257979991787],[121.36275189958053,31.092441000351926],[121.36284219960794,31.092322399559123],[121.36289489987973,31.092253099600896],[121.36289980028562,31.092199699656476],[121.36291880026249,31.091991799781795],[121.36305699998059,31.091812099948527],[121.36328589992445,31.091611999893928],[121.36330589994736,31.091421799576437],[121.3632714001551,31.09119379985401],[121.36342919969786,31.09093619984577],[121.36375699988571,31.09086119998443],[121.36486120008442,31.08849629956461],[121.36515920033685,31.087929599871188],[121.36524950036426,31.087189500095405],[121.36602109979401,31.08555839970046],[121.36641109979246,31.085156200398387],[121.36654409963057,31.084922599698245],[121.36685820044568,31.083836099956102],[121.36824059962407,31.080482599992024],[121.3679818997449,31.080386000213764],[121.36784599959321,31.080374899881804],[121.3677399002762,31.080427500328938],[121.36763749987074,31.080422699747828],[121.36744569965936,31.08035890004328],[121.36718320014461,31.080215399721],[121.36684250008136,31.079993799574254],[121.36627900017572,31.079714399999602],[121.36458009989178,31.081147400432258],[121.36025960030042,31.079521499917348],[121.36051070000883,31.077135999626705],[121.35919800008764,31.07664989987302],[121.3594576001882,31.076072599870656],[121.358357900197,31.075603900199894],[121.3575246000803,31.075087299939014],[121.35706940013279,31.07483370011522],[121.35742869997455,31.074495400342528],[121.35809150032253,31.07338219972877],[121.35855889957361,31.07307829992368],[121.35885310019046,31.072551899750408],[121.35953689970825,31.071973700425985],[121.35862959977624,31.07150649992508],[121.3589536003285,31.07089169999199],[121.3551487000525,31.069282599712267],[121.35468999994362,31.069683299844485],[121.35298620015305,31.069220100427344],[121.35230110021564,31.06831140025099],[121.35246559970767,31.067851799920675],[121.35283780032432,31.066613699662582],[121.35309740042476,31.066383900396715],[121.35327050013359,31.0659982998817],[121.35267329993292,31.065738900330018],[121.35207609973224,31.065279200174984],[121.3513749999563,31.065086399917448],[121.34933240037003,31.06414489966744],[121.34910739988663,31.06392989964519],[121.34824190044344,31.063559199997144],[121.34683969999219,31.06326259998906],[121.34340359999624,31.062350700024865],[121.34016660000862,31.061446099857676],[121.33793349973132,31.061030999780883],[121.33768249984757,31.063225500256692],[121.33746609958087,31.064041099916892],[121.33721509969712,31.064508099868988],[121.3370333997716,31.065331100050287],[121.33510329997739,31.064886299862906],[121.33505190012511,31.064752499628185],[121.3349734001024,31.064634200108287],[121.33510329997739,31.06382609989464],[121.33337979963812,31.063547200343066],[121.3329048002164,31.063588800282957],[121.33247590004282,31.06377599956278],[121.33185759994831,31.063811199926988],[121.33170179959848,31.064129999699787],[121.33153730010633,31.06458230023304],[121.33131720002882,31.064568199762675],[121.33105259969773,31.064471099961338],[121.33107859999745,31.064011399806304],[121.33098339956427,31.063529499886556],[121.33059389958885,31.062862200230427],[121.33060259963031,31.062484100061226],[121.3307757002384,31.061727899722825],[121.33103530033895,31.061231099835425],[121.33110460029718,31.060786299648043],[121.33074969993879,31.05982239998383],[121.33064580036341,31.0590957999313],[121.3307757002384,31.058650999743918],[121.33063720014673,31.057523999932698],[121.33087949998901,31.056092999592295],[121.33062850010526,31.055054899564027],[121.33078429955583,31.054305999922008],[121.33057660022996,31.05307520036024],[121.33062850010526,31.050887800032],[121.33090550028862,31.05013890038998],[121.33087949998901,31.049694000377883],[121.33054199971355,31.048826400118344],[121.33070640028018,31.047899500361723],[121.33062850010526,31.0471727995851],[121.33016109995481,31.04612720011022],[121.32979579983635,31.044520500121052],[121.3299275001541,31.043502199566888],[121.32985820019587,31.04321300007996],[121.32912249990352,31.042649400349603],[121.32910519964526,31.041818799997657],[121.32945139996218,31.04036530041833],[121.32936489957046,31.039690500416327],[121.32901870015291,31.03877089955739],[121.32924369973705,31.03769559997204],[121.32920040007843,31.037132000241684],[121.32882820036127,31.03625689963627],[121.32954660039536,31.033750200411475],[121.32952539977748,31.03331930014565],[121.32888020006123,31.0330085996672],[121.32874169996956,31.03261549970557],[121.32871569966983,31.032140799758167],[121.3287581998311,31.03174719977352],[121.32922640037816,31.031080300315637],[121.32945139996218,31.03065750024348],[121.3294255003866,31.02941150034053],[121.3292609999952,31.0288329997432],[121.3287762995866,31.028180400405233],[121.32873299992809,31.02780950020832],[121.32888880027792,31.02714939962516],[121.3286799003572,31.02663650007446],[121.32929559961235,31.025806999593385],[121.32930920005958,31.025603599926228],[121.32886289980308,31.025087499688425],[121.32887150001977,31.02422720012521],[121.32862920017749,31.023136800023337],[121.32915710041993,31.02266960042175],[121.32922640037816,31.022298700224894],[121.32887150001977,31.02114160010484],[121.328940799978,31.020303399582303],[121.32875030018624,31.019316899955015],[121.32915710041993,31.01870129962532],[121.32915710041993,31.017648000155134],[121.32847339982766,31.01687660037487],[121.32838679961117,31.01655020043148],[121.32850729977213,31.01611809957069],[121.33197869995706,31.01606059961705],[121.33777770028075,31.016527899942673],[121.3390586999991,31.016527899942673],[121.33876439955748,31.015904800166425],[121.33844420043954,31.015385599965498],[121.33776040002249,31.014688299825252],[121.33545809961163,31.012433300156715],[121.33493020026856,31.011669200173515],[121.33411659980129,31.009013500372816],[121.33364919965095,31.008012099878556],[121.33296540013316,31.00724060027352],[121.33249799998282,31.006468999944445],[121.33205660013209,31.00580880043583],[121.33116510038917,31.005148500203177],[121.33054199971355,31.003917099894295],[121.32926839961704,31.003087499588503],[121.32752130016797,31.001149900347684],[121.32656919960891,30.999777400007076],[121.32618839967495,30.999124500295522],[121.32577429964431,30.99894290019472],[121.32383310041735,30.99830760021564],[121.32308979995435,30.997885499815993],[121.32252730009486,30.997158399740385],[121.32236279970346,30.996683599968208],[121.32231950004496,30.996052999846142],[121.32250129979525,30.994398499990837],[121.32257919997016,30.992818099775548],[121.32242129970325,30.990955600220843],[121.32150390038476,30.986026999746286],[121.32162710031048,30.984381799780294],[121.32205860042416,30.98258970005469],[121.32697430012388,30.983239999826196],[121.33113900026467,30.98245329987992],[121.33600959986325,30.979820799890035],[121.34095079983956,30.978338000398423],[121.34705670010669,30.978489299641524],[121.35523649996458,30.980176100446727],[121.38749430042174,30.99024390013591],[121.40555140017705,30.991887299659197],[121.41934159993491,30.997400300283687],[121.42750439990823,31.002011899629508],[121.43387389956092,31.007418300014592],[121.44172750002417,31.009273399947517],[121.44375120035772,31.009318099850475],[121.45613609970133,31.009591400222973],[121.46992630035857,31.014997400409754],[121.48124290043961,31.016534300417675],[121.48414939957524,31.018230300388097],[121.48549300020181,31.016454499975225],[121.48791560022482,31.01503660005909],[121.48705729985454,31.01303670028352],[121.48693390027938,31.012063900029034],[121.48994439971432,31.002854399810758],[121.49081350004303,31.000844499574043],[121.49267279980995,31.001511300106472],[121.49349570016648,31.001849199680862],[121.49436529961895,31.002169299873344],[121.49470859962219,31.002610199700996],[121.49534960040376,31.002725599806638],[121.49611730037316,31.00346359966545],[121.49743580002223,31.00451890012721],[121.49850179971838,31.005267000271886],[121.49953660013409,31.005703800090373],[121.50028170014036,31.006196699618044],[121.50144950039419,31.006579200169995],[121.50243919980926,31.006680800178856],[121.50400620012613,31.00679299959728],[121.50545349977926,31.006847299763137],[121.50555919979729,31.006711199961956],[121.50613210031622,31.007038099928423],[121.50626889978992,31.007338799945728],[121.50656179998714,31.007382399977814],[121.50697320025301,31.007623400299735],[121.50771780023638,31.0078191997963],[121.51006960023187,31.007815599810158],[121.51048690005041,31.009043199584028],[121.51467439980377,31.00875629966356],[121.51601820007988,31.00536720003629],[121.51662789995771,31.00526119964468],[121.5169188998874,31.00488620033792],[121.51646179967236,31.004421199578758],[121.51621880015762,31.004320499791277],[121.51608010041639,31.004171299565883],[121.51591300008499,31.004113299589164],[121.51573790028397,31.004164399967124],[121.51546459991141,31.004406699809408],[121.51517329960814,31.004407600030788],[121.51507140012507,31.00435079974966],[121.51542810002684,31.00404920041035],[121.5157048996615,31.003712600356266],[121.51569740021489,31.00342640010831],[121.51601820007988,31.003044699952966],[121.51633089975132,31.002608800355915],[121.51600749994623,31.0018833001742],[121.51613999976121,31.00141330008381],[121.51689629992438,31.001565500447555],[121.51697570016847,31.00185660020196],[121.51721609974322,31.001979800127742],[121.51750089974678,31.001972899629664],[121.51838120023228,31.001654300405676],[121.51947559961934,31.001797299805617],[121.51944500018669,31.001425299737832],[121.52018309987022,31.00072129964832],[121.5204165000215,31.00021090021295],[121.521023699784,30.99968530043634],[121.52193459970204,30.99925130020739],[121.52298070009931,30.998803400056943],[121.52348489960855,30.99812609993961],[121.52456959980725,30.997790900129985],[121.52522889999375,30.99778530005159],[121.5253881996058,30.998263099962173],[121.5258344998623,30.99850630002578],[121.52619820008692,30.998503600261017],[121.52638169955583,30.998184500114633],[121.52667089994213,30.99754300020936],[121.52678510035219,30.997292399624598],[121.52812619996416,30.997302499910518],[121.52888529971688,30.997679600033564],[121.52919429957728,30.99817670029455],[121.52959770037364,30.998400600007756],[121.52976240041448,30.998313200294035],[121.53000270016457,30.997789900083887],[121.53050529977986,30.997156299823416],[121.53084759973694,30.997144300169396],[121.53123170018284,30.99697879973189],[121.53220100027602,30.997054199791535],[121.53471159986054,30.9960876003625],[121.5424674997754,30.994648300178937],[121.54528059981988,30.990540900342353],[121.54690059988286,30.99039100044439],[121.54810120021034,30.99082880030892],[121.54821699961485,30.991609599803212],[121.54858930005616,30.99431770040161],[121.54793159976361,30.994370100299932],[121.54775459969505,30.994744399934177],[121.54813760027014,30.99569219993515],[121.54924319981387,30.99563650042421],[121.55275639958825,30.99636769960972],[121.5524732003779,30.997623500324323],[121.55541179991474,30.997691499862867],[121.56617140038986,31.000567000266926],[121.56626729959623,31.001006999873198],[121.56605860022432,31.001683999616944],[121.56588370007273,31.001737199911872],[121.56543239958569,31.001679199935154],[121.56452969968598,31.002965500257687],[121.5643266003924,31.0031009003863],[121.56375689966126,31.003125000418493],[121.56346350034028,31.003270099735346],[121.56380199976252,31.00352159964217],[121.56405589995984,31.003540899992572],[121.5652970003564,31.004029300212096],[121.5661094002287,31.00437260021539],[121.56608680026568,31.004561199739612],[121.56628989955925,31.004856199853805],[121.56594010015556,31.005073799816046],[121.56592320009565,31.0052188002075],[121.56609810024725,31.00544610025736],[121.56596830019691,31.005968299697315],[121.56578219988864,31.006040900167477],[121.56543799966403,31.006713000404716],[121.5654042004436,31.006853200215062],[121.5663682997573,31.007542400161697],[121.56642419981699,31.00767230003669],[121.56646009985377,31.007610799898544],[121.56700659987473,31.007918500238645],[121.56659170034675,31.008732199631368],[121.56640819997847,31.008698000212576],[121.5658863998375,31.00985889996832],[121.56605770000294,31.010108899805914],[121.56592110017868,31.010600399988505],[121.56581189999929,31.010703400241766],[121.56553880017555,31.01063320006216],[121.56542409974247,31.010708100098782],[121.56509969989133,31.01277910027528],[121.5649412996014,31.012868000058234],[121.56318269962196,31.012334399912675],[121.56282770033818,31.01356549984797],[121.5624891001919,31.013495199843646],[121.56255459961517,31.01327519959085],[121.5621832002945,31.013270599558552],[121.56211219971829,31.013542100387667],[121.5619647999356,31.013598200096908],[121.5614350003251,31.013453099880678],[121.5615824001078,31.012764999804972],[121.56093249963521,31.01263400005911],[121.5606977001388,31.013345499595175],[121.56082330035508,31.013410999917767],[121.56074680042457,31.013705900207185],[121.56294780030078,31.014394000282948],[121.5653290998581,31.014922899672115],[121.56520349964183,31.015498599780585],[121.56580970025755,31.01559690017683],[121.5657550997181,31.016051000253526],[121.56649790015808,31.016135200179406],[121.56646510008432,31.01641139996616],[121.56677099998171,31.016486300002782],[121.56650879994118,31.01773599971665],[121.566470600338,31.018999799900882],[121.56678189976492,31.01904189986385],[121.56684199965866,31.01925720025963],[121.56720789962492,31.019360199613573],[121.56722979991537,31.019594199612698],[121.56751380042158,31.019598900369033],[121.56767760024115,31.019935899722043],[121.56799980035055,31.01995460022465],[121.56796710010167,31.020652000189727],[121.56978029972117,31.020778399903293],[121.5695235999342,31.021485099757626],[121.56951270015111,31.022304199579196],[121.56988410037104,31.02229949972218],[121.56979130022842,31.022907999904305],[121.5703646998711,31.02304840026352],[121.57000969968794,31.0250375000806],[121.56934340007797,31.02483160029817],[121.56892289957227,31.024780099721852],[121.56858419960122,31.02558509997243],[121.56864430039423,31.025678699612342],[121.56897199985792,31.025805100225227],[121.56893919978427,31.026357399974074],[121.56881359956799,31.026404199794058],[121.56849689971216,31.02629649968378],[121.56839850039057,31.026376099577362],[121.56837669992478,31.027368300007083],[121.56695670009174,31.02726069972158],[121.56697310012851,31.028252900151244],[121.5676448001675,31.02840730025673],[121.56762849995539,31.028763000112406],[121.56686380012434,31.028547699716626],[121.56529090025492,31.027358900293052],[121.56517619982185,31.027391700366707],[121.56501780043118,31.027714600148727],[121.56491950003499,31.027752100079397],[121.56412760020862,31.027321500187156],[121.56398559995557,31.027503999609962],[121.56321549969562,31.027195099574215],[121.56319360030443,31.02692840022553],[121.56279490026452,31.026479099830624],[121.56304619962248,31.026385500190713],[121.56396369966512,31.026975200045513],[121.56430780006497,31.026483699862922],[121.56342300027131,31.025875300404834],[121.56329189980136,31.02595960015549],[121.5626092001545,31.02566469986607],[121.56316090005555,31.025163899794165],[121.56254949955985,31.02470929969445],[121.56213789964443,31.02476950031223],[121.56166099995528,31.024322100184804],[121.56158569972035,31.024158699664326],[121.56161079979859,31.02375429972119],[121.56138990022373,31.023758600279223],[121.56138990022373,31.02344029963018],[121.55990909992511,31.02350479990662],[121.55957280024461,31.02404679972011],[121.55946229964547,31.02402529962791],[121.55937199961818,31.024468400096623],[121.55888000031177,31.025350199751983],[121.55785099962395,31.025225499757084],[121.5578760997023,31.024993200375945],[121.55682690024128,31.024722199569908],[121.55682690024128,31.02513090007102],[121.55765520012744,31.025337299876526],[121.55761000020141,31.025539499848094],[121.55728370008273,31.025487900346377],[121.55721349990313,31.025586799691098],[121.55689220001511,31.02549220000509],[121.55688719978446,31.02605569991067],[121.55746950001742,31.026167599854887],[121.55739920001315,31.026636400249743],[121.5554313997394,31.026107300311708],[121.55563730042115,31.02522980031506],[121.5554967004125,31.024773799970944],[121.55549170018185,31.024881400256447],[121.5554064003851,31.024898599790617],[121.55541639994692,31.02514809960519],[121.55491440017954,31.025109399978874],[121.55489430033174,31.024692100160337],[121.5542970003064,31.024722199569908],[121.55418649970727,31.024657700192734],[121.55410620014106,31.023603799975433],[121.55384519979623,31.023590900100032],[121.55388540039098,31.022253000275782],[121.5528261995695,31.022283099685353],[121.55175700008556,31.022429399597172],[121.55162650036277,31.02118189962499],[121.5516364999246,31.020751699931054],[121.55144569975926,31.020618299894693],[121.55025609993913,31.02047209980759],[121.55025609993913,31.020661300078984],[121.54995990012935,31.020631199770094],[121.54977920024999,31.020755999589767],[121.54910650016495,31.02074740027234],[121.54909649970375,31.02103559971323],[121.54946799974846,31.021044199929918],[121.54947800020966,31.021328099712093],[121.54896599998096,31.021431400338884],[121.5490212003682,31.021629199927702],[121.54847909983062,31.021616300052244],[121.54851420037016,31.022502500090354],[121.54827830010356,31.02254979993336],[121.54827830010356,31.022407900404346],[121.54798210029378,31.022450899689318],[121.54800720037201,31.023053100120535],[121.54790680005885,31.023139200313892],[121.54721910018134,31.023022999811644],[121.5471839996419,31.023547800090967],[121.54744499998685,31.02353919987422],[121.54747010006508,31.023952200034046],[121.54776119981955,31.023965099909503],[121.54798709962506,31.025423400069883],[121.55063760044493,31.024975999942512],[121.55125500031806,31.02482540037198],[121.55148090012347,31.02538039988559],[121.55189750026943,31.025333000217813],[121.5519727996051,31.025414799853195],[121.55227899987597,31.02535879996867],[121.55241130004151,31.026078600247274],[121.55359679985247,31.026674800401793],[121.55351879985278,31.027660299982927],[121.55387370021117,31.02771500034703],[121.55369620011959,31.028603199578072],[121.55258169998558,31.028262500414087],[121.55234030036468,31.028791800001613],[121.55363160001843,31.029263900009028],[121.55329089995519,31.030073600116623],[121.55383139969945,31.030264299557814],[121.5538587004188,31.03034209990801],[121.55334539977048,31.030996100389757],[121.553349899978,31.031159500010972],[121.55387689999895,31.031552699797317],[121.55459909966874,31.031813499593397],[121.55506699984221,31.03197699993865],[121.55577559996402,31.031899099763677],[121.55567120036562,31.032354500260055],[121.55479449986638,31.032257199909907],[121.55466329957164,31.03929850032557],[121.55461339978865,31.04343799966398],[121.55573900025468,31.043898500215676],[121.55717159958976,31.04547810003436],[121.55716520001408,31.04570930044389],[121.55676049969736,31.04656240003476],[121.55630440042785,31.047068700360285],[121.55559370038907,31.046436699993762],[121.55621360037742,31.0459605998019],[121.55596630030459,31.04581200032362],[121.55581529963638,31.04594960019392],[121.55558090033833,31.04582309975632],[121.55546200007132,31.045924900313935],[121.5551633001462,31.045674399553945],[121.5545882997103,31.04619180021149],[121.5551777000909,31.04682379967869],[121.55435190032006,31.047586699966303],[121.5543993998125,31.047746799974902],[121.55484129968625,31.047994299697223],[121.55427369977144,31.048792099975458],[121.55364499991686,31.048457199640097],[121.5532710995816,31.049001699568805],[121.5529686000209,31.048975499619644],[121.55246910036874,31.049639399838497],[121.55243509970012,31.04992760017865],[121.55148350006357,31.04952000044773],[121.55108239973299,31.0502333004265],[121.55041629977245,31.051566899692716],[121.5502940000681,31.05156100014011],[121.55017840031303,31.05181429959032],[121.55032460040002,31.051919200111058],[121.55027359984683,31.05213170001798],[121.55017159963973,31.05216660000866],[121.55009339999049,31.052646999859235],[121.54951969997421,31.05246410023807],[121.54880899993543,31.051739799752],[121.54862520009294,31.05162749960948],[121.54845189983541,31.05156980000629],[121.54830579957309,31.0516804004302],[121.54756479957587,31.051976799889474],[121.54701469956876,31.051962499769616],[121.54650630022559,31.051791199604224],[121.54604789959092,31.051512700250953],[121.54575619998866,31.051119999588366],[121.5455729001693,31.050356000329202],[121.54546060002679,31.050157799642818],[121.54507729997749,31.0500657998968],[121.54473070036158,31.050135599878104],[121.5440237999585,31.050618999867027],[121.54425150020666,31.049896900021963],[121.54403059973242,31.04984159981001],[121.54429570008654,31.049061199614698],[121.54389120031874,31.04897100031144],[121.54363630007526,31.049806599994668],[121.54316050025693,31.049815399860847],[121.54309259964384,31.050051200302676],[121.54277310019847,31.05002210003994],[121.54264389999605,31.050356899651263],[121.54252260033775,31.050386400112302],[121.54233740025086,31.049995800266004],[121.54217640002094,31.049596200004657],[121.54213609960141,31.05045360015356],[121.5421630001224,31.05174250041614],[121.54215630017313,31.05240999972176],[121.54215630017313,31.053330599727474],[121.54209649975371,31.055391700166865],[121.54210130033482,31.056596000305206],[121.54208710003968,31.05736909980419],[121.54207279991988,31.05876460030612],[121.54256199963663,31.058980200176165],[121.54256199963663,31.059301599888954],[121.54231979961912,31.0592323997555],[121.54228179966537,31.05961080029823],[121.5426474999822,31.059700299928977],[121.5426901997929,31.059545700174],[121.54291339983365,31.05955790037683],[121.54288490031797,31.059216200267485],[121.54305120025276,31.058780799794135],[121.5437872998441,31.058862200130477],[121.54363530002911,31.05967590042252],[121.54388229972847,31.05971250013181],[121.54395829963585,31.059842700380386],[121.54394400041531,31.060103099978107],[121.54356049981732,31.062020000422706],[121.54305159955175,31.062865999866062],[121.54371179995962,31.06312640036316],[121.54307540010973,31.06412310010103],[121.5439492002954,31.06446480021043],[121.54408699981525,31.064371300395237],[121.54450970006269,31.064562499859505],[121.54377349974732,31.06565280013666],[121.54444789955096,31.065847999785433],[121.5447281004216,31.06540049983323],[121.5451033002771,31.065526600072587],[121.54490389989508,31.065807300066922],[121.5451460999127,31.06573009956452],[121.54581100017754,31.065925300112553],[121.54639989963573,31.065917199918886],[121.54674180029394,31.06598630022762],[121.54654239991191,31.066385000267587],[121.54686059983692,31.066523299810513],[121.54677510039062,31.066885400141132],[121.54706000021895,31.06695859955977],[121.54720249959576,31.066739000404596],[121.54749220000508,31.06690979964759],[121.54727850040251,31.067243399563267],[121.54737989986256,31.0672991997983],[121.54727250012581,31.06745740043874],[121.54735980001487,31.067506300175637],[121.54726580017655,31.067664599741533],[121.5477292001425,31.067949299920315],[121.54816909992405,31.06759839974643],[121.54838069960965,31.067552400323052],[121.54907789992524,31.067756600386872],[121.550430199694,31.068429599946114],[121.55127560018889,31.06855570018547],[121.55213520007953,31.068995099943947],[121.55221589984399,31.069161899901815],[121.5520733995678,31.06933680005335],[121.551745700104,31.069645999563306],[121.55132780043766,31.069613400038406],[121.55068660000666,31.07024390033581],[121.55014050018394,31.069914400429298],[121.54997420024915,31.069702899669153],[121.54860639976562,31.06914149968054],[121.54849719958611,31.069300200344003],[121.54882489994918,31.06946700030187],[121.548549399835,31.06998359966343],[121.5495369004077,31.070385100192254],[121.54919120011391,31.070954499650497],[121.54876189974198,31.071423100395805],[121.54878089971885,31.071533699920394],[121.54949130028331,31.07220410043891],[121.55001180000465,31.072675900072795],[121.55003840015206,31.072851599721616],[121.54990540031406,31.07306959988216],[121.55102610037432,31.073622799852387],[121.55127689970925,31.07387660022499],[121.55251919980128,31.07415320021005],[121.55290290004882,31.073661799852232],[121.55379179985175,31.07390909992506],[121.55465799986689,31.074273499822198],[121.5545327000242,31.074485100407117],[121.55469599982064,31.074576199931755],[121.55460099993627,31.074777899880246],[121.5540083997679,31.074758399880295],[121.5538716002942,31.074979599828737],[121.55344609955796,31.074875499704603],[121.55340050033294,31.075028399740916],[121.5531497999234,31.07503819965325],[121.55294840034844,31.07565320013515],[121.55335490020855,31.07559460031058],[121.5533473000379,31.07548719967457],[121.55398179962037,31.075552299798858],[121.5539742003491,31.075822400383515],[121.5551633001462,31.07596880012011],[121.55523169988305,31.07581259957186],[121.55634479977277,31.076206300280603],[121.55657269967037,31.07567920043482],[121.55718820017535,31.075757300259227],[121.55714550036464,31.076125099593696],[121.55810179985826,31.07629079968069],[121.55810179985826,31.07637360026149],[121.55818239979794,31.076410399620272],[121.55801320044895,31.07696749995023],[121.56129009975837,31.077685700334882],[121.56183449986236,31.077830600002244],[121.56159539980797,31.078627599883873],[121.56254800038994,31.078826000219806],[121.56293419985354,31.078173999830256],[121.56386469959625,31.078344100300058],[121.5645450996767,31.07879770035362],[121.56576610022546,31.07922289981701],[121.56629570018652,31.079430799691693],[121.56633250044456,31.079515899838952],[121.56625889992836,31.079928499800474],[121.56601989969863,31.080426199909255],[121.56570360004116,31.081147500256975],[121.5657954999624,31.081248299869173],[121.56678859971419,31.081440399554822],[121.56718579968492,31.0806781998391],[121.56758670036595,31.08067190008819],[121.56834070006335,31.080921800101066],[121.56959690007693,31.081510999932732],[121.5702938998437,31.081711400360916],[121.57053309972287,31.081711400360916],[121.57060589984246,31.08184059966402],[121.57028869996361,31.08231280039547],[121.57064749978235,31.08243750039037],[121.5708035996065,31.08274040014942],[121.57090759990592,31.082687000204942],[121.571235300269,31.08215690022081],[121.5718178001514,31.082419700109142],[121.57143290020826,31.083217100189074],[121.57133409978894,31.08328830041478],[121.57019499959961,31.08294529988575],[121.56966450031655,31.082878500042796],[121.56948250001744,31.083243800161313],[121.56929000013349,31.083301700313257],[121.56799489994478,31.083061200014413],[121.56805730030419,31.082660300232703],[121.56800529970485,31.08254440010404],[121.56722510005841,31.08241080041813],[121.5673707002976,31.08208119978758],[121.5673343002378,31.082018800327432],[121.56675700023538,31.08198319976492],[121.56661130017142,31.082464300187382],[121.56566989974613,31.08233950036771],[121.5653161999827,31.08302999983465],[121.5650977996238,31.083497700358635],[121.56399510039364,31.083252699852267],[121.5642343002728,31.08340419964412],[121.56444759967701,31.083827300089865],[121.56446320021655,31.083996600163005],[121.56438520021686,31.08418369961811],[121.56409389991359,31.08438860025376],[121.56382859991004,31.08451330024866],[121.56332350017942,31.08440419989398],[121.56302289998689,31.084262900212707],[121.56258090028837,31.08412659986277],[121.56232750011407,31.084172000337617],[121.56190910042471,31.084444600138227],[121.56158490022301,31.084868500081257],[121.5611724000862,31.08500989958725],[121.56089539990285,31.084979599628866],[121.56030889983595,31.084728999943422],[121.55976459955673,31.08474790009558],[121.55943730029128,31.084820399841647],[121.55897760013625,31.084958899933326],[121.55912470044461,31.08540940002382],[121.55890399961993,31.085447200328076],[121.5587274995745,31.08505029983155],[121.5579279995776,31.085240299600173],[121.55759789982324,31.085771000331476],[121.55738229995325,31.086001799643384],[121.55713979956215,31.086053700418006],[121.55657400009011,31.08588640043706],[121.55604180018895,31.0857594998011],[121.55526709989681,31.085707599925854],[121.55482920020745,31.085603700350532],[121.55466750030496,31.08526329976155],[121.55443169986313,31.084922999896605],[121.5540814004363,31.084951799785756],[121.55314510006633,31.08506140016351],[121.55274759972201,31.084917200168718],[121.55212109960917,31.084588399934773],[121.55194599980814,31.084403699870904],[121.5518987997898,31.084144099770413],[121.55220190009766,31.083567199966353],[121.55227599973762,31.083359499741164],[121.55212109960917,31.083215299746314],[121.55174389966135,31.083220999649484],[121.55149460039559,31.083330699851956],[121.5510095996134,31.083503699736013],[121.5498373998762,31.083296000410144],[121.54950730012183,31.08308260028184],[121.54940649961031,31.08247750043637],[121.54921609964333,31.082399700086114],[121.54902270043738,31.082395199878647],[121.5486278998577,31.08295039994107],[121.5483229001818,31.083407500156056],[121.54782510024825,31.083553999717367],[121.54750640030022,31.083834500062153],[121.54739240043898,31.084078499623104],[121.54725710013508,31.084755400441452],[121.54598960014005,31.08471269973137],[121.54525969957558,31.086640699608665],[121.54395809998641,31.088678799886736],[121.54504800006521,31.089581099588145],[121.54614810025464,31.089441100326553],[121.54702560025135,31.089892800112693],[121.54689740009496,31.09019159986252],[121.54646299966771,31.09019159986252],[121.54639889958958,31.090508699916597],[121.54772750042389,31.090998799854788],[121.54744990039262,31.092144900366918],[121.54872349958987,31.09244549966013],[121.54877109980646,31.09223270027894],[121.54891269986126,31.09213470025628],[121.55014140040532,31.092733100152486],[121.55052690019636,31.092938900110198],[121.55139849974103,31.093008200068425],[121.55161919966645,31.093247599597078],[121.5518334001913,31.093584599849464],[121.55300090007154,31.09398510033219],[121.55408989992895,31.09382019974248],[121.55542600020976,31.09418409961654],[121.55590130000508,31.094643600122083],[121.55648880011813,31.09468019983143],[121.55678780041671,31.094518599753656],[121.5568265998678,31.095172399686533],[121.55725960005054,31.095176700244565],[121.5572365000645,31.09415879988876],[121.55742160032662,31.09402470017983],[121.55766729960624,31.093942399622108],[121.55920030015375,31.09383750000069],[121.55949590011573,31.093941199926462],[121.55990530028942,31.094209500068416],[121.56099840015611,31.094325400197135],[121.56187790024501,31.094508299818244],[121.56226959996218,31.094600000089997],[121.56317100034141,31.095212299907757],[121.56295440042527,31.09605310037034],[121.56255160037608,31.098898899764436],[121.56127850030259,31.098818299824757],[121.5613817002054,31.098315300011166],[121.56092950039624,31.09827870030182],[121.5604976000842,31.100307700340124],[121.55993500040006,31.100271099731515],[121.55831500033707,31.09986249995444],[121.55828649992213,31.100030200133688],[121.55803369959563,31.100393000136876],[121.55869950008196,31.100627799633287],[121.55858610006851,31.101064800000586],[121.55774500013172,31.102425500336608],[121.55746580020661,31.103104299623794],[121.55758650001701,31.103248899816947],[121.55897219970734,31.10353820002797],[121.55900320023761,31.103679800082773],[121.5584551003227,31.10456819986257],[121.55739690044663,31.105896299774486],[121.5564800002519,31.10706510007435],[121.55629039978214,31.107112300092638],[121.55590430014342,31.10693820033771],[121.55562510021821,31.10721850013374],[121.5556423995771,31.10731299999503],[121.5568833003241,31.10793569957292],[121.55687200034265,31.108064600301134],[121.5565745999379,31.108360899935633],[121.55602869976474,31.108907700330178],[121.55433989976666,31.110642499751634],[121.5535551000878,31.110554799664328],[121.55354020012021,31.110687300378686],[121.55341259981174,31.110613500212935],[121.55340229987632,31.110684400065054],[121.55361600037816,31.11072859994499],[121.55355400021699,31.11083489981081],[121.553740099626,31.110885000142673],[121.55359190034596,31.110997199561155],[121.55376469968121,31.111130800146384],[121.55320899959577,31.11159410028756],[121.55307740000205,31.11186949967771],[121.55307740000205,31.112249299565576],[121.55496389976418,31.11241210023826],[121.55500289976408,31.11292539998726],[121.55590959984818,31.113200900101504],[121.55582189976087,31.11352229981435],[121.55420349959195,31.114795200238348],[121.55373060008719,31.11527100005668],[121.55280440000308,31.114953800177773],[121.55252649959834,31.115037199707047],[121.55224869991764,31.11493289993342],[121.55113230041536,31.116389399651098],[121.55004040024437,31.11614320034846],[121.54942129975325,31.1156256998662],[121.54942610033436,31.11553809960367],[121.55009399983828,31.114937099767417],[121.5488217001614,31.11438620026297],[121.54826109967007,31.114983000265283],[121.54775409967203,31.115696599718376],[121.54494620040691,31.11506649961933],[121.54537520040526,31.11449889970453],[121.54545320040495,31.114194200402096],[121.54606250008442,31.113371999718083],[121.54550000022493,31.11281729967868],[121.54463130009447,31.112262399989845],[121.54316339967124,31.11180800043894],[121.54327059975844,31.11144900007133],[121.54128180031489,31.111716200342414],[121.541442599996,31.112008300142975],[121.54149349982526,31.112491700131898],[121.54109329971607,31.11332729981507],[121.54020049955352,31.11320330039206],[121.53964550003991,31.11388800013117],[121.53902850036502,31.11408279958158],[121.5387838002323,31.114681800224957],[121.53877339957285,31.11543140043881],[121.5382184998839,31.11620459976251],[121.53818049993015,31.116909900271708],[121.5381219001057,31.118102100031933],[121.53542639990849,31.117529599711304],[121.53537810001933,31.117364399647386],[121.53523340000152,31.117202000072325],[121.53535059965054,31.116785999774095],[121.53497139961041,31.116555800309982],[121.53512989972512,31.11624299991456],[121.53497139961041,31.11612199973058],[121.53420619975634,31.1160098003121],[121.53355809972663,31.11581800010066],[121.53349260030336,31.11589180026641],[121.53311340026323,31.11757090017693],[121.53260669973952,31.117414499979247],[121.53240680023373,31.117930899691316],[121.53250330018727,31.11796049997713],[121.53242060033051,31.11816999974576],[121.53255160007632,31.118208300073036],[121.53242399976784,31.118302799934327],[121.53234129991108,31.118592000320632],[121.53227579958855,31.118639200338862],[121.53126589960164,31.1181641001931],[121.53108659996667,31.11825559991604],[121.5310177002068,31.11845920013201],[121.5310177002068,31.11866569976229],[121.5313278997628,31.118801500089205],[121.53077290024919,31.119984800158477],[121.52927000001057,31.11946840044635],[121.52781550038515,31.1189597996551],[121.52697700038834,31.12041210043816],[121.5264310003904,31.120099100393247],[121.52607030030413,31.12020760000081],[121.52551949972519,31.11998640005237],[121.52543169981311,31.12006990030568],[121.52420810022375,31.119564900399894],[121.52399360022457,31.119606600164502],[121.52250559995355,31.11915190024007],[121.52239849969112,31.11955530013705],[121.5223116998252,31.119602599980055],[121.5222445996086,31.119504599957395],[121.5223314003739,31.11927820012886],[121.52227119975612,31.11919009984331],[121.52089830011653,31.118720099752863],[121.52071829990973,31.119639699712422],[121.52054499965209,31.12042799955259],[121.52032390042768,31.120417800341272],[121.52055280037155,31.119701500224096],[121.52067440040332,31.119001199945444],[121.52042069985544,31.118858599844543],[121.51989970011118,31.118736999812768],[121.51980499970102,31.118777499881787],[121.51967469962779,31.11914249962672],[121.5194102998455,31.11908840000973],[121.51926819976768,31.118970099590456],[121.51928009959693,31.11878090021844],[121.51949320025108,31.118601800232966],[121.51991539957612,31.117525899900386],[121.51979259984864,31.11746849977152],[121.51972000027786,31.117640600333516],[121.51937329993791,31.117553000070927],[121.51937959968882,31.117482899716094],[121.51866510001446,31.117387299983932],[121.51852559987663,31.11779830005156],[121.51829109985442,31.11804679981998],[121.51726970023651,31.1184289999984],[121.51256429980265,31.117587999886325],[121.51119679969258,31.117339500117907],[121.5103315997236,31.11727259955086],[121.50987949973921,31.11747330035257],[121.50970089977682,31.117669199673855],[121.50961590035354,31.11809409966304],[121.5093981996672,31.118681900149625],[121.50935909984264,31.119704500362445],[121.50923070003682,31.120206199756353],[121.50882890003379,31.120426000359657],[121.50856650034382,31.120660200008274],[121.50845489987375,31.120937300016408],[121.50843249956029,31.121314800337814],[121.50826509975457,31.12163970021203],[121.50715020032158,31.122883700022783],[121.50702179961638,31.123203800215265],[121.50698829987016,31.12355259957286],[121.50556479987563,31.123119600289385],[121.50525780010742,31.123602199881645],[121.50478339963422,31.123363199651976],[121.50500110032056,31.12292839992574],[121.50390979999736,31.122588000236078],[121.50261829979479,31.122013800196783],[121.50250489978134,31.122088100385554],[121.50200430025836,31.122656599622417],[121.50100320013769,31.121853899837674],[121.50149380009884,31.121433900254317],[121.49963620005065,31.12032929985736],[121.50047729998744,31.119214600073803],[121.49995819961134,31.119028700314345],[121.49997709976344,31.118907499581496],[121.50087840031802,31.117614699858564],[121.49941790041578,31.116755500166278],[121.49920079957735,31.116950000142424],[121.49889289958776,31.11758530012156],[121.49876670042295,31.117641399830802],[121.49707059972843,31.116764100382966],[121.49698479990866,31.116850599875363],[121.49686860030567,31.117775399714958],[121.49643960030733,31.118121100008807],[121.49665160019129,31.118492799703006],[121.49635379958829,31.11867859963769],[121.4960610001151,31.119080500364873],[121.49599029991248,31.119335500433067],[121.49604080044264,31.119780600094657],[121.4956671995817,31.120333800064884],[121.49539459978098,31.12117210041214],[121.49495550039614,31.122135800426918],[121.49482580017059,31.122855099783067],[121.49465450000525,31.123056799731557],[121.49414759983188,31.123325699721306],[121.49407259997054,31.123450899739282],[121.49282690044117,31.12265029987151],[121.49257700042824,31.122500599623038],[121.49132419985199,31.12166030008285],[121.49093779983968,31.121993499800226],[121.49068539971154,31.122053999892216],[121.48899940020226,31.12147059978838],[121.48908009996671,31.121133499711277],[121.48896650030383,31.121008199868584],[121.48895389990264,31.120856999550938],[121.48832550042152,31.12071870000807],[121.48813360038537,31.12114219975274],[121.4881639003438,31.121518100180253],[121.48796199984645,31.121850899699325],[121.48779540043745,31.122671999613146],[121.4872855999505,31.123622699927694],[121.48639710034593,31.12377390024534],[121.48635670010174,31.124236300165194],[121.48650819989359,31.124236300165194],[121.48644759997683,31.124828299586397],[121.4861498002731,31.12488020036102],[121.48563489973094,31.12633639970511],[121.48518560023535,31.12621540042045],[121.48492819987655,31.12678579992479],[121.48474139989571,31.126859299716955],[121.4843123000727,31.126772900049332],[121.48417599972265,31.126565400372954],[121.48396909989413,31.126638900165176],[121.48177320007323,31.126107399936586],[121.48146530008364,31.126206800203704],[121.48134920030543,31.126085800019723],[121.48162680033658,31.12542459956569],[121.48110689956377,31.125061699737728],[121.48111189979443,31.12414119955679],[121.48074339988807,31.12355349979424],[121.48035470030925,31.123337499725892],[121.47967320035798,31.12368320001974],[121.47921889973247,31.12365290006136],[121.47894129970132,31.123436800168236],[121.47899180023148,31.123255299892207],[121.47943089961643,31.122723799663675],[121.47935520008252,31.122520700370103],[121.47887060039795,31.122175000076254],[121.47840620038585,31.122053999892216],[121.47756820041218,31.122205300034636],[121.47726030042259,31.1221490996013],[121.47722999956488,31.122010800058433],[121.47751280037551,31.1213555998811],[121.47743679956875,31.12073140023398],[121.4773159001088,31.120583500428268],[121.47706020036799,31.120426700032226],[121.4766972996407,31.120311299926584],[121.47652450030546,31.120337900074105],[121.47657640018076,31.120151600116287],[121.47660749963643,31.120053899567836],[121.47581959999457,31.119595400007768],[121.47500629990088,31.119153699783453],[121.47446869957093,31.119827300089867],[121.47350110009575,31.119454899823836],[121.47327139975539,31.119433999579485],[121.4729536998534,31.11955120012783],[121.47294890017167,31.119346199667405],[121.47347659986531,31.11855550043606],[121.47281199997383,31.118183100169972],[121.47299770008385,31.117856800051356],[121.4731248003693,31.117915300051095],[121.47330560007345,31.117647599756992],[121.47301240040201,31.117526300098746],[121.4732372003366,31.11701579993928],[121.47338870012845,31.11691119979207],[121.47359740039974,31.117001200345157],[121.47373419987343,31.11679619988479],[121.47397439979875,31.116918899787436],[121.4745031004378,31.116208900320544],[121.47464940034956,31.11629549963766],[121.47513619977587,31.115585500170766],[121.47501399989619,31.115485000032777],[121.47681319976937,31.112699400357087],[121.4753688004298,31.111942000323097],[121.47472950026633,31.111962700018637],[121.47423879958103,31.11296270026844],[121.47402450013067,31.113409499648753],[121.47291529970141,31.112782299863284],[121.47287729974767,31.11258109993787],[121.47346129969924,31.11164319967395],[121.47339220028982,31.111554500439922],[121.47297750041139,31.111498300006588],[121.47263890026511,31.111350300376102],[121.47249029988745,31.111359200067056],[121.47241079981859,31.111465699582425],[121.47251439991965,31.112140299934936],[121.47234860000799,31.11294199967358],[121.47239000029833,31.113317699552226],[121.47219999963033,31.113533699620575],[121.47208599976909,31.11388869980368],[121.47147090036185,31.114702300271006],[121.47118749970343,31.114939000034894],[121.4711356996529,31.115267400070536],[121.47074519963132,31.115427099880833],[121.47063119977008,31.115731800082585],[121.47040310022294,31.115711100387045],[121.47033740025086,31.115793999893242],[121.47035469960974,31.116012900275166],[121.46987439958389,31.11653649995958],[121.46968780015197,31.116394499706473],[121.46961349996309,31.11617200023767],[121.46969169961233,31.115465000009806],[121.46963800019364,31.115146999734293],[121.46925680006132,31.11491270026096],[121.46853349962134,31.11475370012323],[121.4676440997954,31.11405499973847],[121.46677419996945,31.114021499992305],[121.46840650006004,31.113155399801883],[121.4683624998296,31.11287090017197],[121.4670137002222,31.112138700041044],[121.46585450018506,31.112907300231768],[121.46432709971589,31.113203199667964],[121.46071260030635,31.114297799603833],[121.45937059957362,31.11135009982729],[121.45853809985351,31.108300399843642],[121.45794580005872,31.10584220015744],[121.45794160022479,31.104161199979444],[121.45529969962149,31.103475500194236],[121.4545339997444,31.103321000263975],[121.45448929984138,31.103188700098485],[121.45454009984576,31.102907900279433],[121.45389089994512,31.102764399957152],[121.45368030030568,31.1033884997795],[121.45144579978387,31.102931600113322],[121.4515056002034,31.10270489991126],[121.45086239968009,31.102562000336093],[121.45075569961591,31.102933399656706],[121.4502890000374,31.10285210004446],[121.45006820028732,31.10281369989241],[121.44990829992821,31.10335440018548],[121.4494464998561,31.10330040039321],[121.44904050001912,31.103258799554],[121.44799429979719,31.103151600366118],[121.44766789985374,31.104314100015756],[121.44749699988665,31.104305800172597],[121.4472572001597,31.104932800308518],[121.44751289990052,31.105012699676422],[121.44729730003041,31.105632099641753],[121.44726089997062,31.10573679961368],[121.44683399988924,31.105764600356054],[121.44622830019591,31.105632300190564],[121.44598029955125,31.105698500185667],[121.44587460043249,31.10590380012036],[121.4460411998416,31.10675319990031],[121.44585020002683,31.106822800232123],[121.44532570012097,31.106627900057617],[121.44485820014586,31.106596500228363],[121.44367509972608,31.106533900219347],[121.44350369973597,31.107798200426657],[121.44144610035733,31.107606000016915],[121.44134369995186,31.108322899981886],[121.44308439982524,31.108522500013407],[121.44300499958115,31.109174200029372],[121.4448024997356,31.109443799691633],[121.44645520004747,31.10963890041495],[121.44714130003103,31.109627700258216],[121.4470468001698,31.110327100315487],[121.4475066001495,31.110378199794127],[121.44731129977674,31.11208589994436],[121.446598499821,31.112026700272054],[121.44619259980868,31.113301400239493],[121.44611559985515,31.11369319978138],[121.44565799961708,31.11456259958436],[121.44624520025582,31.114748299694327],[121.44613249991505,31.115239799876917],[121.4467010998759,31.11537749957199],[121.44699080028522,31.11663590022664],[121.4465116001303,31.116531800102564],[121.44615619974888,31.117354300260786],[121.44537199991794,31.11731189992429],[121.44194910017086,31.116105599693697],[121.44131930044546,31.117277099758383],[121.44108850023417,31.116773300447505],[121.44013079959677,31.116335399858883],[121.43881160027524,31.115554999663573],[121.43844859972319,31.115448000125184],[121.43773400022394,31.114858300270384],[121.43683969999222,31.114384499644984],[121.43476390013393,31.113958700333797],[121.4340588001736,31.113910699918904],[121.43355209964977,31.113854799859155],[121.43325549964163,31.113720799975],[121.43309910034327,31.11379879997469],[121.43306170023732,31.113958700333797],[121.43333720035162,31.114114599609138],[121.43333050040235,31.11424749962248],[121.43321250035672,31.114444899912257],[121.43224149964556,31.115303800130334],[121.43183380008986,31.115005200029998],[121.43165680002141,31.114996099790233],[121.43100280043893,31.115404599742533],[121.4328969003717,31.118423800118308],[121.43418610010849,31.120931199914992],[121.43433640020476,31.121537399631336],[121.43190219982671,31.13091140024096],[121.41674519963135,31.129021599966904],[121.40760400022452,31.14222329956567],[121.39892159985197,31.164332900043348],[121.39558659984175,31.16318559983563],[121.39059209974562,31.16173560041767],[121.38776859994096,31.170372899789527],[121.3902392003788,31.1710373000314],[121.38939210016531,31.174419500059912],[121.39172159967211,31.17623130033428],[121.39073329960218,31.179190599566596],[121.39440389962033,31.179492600003528],[121.39390980039707,31.181364699821074],[121.39489809956774,31.181968599970958],[121.39638039993554,31.18021729978858],[121.39712080008496,31.18111779994655],[121.39965389980773,31.181853000215824],[121.40215709977042,31.18257779982565],[121.40560520031977,31.183576200181562],[121.40756860021077,31.184044300004473],[121.4079334003062,31.184117799796695],[121.40828180036488,31.184127700433066],[121.40823920037883,31.184274700017454],[121.40801390042122,31.185073199968258],[121.4091512001678,31.185091500272563],[121.40943009971943,31.185422000225174],[121.41044940031964,31.185412800160634],[121.41065320018515,31.186394900304435],[121.41078200018922,31.187138299692833],[121.41087850014276,31.187725699981115],[121.41081420041507,31.188340699563696],[121.41055670023161,31.188946400156283],[121.41037650037526,31.1891516002662],[121.40889279976295,31.188719500304728],[121.40873479967138,31.188965599782648],[121.40838259997702,31.189451700435654],[121.4081874003283,31.189809799682564],[121.40804830038883,31.190127600308585],[121.40790580011264,31.19048520043168],[121.40787359988678,31.191051300277365],[121.40787020044945,31.191296799907434],[121.40788539989137,31.19150939963913],[121.40799340037518,31.192272299926742],[121.4080019996926,31.19241449982934],[121.40799040023683,31.192696600068075],[121.40795540042143,31.192983599813317],[121.40425079973465,31.1931246998451],[121.4007581998311,31.193271300130448],[121.39498059977495,31.19352499977896],[121.38843739966637,31.193812299897786],[121.387797499655,31.19380469972714],[121.38720109985093,31.193757200234643],[121.38643129996456,31.193691899561543],[121.38486700031183,31.193476100042062],[121.37954319995879,31.19274179999411],[121.37749910030334,31.192453999852262],[121.37603589973708,31.192160599632018],[121.37462729971014,31.19181349999309],[121.35949209998046,31.187000699822477],[121.35765550000144,31.187075900232685],[121.35620530003462,31.18730349975675],[121.35459159972265,31.18775800003175],[121.35335889989335,31.188355300057083],[121.35306050034183,31.18487669989986],[121.34861620007769,31.18338079998398],[121.34797610041676,31.185002200291365],[121.34719079981562,31.184772400126235],[121.34688029988604,31.185348500433008],[121.34671509982206,31.18529559961229],[121.34359349994008,31.1842962001096],[121.33957160044906,31.182605999867064],[121.3374593996316,31.181737500285465],[121.33757999961733,31.18053170007795],[121.337720200327,31.180438200262756],[121.33781530003614,31.180301999737537],[121.33787940011428,31.180131199595223],[121.33761319988935,31.18011490028249],[121.33760609974172,31.179909600347855],[121.33695260018237,31.179889200126524],[121.33690740025634,31.180074300388696],[121.33662930020205,31.180080399590793],[121.33666499969002,31.18025319982536],[121.33676480015549,31.18041989995845],[121.3368875000582,31.180534600391525],[121.336851900395,31.181602000332077],[121.33657809999943,31.181538599926512],[121.3357966997579,31.18143010031895],[121.3353752999302,31.181454599650124],[121.33475339984955,31.182377799595827],[121.33389339976065,31.181936499569872],[121.32733019962905,31.191281300091987],[121.33274820036922,31.194807399741762],[121.33301860042809,31.19564810037957],[121.33196609955587,31.197389900123824],[121.3341268997367,31.198502199616883],[121.3337008998767,31.205505099880497],[121.33418400039136,31.20867220006204],[121.3339852996819,31.214059999769233],[121.3370729996193,31.214562799933333],[121.33759970016604,31.216659800409502],[121.3368573997493,31.216813599767875],[121.33625549969167,31.215798800274456],[121.3357190001318,31.21588219980373],[121.33562319985083,31.21696160029768],[121.33569220033485,31.217925599786668],[121.33648510020726,31.218088000261048],[121.33670609960689,31.21853760013022],[121.33762339999998,31.218642200277372],[121.33887020029954,31.21973849993185],[121.33908199963469,31.22468839994974],[121.3409065001349,31.224959499681233],[121.34086950022731,31.225609499978475],[121.33837290038912,31.22574809989493],[121.33659380036363,31.22589050034634],[121.3362507998346,31.226677899965182],[121.33708710008966,31.227077199852943],[121.3370296999608,31.22725479976924],[121.3378515004465,31.22746969996672],[121.3377844002299,31.22848989988904],[121.33811109964756,31.228605899842478],[121.3385100002364,31.228741899818885],[121.33842759985396,31.229723099741307],[121.34071229963297,31.22989899993894],[121.33914430016932,31.235430399793188],[121.33810949975373,31.235859299966762],[121.33728930006123,31.236038599601727],[121.33636560009245,31.237774200319166],[121.33572479985969,31.237632500439588],[121.33557509961122,31.237995799566534],[121.3350786000974,31.23781690012987],[121.33502339971017,31.23789440010654],[121.33427020040949,31.23757839992328],[121.33382280028206,31.238336100330798],[121.33455019983194,31.238810400079956],[121.33389100036948,31.23956730009087],[121.33306759998982,31.238848800232006],[121.33135100014863,31.238261700317253],[121.330121599932,31.237536399785085],[121.3297173996383,31.236963500165473],[121.33014929995034,31.23532619984428],[121.33010300015337,31.23440499999083],[121.32938560016532,31.2338528000667],[121.32436340005097,31.232106400290206],[121.32166219995065,31.231542400361548],[121.3205363000103,31.231506100126467],[121.31880869966187,31.231494899969732],[121.31804740016742,31.23140690040816],[121.31778970033452,31.231363099827263],[121.31641639959719,31.231069599782245],[121.31485050005062,31.230159400436037],[121.3131549002785,31.22930810038855],[121.31075159970658,31.22901460034359],[121.30844849979849,31.229296199659927],[121.30613660002416,31.230553700093253],[121.30552780036771,31.230805100175303],[121.3034742002742,31.231236999587907],[121.30179270007307,31.23153249972512],[121.30115299971123,31.231706399830557],[121.29804870008752,31.232684200315646],[121.29527130043027,31.23265719996988],[121.29325689998598,31.232764700430607],[121.29135390036231,31.233564900100134],[121.28940019965955,31.234242999714695],[121.28764709993379,31.23505800042642],[121.28382819991157,31.240625400142164],[121.28303420016823,31.24273149995878],[121.2828485998831,31.24518980036902],[121.28225580006517,31.246040399844617],[121.28066640033421,31.24645289998142],[121.27916590038603,31.24736129978419],[121.27703409974401,31.249897799843666],[121.27887069972303,31.25200689979863],[121.27981680000539,31.25378969963498],[121.27924910026582,31.254021599717078],[121.27880160031361,31.254114800058005],[121.27806020011815,31.254108799781363],[121.27660430024832,31.253871299620812],[121.27557290016932,31.253899899860528],[121.2745191996014,31.254022599763232],[121.27355889992339,31.25427890025111],[121.27103660015905,31.255179600058568],[121.27085390018738,31.2552193995557],[121.27074040034927,31.255224299961526],[121.26942809972707,31.255094599736026],[121.26746600025581,31.254065599947523],[121.26670059985281,31.254443899766216],[121.26380720024213,31.25630890033551],[121.26338120038213,31.254773100198463],[121.2632115999354,31.2541718998134],[121.26316470029076,31.254200599877834],[121.26300370006072,31.25378070011925],[121.26258199985944,31.253904700441637],[121.26248880041783,31.254052899721614],[121.26329970022107,31.256659299587056],[121.26246280011821,31.257248299769287],[121.25999650023834,31.258688699823665],[121.25992739992967,31.260495099669185],[121.26002050044576,31.261014500418923],[121.25953539983891,31.261317599827407],[121.25838570023996,31.261328499610613],[121.25689679974755,31.2609042003686],[121.2551688999248,31.260367000236897],[121.25384280010519,31.260778199954018],[121.2502921004002,31.261562799983267]]]}},{"type":"Feature","properties":{"district":"青浦区","district_en":"Qingpu District","source_shape_id":"62558664B37530369632792"},"geometry":{"type":"Polygon","coordinates":[[[121.2502921004002,31.261562799983267],[121.24639759976947,31.26206989980608],[121.2465242000319,31.260472300056676],[121.2420008997218,31.260619099991516],[121.2419725000309,31.261873999585475],[121.23781180007461,31.261345399670518],[121.23656389990413,31.261814700088394],[121.23351920015102,31.264118700217864],[121.22912679976207,31.264587999736477],[121.22603220022597,31.264460000128963],[121.22452360008413,31.264636900372693],[121.22460520006996,31.263712499832025],[121.22084899988147,31.26301269957645],[121.22047239978144,31.263989400190724],[121.21922789994767,31.263847300112843],[121.21984290042963,31.26177200027763],[121.21366549956326,31.259814800312824],[121.21409839992123,31.255500999771357],[121.21308189980994,31.25541929996075],[121.21235600032924,31.257402699874774],[121.20997850040749,31.256425000113722],[121.20946459991137,31.25722019955259],[121.20988840002974,31.257448499648604],[121.20795510044763,31.261605899992333],[121.20876779979415,31.26178009957198],[121.20844270027044,31.262583099730307],[121.2046301998239,31.263504299583815],[121.20305839982541,31.262909999696774],[121.20451760020717,31.260509899812064],[121.20382979960561,31.260327400389258],[121.20208320017957,31.26223960007752],[121.19974859971819,31.260549399834986],[121.19872939984202,31.259611200096856],[121.19848900026716,31.257189899594266],[121.19690550008886,31.25662679988693],[121.19557940026914,31.257054199991387],[121.19320720005226,31.256004899806328],[121.19247769968615,31.25693040021787],[121.19049279970295,31.25581780035128],[121.1910946997607,31.254374199609686],[121.18914529961592,31.253247000148974],[121.18860880005616,31.254516400411603],[121.18788680003581,31.257047800415705],[121.1864351998247,31.256859700015184],[121.18516169955285,31.25721739996311],[121.18466060000674,31.25691929988585],[121.1839170998943,31.25713760041998],[121.17954399985581,31.254082599832145],[121.17695199993489,31.256431399689404],[121.17212510019328,31.25793279985885],[121.17138579991479,31.257601700058444],[121.16915209978959,31.259278200028973],[121.16729709968149,31.257256899985975],[121.16654390038082,31.257019300000763],[121.16558159971112,31.2586630997223],[121.16411170009496,31.258016300112217],[121.16388530026643,31.25896550035759],[121.1634250002636,31.25962950040116],[121.16561589985395,31.260029400136773],[121.16576610012544,31.261478400407896],[121.16358489972345,31.26152520022788],[121.16340679978407,31.264426899681723],[121.16385310004057,31.264937700214716],[121.15826070007131,31.270896699822913],[121.15650169989362,31.269754999693532],[121.15407649993062,31.272288700163415],[121.15256689974274,31.272777899880225],[121.15108529994666,31.270454200101312],[121.1516960996953,31.269980100001646],[121.15068509983757,31.26819189973645],[121.14812790008261,31.268997900033128],[121.14822769964871,31.2692488000921],[121.1472223996941,31.269637600395015],[121.14762090008458,31.271337700374602],[121.1483054001742,31.273078699722248],[121.14932739963979,31.276192300134596],[121.14927260035029,31.278860200138183],[121.14572100042392,31.27725870002905],[121.14222009977789,31.277370699797984],[121.14145249963326,31.278703499566916],[121.14099779970877,31.278829300332006],[121.13993449977738,31.278926400133287],[121.13929249984903,31.27924650032577],[121.13886390004905,31.279731900406944],[121.13826629965013,31.279644800167432],[121.13658859998395,31.27959700030135],[121.1364084001276,31.278598599945497],[121.13470589985741,31.279028799639434],[121.13551340022332,31.28089170029176],[121.13319569982173,31.28131419999039],[121.13294560015936,31.28068879974836],[121.131037499581,31.28125879995372],[121.13088930030108,31.280886700061217],[121.12970369976597,31.280847100213578],[121.12923199995691,31.280987999696492],[121.12937689962428,31.281994699895563],[121.12690489984129,31.283034499642497],[121.12638349989868,31.282077299927494],[121.12486609989071,31.282767099721923],[121.12287059959851,31.283181299577393],[121.11228180016496,31.287603999924727],[121.10042210039967,31.277784000331394],[121.09829780010341,31.277212699706354],[121.09770400023945,31.27701059955956],[121.09902039997155,31.276222000245184],[121.09852739971973,31.275798799974666],[121.09420370034059,31.27824800014514],[121.09188409967157,31.284465199609315],[121.08975770035761,31.29016390034377],[121.08718270032148,31.289830099879282],[121.08555619995877,31.291891200318673],[121.08134300027928,31.291699499932008],[121.0789871002745,31.285772300351425],[121.0765246998551,31.278812799571085],[121.08030769984055,31.27790320007267],[121.07702680034663,31.272753500373767],[121.05822990028969,31.269885100117335],[121.05706050014203,31.253725599556844],[121.05694350014244,31.24882219988467],[121.05300500018063,31.249157000395314],[121.05298889961807,31.24861129987164],[121.05672790027245,31.24824260031579],[121.05830290005883,31.24922220034432],[121.06016109995483,31.24936340020082],[121.05986929962853,31.246453900027518],[121.05944439963935,31.245529299837358],[121.06009890014423,31.24532750006415],[121.0601138999366,31.244111200271732],[121.05863759984538,31.243817700226714],[121.05876420010782,31.240588800432818],[121.05549189993133,31.240451199663198],[121.05646720030109,31.2358151999116],[121.05986929962853,31.23464629978696],[121.06255580030995,31.23448669980138],[121.06242490038892,31.23319680039208],[121.05955810002638,31.23256200043602],[121.06015189989034,31.229197900163],[121.05763549967867,31.22885200021966],[121.0647080002741,31.198259999599372],[121.06162450017064,31.19896670035297],[121.06144850014823,31.197582800206135],[121.06476049999719,31.19723039996302],[121.06498229979331,31.196149899598254],[121.06821629964259,31.196090500276398],[121.06841500035205,31.19432260040776],[121.0656049004458,31.194695499797547],[121.066724100437,31.188068400136615],[121.06418439969036,31.187251199683146],[121.06434430004947,31.186870399749182],[121.06444730030273,31.186429699571022],[121.064645799564,31.186094700310207],[121.06498909956736,31.18561280039046],[121.06515970006012,31.18486220013051],[121.07037699999864,31.186226100254373],[121.07042639975862,31.18490339987204],[121.06609839982139,31.18345229968395],[121.06693100026553,31.181509999686796],[121.0692054999339,31.177673099733795],[121.07022469981007,31.175540899792736],[121.06754249968662,31.17484590011827],[121.067883699773,31.17332769971364],[121.06702760004373,31.17316599981109],[121.06728069984445,31.17180390012993],[121.07121609984324,31.171982000069306],[121.07213550015331,31.166551999675107],[121.06820880019609,31.165190499841742],[121.06886000018892,31.163656500147397],[121.07258400015155,31.164950000442218],[121.07282989997998,31.16296980031609],[121.07122029967718,31.16262269977784],[121.0719520996098,31.16081860039816],[121.07194350029238,31.16068380011734],[121.06852960006108,31.159005300054616],[121.06866369977001,31.158353500213934],[121.06802529982781,31.15827080035723],[121.06818630005773,31.15762819968171],[121.0676497995986,31.15749500019416],[121.06808970027953,31.15602599990001],[121.06689339961076,31.155622099980008],[121.06638379967274,31.15751340032324],[121.06574549955519,31.157238000033715],[121.06622290016674,31.155447600026775],[121.0653699004007,31.155192799608074],[121.06319740004005,31.154761300393773],[121.06312230035394,31.15462230027896],[121.06341190003923,31.153682499747617],[121.06372519955835,31.153236800238176],[121.06419509982402,31.1502944001665],[121.06398059982484,31.15014290037459],[121.06282189981084,31.150354099861886],[121.06078340023384,31.1505009996215],[121.06048830029488,31.150565300248445],[121.06043469980159,31.151180500379837],[121.06071360025248,31.151474299899064],[121.06128230003821,31.15168550028568],[121.0611857002599,31.1521170003993],[121.06117500012624,31.153154499680454],[121.05986280022807,31.152890699746024],[121.0595012997452,31.152800999566523],[121.05936179960747,31.152849199630907],[121.05928130039172,31.152934199953393],[121.0592384000322,31.15325549984152],[121.05925339982457,31.155161299954102],[121.0522646998561,31.154325200247854],[121.05081089990313,31.15400379963569],[121.0511434997727,31.152759700000217],[121.04940539983943,31.152722999566834],[121.04926059999673,31.15292499988891],[121.04792489991428,31.152823999727843],[121.04783900026973,31.15247969967845],[121.04657300034376,31.152406199886286],[121.046532799749,31.15255080007944],[121.04534460017317,31.152497999982756],[121.04497439964894,31.15405890019815],[121.04489129959381,31.154534100168632],[121.04487800041943,31.15505950029575],[121.04468739990364,31.155766700173103],[121.04455060042994,31.156652699662402],[121.04111739984819,31.15636800038294],[121.04105300029573,31.157038300177476],[121.04010890010568,31.15693730001641],[121.04002839999077,31.15283779982468],[121.03664889972697,31.151364099673515],[121.03677759990637,31.15075349957442],[121.03695789958749,31.150712799855853],[121.03687950028882,31.149036500434192],[121.03798459980953,31.148962999742707],[121.0380703996293,31.14850850036703],[121.0391539999572,31.14851770043157],[121.03924839999377,31.147712999655255],[121.0404178999662,31.14778009987174],[121.0405434003577,31.14682590029514],[121.03998549963114,31.146279599923673],[121.0395725003707,31.145769900160815],[121.03909499993438,31.145517400207893],[121.03879460029066,31.145310799853576],[121.03861219979319,31.144948099675105],[121.03863209999145,31.144246700424958],[121.03869269990821,31.143915099702156],[121.03744820007444,31.141197000441252],[121.03609850024566,31.139731600133302],[121.03391839971448,31.139066600043634],[121.03331320004418,31.13999969972639],[121.03265770039263,31.139695600271807],[121.03161810029519,31.13954880033691],[121.03143459992691,31.142654799679292],[121.03015250033764,31.14265019964705],[121.03010959997812,31.143173599681916],[121.02916549978806,31.14310929995429],[121.02919770001392,31.143669500247313],[121.02865589984992,31.14371539984586],[121.02862369962406,31.144344400074033],[121.0271163000773,31.144224999783944],[121.02698750007312,31.144105600393175],[121.0269715002346,31.143845500269663],[121.02392450001571,31.143366399939453],[121.02381179967483,31.143442200197455],[121.02364010021051,31.14489529957848],[121.0238279002375,31.14493209983658],[121.02346310014207,31.146040800242815],[121.02177330009783,31.145857200049818],[121.02160969992781,31.14565290016128],[121.02163379996,31.145411800014585],[121.02180820008846,31.145202900093807],[121.02205760007826,31.144980299900965],[121.02209519983364,31.14488379994748],[121.02208449969999,31.14480810041357],[121.02160590029212,31.144831700422685],[121.02106519999904,31.143142100027944],[121.0206843002403,31.14289119996897],[121.01997090043676,31.142941699599817],[121.019933299782,31.142707599775974],[121.01945590006983,31.142808599936984],[121.01853320014709,31.142872899664667],[121.01787880036636,31.142827000066063],[121.01771250043157,31.1427489002416],[121.01764269955106,31.142662800048242],[121.01812549969213,31.14045779998753],[121.01397669956509,31.136257600008264],[121.00250430003348,31.135590800375212],[120.9866149000577,31.13532910035775],[120.97907250009587,31.133900000284825],[120.95664650013589,31.13866949989756],[120.94681630043203,31.140756300263092],[120.92545680019123,31.143747699896494],[120.92192110027861,31.142344600123238],[120.91224800044495,31.138483500313328],[120.90708770043705,31.137625899615614],[120.90074680012481,31.136621099684078],[120.89440589981245,31.13839719957116],[120.87622290036666,31.13699020033755],[120.87404260018593,31.135085699745275],[120.87324870026737,31.134185699610384],[120.87202020027212,31.13332249973365],[120.86818740032834,31.129150300146307],[120.86788959972534,31.128707699700612],[120.86730380023027,31.12763819984309],[120.86712969957603,31.126869599652366],[120.86694760035152,31.12605020035653],[120.86679360044434,31.125140199760438],[120.866896699623,31.124040999792385],[120.8668278996879,31.12325749963395],[120.86451299977523,31.119470500363377],[120.86103589968707,31.116798600175287],[120.85923640033968,31.116172799734954],[120.85835550000638,31.115482699566996],[120.85769939960767,31.114616100252874],[120.85721210015834,31.113171799838767],[120.85664970012363,31.112160799980984],[120.8551502002216,31.111149700298483],[120.8539505001155,31.11070039990358],[120.85201709980936,31.107197099866312],[120.8527668996727,31.105094699860558],[120.8541727001101,31.103024300431173],[120.85499740001012,31.102751400256977],[120.85677819975422,31.102831699823128],[120.85679369956961,31.103195999895547],[120.8575625003092,31.103332200420766],[120.85803300042267,31.103020099697915],[120.8581788003114,31.102549099561372],[120.85962350002455,31.102872500265732],[120.8599748003968,31.102741999643627],[120.86046519980914,31.10142559991158],[120.86029949972215,31.10129500036402],[120.86043870038577,31.10080140026446],[120.86208250010736,31.099752699927194],[120.86420059957811,31.099335400108657],[120.86515659959741,31.09922300014142],[120.86523160035813,31.100787899641887],[120.86533470043616,31.101373700036277],[120.86718099960353,31.10124530023046],[120.86733090040082,31.10163859984158],[120.8681557001255,31.101060799816082],[120.8692241001122,31.10084410007522],[120.86997389997555,31.102770099860265],[120.87233570043225,31.10235280004173],[120.87182959975632,31.100571199901026],[120.8719678003738,31.098980499750326],[120.87306789966385,31.097664000193504],[120.87728279996134,31.097505099880493],[120.88235920041677,31.0968240999523],[120.8865528002716,31.096643499897652],[120.8863492998803,31.09889670002275],[120.8880363003351,31.099843699627115],[120.88833619995569,31.098431200139828],[120.88801750000766,31.09629650008344],[120.88942340026972,31.094386400312203],[120.8920476004165,31.093102299731413],[120.89268489958852,31.090742699915722],[120.89443750019052,31.08908140028643],[120.89549660028797,31.08890480041623],[120.89727730020729,31.08844730000294],[120.89803649978467,31.088110199925836],[120.89821449989927,31.087853400314202],[120.89818639968269,31.087516300237098],[120.8977365003393,31.086809999681805],[120.89721170005998,31.086513000374737],[120.89783029962871,31.085630099949185],[120.89855190034996,31.08527690020884],[120.89991910008644,31.083972699780304],[120.90068780010199,31.083087300138857],[120.90100590020222,31.082338100123252],[120.90089989981061,31.081395900200675],[120.90076730017086,31.080476400065834],[120.9005154998905,31.07973580026703],[120.90009140029792,31.079625100018404],[120.89962750030895,31.079693200281042],[120.89867310018349,31.07973859985657],[120.89820920019451,31.079693200281042],[120.89794419966518,31.079341300061003],[120.89106970010664,31.054214299650255],[120.89139640042356,31.052946000157817],[120.89241699964487,31.051288199790633],[120.89298690002545,31.05059549968263],[120.8931725003107,31.050050499730844],[120.89298690002545,31.049335099835048],[120.89278810039059,31.048926300408482],[120.8928411001367,31.048154100231613],[120.8969192998859,31.041762399914887],[120.89727110028116,31.04089040017186],[120.89757529956046,31.039995799566555],[120.89768780025179,31.038807299617247],[120.89735039980121,31.029507799745204],[120.89716230030001,31.02629839995126],[120.89706569962243,31.024542399911866],[120.89681889957262,31.02329199962611],[120.89658190033447,31.022729300117135],[120.89681619980786,31.0216770996185],[120.89682970043043,31.020726800401576],[120.89722929979246,31.020761300193897],[120.89725880025344,31.01971080031325],[120.90718299979562,31.0194119996641],[120.90714280010025,31.015545699974098],[120.90755850002483,31.01458469972414],[120.90870919966994,31.01293429987811],[120.91174549975506,31.014626199839313],[120.9128934996354,31.014911200391623],[120.91454569992413,31.014800900341356],[120.9196203997617,31.01331130017644],[120.92025340017437,31.01281469993853],[120.92236700033686,31.012722800017286],[120.92256339968117,31.0131384001171],[120.92267590037261,31.01386130035877],[120.92273209990651,31.01418260024684],[120.92363179966787,31.014246899974523],[120.92496339974116,31.01373429989809],[120.92612199993039,31.013753899722758],[120.92739440033142,31.013844799597848],[120.92807040002901,31.013788000216095],[120.92849449962148,31.013469900115865],[120.928521099769,31.01292469961527],[120.92885240011822,31.01272020007724],[120.93113249986504,31.011775699688826],[120.93452280008717,31.011343499902637],[120.93554199996333,31.0114998002756],[120.93608919965686,31.012134299858076],[120.93628230028798,31.012566499644322],[120.93531670000573,31.013835399883874],[120.93182980000529,31.017826000269736],[120.9317976996042,31.019333899839637],[120.94575050038532,31.01977979989789],[120.94709310006658,31.026425699886204],[120.94458110023766,31.02727309957396],[120.94476349983574,31.028495799841323],[120.94516040033227,31.03003119978007],[120.94404459977852,31.030481600045846],[120.94426719997136,31.030911400440857],[120.94407410023962,31.03101260025136],[120.94438529984177,31.031472199682298],[120.94426719997136,31.031564200327637],[120.94463739959633,31.032432899558728],[120.9451953003229,31.03224909971624],[120.94578540037594,31.032074400113515],[120.94605459983995,31.03178080024378],[120.94614480004259,31.031421700051453],[120.94651489984278,31.031269999710787],[120.9471317996929,31.031155099628222],[120.94734640041611,31.031555000263097],[120.94781850042352,31.032377799895585],[120.94841929971096,31.03215709997022],[120.94943849958713,31.032115800403915],[120.95039339973562,31.032331799572944],[120.9511390995898,31.03196870009549],[120.95229240007427,31.03090680040856],[120.95276989961121,31.03064940004981],[120.95367640004588,31.031095300108063],[120.9540037002107,31.03098500005774],[120.95403050000766,31.030511499805925],[120.95501069988393,31.02718159985102],[120.9553232997306,31.02617210006241],[120.95575289957674,31.02528480015343],[120.9559510004384,31.024310300180275],[120.9559240999173,31.023478299583928],[120.95765680032116,31.02334030041459],[120.95798940019074,31.023197800138405],[120.95933590023162,31.023188600073865],[120.95984550016976,31.02306909995906],[120.9603390004446,31.022618599868565],[120.96066900037408,31.02200029977405],[120.96065820041565,31.0216187003428],[120.95942170005151,31.020508499867447],[120.9590837995778,31.020163699794978],[120.95866530006356,31.019372999664256],[120.95901399959644,31.01877070030764],[120.96044499993684,31.018515100391596],[120.96598530038136,31.018662799648553],[120.96635640022771,31.01865139984227],[120.96928350013354,31.01854030029466],[120.97428830016497,31.01894189974894],[120.97753109988037,31.018684899588493],[120.977812200073,31.017650799744672],[120.9779446998881,31.017344100349987],[120.97819659999311,31.0172078],[120.97867370023118,31.017298600050424],[120.97905810015129,31.017185000387485],[120.97927019985991,31.01704870003755],[120.97954849956363,31.016628400080663],[120.97970760042551,31.016412599661805],[120.98002569962637,31.016344500298487],[120.98164650008596,31.0164077001553],[120.98205419964165,31.016329499606798],[120.98326120044408,31.01633869967128],[120.98418750035296,31.01660570029287],[120.98486350005055,31.016696600168018],[120.98551300032477,31.01663979988689],[120.98622499988392,31.016212299957715],[120.98498050005014,31.015876699949786],[120.98492150002721,31.0157158004439],[120.98447080028723,31.015596199605],[120.98442260022284,31.01532960008103],[120.98662729990997,31.015899700111106],[120.98673459982194,31.015577900199958],[120.98508240043247,31.015159499611286],[120.98520039957884,31.01488360019806],[120.98499659971333,31.01481010040584],[120.98594610033228,31.013058400025216],[120.9857583003054,31.012998599605737],[120.9860212000184,31.012474499898303],[120.9863697997265,31.012566499644322],[120.98706189998677,31.01150900034014],[120.98787989993752,31.010058499999843],[120.98706449992676,31.009755000393],[120.98803010020902,31.00749289967763],[120.9876010003859,31.007309000010366],[120.98776730032068,31.006292800272547],[120.98796579958207,31.006329599631385],[120.98817499987638,31.005391700266784],[120.98641010014603,31.005561799837267],[120.98636719978651,31.005299699621503],[120.9865013003947,31.00499620001466],[120.98633499956065,31.00463759984541],[120.98669440012657,31.00373179998263],[120.98778070021922,31.003449000071328],[120.98783429981313,31.001333899839665],[120.98816689968271,31.001324699775125],[120.98814550031466,30.99903010025895],[120.98650400015958,30.998735799817382],[120.98616070015623,30.998588700408277],[120.98601040005997,30.998367999583593],[120.98649320020104,30.996638999889967],[120.99078480007847,30.99737470018232],[120.99126989978606,30.994691300363286],[120.99065070036954,30.994256999760808],[120.99055950012087,30.994091500222623],[120.99085450023506,30.99319479970029],[120.991331999772,30.99260619971642],[120.99166349977077,30.991927500254008],[120.99214729995799,30.99186579956705],[120.99225459986997,30.991336900177828],[120.9931397000372,30.991360000163922],[120.99395030036612,30.98836029978804],[120.99452910043772,30.985970200364534],[120.99420190009766,30.985776999908694],[120.99480809981401,30.983463799714627],[120.99521580026908,30.983551200327668],[120.99560740016148,30.982231199710156],[120.99693240011027,30.982580800363678],[120.997313299869,30.98172989961523],[120.9978390003696,30.98189089984521],[120.99819840003624,30.980782499812562],[120.99805889989841,30.980547999790417],[120.9983217996114,30.979545299775793],[120.99663199956717,30.979411999564206],[120.99687719972303,30.977751000308444],[120.99659439981178,30.977613699912354],[120.99688410022111,30.976123499899643],[120.99533919984424,30.975907300181802],[120.99543040009291,30.975286400147297],[120.99331679993043,30.975093199691457],[120.99335980011472,30.974535000390006],[120.99164230005215,30.97434649979118],[120.98908029971608,30.97424029975008],[120.98929619995977,30.972878600267222],[120.9879871998495,30.97264859955328],[120.98848609965387,30.97075360029845],[120.98750439970831,30.97055579981037],[120.98816960034685,30.96815019967204],[120.98930149966452,30.9684261998093],[120.98963199961713,30.967092700367857],[120.98936049968734,30.96690359992124],[120.98950800019406,30.96629880044935],[120.9899264997083,30.966353999937212],[120.99016249979957,30.96529599971069],[120.98905740027885,30.96502919963791],[120.98941539970099,30.963642900099785],[120.99014110043152,30.961836799728587],[120.99040569986323,30.960670700092805],[120.98795239968354,30.960585599945546],[120.98808250010734,30.959213599627958],[120.98832389972824,30.958822599583357],[120.98837750022153,30.958275200240337],[120.98845800033655,30.958261400143556],[120.98862829955647,30.957291900400946],[120.98934180008405,30.957181499626586],[120.98939000014843,30.957443699667067],[120.99008740011345,30.957830099679427],[120.99004990018284,30.957057299654707],[120.9909940003729,30.95699750013455],[120.99118710010464,30.95603139982927],[120.99159479966033,30.954890500096553],[120.99172359966451,30.95422809994693],[120.9915063000758,30.95260180013304],[120.9930620004111,30.952482200193458],[120.99845469962474,30.95487539958009],[120.99851080023336,30.951031699853104],[121.00456159993792,30.951992600278345],[121.00562609956489,30.953818400298985],[121.00775509971811,30.953962600293835],[121.00859540015767,30.952953599628984],[121.01139670019757,30.952905500288637],[121.01178889993787,30.952040699618635],[121.01010810030868,30.951079700267996],[121.00725080038421,30.950551200177813],[121.00708270000666,30.947620199912365],[121.0108364999046,30.947956499592806],[121.01061239964258,30.945746199827283],[121.01206440005205,30.942552700047145],[121.01337509988105,30.94195620041836],[121.01294719975351,30.94365390010745],[121.01455210019935,30.944250399736234],[121.01484629991683,30.943516300237093],[121.0234862001281,30.946292199825223],[121.0255459003231,30.946659300386443],[121.0255459003231,30.948356900250815],[121.02916749988026,30.94903299977318],[121.03005100015355,30.950533499721303],[121.0303820001293,30.954888699653793],[121.0314073999316,30.95869280043246],[121.03229560006196,30.958752900326147],[121.03396950009244,30.958728599745143],[121.03423430007297,30.95829070005584],[121.03846170004749,30.95882590009529],[121.03839550005239,30.959288200190315],[121.03929390029327,30.959417900415815],[121.03930339983208,30.96085330023965],[121.03839550005239,30.962434699601772],[121.04192140005262,30.965547299967966],[121.03877210015241,30.97150669977441],[121.04011510003193,30.971855300381833],[121.04025689973616,30.971604000124557],[121.04235640032766,30.97200940011379],[121.04295220028393,30.970776899934037],[121.04681239987246,30.971291199729137],[121.04828359990825,30.966474699747664],[121.05248279984141,30.967065600197316],[121.05253960012249,30.963554299791156],[121.05318269992176,30.963554299791156],[121.05386360002524,30.962516299587605],[121.05378789959195,30.961235000394993],[121.05516869977578,30.961056600082088],[121.05536459999632,30.959858599694655],[121.05589439960693,30.95854649962132],[121.05723740038582,30.95846970021654],[121.0592163000922,30.957991099909407],[121.06089969966149,30.95705030023123],[121.0631127000911,30.9567096999927],[121.06473930027857,30.956628600029944],[121.06798820009544,30.95692179970132],[121.07220589998235,30.957676499970546],[121.07203569968783,30.9584590999076],[121.07240449996777,30.958584799948596],[121.07215350008403,30.9595055996038],[121.07459350018996,30.95966780042869],[121.07428140036643,30.961841200111337],[121.07634299992958,30.962068299612383],[121.07612670038702,30.963204200013877],[121.07604039964474,30.96365770024272],[121.07709010002816,30.964201100300613],[121.07970030042861,30.96387670044942],[121.08156809968807,30.964067300065892],[121.08294410019016,30.964136199825816],[121.08382360027895,30.964083499553908],[121.08436269977881,30.964375399704977],[121.08393150003872,30.966005500053825],[121.08949589961617,30.966745900203193],[121.08999070031064,30.966631299594837],[121.09010439979829,30.967187499703414],[121.09195010001713,30.967479899877503],[121.09209050037634,30.967577399877143],[121.09355079972966,30.967670799867562],[121.09329500016418,30.96849949995203],[121.09312310015105,30.9687499998127],[121.09285150039648,30.96883860012133],[121.09267899963618,30.9689879001715],[121.09236799968346,30.969435800322003],[121.09209890004422,30.96973400022398],[121.09182969968094,30.97022649955335],[121.09143359958102,30.970679399934397],[121.09100919961497,30.970926000334714],[121.09093359990572,30.97143629994531],[121.09065490000364,30.97607090035183],[121.09146739970083,30.97602859984005],[121.09240060010768,30.975729499716692],[121.09491130041624,30.974815900033832],[121.0946749999514,30.976712300432382],[121.09471509982211,30.97730550044855],[121.09462460014527,30.9778986995654],[121.09478730009391,30.97972839994577],[121.09508130016195,30.982217899636396],[121.09501260005152,30.98329580006117],[121.09473779960979,30.98364079978313],[121.09461239994232,30.984017899906235],[121.0951038003002,30.990288799688415],[121.095621500432,30.996899199838253],[121.09963030039808,30.996921699976497],[121.09984469967321,31.008373399812626],[121.09987759957164,31.010246100377287],[121.09746480036029,31.0120026004397],[121.09558019996632,31.015250100012167],[121.09011550013031,31.021305700297887],[121.08584540034497,31.02439119959422],[121.08162370027367,31.028325700270898],[121.08481310004458,31.029775000016286],[121.0863593997666,31.027694199927453],[121.09226689969773,31.02810829995815],[121.09219449977638,31.033201399924735],[121.09271190043387,31.033292100150334],[121.09545419955168,31.032940100105577],[121.0956957997214,31.03570400003963],[121.09485019957708,31.037670700442504],[121.09427029963467,31.03888180035483],[121.09336420029763,31.040858799793853],[121.09202330033509,31.040424099892334],[121.09160040043821,31.041003800185308],[121.09210779973523,31.041469499717664],[121.09138300012546,31.04293930040842],[121.09062190028055,31.04213199969206],[121.0903439998757,31.04238039963576],[121.0895829000309,31.04195599966971],[121.08926880011506,31.04222510020827],[121.08893060016715,31.04200779972024],[121.08848360023808,31.042618499644107],[121.08988500029261,31.04355000033229],[121.09046480041025,31.044109000030403],[121.09176959978731,31.046530900380787],[121.09157630040602,31.046965600282306],[121.09064600031274,31.047783299859475],[121.08783119965017,31.049087399563916],[121.08576540025308,31.05019479955041],[121.08641779994161,31.05156100014011],[121.08612780005797,31.051705899807473],[121.0864418999738,31.052430399943034],[121.08530629994584,31.052875399779907],[121.085354599835,31.053744799582887],[121.08279349972031,31.0548314998739],[121.0812471999983,31.052202699694874],[121.07901220035285,31.05460379962568],[121.07775579979034,31.05633209964674],[121.07654770001636,31.058350199901838],[121.08013570000264,31.06043030031816],[121.07904269996072,31.061656999870706],[121.08065829964085,31.06220409973946],[121.08224570017899,31.063306399670637],[121.08143790033887,31.064814999812427],[121.0823678002339,31.06547070001284],[121.0836687001505,31.066512700400835],[121.0837673000209,31.066122400028803],[121.08636919967887,31.066741999643625],[121.0864066996096,31.066243099839255],[121.08877379977116,31.066259200401817],[121.08832290038163,31.065414399754786],[121.0884262001091,31.065020199922344],[121.08890530043936,31.064923600144084],[121.08967549962472,31.06405470036418],[121.09014510041607,31.063861599733116],[121.08967549962472,31.06317770039061],[121.08943130041428,31.061504099834394],[121.08881129970177,31.05996729965119],[121.09025779985768,31.05978220028834],[121.09000420003383,31.058189000022367],[121.09153290002337,31.05818039980568],[121.09425920020203,31.05830969983282],[121.0945230001364,31.05585960034034],[121.09505369996839,31.055839499593276],[121.0967389998051,31.05551759985741],[121.09762190023059,31.056966000280738],[121.0976273995849,31.057746500300823],[121.09735889979345,31.059074100189605],[121.09756159978804,31.059130400447657],[121.09923749991071,31.059460299653153],[121.10149179990674,31.05944429981463],[121.1041226001779,31.059754000246983],[121.10404739976775,31.058241300095972],[121.10506189978696,31.05825739975927],[121.10620779975022,31.058547100168596],[121.1081614995536,31.058482699716876],[121.10842459981552,31.058241300095972],[121.1099838003122,31.05827350032183],[121.11379479979018,31.057881299682265],[121.11343330020668,31.059625899915375],[121.11340279969954,31.060236800388054],[121.11388869980374,31.060399799810966],[121.11569480017499,31.06051469989353],[121.11603290029814,31.059010099936188],[121.12028789956696,31.059380199736495],[121.12163109999528,31.059380199736495],[121.1215935002399,31.060200900351333],[121.12337820034372,31.060249200240435],[121.12324669967552,31.062502099991946],[121.12208010001666,31.062002100316704],[121.12202379975861,31.06485030000141],[121.12189229998967,31.066145699664332],[121.12121509969711,31.068611399696408],[121.12028169964083,31.06851730003342],[121.12001400024599,31.06864080033273],[121.11986990007586,31.06894649968126],[121.11869620026948,31.06882300028127],[121.11780399995473,31.069017000234453],[121.11748820032028,31.070034100193595],[121.11722739962488,31.071398000317515],[121.11681560005991,31.072397399820204],[121.116088099786,31.073702399746026],[121.11515459990494,31.07477229980185],[121.11468850017422,31.075725100033367],[121.11441560000003,31.07697069973807],[121.1142614004433,31.077379500063955],[121.11407699985375,31.07771200010876],[121.11364020003532,31.078144299719725],[121.1125918998963,31.077479199805282],[121.1115240997575,31.078609900326683],[121.1108446997232,31.078177599816456],[121.1100778001504,31.07883999996608],[121.109130699822,31.07978050016999],[121.10760690023835,31.07978050016999],[121.10558910035672,31.081402899624152],[121.10443600042117,31.081908399553072],[121.10473799995884,31.082508000044243],[121.10254160011482,31.08362479974477],[121.10130619962149,31.082484499859845],[121.1003727995651,31.083025299977635],[121.09908240013272,31.082084799773725],[121.09809410006278,31.08161450020907],[121.09680369973103,31.08264910007597],[121.09615850001478,31.08264910007597],[121.09493679979357,31.08498850021914],[121.09538979999934,31.085623399999974],[121.09507410018966,31.086505000005786],[121.09507410018966,31.08758660024148],[121.09621340002843,31.088397699694156],[121.09549960002653,31.089396900446673],[121.09646049955245,31.09014930025006],[121.09602130034284,31.09081929967101],[121.09518390021685,31.09148929999128],[121.09441520020141,31.092982199768755],[121.09438769983251,31.094087200364072],[121.093921000254,31.094404599892414],[121.09317979970808,31.09512159968216],[121.09319349998009,31.095485999579296],[121.09479960012152,31.095756399638162],[121.09563690042273,31.097143399748177],[121.09532119971368,31.098412899835523],[121.09368789957693,31.100842400356555],[121.09485269969241,31.10177319957353],[121.09601749980789,31.10027719983293],[121.09644460043808,31.100127600308554],[121.10049410012266,31.10249580034099],[121.10208590014429,31.103360199913368],[121.10101819983015,31.10560410014915],[121.10286249980459,31.107382600326787],[121.10637619960198,31.10934400012553],[121.10602680039653,31.11069029961766],[121.10769630004427,31.11226919976383],[121.10765749969391,31.112501900242535],[121.10816220012555,31.113199999880123],[121.10909410011266,31.112684700038926],[121.10996769974963,31.11145479979922],[121.11150130014494,31.112668100352607],[121.113267899594,31.11060719956265],[121.11398619980332,31.11075670016163],[121.11503449994223,31.1101916003621],[121.11530620042083,31.11030799961452],[121.11606339990601,31.110474199724592],[121.11685929991677,31.108745600229327],[121.11716989967124,31.108861899656972],[121.11961590005376,31.106235800142088],[121.12132429987662,31.104889399925923],[121.12157670000477,31.105088800307954],[121.12212019988738,31.104540300194742],[121.1232461996525,31.105205199560373],[121.12580870001159,31.102728499920374],[121.1272259002551,31.103476500240333],[121.12827669961007,31.102147000084017],[121.12901799998076,31.10038389989711],[121.13018480018843,31.10067780014043],[121.13006120006435,31.10030160023871],[121.13174909984116,31.099819599594923],[121.13258699999017,31.099890199972776],[121.13260330020216,31.10033490033544],[121.13706830016201,31.10033490033544],[121.13741770026672,31.098639299664],[121.13889310013656,31.098971799708863],[121.14046059957707,31.09562670031204],[121.14162539969254,31.095925900260113],[121.14287169996908,31.09662630036354],[121.1441002997891,31.096873200238065],[121.14477030010937,31.097139500287767],[121.14515729996947,31.097125899840478],[121.14538379962266,31.09664979964856],[121.14558970030453,31.096256099839195],[121.14562400044736,31.095750599910332],[121.14610450012265,31.095068799585476],[121.14637209969271,31.094692700407847],[121.14657119970116,31.093634800006043],[121.14707220032187,31.093687699927443],[121.14782029956723,31.09395800016165],[121.14838319962507,31.094016799635654],[121.14894599985803,31.09242990001991],[121.15051090025793,31.09254740004252],[121.15038730013384,31.093170399993994],[121.15089520035326,31.09328799984138],[121.15070299994352,31.095133500410782],[121.15210320030246,31.095192299884786],[121.1522817004402,31.100728500320088],[121.14967350013194,31.100493500274865],[121.1495088000911,31.10250339961226],[121.1501128000657,31.102562199985584],[121.14997549966961,31.103643499847692],[121.15265540022665,31.103602499755596],[121.15273309985275,31.102837899749318],[121.15481029995544,31.10293760039002],[121.1549267999319,31.102281099792947],[121.15904229996227,31.1025719000732],[121.15938209980413,31.102605200169876],[121.15939179989175,31.10304569979928],[121.16132339975513,31.103220199752457],[121.16092540028706,31.105937899714377],[121.16245470012439,31.106046300396486],[121.16215269968745,31.110206899628793],[121.16438839990474,31.110118999891995],[121.1665723000716,31.109553800267747],[121.16633939994347,31.110443100268924],[121.16629079968072,31.11104970018357],[121.17037730017228,31.1104929002272],[121.16940659983482,31.112163300096256],[121.16950369963604,31.112786600421316],[121.16995020044146,31.113467999648492],[121.16988229982837,31.113833699965312],[121.16895039984115,31.115985999754116],[121.1703044002279,31.11688520039172],[121.1708717995939,31.11717659962045],[121.17031849979901,31.11928969975986],[121.17000649980014,31.11983619978082],[121.17090020018418,31.120334100438413],[121.17227609996212,31.120844099675537],[121.17277260037531,31.12030979985741],[121.17400680027367,31.120528399865805],[121.17454579994876,31.11899829963187],[121.17508490034788,31.11905900027267],[121.17512739960989,31.119338300022605],[121.17959579990634,31.120601299810176],[121.17925540021656,31.121973499777255],[121.1795391003493,31.122204200163765],[121.17963839989227,31.122483599738416],[121.1798369998777,31.122544300379218],[121.17955329974507,31.123782899761068],[121.18006389972925,31.123892199765237],[121.18003559986312,31.12431719957914],[121.18027670000981,31.124499400427055],[121.1801233997752,31.12507549983451],[121.17976600020086,31.126417999691],[121.17770920031944,31.126247999945292],[121.17748219974374,31.128907299732134],[121.17614880012707,31.129987999746447],[121.17590760015571,31.13146939989292],[121.17604949968472,31.13338790023147],[121.17726940036255,31.133485099857523],[121.1775815001862,31.135864900244997],[121.17753890020015,31.139373900185376],[121.1774599001543,31.145441400300456],[121.17862310037583,31.145101499734494],[121.18824299991456,31.141271199905987],[121.19217499957665,31.13881579980938],[121.19227530006515,31.14018940002086],[121.19257120040061,31.14079039985711],[121.19273169970825,31.140936400294663],[121.19407390009053,31.141039600197416],[121.19442380021826,31.141187300353693],[121.19446990036568,31.141433100357347],[121.19504089971781,31.14164260012592],[121.19518630030757,31.14149079996048],[121.19589560010195,31.142182900220746],[121.19636369992486,31.14266239984994],[121.19699899990394,31.14286800015816],[121.19745040021587,31.14239580032597],[121.19750049964841,31.141820600240578],[121.1963770998234,31.140833300216684],[121.195454300076,31.139639999686267],[121.19508310040487,31.139167799854135],[121.19520349984168,31.138712799556117],[121.19597589966804,31.138987500173073],[121.1966981002372,31.139494000148034],[121.19723969985228,31.140034900090598],[121.1987041999389,31.140112200417775],[121.19984769961172,31.14025810013129],[121.2018538002128,31.14018940002086],[121.20300730034671,31.13881579980938],[121.20410069968761,31.13765680032111],[121.2051338003846,31.137648200104422],[121.2091058999174,31.138541100091743],[121.21981859984862,31.14102220011449],[121.22356769988949,31.141232199906142],[121.22293430017783,31.13919120021376],[121.22240270012458,31.13873619991574],[121.22228229978839,31.137705899707555],[121.22231240009728,31.136821599936923],[121.22245290028116,31.13634940010479],[121.22194130025082,31.135636799798533],[121.22143979960708,31.13429739990511],[121.22063730037121,31.132511599930467],[121.22033639980509,31.131292399824417],[121.22039660042287,31.130442300371897],[121.22012580016565,31.130030200433453],[121.21959410028751,31.12970390031478],[121.21888200000433,31.12790940029862],[121.21867129964085,31.12689619979983],[121.21817980035758,31.125900199734474],[121.21855090020392,31.12523900017976],[121.21869140038791,31.124663700269593],[121.21800929968947,31.124139900036425],[121.21787889979146,31.123702000347066],[121.21793910040924,31.123143800146295],[121.21731720032858,31.12217350000708],[121.21684570016896,31.119657499993707],[121.21661499978245,31.118755899964867],[121.21692599973517,31.11802600029972],[121.21689590032565,31.11723590001685],[121.2186011003605,31.11708140008659],[121.22340580033745,31.11813759987041],[121.22550220006656,31.118687199854435],[121.22706689991753,31.119253900447177],[121.22761859981858,31.118627099960747],[121.22894270044537,31.11903070040654],[121.23017640032072,31.11933980009178],[121.23002600039968,31.12100569975331],[121.23172119997344,31.121057200329574],[121.23188530016648,31.119817400352815],[121.23222569985626,31.11993279955908],[121.23211229984281,31.12087999971226],[121.23181440031442,31.121256400162792],[121.23178599972414,31.121699700281],[121.2319988000047,31.122221899720955],[121.2321051996953,31.123229799615615],[121.23247969987835,31.128179499984014],[121.23382379962868,31.128385600315255],[121.23682290015677,31.12808509994744],[121.23811689957529,31.127801700188343],[121.24012300017637,31.127475499894445],[121.24104579992377,31.131888799628427],[121.23727429956932,31.13154529997564],[121.23527820032871,31.13204329955869],[121.23542870007452,31.13253269982431],[121.24096560018234,31.133090800200307],[121.24237820039366,31.13619879963494],[121.24330029956923,31.13607740015192],[121.24381100027745,31.135530999955733],[121.24481809977556,31.135530999955733],[121.24608060043943,31.135530999955733],[121.24789639999892,31.135166799708088],[121.24971209973364,31.134729599691298],[121.25287779967073,31.134213299804003],[121.25407870037179,31.134230000214416],[121.25398419961118,31.133381499756467],[121.25398419961118,31.13296260004398],[121.2537997999209,31.132889799924385],[121.25370809964909,31.129472600080476],[121.25464099968247,31.128983199814854],[121.25808150006128,31.129206399855548],[121.25656679981807,31.13469290015729],[121.25696809979797,31.13485600030424],[121.25706840028647,31.135611500070695],[121.25734920010552,31.13591200043851],[121.25858299980564,31.13692510021326],[121.25931519993662,31.137380200336054],[121.25999729973569,31.13748319968994],[121.26095019979198,31.137100100189514],[121.26171250023174,31.136633200062192],[121.26150189969303,31.13849630036401],[121.27665639977306,31.135262500164288],[121.27702279976245,31.135206000256744],[121.27694219982277,31.13592119960373],[121.27745529992217,31.136216099893147],[121.27777780040526,31.13661760042197],[121.27857669965499,31.137339100419183],[121.27968349979369,31.138656500197385],[121.28078290031067,31.139340299715116],[121.28112740000961,31.139760599672],[121.28140590026214,31.140319000421584],[121.28174599957833,31.140564199678124],[121.2820103004351,31.140648500328098],[121.28250779999507,31.140812599621825],[121.2827981002522,31.141433600380424],[121.28286549994289,31.141503099988142],[121.28334189960901,31.14204879961244],[121.28088560019035,31.144041899614024],[121.2799890003921,31.14457420023922],[121.279356699652,31.144117299673667],[121.27886950002744,31.144520999944234],[121.27798329998939,31.144068499761488],[121.27771900003188,31.144339100369223],[121.27750130024492,31.144223800088355],[121.2768067996941,31.14518190002474],[121.27578580027455,31.146663399995987],[121.27523639994001,31.147767899668906],[121.27468190044942,31.147515000417002],[121.27282430040123,31.14628269988674],[121.27238889992782,31.147830700226677],[121.27404360033199,31.148471299910625],[121.2736772003426,31.14894180002409],[121.2734352997993,31.14956279988337],[121.27516509988948,31.150284200055864],[121.27452009982278,31.15180839983782],[121.27433040042774,31.1524004001584],[121.27585410018662,31.1526731996085],[121.2758644999468,31.15300139999465],[121.2784143999047,31.15351590033856],[121.28020760040044,31.15395060024008],[121.28421069956414,31.154561200339174],[121.2874942997222,31.15520099962646],[121.2909769998887,31.155983100439812],[121.29155739985413,31.155699299583034],[121.29225190040495,31.155779100025484],[121.29258360005315,31.155575099611212],[121.29469820026179,31.15471470022328],[121.29552740036934,31.1535880997111],[121.29902060012068,31.155167099681933],[121.29785970036494,31.15634679976506],[121.29842699990616,31.156830500127512],[121.30001119975714,31.157604999870898],[121.3009116999151,31.158048299989105],[121.30807990006736,31.161062099936032],[121.30914980012324,31.162228699594834],[121.3095603999925,31.162172300411385],[121.31087979986296,31.161200100004635],[121.3113205998659,31.160589800279126],[121.3128367003535,31.158490600061214],[121.31503839990228,31.159349000256213],[121.31414690015936,31.160456000044405],[121.31715350013394,31.16195640016781],[121.31758569992019,31.162631800017607],[121.31917010031998,31.16325759955862],[121.31963739974628,31.16443519972472],[121.31936460029613,31.164515600014965],[121.31933729957677,31.16456559962279],[121.31903210025132,31.1654517996609],[121.31886409969854,31.165683599918225],[121.31841139986625,31.165683599918225],[121.3181096998029,31.16583320034198],[121.31777359977184,31.166132500114827],[121.31752329956066,31.166616699601036],[121.31745470017438,31.16709200029561],[121.31744099990226,31.167766900122388],[121.31725920015208,31.16818360009313],[121.31640530016455,31.168776300086222],[121.31588059971,31.169395399678024],[121.31519179996167,31.171312800145643],[121.31488270027648,31.171651799590904],[121.31453979957212,31.171942300396893],[121.31407000003048,31.172200500252927],[121.31394050035385,31.17245870010896],[121.31393030024321,31.17274180039385],[121.31400010022446,31.173163300046326],[121.31407150009966,31.173795599887058],[121.3140083002429,31.173905399914304],[121.31366440039187,31.174298700424742],[121.31356380042916,31.174481500221134],[121.31370150012424,31.17506119961473],[121.31358989965418,31.175645099741587],[121.3135382003278,31.17589459955616],[121.31346120037415,31.176115199656806],[121.31334709978887,31.176357200024825],[121.31309259974375,31.176669100198865],[121.3125325999996,31.177054599989845],[121.31248909979217,31.177572800144674],[121.31226959956246,31.178071500299552],[121.31166260034877,31.178916499696754],[121.31119630006924,31.179066199945225],[121.31096649990411,31.17920110005076],[121.3108739003103,31.179403600395915],[121.31078129981722,31.180057799627775],[121.31057559968428,31.180324800249366],[121.31033549958374,31.1804275001291],[121.31006120006441,31.180562400234635],[121.30990339962227,31.18070620003118],[121.3098554001067,31.180844100275067],[121.30990339962227,31.18141330008376],[121.30967370018118,31.181624499571058],[121.30923469972163,31.181815199911625],[121.30901869965328,31.18220250014531],[121.30890209985205,31.182542800010253],[121.30882659996769,31.18318529996168],[121.30878609989861,31.183231999956888],[121.30866890024959,31.18336720043601],[121.30850079987204,31.183443499817713],[121.30796929964356,31.183560800190833],[121.30772239976898,31.18366350007051],[121.30762289967709,31.184464400311867],[121.3070947997852,31.184939700107122],[121.30703650033433,31.185081499811417],[121.30700570035287,31.185368000432902],[121.30687879971686,31.185549900007913],[121.3066456001144,31.185778700126946],[121.30651389979676,31.185973799950943],[121.30636020026304,31.186084100001267],[121.30618919957192,31.186376699824905],[121.30621400017606,31.18684950040415],[121.30610489982132,31.187182399747996],[121.30598849966964,31.18729269979832],[121.30563899974015,31.187258799853794],[121.30557699957888,31.187470799737696],[121.30560430029823,31.187646799760046],[121.30560430029823,31.187956400367625],[121.305451900285,31.18835139969741],[121.3053386999211,31.1885959001807],[121.30426829984219,31.190095900105746],[121.30308099958847,31.191647999555585],[121.30295209975964,31.19181550008534],[121.30113499978052,31.194506500074965],[121.30015889991341,31.19586270020352],[121.29969070026561,31.196575199785684],[121.2991578996174,31.19728089959392],[121.29808210000897,31.19741870001303],[121.29739750009458,31.19759949971717],[121.29717689999404,31.197682199573876],[121.29697360015155,31.197951499761928],[121.29697119986099,31.19815290023621],[121.29705539978693,31.198322499783615],[121.29721649984162,31.198593899888635],[121.2972091002199,31.198801699938542],[121.29702070034512,31.198979799877918],[121.29677290024927,31.199064599651592],[121.29646800039791,31.19905820007591],[121.29607889972146,31.199011599905475],[121.29587559987908,31.19910490007112],[121.29579879957498,31.19931050037934],[121.29588549961613,31.19978749989326],[121.29597970000316,31.20019459960116],[121.29575409967208,31.200287899766806],[121.29554590032308,31.200347299987982],[121.29495599991947,31.200404499568037],[121.29483949994301,31.20047869993209],[121.29478500012772,31.20060799995929],[121.29477999989717,31.20073520006946],[121.2948816997307,31.20102360005916],[121.29489899998896,31.201161399579007],[121.29480729971715,31.201292800422436],[121.2945371002071,31.201547199743516],[121.29419010039283,31.201706299706018],[121.29393229983589,31.201769899761132],[121.29380349983171,31.20187159959471],[121.29374890019164,31.202011599755565],[121.29389269998819,31.20243560042269],[121.29394469968815,31.202558499974828],[121.29378359963346,31.20267509977606],[121.29353330032166,31.202764200107822],[121.29334000004098,31.202798100052348],[121.29319370012922,31.20290620036093],[121.2931292996775,31.203075799908277],[121.29301770010682,31.20342989987006],[121.29291359998274,31.20355500006326],[121.29275750015859,31.203635500178223],[121.29249470027025,31.203699100233337],[121.29186269990373,31.203777600256103],[121.29161730009844,31.203756399638166],[121.29151570008958,31.203826300343565],[121.29070519958532,31.204858800293437],[121.29058620039291,31.204947799901106],[121.29012130035778,31.205210800338193],[121.28997019986491,31.205052999896054],[121.2899188998374,31.20497850005779],[121.28987019975,31.204847000288908],[121.28980359955654,31.204621300132942],[121.28969350005502,31.20448539998125],[121.28932450012564,31.204191800111516],[121.28891710004416,31.204150100346908],[121.28839389965879,31.20444399969091],[121.28800060004767,31.204499299902807],[121.28803600006142,31.203672900284175],[121.28799220037979,31.203306199921258],[121.28783830029738,31.202790400056983],[121.28710050008806,31.201926100309322],[121.28579149997779,31.2006500999222],[121.2845797003929,31.199614500009204],[121.28355080042911,31.19885230029348],[121.28167299980919,31.197570900376775],[121.28046680030263,31.19682369955416],[121.27945509987308,31.196379699763384],[121.2786058997425,31.196294999814427],[121.27754939958515,31.196002700364375],[121.27574909984116,31.195933199857336],[121.27474060009865,31.19591539957611],[121.27321009966647,31.1956281003566],[121.27296429966282,31.195498900154178],[121.2717674998703,31.196936300070263],[121.27154560024928,31.197142299677466],[121.27093459995194,31.19726019989838],[121.26939669989781,31.19839160009235],[121.26897050038838,31.199028900163682],[121.26882719971559,31.199243199614045],[121.26791340038324,31.200154999753465],[121.26622170007147,31.20163360031046],[121.26545140016208,31.201690500416305],[121.26461240014225,31.202699299633025],[121.26371869975821,31.203495099819065],[121.26358779983718,31.20410219975679],[121.26292529986279,31.204911499666025],[121.2626753000252,31.205648200004475],[121.26218710035448,31.206242999914593],[121.26030530044932,31.20631139965144],[121.25851789968135,31.208280199971284],[121.26018249982258,31.20931620008264],[121.2598567995517,31.209984700333678],[121.25983109962556,31.210672000012835],[121.2590876004125,31.211952899906464],[121.25875549966668,31.212736999912693],[121.25746589973153,31.212411699840118],[121.2551984003859,31.21511440000961],[121.25680019996935,31.21614580008867],[121.2563603001878,31.217010099836273],[121.25686129990913,31.217361500033235],[121.25529390029328,31.220129699626],[121.25309450031102,31.222418799787818],[121.25405439979079,31.223375700028612],[121.25390449989277,31.22369690009191],[121.25428210003895,31.22396570025694],[121.2526717002388,31.225927299705177],[121.25320500001078,31.226319899643727],[121.25220720040204,31.228364900419876],[121.25380899998538,31.229125400416933],[121.25284229983231,31.231202499795586],[121.25341740009299,31.231852900291187],[121.25289169959228,31.23245290008134],[121.25304940020976,31.23267860023725],[121.2517876999425,31.23378950038517],[121.2495344998174,31.23571280040545],[121.24906129993906,31.238352899666666],[121.24783820037271,31.239505999602272],[121.24649070028568,31.240065500222727],[121.24633830027244,31.239676600095095],[121.24640810025369,31.239357400123993],[121.24540120040513,31.23862720008526],[121.24471289978055,31.239199099658777],[121.24535079969974,31.23970409956462],[121.24449570001661,31.240754499620493],[121.24409280014265,31.240619600414277],[121.24375699958591,31.241167700329186],[121.24415399990721,31.24141999973324],[121.24441410003078,31.241854800358794],[121.24355739955445,31.242714300424666],[121.23635619967888,31.241374100134692],[121.23663200016676,31.244649299725438],[121.23742699995614,31.247790899630388],[121.23858250018225,31.249505199905116],[121.24002710007062,31.250563200131637],[121.24431109977752,31.253072199822213],[121.24215839979036,31.25364220002757],[121.24294480026242,31.255247300122846],[121.24456919980878,31.257161900101664],[121.24531910039627,31.25720590033211],[121.24569409970297,31.2581588003884],[121.24649020026254,31.258038700425743],[121.24647680036412,31.258563300156254],[121.24746759965012,31.258630199823926],[121.24918249977259,31.259572799944806],[121.24989140026798,31.260099700141097],[121.24964489969238,31.260599299618036],[121.25001100020756,31.261110600174106],[121.2502921004002,31.261562799983267]]]}},{"type":"Feature","properties":{"district":"静安区","district_en":"Jing'an District","source_shape_id":"62558664B60000117234666"},"geometry":{"type":"Polygon","coordinates":[[[121.42057529981025,31.272455000098205],[121.42394509998644,31.275508499717546],[121.42528619959853,31.276718899957302],[121.42671309992966,31.274829999904625],[121.42706719989144,31.274380599685003],[121.42719590007084,31.274252299703903],[121.42782889958414,31.273793800143835],[121.43027509961621,31.272528300240936],[121.43250669982444,31.27128119956774],[121.43280710036743,31.271134500356936],[121.4360150000922,31.270061600162762],[121.43737759979649,31.26955720010477],[121.4378281997117,31.269355400331506],[121.43821440007457,31.269098699645326],[121.44015629987337,31.266668500351045],[121.44283849999681,31.263146900009474],[121.44490919979978,31.26046900044406],[121.44542420016671,31.259661900276512],[121.44615779964283,31.2584890997922],[121.44646619965545,31.25812899955372],[121.445793799944,31.25748679997588],[121.44556640006942,31.257183300369093],[121.44540630006077,31.256805600398195],[121.44532589977052,31.256507600145653],[121.4453047000519,31.256240700248156],[121.44532329983053,31.256058799773825],[121.44538389974718,31.255842600055985],[121.44537619975188,31.25577730028226],[121.44519859983552,31.25561630005228],[121.44506200001138,31.255529299637544],[121.44497089958736,31.25540149967952],[121.44482719961559,31.255041199791606],[121.44501479999303,31.25496059985187],[121.44523139990929,31.25487940006434],[121.44536069993637,31.25483709955256],[121.44540410031902,31.25481000028134],[121.44570719972751,31.254712299732887],[121.44588109983295,31.25466549991296],[121.44596500028456,31.25458409957656],[121.4460652998738,31.25451490034243],[121.44675039981121,31.254262000191204],[121.44692599963525,31.254213899951594],[121.44672240031855,31.252746499551392],[121.44671170018489,31.25182929988233],[121.44616749973034,31.251846000292744],[121.4461246002702,31.250800399918546],[121.44589930031248,31.249809800282094],[121.44541519975178,31.248849899903007],[121.44425649973778,31.247639200188985],[121.44364620001215,31.246636199800832],[121.44368920019645,31.24637930036448],[121.44429859970069,31.24580110014074],[121.44540110018067,31.24511889961758],[121.44517609969728,31.244886700061215],[121.44473500022013,31.24441550027518],[121.44469099998969,31.24437829981872],[121.44463659999917,31.244346899989466],[121.44457879967194,31.244321799911177],[121.44451159963069,31.24430029981903],[121.44289590012579,31.243872200042063],[121.44266459989149,31.243807099917774],[121.44248499988294,31.243747099848804],[121.44134439962443,31.24329840020107],[121.4397133001288,31.242350200001795],[121.4388621997308,31.24173280012866],[121.43848859976913,31.2415569997558],[121.43811359956305,31.241395500402064],[121.43783250026968,31.241255199867624],[121.43730250011038,31.240938199638265],[121.43677059968354,31.240569699731907],[121.43622609975478,31.24022179969637],[121.43580989980705,31.23997479999707],[121.4354110001176,31.23981129965182],[121.4352140998509,31.239748699642803],[121.43496600028072,31.239678500362572],[121.43338950042516,31.2388494000798],[121.4329608997258,31.23842049990617],[121.43258910020688,31.238122700202496],[121.43225679981151,31.23790960044778],[121.431599200243,31.23752619967445],[121.43120670012922,31.237344399924154],[121.43078480027839,31.237177900339873],[121.4304313001644,31.23708160003588],[121.42997300025377,31.237011700229857],[121.42946769997445,31.236956400017903],[121.42873990022633,31.23687289976459],[121.4285539995675,31.236858999843037],[121.42829950042164,31.236857700322673],[121.42804150021516,31.236868699930596],[121.42701520019136,31.236961599897995],[121.42654050024396,31.237039099874607],[121.42643930043346,31.237066100220375],[121.42638689963576,31.23690610003655],[121.42596869959584,31.236284500329475],[121.42554180041384,31.2357448000825],[121.4252721998522,31.235412600411223],[121.42483719957715,31.23489650017342],[121.42404329965859,31.233979099955548],[121.42341030014529,31.233135099705123],[121.4231669004322,31.232548800187033],[121.4229393000088,31.231364500071663],[121.42290559971377,31.231090000003576],[121.42325370029812,31.227660599956778],[121.42328800044095,31.227015500065306],[121.42324159991995,31.226295799611535],[121.42320340031677,31.226161000230036],[121.42313849984191,31.226055200387236],[121.42327459964315,31.225939800281594],[121.42441250013678,31.224921599552204],[121.42445269983227,31.224956799916413],[121.42454309968434,31.225039800146703],[121.42466099990531,31.225169199998618],[121.42476819999251,31.225293399970496],[121.42505760002825,31.225684400015098],[121.42517229956206,31.225795799936293],[121.425308599912,31.225905199765236],[121.42540140005462,31.22597139976034],[121.42550059977293,31.22603649988463],[121.4256144998094,31.226099400267174],[121.42572460021017,31.226148100354578],[121.42583109972554,31.226187100354423],[121.42591230041239,31.226210999837804],[121.42600420033364,31.22622920031739],[121.42639230006466,31.22627409986984],[121.42677669998477,31.226324600400062],[121.42705720032961,31.226376100077005],[121.42734560031931,31.226442700270468],[121.42749059981145,31.226485200431682],[121.42761179964486,31.226531299679777],[121.42773160013326,31.226591399573465],[121.42864269970084,31.2271039996499],[121.42956150016312,31.22766839977686],[121.4297063998306,31.22774749964742],[121.43028719999438,31.227340700313107],[121.43086490019505,31.2268785000428],[121.43084049978927,31.2261522003638],[121.43109599988054,31.22522479968478],[121.43124150029507,31.224696799617675],[121.43134100038696,31.224030800381172],[121.4315115001557,31.22289139981831],[121.43152030002193,31.222786099998586],[121.4315238001833,31.222705199685265],[121.43153489961594,31.22263329978699],[121.4315533995698,31.222554600114734],[121.43189110039407,31.221687200404006],[121.43195509974817,31.221522799837373],[121.43200420003382,31.221367899708866],[121.43216229995028,31.220990599936272],[121.43229510013884,31.2206743002788],[121.4330156000899,31.219361100334538],[121.43307999964236,31.219239699952254],[121.43313799961902,31.21913030012331],[121.43403680005838,31.217280099696893],[121.43433020027862,31.216668499551645],[121.43464209955334,31.216295399613045],[121.43479859957574,31.216275399590074],[121.43497029993944,31.216344200424544],[121.43889099961996,31.21713779996952],[121.43924570032891,31.217211299761743],[121.4399323003355,31.217330600227058],[121.44071190013415,31.217459500055952],[121.44246080002597,31.21775150003174],[121.44278109986794,31.217804999800933],[121.4435938999386,31.217951899560546],[121.44366169982766,31.21796149982339],[121.44492750010409,31.218387499683388],[121.44635419988651,31.21886350005053],[121.44704549975006,31.219094099713004],[121.44760269990479,31.219294699790623],[121.44802700004607,31.219542900084832],[121.45040349992166,31.22109160009734],[121.45135570030538,31.221684599564696],[121.45165340018434,31.22175610016393],[121.45293680019324,31.22205320019509],[121.45312620011407,31.222124699895062],[121.45298639960276,31.2225244998059],[121.45283570020752,31.2228740995601],[121.45276130019386,31.22295070021471],[121.45265200018969,31.22309130022336],[121.45246449963702,31.22342499996381],[121.45234910043075,31.223811499800945],[121.45231890029709,31.224043300058327],[121.45232610026937,31.224690099668408],[121.45231320039397,31.225068500211194],[121.45230970023249,31.225169700021695],[121.45221950002997,31.225652199789238],[121.4522039003898,31.225774200019373],[121.45221470034824,31.22576900013928],[121.45372970006565,31.22576249983956],[121.45503799960409,31.22577799965501],[121.45605179995061,31.22578740026836],[121.45829510033866,31.225810000231377],[121.4588735002119,31.225814899737884],[121.45895670009168,31.225812100148346],[121.45996779977418,31.22577820020382],[121.4622209000745,31.225677299867527],[121.4630040998594,31.225741499770436],[121.46407700005352,31.225998400106107],[121.46465830024044,31.226227700248216],[121.46425240022813,31.22659100027448],[121.46385449968545,31.22696660032841],[121.46350959978827,31.2273648003453],[121.4631247996698,31.228016799835473],[121.46301479999306,31.228204800411277],[121.462921800201,31.228459400281167],[121.46282800001222,31.228789599860193],[121.46266079985605,31.229383700097742],[121.4626285996302,31.22959469993549],[121.4626179003958,31.229759899999465],[121.46259640030371,31.23051219997808],[121.46244689970467,31.23267629977147],[121.46234290030463,31.233528099841976],[121.46201700038432,31.235075000311042],[121.46180649967027,31.236121900205603],[121.46173809993343,31.236387999706494],[121.46166300024731,31.236630000074513],[121.46155029990643,31.236870799847566],[121.46106749976536,31.237792700272962],[121.45973179968291,31.240181199802578],[121.45923830030733,31.241327800337785],[121.45835849984496,31.2433092001595],[121.45901000021138,31.24337220036682],[121.46048619957855,31.243098899994266],[121.46193679974363,31.24263829961791],[121.4639236998189,31.241343499802724],[121.46476059992176,31.241132499964976],[121.46564040038425,31.24115080026928],[121.46649869985515,31.241389299576554],[121.46723929965401,31.241837500100587],[121.46865819961624,31.24269459987596],[121.4692267995772,31.24306149988837],[121.47049280040244,31.24336419999787],[121.47129750027943,31.24336419999787],[121.47180169978867,31.243345799868848],[121.47238109970806,31.24320829982321],[121.47356129981415,31.24268539981142],[121.47507399996516,31.242116700025747],[121.47552459988049,31.242116700025747],[121.47614690015939,31.24227260020041],[121.47719830026142,31.242767999843352],[121.4779385996867,31.243446800029858],[121.47847140033491,31.243929500346212],[121.4782487003173,31.244332800418476],[121.47815109959367,31.24457079970267],[121.478050600355,31.244836900102882],[121.47796450016165,31.245121299908135],[121.47789970041094,31.245347900285424],[121.47783839992223,31.245584100026235],[121.47780490017601,31.245962399844927],[121.4777393000287,31.246479799603094],[121.47768420036562,31.246915299901218],[121.47765660017205,31.247129000403106],[121.4776197999139,31.247348899931865],[121.47757769995098,31.24756659971888],[121.47749690036176,31.24787530010508],[121.4772442996848,31.248545000051763],[121.47692619958445,31.249511200181814],[121.47684189983386,31.2497084997475],[121.47669109971457,31.24996399983877],[121.47661909999158,31.250078899921334],[121.47652100014409,31.25020729972715],[121.47625880010355,31.25052289971211],[121.47506200031114,31.251794399891708],[121.47511759999725,31.251828799859254],[121.47521250005684,31.25188319984983],[121.47526690004747,31.251911300066524],[121.4753146999135,31.251931399914213],[121.47546359976536,31.25198830002006],[121.47701429987012,31.252581800409814],[121.47711820034476,31.252621500082228],[121.47721409955113,31.25265819961629],[121.4771620000264,31.25273370040003],[121.47690599991199,31.253104300223356],[121.47688840017963,31.253133500310867],[121.47687340038715,31.25316549998786],[121.47685000002753,31.25322679957719],[121.47683219974624,31.253272700075115],[121.47680849991241,31.253322199659863],[121.47678940011076,31.253356999825712],[121.47676730017088,31.253391399793315],[121.47671480044778,31.253459500055953],[121.47571559969526,31.254623700323577],[121.4756632996216,31.25458869960886],[121.47555630008321,31.254693399580788],[121.47544320044335,31.25481499961262],[121.47541589972411,31.25485039962632],[121.47540059955804,31.25487370016117],[121.47538480026833,31.254905299639915],[121.47537360011165,31.254941400225505],[121.47536619959055,31.25497969965346],[121.47536569956742,31.255021000119086],[121.47538440007008,31.255147700206237],[121.47526690004747,31.25514689980963],[121.47513890044002,31.2551564002477],[121.47513169956835,31.255335199859644],[121.4751109000481,31.25538270025146],[121.47563139976933,31.25614129998104],[121.47588889995279,31.2567282002463],[121.47599619986477,31.257067599889865],[121.4759639996389,31.2582231999408],[121.47585209969475,31.26058820018534],[121.4757796997734,31.260600100014642],[121.47570879992122,31.2606144001345],[121.47566910024887,31.260623899673305],[121.47564150005519,31.2606304997978],[121.47558259985715,31.260648499728518],[121.47553039960837,31.26066839992677],[121.47547939995445,31.26069509989901],[121.47531700037928,31.260794799640337],[121.47517300003403,31.26089800044241],[121.47508920030646,31.260962800193113],[121.4741881003007,31.261758800028645],[121.47356399957903,31.262317799726702],[121.47342779995301,31.262424700339693],[121.47244040010446,31.263247099773878],[121.47151279977595,31.26397979992788],[121.47139179959197,31.26404950008441],[121.47062980042506,31.264502299741366],[121.4691505001955,31.265756499662757],[121.46901770000693,31.26587740002202],[121.46888839997973,31.265995099694123],[121.46818799987636,31.266656999820725],[121.46781730022826,31.26701469976865],[121.46698919999164,31.267796600033137],[121.46683980011676,31.267945200410736],[121.46668359956857,31.268100499838226],[121.46663109984547,31.268152700087114],[121.46582999995462,31.268876499650787],[121.46568720020423,31.26900660007459],[121.46555790017703,31.269124299746693],[121.46526979966154,31.269432099911512],[121.465111900294,31.269605199620344],[121.4650167996856,31.26972140012259],[121.46471990020325,31.270137900443785],[121.46443899966016,31.270558099676634],[121.4643649000202,31.27065230006366],[121.46331290007038,31.272204699887027],[121.46153399969444,31.27444579963401],[121.46109710005123,31.275025099728623],[121.46031309986972,31.276042500061408],[121.46025099988378,31.27611359956302],[121.46016100023007,31.27620190039744],[121.45971770011181,31.27660990032666],[121.45964549984001,31.276669199823743],[121.45956399967895,31.27672769982354],[121.45947979975301,31.276777099583512],[121.4593886004036,31.276822000035338],[121.4593112002517,31.276851499597058],[121.45905539978696,31.276940099905744],[121.4584340995541,31.277153800407632],[121.45836450012166,31.27718470021381],[121.45830910008499,31.277227300199797],[121.45826990043565,31.277271599904452],[121.45760509999548,31.278541400365384],[121.45734880040686,31.279080300215753],[121.45732440000108,31.279148399579014],[121.45730690009339,31.279227100150592],[121.4572962997845,31.27930760026561],[121.4572673002458,31.280190700340597],[121.45725820000598,31.2802715997546],[121.45724690002453,31.280319399620623],[121.45723059981242,31.280367599685007],[121.45720620030602,31.28042590003531],[121.45717250001098,31.28048549990592],[121.45713020039852,31.280541099592142],[121.45708789988669,31.280591899596516],[121.45703900014985,31.280643599822326],[121.45696210002097,31.28071020001579],[121.45690009985981,31.280789000412085],[121.45688300015036,31.280834800185914],[121.45687539997982,31.28088799958158],[121.45687360043632,31.28095790028692],[121.45687909979074,31.281020199922352],[121.45688739963384,31.281084300000487],[121.45691459962916,31.28125720005977],[121.4569350996752,31.28147940005431],[121.45695390000253,31.281580900238396],[121.45722299964177,31.28162999962484],[121.45729059988139,31.28220890042047],[121.45729870007506,31.282431200239728],[121.45724919959093,31.2826967997176],[121.45691769959217,31.283463399816128],[121.4568588002935,31.28370030012877],[121.45679329997085,31.283854700234258],[121.456749600114,31.284128599555288],[121.45709609990513,31.285770300259173],[121.45728489997816,31.28638650043672],[121.45724199961865,31.286709199669872],[121.45709609990513,31.28688519969228],[121.45701020026058,31.287420700105258],[121.45688150008118,31.288667600229644],[121.45684710011369,31.289056299808465],[121.45658969975489,31.28956980010622],[121.45644370021671,31.289921800151035],[121.45643519982468,31.29022989979012],[121.45643519982468,31.290721300147936],[121.4563063998205,31.29089000037328],[121.4558772999975,31.291124700044918],[121.45554250038617,31.291520800144838],[121.45547390010051,31.29178479972876],[121.45551679956077,31.291924200041876],[121.455860099564,31.292239600377286],[121.45622060000073,31.292613599637946],[121.45656390000408,31.293090299677658],[121.45689010029798,31.29371379965221],[121.45698450033444,31.29395580002023],[121.45712179983127,31.294131800042578],[121.45733639965522,31.294315199686764],[121.45769690009195,31.29449119970917],[121.45785140002215,31.294637899819293],[121.4580573996293,31.29527600028723],[121.4584865003518,31.296412800010785],[121.45871829970986,31.297087500188013],[121.4590615997131,31.297512900200218],[121.4592246998601,31.297850299751587],[121.45939630039902,31.29816560026228],[121.45960230000617,31.298458999583204],[121.45976540015317,31.298605699693326],[121.45973110001034,31.29876700029689],[121.45965379968322,31.299030999880813],[121.45968809982605,31.299236399640165],[121.45985980018963,31.29952970003569],[121.45997999997712,31.299735099795043],[121.45997999997712,31.29992580013561],[121.45990269964989,31.300197100415915],[121.45985119997295,31.300600500312896],[121.45985119997295,31.30087920021498],[121.45969670004274,31.301245899678577],[121.45957660008014,31.30157589960811],[121.45959369978948,31.301795899860963],[121.45975679993649,31.302111200371655],[121.45974819971968,31.30233860024623],[121.45984259975626,31.302507299572255],[121.45992850030007,31.302962000396064],[121.45976540015317,31.303585299821805],[121.45953359989574,31.305140000110953],[121.45937059957362,31.3063427003554],[121.45902719974549,31.307545399700473],[121.45905859957475,31.307911000192576],[121.45946250039412,31.30793830001261],[121.46075980032458,31.30803510033968],[121.46294209969824,31.308197800288326],[121.46315699989566,31.30821380012685],[121.46325390004756,31.310346400266212],[121.46339779966877,31.31102060042042],[121.4634407000284,31.312633799810044],[121.4635951999586,31.315273599596992],[121.46369820021187,31.31637350013699],[121.46374469965826,31.31784310027888],[121.46376829966732,31.318588399934754],[121.46381610043272,31.320101199910482],[121.46374130022093,31.32136119955976],[121.46367100021655,31.32208550004583],[121.46087420038407,31.322010799658756],[121.46090179967837,31.322564200177737],[121.46073980030155,31.322867400310315],[121.46076739959585,31.32320880004613],[121.45670020035402,31.323038099728592],[121.45398580000472,31.322918999812032],[121.45282709999071,31.322863999973663],[121.45245159976162,31.32279989989553],[121.45075640018774,31.32164500041648],[121.44871789971137,31.32026110026959],[121.44833170024788,31.32006860038564],[121.44351449969452,31.318840399864598],[121.44329989987057,31.318776299786464],[121.44291359968292,31.31966530031343],[121.4418541002866,31.32209699967683],[121.44099019983787,31.321864999769957],[121.44002079992003,31.321784999678016],[121.43258180040982,31.32151670043544],[121.43210990005196,31.32149110033407],[121.43190129960533,31.32268049960544],[121.43170619978139,31.322680299955948],[121.42906459955168,31.322717799886618],[121.4286686001758,31.320523199586034],[121.42779889999929,31.320637900019108],[121.429945999908,31.314341800333864],[121.42842680035665,31.3139006999574],[121.42848829959541,31.31372200017023],[121.42750199961768,31.313502900138758],[121.42787210031724,31.31233989956678],[121.42787820041872,31.312187499553488],[121.42784230038194,31.312068600185796],[121.4277544995706,31.31197539984487],[121.42758869965883,31.311888699803717],[121.42745019956715,31.31178209956431],[121.4273596998903,31.31168830027491],[121.42726920021346,31.31155240012322],[121.42725549994145,31.311393099611905],[121.42705639993301,31.311324400400792],[121.42781310029443,31.307753000100945],[121.42633589998184,31.307623100225953],[121.42670649980516,31.30544919962091],[121.42516459956664,31.30526169996756],[121.42168619995823,31.305002599890145],[121.42235000035225,31.301107000287857],[121.42232319965603,31.30038400022147],[121.42200730019681,31.300290299857522],[121.41898880039287,31.299088300184962],[121.41798859959431,31.298944500388416],[121.41537210034221,31.298746900449146],[121.41577960024847,31.29731669960603],[121.41489280036251,31.297116399901995],[121.41499019963805,31.29679379959424],[121.41490010015957,31.29677960019842],[121.4148974003948,31.29670139964992],[121.41430160043853,31.29668089960387],[121.41455890007319,31.29588870030335],[121.4139666002784,31.295801400414348],[121.41396489966041,31.29406760013967],[121.41420239982097,31.294066299719987],[121.41421429965033,31.2934011998056],[121.41489309983672,31.29347320042791],[121.41499810018229,31.292876199876787],[121.41648260029183,31.29306519959931],[121.41673460022173,31.293064599751517],[121.41704439957948,31.293029500111402],[121.41744609975774,31.292959100282303],[121.41743319988234,31.29286000038877],[121.41914890040152,31.29272250034319],[121.41907450038798,31.291841199811586],[121.41902189994084,31.291377600196142],[121.41898790017149,31.291079400294166],[121.41896020015315,31.29089189974144],[121.41888389987218,31.290480000351806],[121.41883319969247,31.290132200140988],[121.41880320010762,31.28990809987897],[121.41865840026503,31.288628299856214],[121.41827060000821,31.286653900357294],[121.4181967000178,31.286079800142716],[121.41820020017917,31.286026699672504],[121.41822230011917,31.285947800350755],[121.4182629000129,31.28586620036492],[121.41829799965308,31.285782200088534],[121.41833160012334,31.285686999655354],[121.4184962003394,31.285149000026365],[121.41850009979987,31.28510289987895],[121.4184871000997,31.28505130037729],[121.4184584000352,31.28500399963491],[121.41840609996166,31.28495380037765],[121.41830969983289,31.284900100059645],[121.41817639962119,31.28484589971856],[121.41813050002258,31.28482910038275],[121.4188918004163,31.283563800129343],[121.4199682996973,31.281833699665583],[121.41993579999723,31.281478800206514],[121.42002319971095,31.280833599591006],[121.42003689998296,31.28066280034801],[121.42001339979868,31.2804735002519],[121.41996240014475,31.28030100039092],[121.41994280032009,31.28012510019329],[121.4199634001908,31.279952899806517],[121.42000559997848,31.279754899668944],[121.42004819996453,31.27949579959153],[121.42008710013965,31.279146500210857],[121.4199972003106,31.278684700138854],[121.419703399892,31.277792300174553],[121.41977569998858,31.277326200443838],[121.41988960002504,31.276608900280564],[121.41987880006661,31.275719399730576],[121.41996469971116,31.27421560016984],[121.41998609997859,31.273582900130805],[121.42012560011642,31.2731060004416],[121.42033929971899,31.27276030014781],[121.42046070010133,31.27259999959034],[121.42057529981025,31.272455000098205]]]}},{"type":"Feature","properties":{"district":"黄浦区","district_en":"Huangpu District","source_shape_id":"62558664B15620574866891"},"geometry":{"type":"Polygon","coordinates":[[[121.49028290003582,31.244107299912002],[121.48734819995957,31.245104999696025],[121.48618489991327,31.24550049994815],[121.4850444003788,31.245919500384673],[121.48291009962145,31.24653419959367],[121.48198949961579,31.246432399935372],[121.48093150028853,31.24606440005209],[121.47970860037162,31.24535560028079],[121.47847140033491,31.243929500346212],[121.4779385996867,31.243446800029858],[121.47719830026142,31.242767999843352],[121.47614690015939,31.24227260020041],[121.47552459988049,31.242116700025747],[121.47507399996516,31.242116700025747],[121.47356129981415,31.24268539981142],[121.47238109970806,31.24320829982321],[121.47180169978867,31.243345799868848],[121.47129750027943,31.24336419999787],[121.47049280040244,31.24336419999787],[121.4692267995772,31.24306149988837],[121.46865819961624,31.24269459987596],[121.46723929965401,31.241837500100587],[121.46649869985515,31.241389299576554],[121.46564040038425,31.24115080026928],[121.46476059992176,31.241132499964976],[121.4639236998189,31.241343499802724],[121.46193679974363,31.24263829961791],[121.46048619957855,31.243098899994266],[121.45901000021138,31.24337220036682],[121.45835849984496,31.2433092001595],[121.45923830030733,31.241327800337785],[121.45973179968291,31.240181199802578],[121.46106749976536,31.237792700272962],[121.46155029990643,31.236870799847566],[121.46166300024731,31.236630000074513],[121.46173809993343,31.236387999706494],[121.46180649967027,31.236121900205603],[121.46201700038432,31.235075000311042],[121.46234290030463,31.233528099841976],[121.46244689970467,31.23267629977147],[121.46259640030371,31.23051219997808],[121.4626179003958,31.229759899999465],[121.4626285996302,31.22959469993549],[121.46266079985605,31.229383700097742],[121.46282800001222,31.228789599860193],[121.462921800201,31.228459400281167],[121.46301479999306,31.228204800411277],[121.4631247996698,31.228016799835473],[121.46350959978827,31.2273648003453],[121.46385449968545,31.22696660032841],[121.46425240022813,31.22659100027448],[121.46465830024044,31.226227700248216],[121.46407700005352,31.225998400106107],[121.4630040998594,31.225741499770436],[121.4622209000745,31.225677299867527],[121.45996779977418,31.22577820020382],[121.45895670009168,31.225812100148346],[121.4588735002119,31.225814899737884],[121.45829510033866,31.225810000231377],[121.45605179995061,31.22578740026836],[121.45503799960409,31.22577799965501],[121.45372970006565,31.22576249983956],[121.45221470034824,31.22576900013928],[121.4522039003898,31.225774200019373],[121.45221950002997,31.225652199789238],[121.45230970023249,31.225169700021695],[121.45231320039397,31.225068500211194],[121.45232610026937,31.224690099668408],[121.45231890029709,31.224043300058327],[121.45234910043075,31.223811499800945],[121.45246449963702,31.22342499996381],[121.45265200018969,31.22309130022336],[121.45276130019386,31.22295070021471],[121.45283570020752,31.2228740995601],[121.45298639960276,31.2225244998059],[121.45312620011407,31.222124699895062],[121.45317719976799,31.221944099840414],[121.45340039980863,31.221298199552336],[121.45367370018118,31.220599900265256],[121.45369289980749,31.22055389994256],[121.45371919958143,31.220483599938234],[121.45403419971865,31.219844399599424],[121.45416420031768,31.219580599664994],[121.45451630018715,31.218749500189347],[121.45530519987517,31.21706719959161],[121.45613909983967,31.21539059979642],[121.45663799964404,31.213585000347564],[121.45700670009921,31.212122799827398],[121.45709709995128,31.21117769959119],[121.45719030029215,31.210392100415163],[121.4571971000662,31.210213799926976],[121.45725150005671,31.209786899845597],[121.45725340032425,31.209773199573533],[121.45744399994066,31.208431799587913],[121.4576184998939,31.20682980035508],[121.45763649982462,31.20615389958283],[121.45766390036874,31.20547100028648],[121.45769309955699,31.20520899989549],[121.45772069975055,31.205004399633367],[121.45798410038594,31.205057599928352],[121.45846600030575,31.20515719984496],[121.45992509996347,31.205460099603954],[121.46034349965282,31.20560690043817],[121.46236050003711,31.206552099599776],[121.462789699685,31.20531319984434],[121.46331540018559,31.203679799882934],[121.46349779978368,31.202881399756848],[121.46376600010092,31.201569100033964],[121.46413080019636,31.200495400342504],[121.4644204997063,31.199770400183866],[121.4648496004288,31.19910049968837],[121.46505350011898,31.198641599929942],[121.46513929993876,31.198329599931128],[121.46524659985073,31.197476100141955],[121.46533239967061,31.196595099983938],[121.46538459991939,31.195877299797587],[121.46554229963749,31.194827399764733],[121.46581509998691,31.19308359992823],[121.46623869955636,31.1929141002056],[121.46723569966787,31.19277469989254],[121.46868779990211,31.192549599584424],[121.46964720025812,31.19233120012484],[121.4709651000594,31.191730999785875],[121.47115819979115,31.191519900123353],[121.47121950027974,31.19019819978712],[121.47518880022301,31.191303200382436],[121.47883830034732,31.192059600370328],[121.48537850031755,31.193255699590907],[121.48839459983094,31.1941675995551],[121.49180580029747,31.1958894001757],[121.49391269961143,31.19792770010332],[121.49556189976192,31.199745999778145],[121.49648990028868,31.200808000189113],[121.50011430033476,31.20630550009878],[121.50169450000124,31.20876719994635],[121.50417140018999,31.21286450039645],[121.50522480038433,31.21480049974332],[121.50583310001764,31.21625920010206],[121.50595849968511,31.217288799738355],[121.50593339960676,31.21770709960299],[121.50573900035465,31.218838599621733],[121.50490499966611,31.221498400330972],[121.5041587997888,31.223042699960672],[121.50280440010306,31.225150100197027],[121.50222119964872,31.225873999585474],[121.50091700011956,31.227294899639958],[121.4998321002713,31.228453099630883],[121.4975307999066,31.230694399926676],[121.495649699674,31.232292300049664],[121.49304110006676,31.234313600092605],[121.49184969980388,31.235134000333915],[121.49010020006426,31.236854999658533],[121.48976159991798,31.23739119974414],[121.48934780026082,31.238227599823915],[121.48909690020184,31.238886999835245],[121.48892140020257,31.239921800250954],[121.48889630012422,31.240436500244357],[121.48899029996244,31.241321100388518],[121.48918920032145,31.242134899605958],[121.48962550011674,31.2431440999203],[121.49028290003582,31.244107299912002]]]}}]}